PID,taskType,rightHanded,width,length,rotation,execType,trialRep,PositionX,PositionY
0,True,False,0.02,0.2,Rot0,0,0,-0.003764603,0.005198062

0,True,False,0.02,0.2,Rot0,0,0,-0.00431663,0.005527556

0,True,False,0.02,0.2,Rot0,0,0,-0.004741255,0.00554365

0,True,False,0.02,0.2,Rot0,0,0,-0.005043674,0.005535305

0,True,False,0.02,0.2,Rot0,0,0,-0.005268186,0.005520642

0,True,False,0.02,0.2,Rot0,0,0,-0.005606154,0.005511016

0,True,False,0.02,0.2,Rot0,0,0,-0.005843091,0.005157829

0,True,False,0.02,0.2,Rot0,0,0,-0.006087817,0.004601658

0,True,False,0.02,0.2,Rot0,0,0,-0.006275892,0.004151047

0,True,False,0.02,0.2,Rot0,0,0,-0.006300348,0.003742695

0,True,False,0.02,0.2,Rot0,0,0,-0.006332914,0.00301227

0,True,False,0.02,0.2,Rot0,0,0,-0.005992954,0.002559126

0,True,False,0.02,0.2,Rot0,0,0,-0.005992963,0.002559066

0,True,False,0.02,0.2,Rot0,0,0,-0.006051885,0.00219664

0,True,False,0.02,0.2,Rot0,0,0,-0.00588374,0.001651973

0,True,False,0.02,0.2,Rot0,0,0,-0.005621614,0.001061499

0,True,False,0.02,0.2,Rot0,0,0,-0.005361687,0.0004829167

0,True,False,0.02,0.2,Rot0,0,0,-0.005226608,3.242473E-05

0,True,False,0.02,0.2,Rot0,0,0,-0.005087068,-0.0003371836

0,True,False,0.02,0.2,Rot0,0,0,-0.00496041,-0.0006529989

0,True,False,0.02,0.2,Rot0,0,0,-0.004838073,-0.0009459558

0,True,False,0.02,0.2,Rot0,0,0,-0.004614951,-0.001235396

0,True,False,0.02,0.2,Rot0,0,0,-0.004359099,-0.001610339

0,True,False,0.02,0.2,Rot0,0,0,-0.004041279,-0.002051503

0,True,False,0.02,0.2,Rot0,0,0,-0.00366659,-0.002644659

0,True,False,0.02,0.2,Rot0,0,0,-0.003299807,-0.003337205

0,True,False,0.02,0.2,Rot0,0,0,-0.002897462,-0.004100949

0,True,False,0.02,0.2,Rot0,0,0,-0.002237606,-0.005269945

0,True,False,0.02,0.2,Rot0,0,0,-0.001987762,-0.005975247

0,True,False,0.02,0.2,Rot0,0,0,-0.001792493,-0.006557287

0,True,False,0.02,0.2,Rot0,0,0,-0.001720841,-0.006866516

0,True,False,0.02,0.2,Rot0,0,0,-0.001721031,-0.006866754

0,True,False,0.02,0.2,Rot0,0,0,-0.001665494,-0.00714481

0,True,False,0.02,0.2,Rot0,0,0,-0.001622966,-0.007386268

0,True,False,0.02,0.2,Rot0,0,0,-0.001356061,-0.007801057

0,True,False,0.02,0.2,Rot0,0,0,-0.001049119,-0.008250357

0,True,False,0.02,0.2,Rot0,0,0,-0.0008985458,-0.008723975

0,True,False,0.02,0.2,Rot0,0,0,-0.0007489758,-0.009176017

0,True,False,0.02,0.2,Rot0,0,0,-0.0005623375,-0.009612472

0,True,False,0.02,0.2,Rot0,0,0,-0.0003741111,-0.01004046

0,True,False,0.02,0.2,Rot0,0,0,-0.0001769128,-0.01047495

0,True,False,0.02,0.2,Rot0,0,0,7.910185E-05,-0.01099631

0,True,False,0.02,0.2,Rot0,0,0,0.0002241034,-0.01134524

0,True,False,0.02,0.2,Rot0,0,0,0.0004524154,-0.01185048

0,True,False,0.02,0.2,Rot0,0,0,0.0005480851,-0.01210413

0,True,False,0.02,0.2,Rot0,0,0,0.0005909568,-0.01222286

0,True,False,0.02,0.2,Rot0,0,0,0.0005813518,-0.01229173

0,True,False,0.02,0.2,Rot0,0,0,0.0005638216,-0.01235154

0,True,False,0.02,0.2,Rot0,0,0,0.0006316369,-0.01243654

0,True,False,0.02,0.2,Rot0,0,0,0.0007007625,-0.01251775

0,True,False,0.02,0.2,Rot0,0,0,0.0007037136,-0.01264584

0,True,False,0.02,0.2,Rot0,0,0,0.0006948089,-0.01290879

0,True,False,0.02,0.2,Rot0,0,0,0.0006999238,-0.01312432

0,True,False,0.02,0.2,Rot0,0,0,0.0007028748,-0.01334605

0,True,False,0.02,0.2,Rot0,0,0,0.0007038799,-0.01357413

0,True,False,0.02,0.2,Rot0,0,0,0.0007402505,-0.0137901

0,True,False,0.02,0.2,Rot0,0,0,0.0007467358,-0.01399908

0,True,False,0.02,0.2,Rot0,0,0,0.0007529139,-0.01442751

0,True,False,0.02,0.2,Rot0,0,0,0.0007513513,-0.01467923

0,True,False,0.02,0.2,Rot0,0,0,0.0007601929,-0.01486796

0,True,False,0.02,0.2,Rot0,0,0,0.000717334,-0.01500002

0,True,False,0.02,0.2,Rot0,0,0,0.0006057319,-0.01500002

0,True,False,0.02,0.2,Rot0,0,0,0.0005207651,-0.01500002

0,True,False,0.02,0.2,Rot0,0,0,0.0004278421,-0.01500002

0,True,False,0.02,0.2,Rot0,0,0,0.0003269017,-0.01500002

0,True,False,0.02,0.2,Rot0,0,0,0.0003393247,-0.01500002

0,True,False,0.02,0.2,Rot0,0,0,0.0003059444,-0.01500002

0,True,False,0.02,0.2,Rot0,0,0,0.0002274527,-0.01500002

0,True,False,0.02,0.2,Rot0,0,0,0.0001855381,-0.01500002

0,True,False,0.02,0.2,Rot0,0,0,0.0002171864,-0.01500002

0,True,False,0.02,0.2,Rot0,0,0,0.0001581826,-0.01500002

0,True,False,0.02,0.2,Rot0,0,0,1.965367E-05,-0.01500002

0,True,False,0.02,0.2,Rot0,0,0,-3.16584E-05,-0.01500002

0,True,False,0.02,0.2,Rot0,0,0,-8.597632E-05,-0.01500002

0,True,False,0.02,0.2,Rot0,0,0,-0.0001097407,-0.01500002

0,True,False,0.02,0.2,Rot0,0,0,-0.0001607919,-0.01500002

0,True,False,0.02,0.2,Rot0,0,0,-0.0002504568,-0.01500002

0,True,False,0.02,0.2,Rot0,0,0,-0.000344545,-0.01500002

0,True,False,0.02,0.2,Rot0,0,0,-0.0004421251,-0.01500002

0,True,False,0.02,0.2,Rot0,0,0,-0.0005488773,-0.01500002

0,True,False,0.02,0.2,Rot0,0,0,-0.0006570536,-0.01500002

0,True,False,0.02,0.2,Rot0,0,0,-0.0008833798,-0.01500002

0,True,False,0.02,0.2,Rot0,0,0,-0.001028215,-0.01500002

0,True,False,0.02,0.2,Rot0,0,0,-0.001098991,-0.01500002

0,True,False,0.02,0.2,Rot0,0,0,-0.001099166,-0.01500002

0,True,False,0.02,0.2,Rot0,0,0,-0.001125139,-0.01500002

0,True,False,0.02,0.2,Rot0,0,0,-0.001147771,-0.01500002

0,True,False,0.02,0.2,Rot0,0,0,-0.001167492,-0.01500002

0,True,False,0.02,0.2,Rot0,0,0,-0.001148845,-0.01500002

0,True,False,0.02,0.2,Rot0,0,0,-0.001092342,-0.01500002

0,True,False,0.02,0.2,Rot0,0,0,-0.001218253,-0.01500002

0,True,False,0.02,0.2,Rot0,0,0,-0.001371339,-0.01500002

0,True,False,0.02,0.2,Rot0,0,0,-0.001544053,-0.01500002

0,True,False,0.02,0.2,Rot0,0,0,-0.001544053,-0.01500002

0,True,False,0.02,0.2,Rot0,0,0,-0.001544053,-0.01500002

0,True,False,0.02,0.2,Rot0,0,0,-0.001544053,-0.01500002

0,True,False,0.02,0.2,Rot0,0,0,-0.001544053,-0.01500002

0,True,False,0.02,0.2,Rot0,0,0,-0.001544053,-0.01500002

0,True,False,0.02,0.2,Rot0,0,0,-0.001544053,-0.01500002

0,True,False,0.02,0.2,Rot0,0,0,-0.001544053,-0.01500002

0,True,False,0.02,0.2,Rot0,0,0,-0.001544053,-0.01500002

0,True,False,0.02,0.2,Rot0,0,0,-0.001544053,-0.01500002

0,True,False,0.02,0.2,Rot0,0,0,-0.001544053,-0.01500002

0,True,False,0.02,0.2,Rot0,0,0,-0.001544053,-0.01500002

0,True,False,0.02,0.2,Rot0,0,0,-0.001544053,-0.01500002

0,True,False,0.02,0.2,Rot0,0,0,-0.001544053,-0.01500002

0,True,False,0.02,0.2,Rot0,0,0,-0.001544053,-0.01500002

0,True,False,0.02,0.2,Rot0,0,0,-0.001544053,-0.01500002

0,True,False,0.02,0.2,Rot0,0,0,-0.001544053,-0.01500002

0,True,False,0.02,0.2,Rot0,0,0,-0.001544053,-0.01500002

0,True,False,0.02,0.2,Rot0,0,0,-0.001544053,-0.01500002

0,True,False,0.02,0.2,Rot0,0,0,-0.001544053,-0.01500002

0,True,False,0.02,0.2,Rot0,0,0,-0.001544053,-0.01500002

0,True,False,0.02,0.2,Rot0,0,0,-0.001544053,-0.01500002

0,True,False,0.02,0.2,Rot0,0,0,-0.001544053,-0.01500002

0,True,False,0.02,0.2,Rot0,0,0,-0.001544053,-0.01500002

0,True,False,0.02,0.2,Rot0,0,0,-0.001544053,-0.01500002

0,True,False,0.02,0.2,Rot0,0,0,-0.001544053,-0.01500002

0,True,False,0.02,0.2,Rot0,0,0,-0.001544053,-0.01500002

0,True,False,0.02,0.2,Rot0,0,0,-0.001544053,-0.01500002

0,True,False,0.02,0.2,Rot0,0,0,-0.001544053,-0.01500002

0,True,False,0.02,0.2,Rot0,0,0,-0.001544053,-0.01500002

0,True,False,0.02,0.2,Rot0,0,0,-0.001544053,-0.01500002

0,True,False,0.02,0.2,Rot0,0,0,-0.001544053,-0.01500002

0,True,False,0.02,0.2,Rot0,0,0,-0.001544053,-0.01500002

0,True,False,0.02,0.2,Rot0,0,0,-0.001544053,-0.01500002

0,True,False,0.02,0.2,Rot0,0,0,-0.001544053,-0.01500002

0,True,False,0.02,0.2,Rot0,0,0,-0.001544053,-0.01500002

0,True,False,0.02,0.2,Rot0,0,0,-0.001544053,-0.01500002

0,True,False,0.02,0.2,Rot0,0,0,-0.001544053,-0.01500002

0,True,False,0.02,0.2,Rot0,0,0,-0.001544053,-0.01500002

0,True,False,0.02,0.2,Rot0,0,0,-0.001544053,-0.01500002

0,True,False,0.02,0.2,Rot0,0,0,-0.001544053,-0.01500002

0,True,False,0.02,0.2,Rot0,0,0,-0.001544053,-0.01500002

0,True,False,0.02,0.2,Rot0,0,0,-0.001544053,-0.01500002

0,True,False,0.02,0.2,Rot0,0,0,-0.001544053,-0.01500002

0,True,False,0.02,0.2,Rot0,0,0,-0.001544053,-0.01500002

0,True,False,0.02,0.2,Rot0,0,0,-0.001544053,-0.01500002

0,True,False,0.02,0.2,Rot0,0,0,-0.001544053,-0.01500002

0,True,False,0.02,0.2,Rot0,0,0,-0.001544053,-0.01500002

0,True,False,0.02,0.2,Rot0,0,0,-0.001544053,-0.01500002

0,True,False,0.02,0.2,Rot0,0,0,-0.001544053,-0.01500002

0,True,False,0.02,0.2,Rot0,0,0,-0.001544053,-0.01500002

0,True,False,0.02,0.2,Rot0,0,0,-0.001544053,-0.01500002

0,True,False,0.02,0.2,Rot0,0,0,-0.001544053,-0.01500002

0,True,False,0.02,0.2,Rot0,0,0,-0.001544053,-0.01500002

0,True,False,0.02,0.2,Rot0,0,0,-0.001544053,-0.01500002

0,True,False,0.02,0.2,Rot0,0,0,-0.001544053,-0.01500002

0,True,False,0.02,0.2,Rot0,0,0,-0.001544053,-0.01500002

0,True,False,0.02,0.2,Rot0,0,0,-0.001544053,-0.01500002

0,True,False,0.02,0.2,Rot0,0,0,-0.001544053,-0.01500002

0,True,False,0.02,0.2,Rot0,0,0,-0.001544053,-0.01500002

0,True,False,0.02,0.2,Rot0,0,0,-0.001544053,-0.01500002

0,True,False,0.02,0.2,Rot0,0,0,-0.001544053,-0.01500002

0,True,False,0.02,0.2,Rot0,0,0,-0.001544053,-0.01500002

0,True,False,0.02,0.2,Rot0,0,0,-0.001544053,-0.01500002

0,True,False,0.02,0.2,Rot0,0,0,-0.001544053,-0.01500002

0,True,False,0.02,0.2,Rot0,0,0,-0.001544053,-0.01500002

0,True,False,0.02,0.2,Rot0,0,0,-0.001544053,-0.01500002

0,True,False,0.02,0.2,Rot0,0,0,-0.001544053,-0.01500002

0,True,False,0.02,0.2,Rot0,0,0,-0.001544053,-0.01500002

0,True,False,0.02,0.2,Rot0,0,0,-0.001544053,-0.01500002

0,True,False,0.02,0.2,Rot0,0,0,-0.001544053,-0.01500002

0,True,False,0.02,0.2,Rot0,0,0,-0.001544053,-0.01500002

0,True,False,0.02,0.2,Rot0,0,0,-0.001544053,-0.01500002

0,True,False,0.02,0.2,Rot0,0,0,-0.001544053,-0.01500002

0,True,False,0.02,0.2,Rot0,0,0,-0.001544053,-0.01500002

0,True,False,0.02,0.2,Rot0,0,0,-0.001544053,-0.01500002

0,True,False,0.02,0.2,Rot0,0,0,-0.001544053,-0.01500002

0,True,False,0.02,0.2,Rot0,0,0,-0.001544053,-0.01500002

0,True,False,0.02,0.2,Rot0,0,0,-0.001544053,-0.01500002

0,True,False,0.02,0.2,Rot0,0,0,-0.001544053,-0.01500002

0,True,False,0.02,0.2,Rot0,0,0,-0.001544053,-0.01500002

0,True,False,0.02,0.2,Rot0,0,0,-0.001544053,-0.01500002

0,True,False,0.02,0.2,Rot0,0,0,-0.001544053,-0.01500002

0,True,False,0.02,0.2,Rot0,0,0,-0.001544053,-0.01500002

0,True,False,0.02,0.2,Rot0,0,0,-0.001544053,-0.01500002

0,True,False,0.02,0.2,Rot0,0,0,-0.001544053,-0.01500002

0,True,False,0.02,0.2,Rot0,0,0,-0.001544053,-0.01500002

0,True,False,0.02,0.2,Rot0,0,0,-0.001544053,-0.01500002

0,True,False,0.02,0.2,Rot0,0,0,-0.001544053,-0.01500002

0,True,False,0.02,0.2,Rot0,0,0,-0.001544053,-0.01500002

0,True,False,0.02,0.2,Rot0,0,0,-0.001544053,-0.01500002

0,True,False,0.02,0.2,Rot0,0,0,-0.001544053,-0.01500002

0,True,False,0.02,0.2,Rot0,0,0,-0.001544053,-0.01500002

0,True,False,0.02,0.2,Rot0,0,0,-0.001544053,-0.01500002

0,True,False,0.02,0.2,Rot0,0,0,-0.001544053,-0.01500002

0,True,False,0.02,0.2,Rot0,0,0,-0.001544053,-0.01500002

0,True,False,0.02,0.2,Rot0,0,0,-0.001544053,-0.01500002

0,True,False,0.02,0.2,Rot0,0,0,-0.001544053,-0.01500002

0,True,False,0.02,0.2,Rot0,0,0,-0.001544053,-0.01500002

0,True,False,0.02,0.2,Rot0,0,0,-0.001544053,-0.01500002

0,True,False,0.02,0.2,Rot0,0,0,-0.001544053,-0.01500002

0,True,False,0.02,0.2,Rot0,0,0,-0.001544053,-0.01500002

0,True,False,0.02,0.2,Rot0,0,0,-0.001544053,-0.01500002

0,True,False,0.02,0.2,Rot0,0,0,-0.001544053,-0.01500002

0,True,False,0.02,0.2,Rot0,0,0,-0.001544053,-0.01500002

0,True,False,0.02,0.2,Rot0,0,0,-0.001544053,-0.01500002

0,True,False,0.02,0.2,Rot0,0,0,-0.001544053,-0.01500002

0,True,False,0.02,0.2,Rot0,0,0,-0.001544053,-0.01500002

0,True,False,0.02,0.2,Rot0,0,0,-0.001544053,-0.01500002

0,True,False,0.02,0.2,Rot0,0,0,-0.001544053,-0.01500002

0,True,False,0.02,0.2,Rot0,0,0,-0.001544053,-0.01500002

0,True,False,0.02,0.2,Rot0,0,0,-0.001544053,-0.01500002

0,True,False,0.02,0.2,Rot0,0,0,-0.001544053,-0.01500002

0,True,False,0.02,0.2,Rot0,0,0,-0.001544053,-0.01500002

0,True,False,0.02,0.2,Rot0,0,0,-0.001544053,-0.01500002

0,True,False,0.02,0.2,Rot0,0,0,-0.001544053,-0.01500002

0,True,False,0.02,0.2,Rot0,0,0,-0.001544053,-0.01500002

0,True,False,0.02,0.2,Rot0,0,0,-0.001544053,-0.01500002

0,True,False,0.02,0.2,Rot0,0,0,-0.001544053,-0.01500002

0,True,False,0.02,0.2,Rot0,0,0,-0.001544053,-0.01500002

0,True,False,0.02,0.2,Rot0,0,0,-0.001544053,-0.01500002

0,True,False,0.02,0.2,Rot0,0,0,-0.001544053,-0.01500002

0,True,False,0.02,0.2,Rot0,0,0,-0.001544053,-0.01500002

0,True,False,0.02,0.2,Rot0,0,0,-0.001544053,-0.01500002

0,True,False,0.02,0.2,Rot0,0,0,-0.001544053,-0.01500002

0,True,False,0.02,0.2,Rot0,0,0,-0.001544053,-0.01500002

0,True,False,0.02,0.2,Rot0,0,0,-0.001544053,-0.01500002

0,True,False,0.02,0.2,Rot0,0,0,-0.001544053,-0.01500002

0,True,False,0.02,0.2,Rot0,0,0,-0.001544053,-0.01500002

0,True,False,0.02,0.2,Rot0,0,0,-0.001544053,-0.01500002

0,True,False,0.02,0.2,Rot0,0,0,-0.001544053,-0.01500002

0,True,False,0.02,0.2,Rot0,0,0,-0.001544053,-0.01500002

0,True,False,0.02,0.2,Rot0,0,0,-0.001544053,-0.01500002

0,True,False,0.02,0.2,Rot0,0,0,-0.001544053,-0.01500002

0,True,False,0.02,0.2,Rot0,0,0,-0.001544053,-0.01500002

0,True,False,0.02,0.2,Rot0,0,0,-0.001544053,-0.01500002

0,True,False,0.02,0.2,Rot0,0,0,-0.001544053,-0.01500002

0,True,False,0.02,0.2,Rot0,0,0,-0.001544053,-0.01500002

0,True,False,0.02,0.2,Rot0,0,0,-0.001544053,-0.01500002

0,True,False,0.02,0.2,Rot0,0,0,-0.001544053,-0.01500002

0,True,False,0.02,0.2,Rot0,0,0,-0.001544053,-0.01500002

0,True,False,0.02,0.2,Rot0,0,0,-0.001544053,-0.01500002

0,True,False,0.02,0.2,Rot0,0,0,-0.001544053,-0.01500002

0,True,False,0.02,0.2,Rot0,0,0,-0.001544053,-0.01500002

0,True,False,0.02,0.2,Rot0,0,0,-0.001544053,-0.01500002

0,True,False,0.02,0.2,Rot0,0,0,-0.001544053,-0.01500002

0,True,False,0.02,0.2,Rot0,0,0,-0.001544053,-0.01500002

0,True,False,0.02,0.2,Rot0,0,0,-0.001544053,-0.01500002

0,True,False,0.02,0.2,Rot0,0,0,-0.001544053,-0.01500002

0,True,False,0.02,0.2,Rot0,0,0,-0.001544053,-0.01500002

0,True,False,0.02,0.2,Rot0,0,0,-0.001544053,-0.01500002

0,True,False,0.02,0.2,Rot0,0,0,-0.001544053,-0.01500002

0,True,False,0.02,0.2,Rot0,0,0,-0.001544053,-0.01500002

0,True,False,0.02,0.2,Rot0,0,0,-0.001544053,-0.01500002

0,True,False,0.02,0.2,Rot0,0,0,-0.001544053,-0.01500002

0,True,False,0.02,0.2,Rot0,0,0,-0.001544053,-0.01500002

0,True,False,0.02,0.2,Rot0,0,0,-0.001544053,-0.01500002

0,True,False,0.02,0.2,Rot0,0,0,-0.001544053,-0.01500002

0,True,False,0.02,0.2,Rot0,0,0,-0.001544053,-0.01500002

0,True,False,0.02,0.2,Rot0,0,0,-0.001544053,-0.01500002

0,True,False,0.02,0.2,Rot0,0,0,-0.001544053,-0.01500002

0,True,False,0.02,0.2,Rot0,0,0,-0.001544053,-0.01500002

0,True,False,0.02,0.2,Rot0,0,0,-0.001544053,-0.01500002

0,True,False,0.02,0.2,Rot0,0,0,-0.001544053,-0.01500002

0,True,False,0.02,0.2,Rot0,0,0,-0.001544053,-0.01500002

0,True,False,0.02,0.2,Rot0,0,0,-0.001544053,-0.01500002

0,True,False,0.02,0.2,Rot0,0,0,-0.001544053,-0.01500002

0,True,False,0.02,0.2,Rot0,0,0,-0.001544053,-0.01500002

0,True,False,0.02,0.2,Rot0,0,0,-0.001544053,-0.01500002

0,True,False,0.02,0.2,Rot0,0,0,-0.001544053,-0.01500002

0,True,False,0.02,0.2,Rot0,0,0,-0.001544053,-0.01500002

0,True,False,0.02,0.2,Rot0,0,0,-0.001544053,-0.01500002

0,True,False,0.02,0.2,Rot0,0,0,-0.001544053,-0.01500002

0,True,False,0.02,0.2,Rot0,0,0,-0.001544053,-0.01500002

0,True,False,0.02,0.2,Rot0,0,0,-0.001544053,-0.01500002

0,True,False,0.02,0.2,Rot0,0,0,-0.001544053,-0.01500002

0,True,False,0.02,0.2,Rot0,0,0,-0.001544053,-0.01500002

0,True,False,0.02,0.2,Rot0,0,0,-0.001544053,-0.01500002

0,True,False,0.02,0.2,Rot0,0,0,-0.001544053,-0.01500002

0,True,False,0.02,0.2,Rot0,0,0,-0.001544053,-0.01500002

0,True,False,0.02,0.2,Rot0,0,0,-0.001544053,-0.01500002

0,True,False,0.02,0.2,Rot0,0,0,-0.001544053,-0.01500002

0,True,False,0.02,0.2,Rot0,0,0,-0.001544053,-0.01500002

0,True,False,0.02,0.2,Rot0,0,0,-0.001544053,-0.01500002

0,True,False,0.02,0.2,Rot0,0,0,-0.001544053,-0.01500002

0,True,False,0.02,0.2,Rot0,0,0,-0.001544053,-0.01500002

0,True,False,0.02,0.2,Rot0,0,0,-0.001544053,-0.01500002

0,True,False,0.02,0.2,Rot0,0,0,-0.001544053,-0.01500002

0,True,False,0.02,0.2,Rot0,0,0,-0.001544053,-0.01500002

0,True,False,0.02,0.2,Rot0,0,0,-0.001544053,-0.01500002

0,True,False,0.02,0.2,Rot0,0,0,-0.001544053,-0.01500002

0,True,False,0.02,0.2,Rot0,0,0,-0.001544053,-0.01500002

0,True,False,0.02,0.2,Rot0,0,0,-0.001544053,-0.01500002

0,True,False,0.02,0.2,Rot0,0,0,-0.001544053,-0.01500002

0,True,False,0.02,0.2,Rot0,0,0,-0.001544053,-0.01500002

0,True,False,0.02,0.2,Rot0,0,0,-0.001544053,-0.01500002

0,True,False,0.02,0.2,Rot0,0,0,-0.001544053,-0.01500002

0,True,False,0.02,0.2,Rot0,0,0,-0.001544053,-0.01500002

0,True,False,0.02,0.2,Rot0,0,0,-0.001544053,-0.01500002

0,True,False,0.02,0.2,Rot0,0,0,-0.001544053,-0.01500002

0,True,False,0.02,0.2,Rot0,0,0,-0.001544053,-0.01500002

0,True,False,0.02,0.2,Rot0,0,0,-0.001544053,-0.01500002

0,True,False,0.02,0.2,Rot0,0,0,-0.001544053,-0.01500002

0,True,False,0.02,0.2,Rot0,0,0,-0.001544053,-0.01500002

0,True,False,0.02,0.2,Rot0,0,0,-0.001544053,-0.01500002

0,True,False,0.02,0.2,Rot0,0,0,-0.001544053,-0.01500002

0,True,False,0.02,0.2,Rot0,0,0,-0.001544053,-0.01500002

0,True,False,0.02,0.2,Rot0,0,0,-0.001544053,-0.01500002

0,True,False,0.02,0.2,Rot0,0,0,-0.001544053,-0.01500002

0,True,False,0.02,0.2,Rot0,0,0,-0.001544053,-0.01500002

0,True,False,0.02,0.2,Rot0,0,0,-0.001544053,-0.01500002

0,True,False,0.02,0.2,Rot0,0,0,-0.001544053,-0.01500002

0,True,False,0.02,0.2,Rot0,0,0,-0.001544053,-0.01500002

0,True,False,0.02,0.2,Rot0,0,0,-0.001544053,-0.01500002

0,True,False,0.02,0.2,Rot0,0,0,-0.001544053,-0.01500002

0,True,False,0.02,0.2,Rot0,0,0,-0.001544053,-0.01500002

0,True,False,0.02,0.2,Rot0,0,0,-0.001544053,-0.01500002

0,True,False,0.02,0.2,Rot0,0,0,-0.001544053,-0.01500002

0,True,False,0.02,0.2,Rot0,0,0,-0.001544053,-0.01500002

0,True,False,0.02,0.2,Rot0,0,0,-0.001544053,-0.01500002

0,True,False,0.02,0.2,Rot0,0,0,-0.001544053,-0.01500002

0,True,False,0.02,0.2,Rot0,0,0,-0.001544053,-0.01500002

0,True,False,0.02,0.2,Rot0,0,0,-0.001544053,-0.01500002

0,True,False,0.02,0.2,Rot0,0,0,-0.001544053,-0.01500002

0,True,False,0.02,0.2,Rot0,0,0,-0.001544053,-0.01500002

0,True,False,0.02,0.2,Rot0,0,0,-0.001544053,-0.01500002

0,True,False,0.02,0.2,Rot0,0,0,-0.001544053,-0.01500002

0,True,False,0.02,0.2,Rot0,0,0,-0.001544053,-0.01500002

0,True,False,0.02,0.2,Rot0,0,0,-0.001544053,-0.01500002

0,True,False,0.02,0.2,Rot0,0,0,-0.001544053,-0.01500002

0,True,False,0.02,0.2,Rot0,0,0,-0.001544053,-0.01500002

0,True,False,0.02,0.2,Rot0,0,0,-0.001544053,-0.01500002

0,True,False,0.02,0.2,Rot0,0,0,-0.001544053,-0.01500002

0,True,False,0.02,0.2,Rot0,0,0,-0.001544053,-0.01500002

0,True,False,0.02,0.2,Rot0,0,0,-0.001544053,-0.01500002

0,True,False,0.02,0.2,Rot0,0,0,-0.001544053,-0.01500002

0,True,False,0.02,0.2,Rot0,0,0,-0.001544053,-0.01500002

0,True,False,0.02,0.2,Rot0,0,0,-0.001544053,-0.01500002

0,True,False,0.02,0.2,Rot0,0,0,-0.001544053,-0.01500002

0,True,False,0.02,0.2,Rot0,0,0,-0.001544053,-0.01500002

0,True,False,0.02,0.2,Rot0,0,0,-0.001544053,-0.01500002

0,True,False,0.02,0.2,Rot0,0,0,-0.001544053,-0.01500002

0,True,False,0.02,0.2,Rot0,0,0,-0.001544053,-0.01500002

0,True,False,0.02,0.2,Rot0,0,0,-0.001544053,-0.01500002

0,True,False,0.02,0.2,Rot0,0,0,-0.001544053,-0.01500002

0,True,False,0.02,0.2,Rot0,0,0,-0.001544053,-0.01500002

0,True,False,0.02,0.2,Rot0,0,0,-0.001544053,-0.01500002

0,True,False,0.02,0.2,Rot0,0,0,-0.001544053,-0.01500002

0,True,False,0.02,0.2,Rot0,0,0,-0.001544053,-0.01500002

0,True,False,0.02,0.2,Rot0,0,0,-0.001544053,-0.01500002

0,True,False,0.02,0.2,Rot0,0,0,-0.001544053,-0.01500002

0,True,False,0.02,0.2,Rot0,0,0,-0.001544053,-0.01500002

0,True,False,0.02,0.2,Rot0,0,0,-0.001544053,-0.01500002

0,True,False,0.02,0.2,Rot0,0,0,-0.001544053,-0.01500002

0,True,False,0.02,0.2,Rot0,0,0,-0.001544053,-0.01500002

0,True,False,0.02,0.2,Rot0,0,0,-0.001544053,-0.01500002

0,True,False,0.02,0.2,Rot0,0,0,-0.001544053,-0.01500002

0,True,False,0.02,0.2,Rot0,0,0,-0.001544053,-0.01500002

0,True,False,0.02,0.2,Rot0,0,0,-0.001544053,-0.01500002

0,True,False,0.02,0.2,Rot0,0,0,-0.001544053,-0.01500002

0,True,False,0.02,0.2,Rot0,0,0,-0.001544053,-0.01500002

0,True,False,0.02,0.2,Rot0,0,0,-0.001544053,-0.01500002

0,True,False,0.02,0.2,Rot0,0,0,-0.001544053,-0.01500002

0,True,False,0.02,0.2,Rot0,0,0,-0.001544053,-0.01500002

0,True,False,0.02,0.2,Rot0,0,0,-0.001544053,-0.01500002

0,True,False,0.02,0.2,Rot0,0,0,-0.001544053,-0.01500002

0,True,False,0.02,0.2,Rot0,0,0,-0.001544053,-0.01500002

0,True,False,0.02,0.2,Rot0,0,0,-0.001544053,-0.01500002

0,True,False,0.02,0.2,Rot0,0,0,-0.001544053,-0.01500002

0,True,False,0.02,0.2,Rot0,0,0,-0.001544053,-0.01500002

0,True,False,0.02,0.2,Rot0,0,0,-0.001544053,-0.01500002

0,True,False,0.02,0.2,Rot0,0,0,-0.001544053,-0.01500002

0,True,False,0.02,0.2,Rot0,0,0,-0.001544053,-0.01500002

0,True,False,0.02,0.2,Rot0,0,0,-0.001544053,-0.01500002

0,True,False,0.02,0.2,Rot0,0,0,-0.001544053,-0.01500002

0,True,False,0.02,0.2,Rot0,0,0,-0.001544053,-0.01500002

0,True,False,0.02,0.2,Rot0,0,0,-0.001544053,-0.01500002

0,True,False,0.02,0.2,Rot0,0,0,-0.001544053,-0.01500002

0,True,False,0.02,0.2,Rot0,0,0,-0.001544053,-0.01500002

0,True,False,0.02,0.2,Rot0,0,0,-0.001544053,-0.01500002

0,True,False,0.02,0.2,Rot0,0,0,-0.001544053,-0.01500002

0,True,False,0.02,0.2,Rot0,0,0,-0.001544053,-0.01500002

0,True,False,0.02,0.2,Rot0,0,0,-0.001544053,-0.01500002

0,True,False,0.02,0.2,Rot0,0,0,-0.001544053,-0.01500002

0,True,False,0.02,0.2,Rot0,0,0,-0.001544053,-0.01500002

0,True,False,0.02,0.2,Rot0,0,0,-0.001544053,-0.01500002

0,True,False,0.02,0.2,Rot0,0,0,-0.001544053,-0.01500002

0,True,False,0.02,0.2,Rot0,0,0,-0.001544053,-0.01500002

0,True,False,0.02,0.2,Rot0,0,0,-0.001544053,-0.01500002

0,True,False,0.02,0.2,Rot0,0,0,-0.001544053,-0.01500002

0,True,False,0.02,0.2,Rot0,0,0,-0.001544053,-0.01500002

0,True,False,0.02,0.2,Rot0,0,0,-0.001544053,-0.01500002

0,True,False,0.02,0.2,Rot0,0,0,-0.001544053,-0.01500002

0,True,False,0.02,0.2,Rot0,0,0,-0.001544053,-0.01500002

0,True,False,0.02,0.2,Rot0,0,0,-0.001544053,-0.01500002

0,True,False,0.02,0.2,Rot0,0,0,-0.001544053,-0.01500002

0,True,False,0.02,0.2,Rot0,0,0,-0.001544053,-0.01500002

0,True,False,0.02,0.2,Rot0,0,0,-0.001544053,-0.01500002

0,True,False,0.02,0.2,Rot0,0,0,-0.001544053,-0.01500002

0,True,False,0.02,0.2,Rot0,0,0,-0.001544053,-0.01500002

0,True,False,0.02,0.2,Rot0,0,0,-0.001544053,-0.01500002

0,True,False,0.02,0.2,Rot0,0,0,-0.001544053,-0.01500002

0,True,False,0.02,0.2,Rot0,0,0,-0.001544053,-0.01500002

0,True,False,0.02,0.2,Rot0,0,0,-0.001544053,-0.01500002

0,True,False,0.02,0.2,Rot0,0,0,-0.001544053,-0.01500002

0,True,False,0.02,0.2,Rot0,0,0,-0.001544053,-0.01500002

0,True,False,0.02,0.2,Rot0,0,0,-0.001544053,-0.01500002

0,True,False,0.02,0.2,Rot0,0,0,-0.001544053,-0.01500002

0,True,False,0.02,0.2,Rot0,0,0,-0.001544053,-0.01500002

0,True,False,0.02,0.2,Rot0,0,0,-0.001544053,-0.01500002

0,True,False,0.02,0.2,Rot0,0,0,-0.001544053,-0.01500002

0,True,False,0.02,0.2,Rot0,0,0,-0.001544053,-0.01500002

0,True,False,0.02,0.2,Rot0,0,0,-0.001544053,-0.01500002

0,True,False,0.02,0.2,Rot0,0,0,-0.001544053,-0.01500002

0,True,False,0.02,0.2,Rot0,0,0,-0.001544053,-0.01500002

0,True,False,0.02,0.2,Rot0,0,0,-0.001544053,-0.01500002

0,True,False,0.02,0.2,Rot0,0,0,-0.001544053,-0.01500002

0,True,False,0.02,0.2,Rot0,0,0,-0.001544053,-0.01500002

0,True,False,0.02,0.2,Rot0,0,0,-0.001544053,-0.01500002

0,True,False,0.02,0.2,Rot0,0,0,-0.001544053,-0.01500002

0,True,False,0.02,0.2,Rot0,0,0,-0.001544053,-0.01500002

0,True,False,0.02,0.2,Rot0,0,0,-0.001544053,-0.01500002

0,True,False,0.02,0.2,Rot0,0,0,-0.001544053,-0.01500002

0,True,False,0.02,0.2,Rot0,0,0,-0.001544053,-0.01500002

0,True,False,0.02,0.2,Rot0,0,0,-0.001544053,-0.01500002

0,True,False,0.02,0.2,Rot0,0,0,-0.001544053,-0.01500002

0,True,False,0.02,0.2,Rot0,0,0,-0.001544053,-0.01500002

0,True,False,0.02,0.2,Rot0,0,0,-0.001544053,-0.01500002

0,True,False,0.02,0.2,Rot0,0,0,-0.001544053,-0.01500002

0,True,False,0.02,0.2,Rot0,0,0,-0.001544053,-0.01500002

0,True,False,0.02,0.2,Rot0,0,0,-0.001544053,-0.01500002

0,True,False,0.02,0.2,Rot0,0,0,-0.001544053,-0.01500002

0,True,False,0.02,0.2,Rot0,0,0,-0.001544053,-0.01500002

0,True,False,0.02,0.2,Rot0,0,0,-0.001544053,-0.01500002

0,True,False,0.02,0.2,Rot0,0,0,-0.001544053,-0.01500002

0,True,False,0.02,0.2,Rot0,0,0,-0.001544053,-0.01500002

0,True,False,0.02,0.2,Rot0,0,0,-0.001544053,-0.01500002

0,True,False,0.02,0.2,Rot0,0,0,-0.001544053,-0.01500002

0,True,False,0.02,0.2,Rot0,0,0,-0.001544053,-0.01500002

0,True,False,0.02,0.2,Rot0,0,0,-0.001544053,-0.01500002

0,True,False,0.02,0.2,Rot0,0,0,-0.001544053,-0.01500002

0,True,False,0.02,0.2,Rot0,0,0,-0.001544053,-0.01500002

0,True,False,0.02,0.2,Rot0,0,0,-0.001544053,-0.01500002

0,True,False,0.02,0.2,Rot0,0,0,-0.001544053,-0.01500002

0,True,False,0.02,0.2,Rot0,0,0,-0.001544053,-0.01500002

0,True,False,0.02,0.2,Rot0,0,0,-0.001544053,-0.01500002

0,True,False,0.02,0.2,Rot0,0,0,-0.001544053,-0.01500002

0,True,False,0.02,0.2,Rot0,0,0,-0.001544053,-0.01500002

0,True,False,0.02,0.2,Rot0,0,0,-0.001544053,-0.01500002

0,True,False,0.02,0.2,Rot0,0,0,-0.001544053,-0.01500002

0,True,False,0.02,0.2,Rot0,0,0,-0.001544053,-0.01500002

0,True,False,0.02,0.2,Rot0,0,0,-0.001544053,-0.01500002

0,True,False,0.02,0.2,Rot0,0,0,-0.001544053,-0.01500002

0,True,False,0.02,0.2,Rot0,0,0,-0.001544053,-0.01500002

0,True,False,0.02,0.2,Rot0,0,0,-0.001544053,-0.01500002

0,True,False,0.02,0.2,Rot0,0,0,-0.001544053,-0.01500002

0,True,False,0.02,0.2,Rot0,0,0,-0.001544053,-0.01500002

0,True,False,0.02,0.2,Rot0,0,0,-0.001544053,-0.01500002

0,True,False,0.02,0.2,Rot0,0,0,-0.001544053,-0.01500002

0,True,False,0.02,0.2,Rot0,0,0,-0.001544053,-0.01500002

0,True,False,0.02,0.2,Rot0,0,0,-0.001544053,-0.01500002

0,True,False,0.02,0.2,Rot0,0,0,-0.001544053,-0.01500002

0,True,False,0.02,0.2,Rot0,0,0,-0.001544053,-0.01500002

0,True,False,0.02,0.2,Rot0,0,0,-0.001544053,-0.01500002

0,True,False,0.02,0.2,Rot0,0,0,-0.001544053,-0.01500002

0,True,False,0.02,0.2,Rot0,0,0,-0.001544053,-0.01500002

0,True,False,0.02,0.2,Rot0,0,0,-0.001544053,-0.01500002

0,True,False,0.02,0.2,Rot0,0,0,-0.001544053,-0.01500002

0,True,False,0.02,0.2,Rot0,0,0,-0.001544053,-0.01500002

0,True,False,0.02,0.2,Rot0,0,0,-0.001544053,-0.01500002

0,True,False,0.02,0.2,Rot0,0,0,-0.001544053,-0.01500002

0,True,False,0.02,0.2,Rot0,0,0,-0.001544053,-0.01500002

0,True,False,0.02,0.2,Rot0,0,0,-0.001544053,-0.01500002

0,True,False,0.02,0.2,Rot0,0,0,-0.001544053,-0.01500002

0,True,False,0.02,0.2,Rot0,0,0,-0.001544053,-0.01500002

0,True,False,0.02,0.2,Rot0,0,0,-0.001544053,-0.01500002

0,True,False,0.02,0.2,Rot0,0,0,-0.001544053,-0.01500002

0,True,False,0.02,0.2,Rot0,0,0,-0.001544053,-0.01500002

0,True,False,0.02,0.2,Rot0,0,0,-0.001544053,-0.01500002

0,True,False,0.02,0.2,Rot0,0,0,-0.001544053,-0.01500002

0,True,False,0.02,0.2,Rot0,0,0,-0.001544053,-0.01500002

0,True,False,0.02,0.2,Rot0,0,0,-0.001544053,-0.01500002

0,True,False,0.02,0.2,Rot0,0,0,-0.001544053,-0.01500002

0,True,False,0.02,0.2,Rot0,0,0,-0.001544053,-0.01500002

0,True,False,0.02,0.2,Rot0,0,0,-0.001544053,-0.01500002

0,True,False,0.02,0.2,Rot0,0,0,-0.001544053,-0.01500002

0,True,False,0.02,0.2,Rot0,0,0,-0.001544053,-0.01500002

0,True,False,0.02,0.2,Rot0,0,0,-0.001544053,-0.01500002

0,True,False,0.02,0.2,Rot0,0,0,-0.001544053,-0.01500002

0,True,False,0.02,0.2,Rot0,0,0,-0.001544053,-0.01500002

0,True,False,0.02,0.2,Rot0,0,0,-0.001544053,-0.01500002

0,True,False,0.02,0.2,Rot0,0,0,-0.001544053,-0.01500002

0,True,False,0.02,0.2,Rot0,0,0,-0.001544053,-0.01500002

0,True,False,0.02,0.2,Rot0,0,0,-0.001544053,-0.01500002

0,True,False,0.02,0.2,Rot0,0,0,-0.001544053,-0.01500002

0,True,False,0.02,0.2,Rot0,0,0,-0.001544053,-0.01500002

0,True,False,0.02,0.2,Rot0,0,0,-0.001544053,-0.01500002

0,True,False,0.02,0.2,Rot0,0,0,-0.001544053,-0.01500002

0,True,False,0.02,0.2,Rot0,0,0,-0.001544053,-0.01500002

0,True,False,0.02,0.2,Rot0,0,0,-0.001544053,-0.01500002

0,True,False,0.02,0.2,Rot0,0,0,-0.001544053,-0.01500002

0,True,False,0.02,0.2,Rot0,0,0,-0.001544053,-0.01500002

0,True,False,0.02,0.2,Rot0,0,0,-0.001544053,-0.01500002

0,True,False,0.02,0.2,Rot0,0,0,-0.001544053,-0.01500002

0,True,False,0.02,0.2,Rot0,0,0,-0.001544053,-0.01500002

0,True,False,0.02,0.2,Rot0,0,0,-0.001544053,-0.01500002

0,True,False,0.02,0.2,Rot0,0,0,-0.001544053,-0.01500002

0,True,False,0.02,0.2,Rot0,0,0,-0.001544053,-0.01500002

0,True,False,0.02,0.2,Rot0,0,0,-0.001544053,-0.01500002

0,True,False,0.02,0.2,Rot0,0,0,-0.001544053,-0.01500002

0,True,False,0.02,0.2,Rot0,0,0,-0.001544053,-0.01500002

0,True,False,0.02,0.2,Rot0,0,0,-0.001544053,-0.01500002

0,True,False,0.02,0.2,Rot0,0,0,-0.001544053,-0.01500002

0,True,False,0.02,0.2,Rot0,0,0,-0.001544053,-0.01500002

0,True,False,0.02,0.2,Rot0,0,0,-0.001544053,-0.01500002

0,True,False,0.02,0.2,Rot0,0,0,-0.001544053,-0.01500002

0,True,False,0.02,0.2,Rot0,0,0,-0.001544053,-0.01500002

0,True,False,0.02,0.2,Rot0,0,0,-0.001544053,-0.01500002

0,True,False,0.02,0.2,Rot0,0,0,-0.001544053,-0.01500002

0,True,False,0.02,0.2,Rot0,0,0,-0.001544053,-0.01500002

0,True,False,0.02,0.2,Rot0,0,0,-0.001544053,-0.01500002

0,True,False,0.02,0.2,Rot0,0,0,-0.001544053,-0.01500002

0,True,False,0.02,0.2,Rot0,0,0,-0.001544053,-0.01500002

0,True,False,0.02,0.2,Rot0,0,0,-0.001544053,-0.01500002

0,True,False,0.02,0.2,Rot0,0,0,-0.001544053,-0.01500002

0,True,False,0.02,0.2,Rot0,0,0,-0.001544053,-0.01500002

0,True,False,0.02,0.2,Rot0,0,0,-0.001544053,-0.01500002

0,True,False,0.02,0.2,Rot0,0,0,-0.001544053,-0.01500002

0,True,False,0.02,0.2,Rot0,0,0,-0.001544053,-0.01500002

0,True,False,0.02,0.2,Rot0,0,0,-0.001544053,-0.01500002

0,True,False,0.02,0.2,Rot0,0,0,-0.001544053,-0.01500002

0,True,False,0.02,0.2,Rot0,0,0,-0.001544053,-0.01500002

0,True,False,0.02,0.2,Rot0,0,0,-0.001544053,-0.01500002

0,True,False,0.02,0.2,Rot0,0,0,-0.001544053,-0.01500002

0,True,False,0.02,0.2,Rot0,0,0,-0.001544053,-0.01500002

0,True,False,0.02,0.2,Rot0,0,0,-0.001544053,-0.01500002

0,True,False,0.02,0.2,Rot0,0,0,-0.001544053,-0.01500002

0,True,False,0.02,0.2,Rot0,0,0,-0.001544053,-0.01500002

0,True,False,0.02,0.2,Rot0,0,0,-0.001544053,-0.01500002

0,True,False,0.02,0.2,Rot0,0,0,-0.001544053,-0.01500002

0,True,False,0.02,0.2,Rot0,0,0,-0.001544053,-0.01500002

0,True,False,0.02,0.2,Rot0,0,0,-0.001544053,-0.01500002

0,True,False,0.02,0.2,Rot0,0,0,-0.001544053,-0.01500002

0,True,False,0.02,0.2,Rot0,0,0,-0.001544053,-0.01500002

0,True,False,0.02,0.2,Rot0,0,0,-0.001544053,-0.01500002

0,True,False,0.02,0.2,Rot0,0,0,-0.001544053,-0.01500002

0,True,False,0.02,0.2,Rot0,0,0,-0.001544053,-0.01500002

0,True,False,0.02,0.2,Rot0,0,0,-0.001544053,-0.01500002

0,True,False,0.02,0.2,Rot0,0,0,-0.001544053,-0.01500002

0,True,False,0.02,0.2,Rot0,0,0,-0.001544053,-0.01500002

0,True,False,0.02,0.2,Rot0,0,0,-0.001544053,-0.01500002

0,True,False,0.02,0.2,Rot0,0,0,-0.001544053,-0.01500002

0,True,False,0.02,0.2,Rot0,0,0,-0.001544053,-0.01500002

0,True,False,0.02,0.2,Rot0,0,0,-0.001544053,-0.01500002

0,True,False,0.02,0.2,Rot0,0,0,-0.001544053,-0.01500002

0,True,False,0.02,0.2,Rot0,0,0,-0.001544053,-0.01500002

0,True,False,0.02,0.2,Rot0,0,0,-0.001544053,-0.01500002

0,True,False,0.02,0.2,Rot0,0,0,-0.001544053,-0.01500002

0,True,False,0.02,0.2,Rot0,0,0,-0.001544053,-0.01500002

0,True,False,0.02,0.2,Rot0,0,0,-0.001544053,-0.01500002

0,True,False,0.02,0.2,Rot0,0,0,-0.001544053,-0.01500002

0,True,False,0.02,0.2,Rot0,0,0,-0.001544053,-0.01500002

0,True,False,0.02,0.2,Rot0,0,0,-0.001544053,-0.01500002

0,True,False,0.02,0.2,Rot0,0,0,-0.001544053,-0.01500002

0,True,False,0.02,0.2,Rot0,0,0,-0.001544053,-0.01500002

0,True,False,0.02,0.2,Rot0,0,0,-0.001544053,-0.01500002

0,True,False,0.02,0.2,Rot0,0,0,-0.001544053,-0.01500002

0,True,False,0.02,0.2,Rot0,0,0,-0.001544053,-0.01500002

0,True,False,0.02,0.2,Rot0,0,0,-0.001544053,-0.01500002

0,True,False,0.02,0.2,Rot0,0,0,-0.001544053,-0.01500002

0,True,False,0.02,0.2,Rot0,0,0,-0.001544053,-0.01500002

0,True,False,0.02,0.2,Rot0,0,0,-0.001544053,-0.01500002

0,True,False,0.02,0.2,Rot0,0,0,-0.001544053,-0.01500002

0,True,False,0.02,0.2,Rot0,0,0,-0.001544053,-0.01500002

0,True,False,0.02,0.2,Rot0,0,0,-0.001544053,-0.01500002

0,True,False,0.02,0.2,Rot0,0,0,-0.001544053,-0.01500002

0,True,False,0.02,0.2,Rot0,0,0,-0.001544053,-0.01500002

0,True,False,0.02,0.2,Rot0,0,0,-0.001544053,-0.01500002

0,True,False,0.02,0.2,Rot0,0,0,-0.001544053,-0.01500002

0,True,False,0.02,0.2,Rot0,0,0,-0.001544053,-0.01500002

0,True,False,0.02,0.2,Rot0,0,0,-0.001544053,-0.01500002

0,True,False,0.02,0.2,Rot0,0,0,-0.001544053,-0.01500002

0,True,False,0.02,0.2,Rot0,0,0,-0.001544053,-0.01500002

0,True,False,0.02,0.2,Rot0,0,0,-0.001544053,-0.01500002

0,True,False,0.02,0.2,Rot0,0,0,-0.001544053,-0.01500002

0,True,False,0.02,0.2,Rot0,0,0,-0.001544053,-0.01500002

0,True,False,0.02,0.2,Rot0,0,0,-0.001544053,-0.01500002

0,True,False,0.02,0.2,Rot0,0,0,-0.001544053,-0.01500002

0,True,False,0.02,0.2,Rot0,0,0,-0.001544053,-0.01500002

0,True,False,0.02,0.2,Rot0,0,0,-0.001544053,-0.01500002

0,True,False,0.02,0.2,Rot0,0,0,-0.001544053,-0.01500002

0,True,False,0.02,0.2,Rot0,0,0,-0.001544053,-0.01500002

0,True,False,0.02,0.2,Rot0,0,0,-0.001544053,-0.01500002

0,True,False,0.02,0.2,Rot0,0,0,-0.001544053,-0.01500002

0,True,False,0.02,0.2,Rot0,0,0,-0.001544053,-0.01500002

0,True,False,0.02,0.2,Rot0,0,0,-0.001544053,-0.01500002

0,True,False,0.02,0.2,Rot0,0,0,-0.001544053,-0.01500002

0,True,False,0.02,0.2,Rot0,0,0,-0.001544053,-0.01500002

0,True,False,0.02,0.2,Rot0,0,0,-0.001544053,-0.01500002

0,True,False,0.02,0.2,Rot0,0,0,-0.001544053,-0.01500002

0,True,False,0.02,0.2,Rot0,0,0,-0.001544053,-0.01500002

0,True,False,0.02,0.2,Rot0,0,0,-0.001544053,-0.01500002

0,True,False,0.02,0.2,Rot0,0,0,-0.001544053,-0.01500002

0,True,False,0.02,0.2,Rot0,0,0,-0.001544053,-0.01500002

0,True,False,0.02,0.2,Rot0,0,0,-0.001544053,-0.01500002

0,True,False,0.02,0.2,Rot0,0,0,-0.001544053,-0.01500002

0,True,False,0.02,0.2,Rot0,0,0,-0.001544053,-0.01500002

0,True,False,0.02,0.2,Rot0,0,0,-0.001544053,-0.01500002

0,True,False,0.02,0.2,Rot0,0,0,-0.001544053,-0.01500002

0,True,False,0.02,0.2,Rot0,0,0,-0.001544053,-0.01500002

0,True,False,0.02,0.2,Rot0,0,0,-0.001544053,-0.01500002

0,True,False,0.02,0.2,Rot0,0,0,-0.001544053,-0.01500002

0,True,False,0.02,0.2,Rot0,0,0,-0.001544053,-0.01500002

0,True,False,0.02,0.2,Rot0,0,0,-0.001544053,-0.01500002

0,True,False,0.02,0.2,Rot0,0,0,-0.001544053,-0.01500002

0,True,False,0.02,0.2,Rot0,0,0,-0.001544053,-0.01500002

0,True,False,0.02,0.2,Rot0,0,0,-0.001544053,-0.01500002

0,True,False,0.02,0.2,Rot0,0,0,-0.001544053,-0.01500002

0,True,False,0.02,0.2,Rot0,0,0,-0.001544053,-0.01500002

0,True,False,0.02,0.2,Rot0,0,0,-0.001544053,-0.01500002

0,True,False,0.02,0.2,Rot0,0,0,-0.001544053,-0.01500002

0,True,False,0.02,0.2,Rot0,0,0,-0.001544053,-0.01500002

0,True,False,0.02,0.2,Rot0,0,0,-0.001544053,-0.01500002

0,True,False,0.02,0.2,Rot0,0,0,-0.001544053,-0.01500002

0,True,False,0.02,0.2,Rot0,0,0,-0.001544053,-0.01500002

0,True,False,0.02,0.2,Rot0,0,0,-0.001544053,-0.01500002

0,True,False,0.02,0.2,Rot0,0,0,-0.001544053,-0.01500002

0,True,False,0.02,0.2,Rot0,0,0,-0.001544053,-0.01500002

0,True,False,0.02,0.2,Rot0,0,0,-0.001544053,-0.01500002

0,True,False,0.02,0.2,Rot0,0,0,-0.001544053,-0.01500002

0,True,False,0.02,0.2,Rot0,0,0,-0.001544053,-0.01500002

0,True,False,0.02,0.2,Rot0,0,0,-0.001544053,-0.01500002

0,True,False,0.02,0.2,Rot0,0,0,-0.001544053,-0.01500002

0,True,False,0.02,0.2,Rot0,0,0,-0.001544053,-0.01500002

0,True,False,0.02,0.2,Rot0,0,0,-0.001544053,-0.01500002

0,True,False,0.02,0.2,Rot0,0,0,-0.001544053,-0.01500002

0,True,False,0.02,0.2,Rot0,0,0,-0.001544053,-0.01500002

0,True,False,0.02,0.2,Rot0,0,0,-0.001544053,-0.01500002

0,True,False,0.02,0.2,Rot0,0,0,-0.001544053,-0.01500002

0,True,False,0.02,0.2,Rot0,0,0,-0.001544053,-0.01500002

0,True,False,0.02,0.2,Rot0,0,0,-0.001544053,-0.01500002

0,True,False,0.02,0.2,Rot0,0,0,-0.001544053,-0.01500002

0,True,False,0.02,0.2,Rot0,0,0,-0.001544053,-0.01500002

0,True,False,0.02,0.2,Rot0,0,0,-0.001544053,-0.01500002

0,True,False,0.02,0.2,Rot0,0,0,-0.001544053,-0.01500002

0,True,False,0.02,0.2,Rot0,0,0,-0.001544053,-0.01500002

0,True,False,0.02,0.2,Rot0,0,0,-0.001544053,-0.01500002

0,True,False,0.02,0.2,Rot0,0,0,-0.001544053,-0.01500002

0,True,False,0.02,0.2,Rot0,0,0,-0.001544053,-0.01500002

0,True,False,0.02,0.2,Rot0,0,0,-0.001544053,-0.01500002

0,True,False,0.02,0.2,Rot0,0,0,-0.001544053,-0.01500002

0,True,False,0.02,0.2,Rot0,0,0,-0.001544053,-0.01500002

0,True,False,0.02,0.2,Rot0,0,0,-0.001544053,-0.01500002

0,True,False,0.02,0.2,Rot0,0,0,-0.001544053,-0.01500002

0,True,False,0.02,0.2,Rot0,0,0,-0.001544053,-0.01500002

0,True,False,0.02,0.2,Rot0,0,0,-0.001544053,-0.01500002

0,True,False,0.02,0.2,Rot0,0,0,-0.001544053,-0.01500002

0,True,False,0.02,0.2,Rot0,0,0,-0.001544053,-0.01500002

0,True,False,0.02,0.2,Rot0,0,0,-0.001544053,-0.01500002

0,True,False,0.02,0.2,Rot0,0,0,-0.001544053,-0.01500002

0,True,False,0.02,0.2,Rot0,0,0,-0.001544053,-0.01500002

0,True,False,0.02,0.2,Rot0,0,0,-0.001544053,-0.01500002

0,True,False,0.02,0.2,Rot0,0,0,-0.001544053,-0.01500002

0,True,False,0.02,0.2,Rot0,0,0,-0.001544053,-0.01500002

0,True,False,0.02,0.2,Rot0,0,0,-0.001544053,-0.01500002

0,True,False,0.02,0.2,Rot0,0,0,-0.001544053,-0.01500002

0,True,False,0.02,0.2,Rot0,0,0,-0.001544053,-0.01500002

0,True,False,0.02,0.2,Rot0,0,0,-0.001544053,-0.01500002

0,True,False,0.02,0.2,Rot0,0,0,-0.001544053,-0.01500002

0,True,False,0.02,0.2,Rot0,0,0,-0.001544053,-0.01500002

0,True,False,0.02,0.2,Rot0,0,0,-0.001544053,-0.01500002

0,True,False,0.02,0.2,Rot0,0,0,-0.001544053,-0.01500002

0,True,False,0.02,0.2,Rot0,0,0,-0.001544053,-0.01500002

0,True,False,0.02,0.2,Rot0,0,0,-0.001544053,-0.01500002

0,True,False,0.02,0.2,Rot0,0,0,-0.001544053,-0.01500002

0,True,False,0.02,0.2,Rot0,0,0,-0.001544053,-0.01500002

0,True,False,0.02,0.2,Rot0,0,0,-0.001544053,-0.01500002

0,True,False,0.02,0.2,Rot0,0,0,-0.001544053,-0.01500002

0,True,False,0.02,0.2,Rot0,0,0,-0.001544053,-0.01500002

0,True,False,0.02,0.2,Rot0,0,0,-0.001544053,-0.01500002

0,True,False,0.02,0.2,Rot0,0,0,-0.001544053,-0.01500002

0,True,False,0.02,0.2,Rot0,0,0,-0.001544053,-0.01500002

0,True,False,0.02,0.2,Rot0,0,0,-0.001544053,-0.01500002

0,True,False,0.02,0.2,Rot0,0,0,-0.001544053,-0.01500002

0,True,False,0.02,0.2,Rot0,0,0,-0.001544053,-0.01500002

0,True,False,0.02,0.2,Rot0,0,0,-0.001544053,-0.01500002

0,True,False,0.02,0.2,Rot0,0,0,-0.001544053,-0.01500002

0,True,False,0.02,0.2,Rot0,0,0,-0.001544053,-0.01500002

0,True,False,0.02,0.2,Rot0,0,0,-0.001544053,-0.01500002

0,True,False,0.02,0.2,Rot0,0,0,-0.001544053,-0.01500002

0,True,False,0.02,0.2,Rot0,0,0,-0.001544053,-0.01500002

0,True,False,0.02,0.2,Rot0,0,0,-0.001544053,-0.01500002

0,True,False,0.02,0.2,Rot0,0,0,-0.001544053,-0.01500002

0,True,False,0.02,0.2,Rot0,0,0,-0.001544053,-0.01500002

0,True,False,0.02,0.2,Rot0,0,0,-0.001544053,-0.01500002

0,True,False,0.02,0.2,Rot0,0,0,-0.001544053,-0.01500002

0,True,False,0.02,0.2,Rot0,0,0,-0.001544053,-0.01500002

0,True,False,0.02,0.2,Rot0,0,0,-0.001544053,-0.01500002

0,True,False,0.02,0.2,Rot0,0,0,-0.001544053,-0.01500002

0,True,False,0.02,0.2,Rot0,0,0,-0.001544053,-0.01500002

0,True,False,0.02,0.2,Rot0,0,0,-0.001544053,-0.01500002

0,True,False,0.02,0.2,Rot0,0,0,-0.001544053,-0.01500002

0,True,False,0.02,0.2,Rot0,0,0,-0.001544053,-0.01500002

0,True,False,0.02,0.2,Rot0,0,0,-0.001544053,-0.01500002

0,True,False,0.02,0.2,Rot0,0,0,-0.001544053,-0.01500002

0,True,False,0.02,0.2,Rot0,0,0,-0.001544053,-0.01500002

0,True,False,0.02,0.2,Rot0,0,0,-0.001544053,-0.01500002

0,True,False,0.02,0.2,Rot0,0,0,-0.001544053,-0.01500002

0,True,False,0.02,0.2,Rot0,0,0,-0.001544053,-0.01500002

0,True,False,0.02,0.2,Rot0,0,0,-0.001544053,-0.01500002

0,True,False,0.02,0.2,Rot0,0,0,-0.001544053,-0.01500002

0,True,False,0.02,0.2,Rot0,0,0,-0.001544053,-0.01500002

0,True,False,0.02,0.2,Rot0,0,0,-0.001544053,-0.01500002

0,True,False,0.02,0.2,Rot0,0,0,-0.001544053,-0.01500002

0,True,False,0.02,0.2,Rot0,0,0,-0.001544053,-0.01500002

0,True,False,0.02,0.2,Rot0,0,0,-0.001544053,-0.01500002

0,True,False,0.02,0.2,Rot0,0,0,-0.001544053,-0.01500002

0,True,False,0.02,0.2,Rot0,0,0,-0.001544053,-0.01500002

0,True,False,0.02,0.2,Rot0,0,0,-0.001544053,-0.01500002

0,True,False,0.02,0.2,Rot0,0,0,-0.001544053,-0.01500002

0,True,False,0.02,0.2,Rot0,0,0,-0.001544053,-0.01500002

0,True,False,0.02,0.2,Rot0,0,0,-0.001544053,-0.01500002

0,True,False,0.02,0.2,Rot0,0,0,-0.001544053,-0.01500002

0,True,False,0.02,0.2,Rot0,0,0,-0.001544053,-0.01500002

0,True,False,0.02,0.2,Rot0,0,0,-0.001544053,-0.01500002

0,True,False,0.02,0.2,Rot0,0,0,-0.001544053,-0.01500002

0,True,False,0.02,0.2,Rot0,0,0,-0.001544053,-0.01500002

0,True,False,0.02,0.2,Rot0,0,0,-0.001544053,-0.01500002

0,True,False,0.02,0.2,Rot0,0,0,-0.001544053,-0.01500002

0,True,False,0.02,0.2,Rot0,0,0,-0.001544053,-0.01500002

0,True,False,0.02,0.2,Rot0,0,0,-0.001544053,-0.01500002

0,True,False,0.02,0.2,Rot0,0,0,-0.001544053,-0.01500002

0,True,False,0.02,0.2,Rot0,0,0,-0.001544053,-0.01500002

0,True,False,0.02,0.2,Rot0,0,0,-0.001544053,-0.01500002

0,True,False,0.02,0.2,Rot0,0,0,-0.001544053,-0.01500002

0,True,False,0.02,0.2,Rot0,0,0,-0.001544053,-0.01500002

0,True,False,0.02,0.2,Rot0,0,0,-0.001544053,-0.01500002

0,True,False,0.02,0.2,Rot0,0,0,-0.001544053,-0.01500002

0,True,False,0.02,0.2,Rot0,0,0,-0.001544053,-0.01500002

0,True,False,0.02,0.2,Rot0,0,0,-0.001544053,-0.01500002

0,True,False,0.02,0.2,Rot0,0,0,-0.001544053,-0.01500002

0,True,False,0.02,0.2,Rot0,0,0,-0.001544053,-0.01500002

0,True,False,0.02,0.2,Rot0,0,0,-0.001544053,-0.01500002

0,True,False,0.02,0.2,Rot0,0,0,-0.001544053,-0.01500002

0,True,False,0.02,0.2,Rot0,0,0,-0.001544053,-0.01500002

0,True,False,0.02,0.2,Rot0,0,0,-0.001544053,-0.01500002

0,True,False,0.02,0.2,Rot0,0,0,-0.001544053,-0.01500002

0,True,False,0.02,0.2,Rot0,0,0,-0.001544053,-0.01500002

0,True,False,0.02,0.2,Rot0,0,0,-0.001544053,-0.01500002

0,True,False,0.02,0.2,Rot0,0,0,-0.001544053,-0.01500002

0,True,False,0.02,0.2,Rot0,0,0,-0.001544053,-0.01500002

0,True,False,0.02,0.2,Rot0,0,0,-0.001544053,-0.01500002

0,True,False,0.02,0.2,Rot0,0,0,-0.001544053,-0.01500002

0,True,False,0.02,0.2,Rot0,0,0,-0.001544053,-0.01500002

0,True,False,0.02,0.2,Rot0,0,0,-0.001544053,-0.01500002

0,True,False,0.02,0.2,Rot0,0,0,-0.001544053,-0.01500002

0,True,False,0.02,0.2,Rot0,0,0,-0.001544053,-0.01500002

0,True,False,0.02,0.2,Rot0,0,0,-0.001544053,-0.01500002

0,True,False,0.02,0.2,Rot0,0,0,-0.001544053,-0.01500002

0,True,False,0.02,0.2,Rot0,0,0,-0.001544053,-0.01500002

0,True,False,0.02,0.2,Rot0,0,0,-0.001544053,-0.01500002

0,True,False,0.02,0.2,Rot0,0,0,-0.001544053,-0.01500002

0,True,False,0.02,0.2,Rot0,0,0,-0.001544053,-0.01500002

0,True,False,0.02,0.2,Rot0,0,0,-0.001544053,-0.01500002

0,True,False,0.02,0.2,Rot0,0,0,-0.001544053,-0.01500002

0,True,False,0.02,0.2,Rot0,0,0,-0.001544053,-0.01500002

0,True,False,0.02,0.2,Rot0,0,0,-0.001544053,-0.01500002

0,True,False,0.02,0.2,Rot0,0,0,-0.001544053,-0.01500002

0,True,False,0.02,0.2,Rot0,0,0,-0.001544053,-0.01500002

0,True,False,0.02,0.2,Rot0,0,0,-0.001544053,-0.01500002

0,True,False,0.02,0.2,Rot0,0,0,-0.001544053,-0.01500002

0,True,False,0.02,0.2,Rot0,0,0,-0.001544053,-0.01500002

0,True,False,0.02,0.2,Rot0,0,0,-0.001544053,-0.01500002

0,True,False,0.02,0.2,Rot0,0,0,-0.001544053,-0.01500002

0,True,False,0.02,0.2,Rot0,0,0,-0.001544053,-0.01500002

0,True,False,0.02,0.2,Rot0,0,0,-0.001544053,-0.01500002

0,True,False,0.02,0.2,Rot0,0,0,-0.001544053,-0.01500002

0,True,False,0.02,0.2,Rot0,0,0,-0.001544053,-0.01500002

0,True,False,0.02,0.2,Rot0,0,0,-0.001544053,-0.01500002

0,True,False,0.02,0.2,Rot0,0,0,-0.001544053,-0.01500002

0,True,False,0.02,0.2,Rot0,0,0,-0.001544053,-0.01500002

0,True,False,0.02,0.2,Rot0,0,0,-0.001544053,-0.01500002

0,True,False,0.02,0.2,Rot0,0,0,-0.001544044,-0.01499996

0,True,False,0.02,0.2,Rot0,0,0,-0.001549683,-0.01500002

0,True,False,0.02,0.2,Rot0,0,0,-0.001650059,-0.01500002

0,True,False,0.02,0.2,Rot0,0,0,-0.001787155,-0.01500002

0,True,False,0.02,0.2,Rot0,0,0,-0.001766198,-0.01500002

0,True,False,0.02,0.2,Rot0,0,0,-0.001802653,-0.01500002

0,True,False,0.02,0.2,Rot0,0,0,-0.001890695,-0.01500002

0,True,False,0.02,0.2,Rot0,0,0,-0.002195581,-0.01500002

0,True,False,0.02,0.2,Rot0,0,0,-0.002528397,-0.01500002

0,True,False,0.02,0.2,Rot0,0,0,-0.002493735,-0.01500002

0,True,False,0.02,0.2,Rot0,0,0,-0.002711275,-0.01500002

0,True,False,0.02,0.2,Rot0,0,0,-0.003471056,-0.01500002

0,True,False,0.02,0.2,Rot0,0,0,-0.003934568,-0.01500002

0,True,False,0.02,0.2,Rot0,0,0,-0.004305455,-0.01489282

0,True,False,0.02,0.2,Rot0,0,0,-0.004618419,-0.01409236

0,True,False,0.02,0.2,Rot0,0,0,-0.005099901,-0.01321149

0,True,False,0.02,0.2,Rot0,0,0,-0.005573867,-0.01230246

0,True,False,0.02,0.2,Rot0,0,0,-0.00602191,-0.01180858

0,True,False,0.02,0.2,Rot0,0,0,-0.006441391,-0.0113554

0,True,False,0.02,0.2,Rot0,0,0,-0.006818587,-0.01097533

0,True,False,0.02,0.2,Rot0,0,0,-0.007237653,-0.01068914

0,True,False,0.02,0.2,Rot0,0,0,-0.007657389,-0.01047811

0,True,False,0.02,0.2,Rot0,0,0,-0.008078254,-0.01026994

0,True,False,0.02,0.2,Rot0,0,0,-0.00861931,-0.009986938

0,True,False,0.02,0.2,Rot0,0,0,-0.00922206,-0.009666682

0,True,False,0.02,0.2,Rot0,0,0,-0.009947929,-0.009290367

0,True,False,0.02,0.2,Rot0,0,0,-0.0112163,-0.008627832

0,True,False,0.02,0.2,Rot0,0,0,-0.0123571,-0.008091182

0,True,False,0.02,0.2,Rot0,0,0,-0.01393609,-0.007065386

0,True,False,0.02,0.2,Rot0,0,0,-0.015,-0.006220966

0,True,False,0.02,0.2,Rot0,0,0,-0.015,-0.005568265

0,True,False,0.02,0.2,Rot0,0,0,-0.015,-0.004807382

0,True,False,0.02,0.2,Rot0,0,0,-0.015,-0.003882646

0,True,False,0.02,0.2,Rot0,0,0,-0.015,-0.003234892

0,True,False,0.02,0.2,Rot0,0,0,-0.015,-0.003232657

0,True,False,0.02,0.2,Rot0,0,0,-0.015,-0.002671122

0,True,False,0.02,0.2,Rot0,0,0,-0.015,-0.002213119

0,True,False,0.02,0.2,Rot0,0,0,-0.015,-0.001935124

0,True,False,0.02,0.2,Rot0,0,0,-0.015,-0.001615017

0,True,False,0.02,0.2,Rot0,0,0,-0.015,-0.001306801

0,True,False,0.02,0.2,Rot0,0,0,-0.015,-0.001107394

0,True,False,0.02,0.2,Rot0,0,0,-0.015,-0.0008892404

0,True,False,0.02,0.2,Rot0,0,0,-0.015,-0.0007800153

0,True,False,0.02,0.2,Rot0,0,0,-0.015,-0.0006704917

0,True,False,0.02,0.2,Rot0,0,0,-0.015,-0.0005635908

0,True,False,0.02,0.2,Rot0,0,0,-0.015,-0.0001866507

0,True,False,0.02,0.2,Rot0,0,0,-0.015,6.625203E-05

0,True,False,0.02,0.2,Rot0,0,0,-0.015,0.0003407309

0,True,False,0.02,0.2,Rot0,0,0,-0.015,0.0007396947

0,True,False,0.02,0.2,Rot0,0,0,-0.015,0.001167686

0,True,False,0.02,0.2,Rot0,0,0,-0.015,0.00142494

0,True,False,0.02,0.2,Rot0,0,0,-0.015,0.00142494

0,True,False,0.02,0.2,Rot0,0,0,-0.015,0.00142494

0,True,False,0.02,0.2,Rot0,0,0,-0.015,0.00142494

0,True,False,0.02,0.2,Rot0,0,0,-0.015,0.00142494

0,True,False,0.02,0.2,Rot0,0,0,-0.015,0.00142494

0,True,False,0.02,0.2,Rot0,0,0,-0.015,0.00142494

0,True,False,0.02,0.2,Rot0,0,0,-0.015,0.00142494

0,True,False,0.02,0.2,Rot0,0,0,-0.015,0.00142494

0,True,False,0.02,0.2,Rot0,0,0,-0.015,0.00142494

0,True,False,0.02,0.2,Rot0,0,0,-0.015,0.00142494

0,True,False,0.02,0.2,Rot0,0,0,-0.015,0.00142494

0,True,False,0.02,0.2,Rot0,0,0,-0.015,0.00142494

0,True,False,0.02,0.2,Rot0,0,0,-0.015,0.00142494

0,True,False,0.02,0.2,Rot0,0,0,-0.015,0.00142494

0,True,False,0.02,0.2,Rot0,0,0,-0.015,0.00142494

0,True,False,0.02,0.2,Rot0,0,0,-0.015,0.00142494

0,True,False,0.02,0.2,Rot0,0,0,-0.015,0.00142494

0,True,False,0.02,0.2,Rot0,0,0,-0.015,0.00142494

0,True,False,0.02,0.2,Rot0,0,0,-0.015,0.00142494

0,True,False,0.02,0.2,Rot0,0,0,-0.015,0.00142494

0,True,False,0.02,0.2,Rot0,0,0,-0.015,0.00142494

0,True,False,0.02,0.2,Rot0,0,0,-0.015,0.00142494

0,True,False,0.02,0.2,Rot0,0,0,-0.015,0.00142494

0,True,False,0.02,0.2,Rot0,0,0,-0.015,0.00142494

0,True,False,0.02,0.2,Rot0,0,0,-0.015,0.00142494

0,True,False,0.02,0.2,Rot0,0,0,-0.015,0.00142494

0,True,False,0.02,0.2,Rot0,0,0,-0.015,0.00142494

0,True,False,0.02,0.2,Rot0,0,0,-0.015,0.00142494

0,True,False,0.02,0.2,Rot0,0,0,-0.015,0.00142494

0,True,False,0.02,0.2,Rot0,0,0,-0.015,0.00142494

0,True,False,0.02,0.2,Rot0,0,0,-0.015,0.00142494

0,True,False,0.02,0.2,Rot0,0,0,-0.015,0.00142494

0,True,False,0.02,0.2,Rot0,0,0,-0.015,0.00142494

0,True,False,0.02,0.2,Rot0,0,0,-0.015,0.00142494

0,True,False,0.02,0.2,Rot0,0,0,-0.015,0.00142494

0,True,False,0.02,0.2,Rot0,0,0,-0.015,0.00142494

0,True,False,0.02,0.2,Rot0,0,0,-0.015,0.00142494

0,True,False,0.02,0.2,Rot0,0,0,-0.015,0.00142494

0,True,False,0.02,0.2,Rot0,0,0,-0.015,0.00142494

0,True,False,0.02,0.2,Rot0,0,0,-0.015,0.00142494

0,True,False,0.02,0.2,Rot0,0,0,-0.015,0.00142494

0,True,False,0.02,0.2,Rot0,0,0,-0.015,0.00142494

0,True,False,0.02,0.2,Rot0,0,0,-0.015,0.00142494

0,True,False,0.02,0.2,Rot0,0,0,-0.015,0.00142494

0,True,False,0.02,0.2,Rot0,0,0,-0.015,0.00142494

0,True,False,0.02,0.2,Rot0,0,0,-0.015,0.00142494

0,True,False,0.02,0.2,Rot0,0,0,-0.015,0.00142494

0,True,False,0.02,0.2,Rot0,0,0,-0.015,0.00142494

0,True,False,0.02,0.2,Rot0,0,0,-0.015,0.00142494

0,True,False,0.02,0.2,Rot0,0,0,-0.015,0.00142494

0,True,False,0.02,0.2,Rot0,0,0,-0.015,0.00142494

0,True,False,0.02,0.2,Rot0,0,0,-0.015,0.00142494

0,True,False,0.02,0.2,Rot0,0,0,-0.015,0.00142494

0,True,False,0.02,0.2,Rot0,0,0,-0.015,0.00142494

0,True,False,0.02,0.2,Rot0,0,0,-0.015,0.00142494

0,True,False,0.02,0.2,Rot0,0,0,-0.015,0.00142494

0,True,False,0.02,0.2,Rot0,0,0,-0.015,0.00142494

0,True,False,0.02,0.2,Rot0,0,0,-0.015,0.00142494

0,True,False,0.02,0.2,Rot0,0,0,-0.015,0.00142494

0,True,False,0.02,0.2,Rot0,0,0,-0.015,0.00142494

0,True,False,0.02,0.2,Rot0,0,0,-0.015,0.00142494

0,True,False,0.02,0.2,Rot0,0,0,-0.015,0.00142494

0,True,False,0.02,0.2,Rot0,0,0,-0.015,0.00142494

0,True,False,0.02,0.2,Rot0,0,0,-0.015,0.00142494

0,True,False,0.02,0.2,Rot0,0,0,-0.015,0.00142494

0,True,False,0.02,0.2,Rot0,0,0,-0.015,0.00142494

0,True,False,0.02,0.2,Rot0,0,0,-0.015,0.00142494

0,True,False,0.02,0.2,Rot0,0,0,-0.015,0.00142494

0,True,False,0.02,0.2,Rot0,0,0,-0.015,0.00142494

0,True,False,0.02,0.2,Rot0,0,0,-0.015,0.00142494

0,True,False,0.02,0.2,Rot0,0,0,-0.015,0.00142494

0,True,False,0.02,0.2,Rot0,0,0,-0.015,0.00142494

0,True,False,0.02,0.2,Rot0,0,0,-0.015,0.00142494

0,True,False,0.02,0.2,Rot0,0,0,-0.015,0.00142494

0,True,False,0.02,0.2,Rot0,0,0,-0.015,0.00142494

0,True,False,0.02,0.2,Rot0,0,0,-0.015,0.00142494

0,True,False,0.02,0.2,Rot0,0,0,-0.015,0.00142494

0,True,False,0.02,0.2,Rot0,0,0,-0.015,0.00142494

0,True,False,0.02,0.2,Rot0,0,0,-0.015,0.00142494

0,True,False,0.02,0.2,Rot0,0,0,-0.015,0.00142494

0,True,False,0.02,0.2,Rot0,0,0,-0.015,0.00142494

0,True,False,0.02,0.2,Rot0,0,0,-0.015,0.00142494

0,True,False,0.02,0.2,Rot0,0,0,-0.015,0.00142494

0,True,False,0.02,0.2,Rot0,0,0,-0.015,0.00142494

0,True,False,0.02,0.2,Rot0,0,0,-0.015,0.00142494

0,True,False,0.02,0.2,Rot0,0,0,-0.015,0.00142494

0,True,False,0.02,0.2,Rot0,0,0,-0.015,0.00142494

0,True,False,0.02,0.2,Rot0,0,0,-0.015,0.00142494

0,True,False,0.02,0.2,Rot0,0,0,-0.015,0.00142494

0,True,False,0.02,0.2,Rot0,0,0,-0.015,0.00142494

0,True,False,0.02,0.2,Rot0,0,0,-0.015,0.00142494

0,True,False,0.02,0.2,Rot0,0,0,-0.015,0.00142494

0,True,False,0.02,0.2,Rot0,0,0,-0.015,0.00142494

0,True,False,0.02,0.2,Rot0,0,0,-0.015,0.00142494

0,True,False,0.02,0.2,Rot0,0,0,-0.015,0.00142494

0,True,False,0.02,0.2,Rot0,0,0,-0.015,0.00142494

0,True,False,0.02,0.2,Rot0,0,0,-0.015,0.00142494

0,True,False,0.02,0.2,Rot0,0,0,-0.015,0.00142494

0,True,False,0.02,0.2,Rot0,0,0,-0.015,0.00142494

0,True,False,0.02,0.2,Rot0,0,0,-0.015,0.00142494

0,True,False,0.02,0.2,Rot0,0,0,-0.015,0.00142494

0,True,False,0.02,0.2,Rot0,0,0,-0.015,0.00142494

0,True,False,0.02,0.2,Rot0,0,0,-0.015,0.00142494

0,True,False,0.02,0.2,Rot0,0,0,-0.015,0.00142494

0,True,False,0.02,0.2,Rot0,0,0,-0.015,0.00142494

0,True,False,0.02,0.2,Rot0,0,0,-0.015,0.00142494

0,True,False,0.02,0.2,Rot0,0,0,-0.015,0.00142494

0,True,False,0.02,0.2,Rot0,0,0,-0.015,0.00142494

0,True,False,0.02,0.2,Rot0,0,0,-0.015,0.00142494

0,True,False,0.02,0.2,Rot0,0,0,-0.015,0.00142494

0,True,False,0.02,0.2,Rot0,0,0,-0.015,0.00142494

0,True,False,0.02,0.2,Rot0,0,0,-0.015,0.00142494

0,True,False,0.02,0.2,Rot0,0,0,-0.015,0.00142494

0,True,False,0.02,0.2,Rot0,0,0,-0.015,0.00142494

0,True,False,0.02,0.2,Rot0,0,0,-0.015,0.00142494

0,True,False,0.02,0.2,Rot0,0,0,-0.015,0.00142494

0,True,False,0.02,0.2,Rot0,0,0,-0.015,0.00142494

0,True,False,0.02,0.2,Rot0,0,0,-0.015,0.00142494

0,True,False,0.02,0.2,Rot0,0,0,-0.015,0.00142494

0,True,False,0.02,0.2,Rot0,0,0,-0.015,0.00142494

0,True,False,0.02,0.2,Rot0,0,0,-0.015,0.00142494

0,True,False,0.02,0.2,Rot0,0,0,-0.015,0.00142494

0,True,False,0.02,0.2,Rot0,0,0,-0.015,0.00142494

0,True,False,0.02,0.2,Rot0,0,0,-0.015,0.00142494

0,True,False,0.02,0.2,Rot0,0,0,-0.015,0.00142494

0,True,False,0.02,0.2,Rot0,0,0,-0.015,0.00142494

0,True,False,0.02,0.2,Rot0,0,0,-0.015,0.00142494

0,True,False,0.02,0.2,Rot0,0,0,-0.015,0.00142494

0,True,False,0.02,0.2,Rot0,0,0,-0.015,0.00142494

0,True,False,0.02,0.2,Rot0,0,0,-0.015,0.00142494

0,True,False,0.02,0.2,Rot0,0,0,-0.015,0.00142494

0,True,False,0.02,0.2,Rot0,0,0,-0.015,0.00142494

0,True,False,0.02,0.2,Rot0,0,0,-0.015,0.00142494

0,True,False,0.02,0.2,Rot0,0,0,-0.015,0.00142494

0,True,False,0.02,0.2,Rot0,0,0,-0.015,0.00142494

0,True,False,0.02,0.2,Rot0,0,0,-0.015,0.00142494

0,True,False,0.02,0.2,Rot0,0,0,-0.015,0.00142494

0,True,False,0.02,0.2,Rot0,0,0,-0.015,0.00142494

0,True,False,0.02,0.2,Rot0,0,0,-0.015,0.00142494

0,True,False,0.02,0.2,Rot0,0,0,-0.015,0.00142494

0,True,False,0.02,0.2,Rot0,0,0,-0.015,0.00142494

0,True,False,0.02,0.2,Rot0,0,0,-0.015,0.00142494

0,True,False,0.02,0.2,Rot0,0,0,-0.015,0.00142494

0,True,False,0.02,0.2,Rot0,0,0,-0.015,0.00142494

0,True,False,0.02,0.2,Rot0,0,0,-0.015,0.00142494

0,True,False,0.02,0.2,Rot0,0,0,-0.015,0.00142494

0,True,False,0.02,0.2,Rot0,0,0,-0.015,0.00142494

0,True,False,0.02,0.2,Rot0,0,0,-0.015,0.00142494

0,True,False,0.02,0.2,Rot0,0,0,-0.015,0.00142494

0,True,False,0.02,0.2,Rot0,0,0,-0.015,0.00142494

0,True,False,0.02,0.2,Rot0,0,0,-0.015,0.00142494

0,True,False,0.02,0.2,Rot0,0,0,-0.015,0.00142494

0,True,False,0.02,0.2,Rot0,0,0,-0.015,0.00142494

0,True,False,0.02,0.2,Rot0,0,0,-0.015,0.00142494

0,True,False,0.02,0.2,Rot0,0,0,-0.015,0.00142494

0,True,False,0.02,0.2,Rot0,0,0,-0.015,0.00142494

0,True,False,0.02,0.2,Rot0,0,0,-0.015,0.00142494

0,True,False,0.02,0.2,Rot0,0,0,-0.015,0.00142494

0,True,False,0.02,0.2,Rot0,0,0,-0.015,0.00142494

0,True,False,0.02,0.2,Rot0,0,0,-0.015,0.00142494

0,True,False,0.02,0.2,Rot0,0,0,-0.015,0.00142494

0,True,False,0.02,0.2,Rot0,0,0,-0.015,0.00142494

0,True,False,0.02,0.2,Rot0,0,0,-0.015,0.00142494

0,True,False,0.02,0.2,Rot0,0,0,-0.015,0.00142494

0,True,False,0.02,0.2,Rot0,0,0,-0.015,0.00142494

0,True,False,0.02,0.2,Rot0,0,0,-0.015,0.00142494

0,True,False,0.02,0.2,Rot0,0,0,-0.015,0.00142494

0,True,False,0.02,0.2,Rot0,0,0,-0.015,0.00142494

0,True,False,0.02,0.2,Rot0,0,0,-0.015,0.00142494

0,True,False,0.02,0.2,Rot0,0,0,-0.015,0.00142494

0,True,False,0.02,0.2,Rot0,0,0,-0.015,0.00142494

0,True,False,0.02,0.2,Rot0,0,0,-0.015,0.00142494

0,True,False,0.02,0.2,Rot0,0,0,-0.015,0.00142494

0,True,False,0.02,0.2,Rot0,0,0,-0.015,0.00142494

0,True,False,0.02,0.2,Rot0,0,0,-0.015,0.00142494

0,True,False,0.02,0.2,Rot0,0,0,-0.015,0.00142494

0,True,False,0.02,0.2,Rot0,0,0,-0.015,0.00142494

0,True,False,0.02,0.2,Rot0,0,0,-0.015,0.00142494

0,True,False,0.02,0.2,Rot0,0,0,-0.015,0.00142494

0,True,False,0.02,0.2,Rot0,0,0,-0.015,0.00142494

0,True,False,0.02,0.2,Rot0,0,0,-0.015,0.00142494

0,True,False,0.02,0.2,Rot0,0,0,-0.015,0.00142494

0,True,False,0.02,0.2,Rot0,0,0,-0.015,0.00142494

0,True,False,0.02,0.2,Rot0,0,0,-0.015,0.00142494

0,True,False,0.02,0.2,Rot0,0,0,-0.015,0.00142494

0,True,False,0.02,0.2,Rot0,0,0,-0.015,0.00142494

0,True,False,0.02,0.2,Rot0,0,0,-0.015,0.00142494

0,True,False,0.02,0.2,Rot0,0,0,-0.015,0.00142494

0,True,False,0.02,0.2,Rot0,0,0,-0.015,0.00142494

0,True,False,0.02,0.2,Rot0,0,0,-0.015,0.00142494

0,True,False,0.02,0.2,Rot0,0,0,-0.015,0.00142494

0,True,False,0.02,0.2,Rot0,0,0,-0.015,0.00142494

0,True,False,0.02,0.2,Rot0,0,0,-0.015,0.00142494

0,True,False,0.02,0.2,Rot0,0,0,-0.015,0.00142494

0,True,False,0.02,0.2,Rot0,0,0,-0.015,0.00142494

0,True,False,0.02,0.2,Rot0,0,0,-0.015,0.00142494

0,True,False,0.02,0.2,Rot0,0,0,-0.015,0.00142494

0,True,False,0.02,0.2,Rot0,0,0,-0.015,0.00142494

0,True,False,0.02,0.2,Rot0,0,0,-0.015,0.00142494

0,True,False,0.02,0.2,Rot0,0,0,-0.015,0.00142494

0,True,False,0.02,0.2,Rot0,0,0,-0.015,0.00142494

0,True,False,0.02,0.2,Rot0,0,0,-0.015,0.00142494

0,True,False,0.02,0.2,Rot0,0,0,-0.015,0.00142494

0,True,False,0.02,0.2,Rot0,0,0,-0.015,0.00142494

0,True,False,0.02,0.2,Rot0,0,0,-0.015,0.00142494

0,True,False,0.02,0.2,Rot0,0,0,-0.015,0.00142494

0,True,False,0.02,0.2,Rot0,0,0,-0.015,0.00142494

0,True,False,0.02,0.2,Rot0,0,0,-0.015,0.00142494

0,True,False,0.02,0.2,Rot0,0,0,-0.015,0.00142494

0,True,False,0.02,0.2,Rot0,0,0,-0.015,0.00142494

0,True,False,0.02,0.2,Rot0,0,0,-0.015,0.00142494

0,True,False,0.02,0.2,Rot0,0,0,-0.015,0.00142494

0,True,False,0.02,0.2,Rot0,0,0,-0.015,0.00142494

0,True,False,0.02,0.2,Rot0,0,0,-0.015,0.00142494

0,True,False,0.02,0.2,Rot0,0,0,-0.015,0.00142494

0,True,False,0.02,0.2,Rot0,0,0,-0.015,0.00142494

0,True,False,0.02,0.2,Rot0,0,0,-0.015,0.00142494

0,True,False,0.02,0.2,Rot0,0,0,-0.015,0.00142494

0,True,False,0.02,0.2,Rot0,0,0,-0.015,0.00142494

0,True,False,0.02,0.2,Rot0,0,0,-0.015,0.00142494

0,True,False,0.02,0.2,Rot0,0,0,-0.015,0.00142494

0,True,False,0.02,0.2,Rot0,0,0,-0.015,0.00142494

0,True,False,0.02,0.2,Rot0,0,0,-0.015,0.00142494

0,True,False,0.02,0.2,Rot0,0,0,-0.015,0.00142494

0,True,False,0.02,0.2,Rot0,0,0,-0.015,0.00142494

0,True,False,0.02,0.2,Rot0,0,0,-0.015,0.00142494

0,True,False,0.02,0.2,Rot0,0,0,-0.015,0.00142494

0,True,False,0.02,0.2,Rot0,0,0,-0.015,0.00142494

0,True,False,0.02,0.2,Rot0,0,0,-0.015,0.00142494

0,True,False,0.02,0.2,Rot0,0,0,-0.015,0.00142494

0,True,False,0.02,0.2,Rot0,0,0,-0.015,0.00142494

0,True,False,0.02,0.2,Rot0,0,0,-0.015,0.00142494

0,True,False,0.02,0.2,Rot0,0,0,-0.015,0.00142494

0,True,False,0.02,0.2,Rot0,0,0,-0.015,0.00142494

0,True,False,0.02,0.2,Rot0,0,0,-0.015,0.00142494

0,True,False,0.02,0.2,Rot0,0,0,-0.015,0.00142494

0,True,False,0.02,0.2,Rot0,0,0,-0.015,0.00142494

0,True,False,0.02,0.2,Rot0,0,0,-0.015,0.00142494

0,True,False,0.02,0.2,Rot0,0,0,-0.015,0.00142494

0,True,False,0.02,0.2,Rot0,0,0,-0.015,0.00142494

0,True,False,0.02,0.2,Rot0,0,0,-0.015,0.00142494

0,True,False,0.02,0.2,Rot0,0,0,-0.015,0.00142494

0,True,False,0.02,0.2,Rot0,0,0,-0.015,0.00142494

0,True,False,0.02,0.2,Rot0,0,0,-0.015,0.00142494

0,True,False,0.02,0.2,Rot0,0,0,-0.015,0.00142494

0,True,False,0.02,0.2,Rot0,0,0,-0.015,0.00142494

0,True,False,0.02,0.2,Rot0,0,0,-0.015,0.00142494

0,True,False,0.02,0.2,Rot0,0,0,-0.015,0.00142494

0,True,False,0.02,0.2,Rot0,0,0,-0.015,0.00142494

0,True,False,0.02,0.2,Rot0,0,0,-0.015,0.00142494

0,True,False,0.02,0.2,Rot0,0,0,-0.015,0.00142494

0,True,False,0.02,0.2,Rot0,0,0,-0.015,0.00142494

0,True,False,0.02,0.2,Rot0,0,0,-0.015,0.00142494

0,True,False,0.02,0.2,Rot0,0,0,-0.015,0.00142494

0,True,False,0.02,0.2,Rot0,0,0,-0.015,0.00142494

0,True,False,0.02,0.2,Rot0,0,0,-0.015,0.00142494

0,True,False,0.02,0.2,Rot0,0,0,-0.015,0.00142494

0,True,False,0.02,0.2,Rot0,0,0,-0.015,0.00142494

0,True,False,0.02,0.2,Rot0,0,0,-0.015,0.00142494

0,True,False,0.02,0.2,Rot0,0,0,-0.015,0.00142494

0,True,False,0.02,0.2,Rot0,0,0,-0.015,0.00142494

0,True,False,0.02,0.2,Rot0,0,0,-0.015,0.00142494

0,True,False,0.02,0.2,Rot0,0,0,-0.015,0.00142494

0,True,False,0.02,0.2,Rot0,0,0,-0.015,0.00142494

0,True,False,0.02,0.2,Rot0,0,0,-0.015,0.00142494

0,True,False,0.02,0.2,Rot0,0,0,-0.015,0.00142494

0,True,False,0.02,0.2,Rot0,0,0,-0.015,0.00142494

0,True,False,0.02,0.2,Rot0,0,0,-0.015,0.00142494

0,True,False,0.02,0.2,Rot0,0,0,-0.015,0.00142494

0,True,False,0.02,0.2,Rot0,0,0,-0.015,0.00142494

0,True,False,0.02,0.2,Rot0,0,0,-0.015,0.00142494

0,True,False,0.02,0.2,Rot0,0,0,-0.015,0.00142494

0,True,False,0.02,0.2,Rot0,0,0,-0.015,0.00142494

0,True,False,0.02,0.2,Rot0,0,0,-0.015,0.00142494

0,True,False,0.02,0.2,Rot0,0,0,-0.015,0.00142494

0,True,False,0.02,0.2,Rot0,0,0,-0.015,0.00142494

0,True,False,0.02,0.2,Rot0,0,0,-0.015,0.00142494

0,True,False,0.02,0.2,Rot0,0,0,-0.015,0.00142494

0,True,False,0.02,0.2,Rot0,0,0,-0.015,0.00142494

0,True,False,0.02,0.2,Rot0,0,0,-0.015,0.00142494

0,True,False,0.02,0.2,Rot0,0,0,-0.015,0.00142494

0,True,False,0.02,0.2,Rot0,0,0,-0.015,0.00142494

0,True,False,0.02,0.2,Rot0,0,0,-0.015,0.00142494

0,True,False,0.02,0.2,Rot0,0,0,-0.015,0.00142494

0,True,False,0.02,0.2,Rot0,0,0,-0.015,0.00142494

0,True,False,0.02,0.2,Rot0,0,0,-0.015,0.00142494

0,True,False,0.02,0.2,Rot0,0,0,-0.015,0.00142494

0,True,False,0.02,0.2,Rot0,0,0,-0.015,0.00142494

0,True,False,0.02,0.2,Rot0,0,0,-0.015,0.00142494

0,True,False,0.02,0.2,Rot0,0,0,-0.015,0.00142494

0,True,False,0.02,0.2,Rot0,0,0,-0.015,0.00142494

0,True,False,0.02,0.2,Rot0,0,0,-0.015,0.00142494

0,True,False,0.02,0.2,Rot0,0,0,-0.015,0.00142494

0,True,False,0.02,0.2,Rot0,0,0,-0.015,0.00142494

0,True,False,0.02,0.2,Rot0,0,0,-0.015,0.00142494

0,True,False,0.02,0.2,Rot0,0,0,-0.015,0.00142494

0,True,False,0.02,0.2,Rot0,0,0,-0.015,0.00142494

0,True,False,0.02,0.2,Rot0,0,0,-0.015,0.00142494

0,True,False,0.02,0.2,Rot0,0,0,-0.015,0.00142494

0,True,False,0.02,0.2,Rot0,0,0,-0.015,0.00142494

0,True,False,0.02,0.2,Rot0,0,0,-0.015,0.00142494

0,True,False,0.02,0.2,Rot0,0,0,-0.015,0.00142494

0,True,False,0.02,0.2,Rot0,0,0,-0.015,0.00142494

0,True,False,0.02,0.2,Rot0,0,0,-0.015,0.00142494

0,True,False,0.02,0.2,Rot0,0,0,-0.015,0.00142494

0,True,False,0.02,0.2,Rot0,0,0,-0.015,0.00142494

0,True,False,0.02,0.2,Rot0,0,0,-0.015,0.00142494

0,True,False,0.02,0.2,Rot0,0,0,-0.015,0.00142494

0,True,False,0.02,0.2,Rot0,0,0,-0.015,0.00142494

0,True,False,0.02,0.2,Rot0,0,0,-0.015,0.00142494

0,True,False,0.02,0.2,Rot0,0,0,-0.015,0.00142494

0,True,False,0.02,0.2,Rot0,0,0,-0.015,0.00142494

0,True,False,0.02,0.2,Rot0,0,0,-0.015,0.00142494

0,True,False,0.02,0.2,Rot0,0,0,-0.015,0.00142494

0,True,False,0.02,0.2,Rot0,0,0,-0.015,0.00142494

0,True,False,0.02,0.2,Rot0,0,0,-0.015,0.00142494

0,True,False,0.02,0.2,Rot0,0,0,-0.015,0.00142494

0,True,False,0.02,0.2,Rot0,0,0,-0.015,0.00142494

0,True,False,0.02,0.2,Rot0,0,0,-0.015,0.00142494

0,True,False,0.02,0.2,Rot0,0,0,-0.015,0.00142494

0,True,False,0.02,0.2,Rot0,0,0,-0.015,0.00142494

0,True,False,0.02,0.2,Rot0,0,0,-0.015,0.00142494

0,True,False,0.02,0.2,Rot0,0,0,-0.015,0.00142494

0,True,False,0.02,0.2,Rot0,0,0,-0.015,0.00142494

0,True,False,0.02,0.2,Rot0,0,0,-0.015,0.00142494

0,True,False,0.02,0.2,Rot0,0,0,-0.015,0.00142494

0,True,False,0.02,0.2,Rot0,0,0,-0.015,0.00142494

0,True,False,0.02,0.2,Rot0,0,0,-0.015,0.00142494

0,True,False,0.02,0.2,Rot0,0,0,-0.015,0.00142494

0,True,False,0.02,0.2,Rot0,0,0,-0.015,0.00142494

0,True,False,0.02,0.2,Rot0,0,0,-0.015,0.00142494

0,True,False,0.02,0.2,Rot0,0,0,-0.015,0.00142494

0,True,False,0.02,0.2,Rot0,0,0,-0.015,0.00142494

0,True,False,0.02,0.2,Rot0,0,0,-0.015,0.00142494

0,True,False,0.02,0.2,Rot0,0,0,-0.015,0.00142494

0,True,False,0.02,0.2,Rot0,0,0,-0.015,0.00142494

0,True,False,0.02,0.2,Rot0,0,0,-0.015,0.00142494

0,True,False,0.02,0.2,Rot0,0,0,-0.015,0.00142494

0,True,False,0.02,0.2,Rot0,0,0,-0.015,0.00142494

0,True,False,0.02,0.2,Rot0,0,0,-0.015,0.00142494

0,True,False,0.02,0.2,Rot0,0,0,-0.015,0.00142494

0,True,False,0.02,0.2,Rot0,0,0,-0.015,0.00142494

0,True,False,0.02,0.2,Rot0,0,0,-0.015,0.00142494

0,True,False,0.02,0.2,Rot0,0,0,-0.015,0.00142494

0,True,False,0.02,0.2,Rot0,0,0,-0.015,0.00142494

0,True,False,0.02,0.2,Rot0,0,0,-0.015,0.00142494

0,True,False,0.02,0.2,Rot0,0,0,-0.015,0.00142494

0,True,False,0.02,0.2,Rot0,0,0,-0.015,0.00142494

0,True,False,0.02,0.2,Rot0,0,0,-0.015,0.00142494

0,True,False,0.02,0.2,Rot0,0,0,-0.015,0.00142494

0,True,False,0.02,0.2,Rot0,0,0,-0.015,0.00142494

0,True,False,0.02,0.2,Rot0,0,0,-0.015,0.00142494

0,True,False,0.02,0.2,Rot0,0,0,-0.015,0.00142494

0,True,False,0.02,0.2,Rot0,0,0,-0.015,0.00142494

0,True,False,0.02,0.2,Rot0,0,0,-0.015,0.00142494

0,True,False,0.02,0.2,Rot0,0,0,-0.015,0.00142494

0,True,False,0.02,0.2,Rot0,0,0,-0.015,0.00142494

0,True,False,0.02,0.2,Rot0,0,0,-0.015,0.00142494

0,True,False,0.02,0.2,Rot0,0,0,-0.015,0.00142494

0,True,False,0.02,0.2,Rot0,0,0,-0.015,0.00142494

0,True,False,0.02,0.2,Rot0,0,0,-0.015,0.00142494

0,True,False,0.02,0.2,Rot0,0,0,-0.015,0.00142494

0,True,False,0.02,0.2,Rot0,0,0,-0.015,0.00142494

0,True,False,0.02,0.2,Rot0,0,0,-0.015,0.00142494

0,True,False,0.02,0.2,Rot0,0,0,-0.015,0.00142494

0,True,False,0.02,0.2,Rot0,0,0,-0.015,0.00142494

0,True,False,0.02,0.2,Rot0,0,0,-0.015,0.00142494

0,True,False,0.02,0.2,Rot0,0,0,-0.015,0.00142494

0,True,False,0.02,0.2,Rot0,0,0,-0.015,0.00142494

0,True,False,0.02,0.2,Rot0,0,0,-0.015,0.00142494

0,True,False,0.02,0.2,Rot0,0,0,-0.015,0.00142494

0,True,False,0.02,0.2,Rot0,0,0,-0.015,0.00142494

0,True,False,0.02,0.2,Rot0,0,0,-0.015,0.00142494

0,True,False,0.02,0.2,Rot0,0,0,-0.015,0.00142494

0,True,False,0.02,0.2,Rot0,0,0,-0.015,0.00142494

0,True,False,0.02,0.2,Rot0,0,0,-0.015,0.00142494

0,True,False,0.02,0.2,Rot0,0,0,-0.015,0.00142494

0,True,False,0.02,0.2,Rot0,0,0,-0.015,0.00142494

0,True,False,0.02,0.2,Rot0,0,0,-0.015,0.00142494

0,True,False,0.02,0.2,Rot0,0,0,-0.015,0.00142494

0,True,False,0.02,0.2,Rot0,0,0,-0.015,0.00142494

0,True,False,0.02,0.2,Rot0,0,0,-0.015,0.00142494

0,True,False,0.02,0.2,Rot0,0,0,-0.015,0.00142494

0,True,False,0.02,0.2,Rot0,0,0,-0.015,0.00142494

0,True,False,0.02,0.2,Rot0,0,0,-0.015,0.00142494

0,True,False,0.02,0.2,Rot0,0,0,-0.015,0.00142494

0,True,False,0.02,0.2,Rot0,0,0,-0.015,0.00142494

0,True,False,0.02,0.2,Rot0,0,0,-0.015,0.00142494

0,True,False,0.02,0.2,Rot0,0,0,-0.015,0.00142494

0,True,False,0.02,0.2,Rot0,0,0,-0.015,0.00142494

0,True,False,0.02,0.2,Rot0,0,0,-0.015,0.00142494

0,True,False,0.02,0.2,Rot0,0,0,-0.015,0.00142494

0,True,False,0.02,0.2,Rot0,0,0,-0.015,0.00142494

0,True,False,0.02,0.2,Rot0,0,0,-0.015,0.00142494

0,True,False,0.02,0.2,Rot0,0,0,-0.015,0.00142494

0,True,False,0.02,0.2,Rot0,0,0,-0.015,0.00142494

0,True,False,0.02,0.2,Rot0,0,0,-0.015,0.00142494

0,True,False,0.02,0.2,Rot0,0,0,-0.015,0.00142494

0,True,False,0.02,0.2,Rot0,0,0,-0.015,0.00142494

0,True,False,0.02,0.2,Rot0,0,0,-0.015,0.00142494

0,True,False,0.02,0.2,Rot0,0,0,-0.015,0.00142494

0,True,False,0.02,0.2,Rot0,0,0,-0.015,0.00142494

0,True,False,0.02,0.2,Rot0,0,0,-0.015,0.00142494

0,True,False,0.02,0.2,Rot0,0,0,-0.015,0.00142494

0,True,False,0.02,0.2,Rot0,0,0,-0.015,0.00142494

0,True,False,0.02,0.2,Rot0,0,0,-0.015,0.00142494

0,True,False,0.02,0.2,Rot0,0,0,-0.015,0.00142494

0,True,False,0.02,0.2,Rot0,0,0,-0.015,0.00142494

0,True,False,0.02,0.2,Rot0,0,0,-0.015,0.00142494

0,True,False,0.02,0.2,Rot0,0,0,-0.015,0.00142494

0,True,False,0.02,0.2,Rot0,0,0,-0.015,0.00142494

0,True,False,0.02,0.2,Rot0,0,0,-0.015,0.00142494

0,True,False,0.02,0.2,Rot0,0,0,-0.015,0.00142494

0,True,False,0.02,0.2,Rot0,0,0,-0.015,0.00142494

0,True,False,0.02,0.2,Rot0,0,0,-0.015,0.00142494

0,True,False,0.02,0.2,Rot0,0,0,-0.015,0.00142494

0,True,False,0.02,0.2,Rot0,0,0,-0.015,0.00142494

0,True,False,0.02,0.2,Rot0,0,0,-0.015,0.00142494

0,True,False,0.02,0.2,Rot0,0,0,-0.015,0.00142494

0,True,False,0.02,0.2,Rot0,0,0,-0.015,0.00142494

0,True,False,0.02,0.2,Rot0,0,0,-0.015,0.00142494

0,True,False,0.02,0.2,Rot0,0,0,-0.015,0.00142494

0,True,False,0.02,0.2,Rot0,0,0,-0.015,0.00142494

0,True,False,0.02,0.2,Rot0,0,0,-0.015,0.00142494

0,True,False,0.02,0.2,Rot0,0,0,-0.015,0.00142494

0,True,False,0.02,0.2,Rot0,0,0,-0.015,0.00142494

0,True,False,0.02,0.2,Rot0,0,0,-0.015,0.00142494

0,True,False,0.02,0.2,Rot0,0,0,-0.015,0.00142494

0,True,False,0.02,0.2,Rot0,0,0,-0.015,0.00142494

0,True,False,0.02,0.2,Rot0,0,0,-0.015,0.00142494

0,True,False,0.02,0.2,Rot0,0,0,-0.015,0.00142494

0,True,False,0.02,0.2,Rot0,0,0,-0.015,0.00142494

0,True,False,0.02,0.2,Rot0,0,0,-0.015,0.00142494

0,True,False,0.02,0.2,Rot0,0,0,-0.015,0.00142494

0,True,False,0.02,0.2,Rot0,0,0,-0.015,0.00142494

0,True,False,0.02,0.2,Rot0,0,0,-0.015,0.00142494

0,True,False,0.02,0.2,Rot0,0,0,-0.015,0.00142494

0,True,False,0.02,0.2,Rot0,0,0,-0.015,0.00142494

0,True,False,0.02,0.2,Rot0,0,0,-0.015,0.00142494

0,True,False,0.02,0.2,Rot0,0,0,-0.015,0.00142494

0,True,False,0.02,0.2,Rot0,0,0,-0.015,0.00142494

0,True,False,0.02,0.2,Rot0,0,0,-0.015,0.00142494

0,True,False,0.02,0.2,Rot0,0,0,-0.015,0.00142494

0,True,False,0.02,0.2,Rot0,0,0,-0.015,0.00142494

0,True,False,0.02,0.2,Rot0,0,0,-0.015,0.00142494

0,True,False,0.02,0.2,Rot0,0,0,-0.015,0.00142494

0,True,False,0.02,0.2,Rot0,0,0,-0.015,0.00142494

0,True,False,0.02,0.2,Rot0,0,0,-0.015,0.00142494

0,True,False,0.02,0.2,Rot0,0,0,-0.015,0.00142494

0,True,False,0.02,0.2,Rot0,0,0,-0.015,0.00142494

0,True,False,0.02,0.2,Rot0,0,0,-0.015,0.00142494

0,True,False,0.02,0.2,Rot0,0,0,-0.015,0.00142494

0,True,False,0.02,0.2,Rot0,0,0,-0.015,0.00142494

0,True,False,0.02,0.2,Rot0,0,0,-0.015,0.00142494

0,True,False,0.02,0.2,Rot0,0,0,-0.015,0.00142494

0,True,False,0.02,0.2,Rot0,0,0,-0.015,0.00142494

0,True,False,0.02,0.2,Rot0,0,0,-0.015,0.00142494

0,True,False,0.02,0.2,Rot0,0,0,-0.015,0.00142494

0,True,False,0.02,0.2,Rot0,0,0,-0.015,0.00142494

0,True,False,0.02,0.2,Rot0,0,0,-0.015,0.00142494

0,True,False,0.02,0.2,Rot0,0,0,-0.015,0.00142494

0,True,False,0.02,0.2,Rot0,0,0,-0.015,0.00142494

0,True,False,0.02,0.2,Rot0,0,0,-0.015,0.00142494

0,True,False,0.02,0.2,Rot0,0,0,-0.015,0.00142494

0,True,False,0.02,0.2,Rot0,0,0,-0.015,0.00142494

0,True,False,0.02,0.2,Rot0,0,0,-0.015,0.00142494

0,True,False,0.02,0.2,Rot0,0,0,-0.015,0.00142494

0,True,False,0.02,0.2,Rot0,0,0,-0.015,0.00142494

0,True,False,0.02,0.2,Rot0,0,0,-0.015,0.00142494

0,True,False,0.02,0.2,Rot0,0,0,-0.015,0.00142494

0,True,False,0.02,0.2,Rot0,0,0,-0.015,0.00142494

0,True,False,0.02,0.2,Rot0,0,0,-0.015,0.00142494

0,True,False,0.02,0.2,Rot0,0,0,-0.015,0.00142494

0,True,False,0.02,0.2,Rot0,0,0,-0.015,0.00142494

0,True,False,0.02,0.2,Rot0,0,0,-0.015,0.00142494

0,True,False,0.02,0.2,Rot0,0,0,-0.015,0.00142494

0,True,False,0.02,0.2,Rot0,0,0,-0.015,0.00142494

0,True,False,0.02,0.2,Rot0,0,0,-0.015,0.00142494

0,True,False,0.02,0.2,Rot0,0,0,-0.015,0.00142494

0,True,False,0.02,0.2,Rot0,0,0,-0.015,0.00142494

0,True,False,0.02,0.2,Rot0,0,0,-0.015,0.00142494

0,True,False,0.02,0.2,Rot0,0,0,-0.015,0.00142494

0,True,False,0.02,0.2,Rot0,0,0,-0.015,0.00142494

0,True,False,0.02,0.2,Rot0,0,0,-0.015,0.00142494

0,True,False,0.02,0.2,Rot0,0,0,-0.015,0.00142494

0,True,False,0.02,0.2,Rot0,0,0,-0.015,0.00142494

0,True,False,0.02,0.2,Rot0,0,0,-0.015,0.00142494

0,True,False,0.02,0.2,Rot0,0,0,-0.015,0.00142494

0,True,False,0.02,0.2,Rot0,0,0,-0.015,0.00142494

0,True,False,0.02,0.2,Rot0,0,0,-0.015,0.00142494

0,True,False,0.02,0.2,Rot0,0,0,-0.015,0.00142494

0,True,False,0.02,0.2,Rot0,0,0,-0.015,0.00142494

0,True,False,0.02,0.2,Rot0,0,0,-0.015,0.00142494

0,True,False,0.02,0.2,Rot0,0,0,-0.015,0.00142494

0,True,False,0.02,0.2,Rot0,0,0,-0.015,0.00142494

0,True,False,0.02,0.2,Rot0,0,0,-0.015,0.00142494

0,True,False,0.02,0.2,Rot0,0,0,-0.015,0.00142494

0,True,False,0.02,0.2,Rot0,0,0,-0.015,0.00142494

0,True,False,0.02,0.2,Rot0,0,0,-0.015,0.00142494

0,True,False,0.02,0.2,Rot0,0,0,-0.015,0.00142494

0,True,False,0.02,0.2,Rot0,0,0,-0.015,0.00142494

0,True,False,0.02,0.2,Rot0,0,0,-0.015,0.00142494

0,True,False,0.02,0.2,Rot0,0,0,-0.015,0.00142494

0,True,False,0.02,0.2,Rot0,0,0,-0.015,0.00142494

0,True,False,0.02,0.2,Rot0,0,0,-0.015,0.00142494

0,True,False,0.02,0.2,Rot0,0,0,-0.015,0.00142494

0,True,False,0.02,0.2,Rot0,0,0,-0.015,0.00142494

0,True,False,0.02,0.2,Rot0,0,0,-0.015,0.00142494

0,True,False,0.02,0.2,Rot0,0,0,-0.015,0.00142494

0,True,False,0.02,0.2,Rot0,0,0,-0.015,0.00142494

0,True,False,0.02,0.2,Rot0,0,0,-0.015,0.00142494

0,True,False,0.02,0.2,Rot0,0,0,-0.015,0.00142494

0,True,False,0.02,0.2,Rot0,0,0,-0.015,0.00142494

0,True,False,0.02,0.2,Rot0,0,0,-0.015,0.00142494

0,True,False,0.02,0.2,Rot0,0,0,-0.015,0.00142494

0,True,False,0.02,0.2,Rot0,0,0,-0.015,0.00142494

0,True,False,0.02,0.2,Rot0,0,0,-0.015,0.00142494

0,True,False,0.02,0.2,Rot0,0,0,-0.015,0.00142494

0,True,False,0.02,0.2,Rot0,0,0,-0.015,0.00142494

0,True,False,0.02,0.2,Rot0,0,0,-0.015,0.00142494

0,True,False,0.02,0.2,Rot0,0,0,-0.015,0.00142494

0,True,False,0.02,0.2,Rot0,0,0,-0.015,0.00142494

0,True,False,0.02,0.2,Rot0,0,0,-0.015,0.00142494

0,True,False,0.02,0.2,Rot0,0,0,-0.015,0.00142494

0,True,False,0.02,0.2,Rot0,0,0,-0.015,0.00142494

0,True,False,0.02,0.2,Rot0,0,0,-0.015,0.00142494

0,True,False,0.02,0.2,Rot0,0,0,-0.015,0.00142494

0,True,False,0.02,0.2,Rot0,0,0,-0.015,0.00142494

0,True,False,0.02,0.2,Rot0,0,0,-0.015,0.00142494

0,True,False,0.02,0.2,Rot0,0,0,-0.015,0.00142494

0,True,False,0.02,0.2,Rot0,0,0,-0.015,0.00142494

0,True,False,0.02,0.2,Rot0,0,0,-0.015,0.00142494

0,True,False,0.02,0.2,Rot0,0,0,-0.015,0.00142494

0,True,False,0.02,0.2,Rot0,0,0,-0.015,0.00142494

0,True,False,0.02,0.2,Rot0,0,0,-0.015,0.00142494

0,True,False,0.02,0.2,Rot0,0,0,-0.015,0.00142494

0,True,False,0.02,0.2,Rot0,0,0,-0.015,0.00142494

0,True,False,0.02,0.2,Rot0,0,0,-0.015,0.00142494

0,True,False,0.02,0.2,Rot0,0,0,-0.015,0.00142494

0,True,False,0.02,0.2,Rot0,0,0,-0.015,0.00142494

0,True,False,0.02,0.2,Rot0,0,0,-0.015,0.00142494

0,True,False,0.02,0.2,Rot0,0,0,-0.015,0.00142494

0,True,False,0.02,0.2,Rot0,0,0,-0.015,0.00142494

0,True,False,0.02,0.2,Rot0,0,0,-0.015,0.00142494

0,True,False,0.02,0.2,Rot0,0,0,-0.015,0.00142494

0,True,False,0.02,0.2,Rot0,0,0,-0.015,0.00142494

0,True,False,0.02,0.2,Rot0,0,0,-0.015,0.00142494

0,True,False,0.02,0.2,Rot0,0,0,-0.015,0.00142494

0,True,False,0.02,0.2,Rot0,0,0,-0.015,0.00142494

0,True,False,0.02,0.2,Rot0,0,0,-0.015,0.00142494

0,True,False,0.02,0.2,Rot0,0,0,-0.015,0.00142494

0,True,False,0.02,0.2,Rot0,0,0,-0.015,0.00142494

0,True,False,0.02,0.2,Rot0,0,0,-0.015,0.00142494

0,True,False,0.02,0.2,Rot0,0,0,-0.015,0.00142494

0,True,False,0.02,0.2,Rot0,0,0,-0.015,0.00142494

0,True,False,0.02,0.2,Rot0,0,0,-0.015,0.00142494

0,True,False,0.02,0.2,Rot0,0,0,-0.015,0.00142494

0,True,False,0.02,0.2,Rot0,0,0,-0.015,0.00142494

0,True,False,0.02,0.2,Rot0,0,0,-0.015,0.00142494

0,True,False,0.02,0.2,Rot0,0,0,-0.015,0.00142494

0,True,False,0.02,0.2,Rot0,0,0,-0.015,0.00142494

0,True,False,0.02,0.2,Rot0,0,0,-0.015,0.00142494

0,True,False,0.02,0.2,Rot0,0,0,-0.015,0.00142494

0,True,False,0.02,0.2,Rot0,0,0,-0.015,0.00142494

0,True,False,0.02,0.2,Rot0,0,0,-0.015,0.00142494

0,True,False,0.02,0.2,Rot0,0,0,-0.015,0.00142494

0,True,False,0.02,0.2,Rot0,0,0,-0.015,0.00142494

0,True,False,0.02,0.2,Rot0,0,0,-0.015,0.00142494

0,True,False,0.02,0.2,Rot0,0,0,-0.015,0.00142494

0,True,False,0.02,0.2,Rot0,0,0,-0.015,0.00142494

0,True,False,0.02,0.2,Rot0,0,0,-0.015,0.00142494

0,True,False,0.02,0.2,Rot0,0,0,-0.015,0.00142494

0,True,False,0.02,0.2,Rot0,0,0,-0.015,0.00142494

0,True,False,0.02,0.2,Rot0,0,0,-0.015,0.00142494

0,True,False,0.02,0.2,Rot0,0,0,-0.015,0.00142494

0,True,False,0.02,0.2,Rot0,0,0,-0.015,0.00142494

0,True,False,0.02,0.2,Rot0,0,0,-0.015,0.00142494

0,True,False,0.02,0.2,Rot0,0,0,-0.015,0.00142494

0,True,False,0.02,0.2,Rot0,0,0,-0.015,0.00142494

0,True,False,0.02,0.2,Rot0,0,0,-0.015,0.00142494

0,True,False,0.02,0.2,Rot0,0,0,-0.015,0.00142494

0,True,False,0.02,0.2,Rot0,0,0,-0.015,0.00142494

0,True,False,0.02,0.2,Rot0,0,0,-0.015,0.00142494

0,True,False,0.02,0.2,Rot0,0,0,-0.015,0.00142494

0,True,False,0.02,0.2,Rot0,0,0,-0.015,0.00142494

0,True,False,0.02,0.2,Rot0,0,0,-0.015,0.00142494

0,True,False,0.02,0.2,Rot0,0,0,-0.015,0.00142494

0,True,False,0.02,0.2,Rot0,0,0,-0.015,0.00142494

0,True,False,0.02,0.2,Rot0,0,0,-0.015,0.00142494

0,True,False,0.02,0.2,Rot0,0,0,-0.015,0.00142494

0,True,False,0.02,0.2,Rot0,0,0,-0.015,0.00142494

0,True,False,0.02,0.2,Rot0,0,0,-0.015,0.00142494

0,True,False,0.02,0.2,Rot0,0,0,-0.015,0.00142494

0,True,False,0.02,0.2,Rot0,0,0,-0.015,0.00142494

0,True,False,0.02,0.2,Rot0,0,0,-0.015,0.00142494

0,True,False,0.02,0.2,Rot0,0,0,-0.015,0.00142494

0,True,False,0.02,0.2,Rot0,0,0,-0.015,0.00142494

0,True,False,0.02,0.2,Rot0,0,0,-0.015,0.00142494

0,True,False,0.02,0.2,Rot0,0,0,-0.015,0.00142494

0,True,False,0.02,0.2,Rot0,0,0,-0.015,0.00142494

0,True,False,0.02,0.2,Rot0,0,0,-0.015,0.00142494

0,True,False,0.02,0.2,Rot0,0,0,-0.015,0.00142494

0,True,False,0.02,0.2,Rot0,0,0,-0.015,0.00142494

0,True,False,0.02,0.2,Rot0,0,0,-0.015,0.00142494

0,True,False,0.02,0.2,Rot0,0,0,-0.015,0.00142494

0,True,False,0.02,0.2,Rot0,0,0,-0.015,0.00142494

0,True,False,0.02,0.2,Rot0,0,0,-0.015,0.00142494

0,True,False,0.02,0.2,Rot0,0,0,-0.015,0.00142494

0,True,False,0.02,0.2,Rot0,0,0,-0.015,0.00142494

0,True,False,0.02,0.2,Rot0,0,0,-0.015,0.00142494

0,True,False,0.02,0.2,Rot0,0,0,-0.015,0.00142494

0,True,False,0.02,0.2,Rot0,0,0,-0.015,0.00142494

0,True,False,0.02,0.2,Rot0,0,0,-0.015,0.00142494

0,True,False,0.02,0.2,Rot0,0,0,-0.015,0.00142494

0,True,False,0.02,0.2,Rot0,0,0,-0.015,0.00142494

0,True,False,0.02,0.2,Rot0,0,0,-0.015,0.00142494

0,True,False,0.02,0.2,Rot0,0,0,-0.015,0.00142494

0,True,False,0.02,0.2,Rot0,0,0,-0.015,0.00142494

0,True,False,0.02,0.2,Rot0,0,0,-0.015,0.00142494

0,True,False,0.02,0.2,Rot0,0,0,-0.015,0.00142494

0,True,False,0.02,0.2,Rot0,0,0,-0.015,0.00142494

0,True,False,0.02,0.2,Rot0,0,0,-0.015,0.00142494

0,True,False,0.02,0.2,Rot0,0,0,-0.015,0.00142494

0,True,False,0.02,0.2,Rot0,0,0,-0.015,0.00142494

0,True,False,0.02,0.2,Rot0,0,0,-0.015,0.00142494

0,True,False,0.02,0.2,Rot0,0,0,-0.015,0.00142494

0,True,False,0.02,0.2,Rot0,0,0,-0.015,0.00142494

0,True,False,0.02,0.2,Rot0,0,0,-0.015,0.00142494

0,True,False,0.02,0.2,Rot0,0,0,-0.015,0.00142494

0,True,False,0.02,0.2,Rot0,0,0,-0.015,0.00142494

0,True,False,0.02,0.2,Rot0,0,0,-0.015,0.00142494

0,True,False,0.02,0.2,Rot0,0,0,-0.015,0.00142494

0,True,False,0.02,0.2,Rot0,0,0,-0.015,0.00142494

0,True,False,0.02,0.2,Rot0,0,0,-0.015,0.00142494

0,True,False,0.02,0.2,Rot0,0,0,-0.015,0.00142494

0,True,False,0.02,0.2,Rot0,0,0,-0.015,0.00142494

0,True,False,0.02,0.2,Rot0,0,0,-0.015,0.00142494

0,True,False,0.02,0.2,Rot0,0,0,-0.015,0.00142494

0,True,False,0.02,0.2,Rot0,0,0,-0.015,0.00142494

0,True,False,0.02,0.2,Rot0,0,0,-0.015,0.00142494

0,True,False,0.02,0.2,Rot0,0,0,-0.015,0.00142494

0,True,False,0.02,0.2,Rot0,0,0,-0.015,0.00142494

0,True,False,0.02,0.2,Rot0,0,0,-0.015,0.00142494

0,True,False,0.02,0.2,Rot0,0,0,-0.015,0.00142494

0,True,False,0.02,0.2,Rot0,0,0,-0.015,0.00142494

0,True,False,0.02,0.2,Rot0,0,0,-0.015,0.00142494

0,True,False,0.02,0.2,Rot0,0,0,-0.015,0.00142494

0,True,False,0.02,0.2,Rot0,0,0,-0.015,0.00142494

0,True,False,0.02,0.2,Rot0,0,0,-0.015,0.00142494

0,True,False,0.02,0.2,Rot0,0,0,-0.015,0.00142494

0,True,False,0.02,0.2,Rot0,0,0,-0.015,0.00142494

0,True,False,0.02,0.2,Rot0,0,0,-0.015,0.00142494

0,True,False,0.02,0.2,Rot0,0,0,-0.015,0.00142494

0,True,False,0.02,0.2,Rot0,0,0,-0.015,0.00142494

0,True,False,0.02,0.2,Rot0,0,0,-0.015,0.00142494

0,True,False,0.02,0.2,Rot0,0,0,-0.015,0.00142494

0,True,False,0.02,0.2,Rot0,0,0,-0.015,0.00142494

0,True,False,0.02,0.2,Rot0,0,0,-0.015,0.00142494

0,True,False,0.02,0.2,Rot0,0,0,-0.015,0.00142494

0,True,False,0.02,0.2,Rot0,0,0,-0.015,0.00142494

0,True,False,0.02,0.2,Rot0,0,0,-0.015,0.00142494

0,True,False,0.02,0.2,Rot0,0,0,-0.015,0.00142494

0,True,False,0.02,0.2,Rot0,0,0,-0.015,0.00142494

0,True,False,0.02,0.2,Rot0,0,0,-0.015,0.00142494

0,True,False,0.02,0.2,Rot0,0,0,-0.015,0.00142494

0,True,False,0.02,0.2,Rot0,0,0,-0.015,0.00142494

0,True,False,0.02,0.2,Rot0,0,0,-0.015,0.00142494

0,True,False,0.02,0.2,Rot0,0,0,-0.015,0.00142494

0,True,False,0.02,0.2,Rot0,0,0,-0.015,0.00142494

0,True,False,0.02,0.2,Rot0,0,0,-0.015,0.00142494

0,True,False,0.02,0.2,Rot0,0,0,-0.015,0.00142494

0,True,False,0.02,0.2,Rot0,0,0,-0.015,0.00142494

0,True,False,0.02,0.2,Rot0,0,0,-0.015,0.00142494

0,True,False,0.02,0.2,Rot0,0,0,-0.015,0.00142494

0,True,False,0.02,0.2,Rot0,0,0,-0.015,0.00142494

0,True,False,0.02,0.2,Rot0,0,0,-0.015,0.00142494

0,True,False,0.02,0.2,Rot0,0,0,-0.015,0.00142494

0,True,False,0.02,0.2,Rot0,0,0,-0.015,0.00142494

0,True,False,0.02,0.2,Rot0,0,0,-0.015,0.00142494

0,True,False,0.02,0.2,Rot0,0,0,-0.015,0.00142494

0,True,False,0.02,0.2,Rot0,0,0,-0.015,0.00142494

0,True,False,0.02,0.2,Rot0,0,0,-0.015,0.00142494

0,True,False,0.02,0.2,Rot0,0,0,-0.015,0.00142494

0,True,False,0.02,0.2,Rot0,0,0,-0.015,0.00142494

0,True,False,0.02,0.2,Rot0,0,0,-0.015,0.00142494

0,True,False,0.02,0.2,Rot0,0,0,-0.015,0.00142494

0,True,False,0.02,0.2,Rot0,0,0,-0.015,0.00142494

0,True,False,0.02,0.2,Rot0,0,0,-0.015,0.00142494

0,True,False,0.02,0.2,Rot0,0,0,-0.015,0.00142494

0,True,False,0.02,0.2,Rot0,0,0,-0.015,0.00142494

0,True,False,0.02,0.2,Rot0,0,0,-0.015,0.00142494

0,True,False,0.02,0.2,Rot0,0,0,-0.015,0.00142494

0,True,False,0.02,0.2,Rot0,0,0,-0.015,0.00142494

0,True,False,0.02,0.2,Rot0,0,0,-0.015,0.00142494

0,True,False,0.02,0.2,Rot0,0,0,-0.015,0.00142494

0,True,False,0.02,0.2,Rot0,0,0,-0.015,0.00142494

0,True,False,0.02,0.2,Rot0,0,0,-0.015,0.00142494

0,True,False,0.02,0.2,Rot0,0,0,-0.015,0.00142494

0,True,False,0.02,0.2,Rot0,0,0,-0.015,0.00142494

0,True,False,0.02,0.2,Rot0,0,0,-0.015,0.00142494

0,True,False,0.02,0.2,Rot0,0,0,-0.015,0.00142494

0,True,False,0.02,0.2,Rot0,0,0,-0.015,0.00142494

0,True,False,0.02,0.2,Rot0,0,0,-0.015,0.00142494

0,True,False,0.02,0.2,Rot0,0,0,-0.015,0.00142494

0,True,False,0.02,0.2,Rot0,0,0,-0.015,0.00142494

0,True,False,0.02,0.2,Rot0,0,0,-0.015,0.00142494

0,True,False,0.02,0.2,Rot0,0,0,-0.015,0.00142494

0,True,False,0.02,0.2,Rot0,0,0,-0.015,0.00142494

0,True,False,0.02,0.2,Rot0,0,0,-0.015,0.00142494

0,True,False,0.02,0.2,Rot0,0,0,-0.015,0.00142494

0,True,False,0.02,0.2,Rot0,0,0,-0.015,0.00142494

0,True,False,0.02,0.2,Rot0,0,0,-0.015,0.00142494

0,True,False,0.02,0.2,Rot0,0,0,-0.015,0.00142494

0,True,False,0.02,0.2,Rot0,0,0,-0.015,0.00142494

0,True,False,0.02,0.2,Rot0,0,0,-0.015,0.00142494

0,True,False,0.02,0.2,Rot0,0,0,-0.015,0.00142494

0,True,False,0.02,0.2,Rot0,0,0,-0.015,0.00142494

0,True,False,0.02,0.2,Rot0,0,0,-0.015,0.00142494

0,True,False,0.02,0.2,Rot0,0,0,-0.015,0.00142494

0,True,False,0.02,0.2,Rot0,0,0,-0.015,0.00142494

0,True,False,0.02,0.2,Rot0,0,0,-0.015,0.00142494

0,True,False,0.02,0.2,Rot0,0,0,-0.015,0.00142494

0,True,False,0.02,0.2,Rot0,0,0,-0.015,0.00142494

0,True,False,0.02,0.2,Rot0,0,0,-0.015,0.00142494

0,True,False,0.02,0.2,Rot0,0,0,-0.015,0.00142494

0,True,False,0.02,0.2,Rot0,0,0,-0.015,0.00142494

0,True,False,0.02,0.2,Rot0,0,0,-0.015,0.00142494

0,True,False,0.02,0.2,Rot0,0,0,-0.015,0.00142494

0,True,False,0.02,0.2,Rot0,0,0,-0.015,0.00142494

0,True,False,0.02,0.2,Rot0,0,0,-0.015,0.00142494

0,True,False,0.02,0.2,Rot0,0,0,-0.015,0.00142494

0,True,False,0.02,0.2,Rot0,0,0,-0.015,0.00142494

0,True,False,0.02,0.2,Rot0,0,0,-0.015,0.00142494

0,True,False,0.02,0.2,Rot0,0,0,-0.015,0.00142494

0,True,False,0.02,0.2,Rot0,0,0,-0.015,0.00142494

0,True,False,0.02,0.2,Rot0,0,0,-0.015,0.00142494

0,True,False,0.02,0.2,Rot0,0,0,-0.015,0.00142494

0,True,False,0.02,0.2,Rot0,0,0,-0.015,0.00142494

0,True,False,0.02,0.2,Rot0,0,0,-0.015,0.00142494

0,True,False,0.02,0.2,Rot0,0,0,-0.015,0.00142494

0,True,False,0.02,0.2,Rot0,0,0,-0.015,0.00142494

0,True,False,0.02,0.2,Rot0,0,0,-0.015,0.00142494

0,True,False,0.02,0.2,Rot0,0,0,-0.015,0.00142494

0,True,False,0.02,0.2,Rot0,0,0,-0.015,0.00142494

0,True,False,0.02,0.2,Rot0,0,0,-0.015,0.00142494

0,True,False,0.02,0.2,Rot0,0,0,-0.015,0.00142494

0,True,False,0.02,0.2,Rot0,0,0,-0.015,0.00142494

0,True,False,0.02,0.2,Rot0,0,0,-0.015,0.00142494

0,True,False,0.02,0.2,Rot0,0,0,-0.015,0.00142494

0,True,False,0.02,0.2,Rot0,0,0,-0.015,0.00142494

0,True,False,0.02,0.2,Rot0,0,0,-0.015,0.00142494

0,True,False,0.02,0.2,Rot0,0,0,-0.015,0.00142494

0,True,False,0.02,0.2,Rot0,0,0,-0.015,0.00142494

0,True,False,0.02,0.2,Rot0,0,0,-0.015,0.00142494

0,True,False,0.02,0.2,Rot0,0,0,-0.015,0.00142494

0,True,False,0.02,0.2,Rot0,0,0,-0.015,0.00142494

0,True,False,0.02,0.2,Rot0,0,0,-0.015,0.00142494

0,True,False,0.02,0.2,Rot0,0,0,-0.015,0.00142494

0,True,False,0.02,0.2,Rot0,0,0,-0.015,0.00142494

0,True,False,0.02,0.2,Rot0,0,0,-0.015,0.00142494

0,True,False,0.02,0.2,Rot0,0,0,-0.015,0.00142494

0,True,False,0.02,0.2,Rot0,0,0,-0.015,0.00142494

0,True,False,0.02,0.2,Rot0,0,0,-0.015,0.00142494

0,True,False,0.02,0.2,Rot0,0,0,-0.015,0.00142494

0,True,False,0.02,0.2,Rot0,0,0,-0.015,0.00142494

0,True,False,0.02,0.2,Rot0,0,0,-0.015,0.00142494

0,True,False,0.02,0.2,Rot0,0,0,-0.015,0.00142494

0,True,False,0.02,0.2,Rot0,0,0,-0.015,0.00142494

0,True,False,0.02,0.2,Rot0,0,0,-0.015,0.00142494

0,True,False,0.02,0.2,Rot0,0,0,-0.015,0.00142494

0,True,False,0.02,0.2,Rot0,0,0,-0.015,0.00142494

0,True,False,0.02,0.2,Rot0,0,0,-0.015,0.00142494

0,True,False,0.02,0.2,Rot0,0,0,-0.015,0.00142494

0,True,False,0.02,0.2,Rot0,0,0,-0.015,0.00142494

0,True,False,0.02,0.2,Rot0,0,0,-0.015,0.00142494

0,True,False,0.02,0.2,Rot0,0,0,-0.015,0.00142494

0,True,False,0.02,0.2,Rot0,0,0,-0.015,0.00142494

0,True,False,0.02,0.2,Rot0,0,0,-0.015,0.00142494

0,True,False,0.02,0.2,Rot0,0,0,-0.015,0.00142494

0,True,False,0.02,0.2,Rot0,0,0,-0.015,0.00142494

0,True,False,0.02,0.2,Rot0,0,0,-0.015,0.00142494

0,True,False,0.02,0.2,Rot0,0,0,-0.015,0.00142494

0,True,False,0.02,0.2,Rot0,0,0,-0.015,0.00142494

0,True,False,0.02,0.2,Rot0,0,0,-0.015,0.00142494

0,True,False,0.02,0.2,Rot0,0,0,-0.015,0.00142494

0,True,False,0.02,0.2,Rot0,0,0,-0.015,0.00142494

0,True,False,0.02,0.2,Rot0,0,0,-0.015,0.00142494

0,True,False,0.02,0.2,Rot0,0,0,-0.015,0.00142494

0,True,False,0.02,0.2,Rot0,0,0,-0.015,0.00142494

0,True,False,0.02,0.2,Rot0,0,0,-0.015,0.00142494

0,True,False,0.02,0.2,Rot0,0,0,-0.015,0.00142494

0,True,False,0.02,0.2,Rot0,0,0,-0.015,0.00142494

0,True,False,0.02,0.2,Rot0,0,0,-0.015,0.00142494

0,True,False,0.02,0.2,Rot0,0,0,-0.015,0.00142494

0,True,False,0.02,0.2,Rot0,0,0,-0.015,0.00142494

0,True,False,0.02,0.2,Rot0,0,0,-0.015,0.00142494

0,True,False,0.02,0.2,Rot0,0,0,-0.015,0.00142494

0,True,False,0.02,0.2,Rot0,0,0,-0.015,0.00142494

0,True,False,0.02,0.2,Rot0,0,0,-0.015,0.00142494

0,True,False,0.02,0.2,Rot0,0,0,-0.015,0.00142494

0,True,False,0.02,0.2,Rot0,0,0,-0.015,0.00142494

0,True,False,0.02,0.2,Rot0,0,0,-0.015,0.00142494

0,True,False,0.02,0.2,Rot0,0,0,-0.015,0.00142494

0,True,False,0.02,0.2,Rot0,0,0,-0.015,0.00142494

0,True,False,0.02,0.2,Rot0,0,0,-0.015,0.00142494

0,True,False,0.02,0.2,Rot0,0,0,-0.015,0.00142494

0,True,False,0.02,0.2,Rot0,0,0,-0.015,0.00142494

0,True,False,0.02,0.2,Rot0,0,0,-0.015,0.00142494

0,True,False,0.02,0.2,Rot0,0,0,-0.015,0.00142494

0,True,False,0.02,0.2,Rot0,0,0,-0.015,0.00142494

0,True,False,0.02,0.2,Rot0,0,0,-0.015,0.00142494

0,True,False,0.02,0.2,Rot0,0,0,-0.015,0.00142494

0,True,False,0.02,0.2,Rot0,0,0,-0.015,0.00142494

0,True,False,0.02,0.2,Rot0,0,0,-0.015,0.00142494

0,True,False,0.02,0.2,Rot0,0,0,-0.015,0.00142494

0,True,False,0.02,0.2,Rot0,0,0,-0.015,0.00142494

0,True,False,0.02,0.2,Rot0,0,0,-0.015,0.00142494

0,True,False,0.02,0.2,Rot0,0,0,-0.015,0.00142494

0,True,False,0.02,0.2,Rot0,0,0,-0.015,0.00142494

0,True,False,0.02,0.2,Rot0,0,0,-0.015,0.00142494

0,True,False,0.02,0.2,Rot0,0,0,-0.015,0.00142494

0,True,False,0.02,0.2,Rot0,0,0,-0.015,0.00142494

0,True,False,0.02,0.2,Rot0,0,0,-0.015,0.00142494

0,True,False,0.02,0.2,Rot0,0,0,-0.015,0.00142494

0,True,False,0.02,0.2,Rot0,0,0,-0.015,0.00142494

0,True,False,0.02,0.2,Rot0,0,0,-0.015,0.00142494

0,True,False,0.02,0.2,Rot0,0,0,-0.015,0.00142494

0,True,False,0.02,0.2,Rot0,0,0,-0.015,0.00142494

0,True,False,0.02,0.2,Rot0,0,0,-0.015,0.00142494

0,True,False,0.02,0.2,Rot0,0,0,-0.015,0.00142494

0,True,False,0.02,0.2,Rot0,0,0,-0.015,0.00142494

0,True,False,0.02,0.2,Rot0,0,0,-0.015,0.00142494

0,True,False,0.02,0.2,Rot0,0,0,-0.015,0.00142494

0,True,False,0.02,0.2,Rot0,0,0,-0.015,0.00142494

0,True,False,0.02,0.2,Rot0,0,0,-0.015,0.00142494

0,True,False,0.02,0.2,Rot0,0,0,-0.015,0.00142494

0,True,False,0.02,0.2,Rot0,0,0,-0.015,0.00142494

0,True,False,0.02,0.2,Rot0,0,0,-0.015,0.00142494

0,True,False,0.02,0.2,Rot0,0,0,-0.015,0.00142494

0,True,False,0.02,0.2,Rot0,0,0,-0.015,0.00142494

0,True,False,0.02,0.2,Rot0,0,0,-0.015,0.00142494

0,True,False,0.02,0.2,Rot0,0,0,-0.015,0.00142494

0,True,False,0.02,0.2,Rot0,0,0,-0.015,0.00142494

0,True,False,0.02,0.2,Rot0,0,0,-0.015,0.00142494

0,True,False,0.02,0.2,Rot0,0,0,-0.015,0.00142494

0,True,False,0.02,0.2,Rot0,0,0,-0.015,0.00142494

0,True,False,0.02,0.2,Rot0,0,0,-0.015,0.00142494

0,True,False,0.02,0.2,Rot0,0,0,-0.015,0.00142494

0,True,False,0.02,0.2,Rot0,0,0,-0.015,0.00142494

0,True,False,0.02,0.2,Rot0,0,0,-0.015,0.00142494

0,True,False,0.02,0.2,Rot0,0,0,-0.015,0.00142494

0,True,False,0.02,0.2,Rot0,0,0,-0.015,0.00142494

0,True,False,0.02,0.2,Rot0,0,0,-0.015,0.00142494

0,True,False,0.02,0.2,Rot0,0,0,-0.015,0.00142494

0,True,False,0.02,0.2,Rot0,0,0,-0.015,0.00142494

0,True,False,0.02,0.2,Rot0,0,0,-0.015,0.00142494

0,True,False,0.02,0.2,Rot0,0,0,-0.015,0.00142494

0,True,False,0.02,0.2,Rot0,0,0,-0.015,0.00142494

0,True,False,0.02,0.2,Rot0,0,0,-0.015,0.00142494

0,True,False,0.02,0.2,Rot0,0,0,-0.015,0.00142494

0,True,False,0.02,0.2,Rot0,0,0,-0.015,0.00142494

0,True,False,0.02,0.2,Rot0,0,0,-0.015,0.00142494

0,True,False,0.02,0.2,Rot0,0,0,-0.015,0.00142494

0,True,False,0.02,0.2,Rot0,0,0,-0.015,0.00142494

0,True,False,0.02,0.2,Rot0,0,0,-0.015,0.00142494

0,True,False,0.02,0.2,Rot0,0,0,-0.015,0.00142494

0,True,False,0.02,0.2,Rot0,0,0,-0.015,0.00142494

0,True,False,0.02,0.2,Rot0,0,0,-0.015,0.00142494

0,True,False,0.02,0.2,Rot0,0,0,-0.015,0.00142494

0,True,False,0.02,0.2,Rot0,0,0,-0.015,0.00142494

0,True,False,0.02,0.2,Rot0,0,0,-0.015,0.00142494

0,True,False,0.02,0.2,Rot0,0,0,-0.015,0.00142494

0,True,False,0.02,0.2,Rot0,0,0,-0.015,0.00142494

0,True,False,0.02,0.2,Rot0,0,0,-0.015,0.00142494

0,True,False,0.02,0.2,Rot0,0,0,-0.015,0.00142494

0,True,False,0.02,0.2,Rot0,0,0,-0.015,0.00142494

0,True,False,0.02,0.2,Rot0,0,0,-0.015,0.00142494

0,True,False,0.02,0.2,Rot0,0,0,-0.015,0.00142494

0,True,False,0.02,0.2,Rot0,0,0,-0.015,0.00142494

0,True,False,0.02,0.2,Rot0,0,0,-0.015,0.00142494

0,True,False,0.02,0.2,Rot0,0,0,-0.015,0.00142494

0,True,False,0.02,0.2,Rot0,0,0,-0.015,0.00142494

0,True,False,0.02,0.2,Rot0,0,0,-0.015,0.00142494

0,True,False,0.02,0.2,Rot0,0,0,-0.015,0.00142494

0,True,False,0.02,0.2,Rot0,0,0,-0.015,0.00142494

0,True,False,0.02,0.2,Rot0,0,0,-0.015,0.00142494

0,True,False,0.02,0.2,Rot0,0,0,-0.015,0.00142494

0,True,False,0.02,0.2,Rot0,0,0,-0.015,0.00142494

0,True,False,0.02,0.2,Rot0,0,0,-0.015,0.00142494

0,True,False,0.02,0.2,Rot0,0,0,-0.015,0.00142494

0,True,False,0.02,0.2,Rot0,0,0,-0.015,0.00142494

0,True,False,0.02,0.2,Rot0,0,0,-0.015,0.00142494

0,True,False,0.02,0.2,Rot0,0,0,-0.015,0.00142494

0,True,False,0.02,0.2,Rot0,0,0,-0.015,0.00142494

0,True,False,0.02,0.2,Rot0,0,0,-0.015,0.00142494

0,True,False,0.02,0.2,Rot0,0,0,-0.015,0.00142494

0,True,False,0.02,0.2,Rot0,0,0,-0.015,0.00142494

0,True,False,0.02,0.2,Rot0,0,0,-0.015,0.00142494

0,True,False,0.02,0.2,Rot0,0,0,-0.015,0.00142494

0,True,False,0.02,0.2,Rot0,0,0,-0.015,0.00142494

0,True,False,0.02,0.2,Rot0,0,0,-0.015,0.00142494

0,True,False,0.02,0.2,Rot0,0,0,-0.015,0.00142494

0,True,False,0.02,0.2,Rot0,0,0,-0.015,0.00142494

0,True,False,0.02,0.2,Rot0,0,0,-0.015,0.00142494

0,True,False,0.02,0.2,Rot0,0,0,-0.015,0.00142494

0,True,False,0.02,0.2,Rot0,0,0,-0.015,0.00142494

0,True,False,0.02,0.2,Rot0,0,0,-0.015,0.00142494

0,True,False,0.02,0.2,Rot0,0,0,-0.015,0.00142494

0,True,False,0.02,0.2,Rot0,0,0,-0.015,0.00142494

0,True,False,0.02,0.2,Rot0,0,0,-0.015,0.00142494

0,True,False,0.02,0.2,Rot0,0,0,-0.015,0.00142494

0,True,False,0.02,0.2,Rot0,0,0,-0.015,0.00142494

0,True,False,0.02,0.2,Rot0,0,0,-0.015,0.00142494

0,True,False,0.02,0.2,Rot0,0,0,-0.015,0.00142494

0,True,False,0.02,0.2,Rot0,0,0,-0.015,0.00142494

0,True,False,0.02,0.2,Rot0,0,0,-0.015,0.00142494

0,True,False,0.02,0.2,Rot0,0,0,-0.015,0.00142494

0,True,False,0.02,0.2,Rot0,0,0,-0.015,0.00142494

0,True,False,0.02,0.2,Rot0,0,0,-0.015,0.00142494

0,True,False,0.02,0.2,Rot0,0,0,-0.015,0.00142494

0,True,False,0.02,0.2,Rot0,0,0,-0.015,0.00142494

0,True,False,0.02,0.2,Rot0,0,0,-0.015,0.00142494

0,True,False,0.02,0.2,Rot0,0,0,-0.015,0.00142494

0,True,False,0.02,0.2,Rot0,0,0,-0.015,0.00142494

0,True,False,0.02,0.2,Rot0,0,0,-0.015,0.00142494

0,True,False,0.02,0.2,Rot0,0,0,-0.015,0.00142494

0,True,False,0.02,0.2,Rot0,0,0,-0.015,0.00142494

0,True,False,0.02,0.2,Rot0,0,0,-0.015,0.00142494

0,True,False,0.02,0.2,Rot0,0,0,-0.015,0.00142494

0,True,False,0.02,0.2,Rot0,0,0,-0.015,0.00142494

0,True,False,0.02,0.2,Rot0,0,0,-0.015,0.00142494

0,True,False,0.02,0.2,Rot0,0,0,-0.015,0.00142494

0,True,False,0.02,0.2,Rot0,0,0,-0.015,0.00142494

0,True,False,0.02,0.2,Rot0,0,0,-0.015,0.00142494

0,True,False,0.02,0.2,Rot0,0,0,-0.015,0.00142494

0,True,False,0.02,0.2,Rot0,0,0,-0.015,0.00142494

0,True,False,0.02,0.2,Rot0,0,0,-0.015,0.00142494

0,True,False,0.02,0.2,Rot0,0,0,-0.015,0.00142494

0,True,False,0.02,0.2,Rot0,0,0,-0.015,0.00142494

0,True,False,0.02,0.2,Rot0,0,0,-0.015,0.00142494

0,True,False,0.02,0.2,Rot0,0,0,-0.015,0.00142494

0,True,False,0.02,0.2,Rot0,0,0,-0.015,0.00142494

0,True,False,0.02,0.2,Rot0,0,0,-0.015,0.00142494

0,True,False,0.02,0.2,Rot0,0,0,-0.015,0.00142494

0,True,False,0.02,0.2,Rot0,0,0,-0.015,0.00142494

0,True,False,0.02,0.2,Rot0,0,0,-0.015,0.00142494

0,True,False,0.02,0.2,Rot0,0,0,-0.015,0.00142494

0,True,False,0.02,0.2,Rot0,0,0,-0.015,0.00142494

0,True,False,0.02,0.2,Rot0,0,0,-0.015,0.00142494

0,True,False,0.02,0.2,Rot0,0,0,-0.015,0.00142494

0,True,False,0.02,0.2,Rot0,0,0,-0.015,0.00142494

0,True,False,0.02,0.2,Rot0,0,0,-0.015,0.00142494

0,True,False,0.02,0.2,Rot0,0,0,-0.015,0.00142494

0,True,False,0.02,0.2,Rot0,0,0,-0.015,0.00142494

0,True,False,0.02,0.2,Rot0,0,0,-0.015,0.00142494

0,True,False,0.02,0.2,Rot0,0,0,-0.015,0.00142494

0,True,False,0.02,0.2,Rot0,0,0,-0.015,0.00142494

0,True,False,0.02,0.2,Rot0,0,0,-0.015,0.00142494

0,True,False,0.02,0.2,Rot0,0,0,-0.015,0.00142494

0,True,False,0.02,0.2,Rot0,0,0,-0.015,0.00142494

0,True,False,0.02,0.2,Rot0,0,0,-0.015,0.00142494

0,True,False,0.02,0.2,Rot0,0,0,-0.015,0.00142494

0,True,False,0.02,0.2,Rot0,0,0,-0.015,0.00142494

0,True,False,0.02,0.2,Rot0,0,0,-0.015,0.00142494

0,True,False,0.02,0.2,Rot0,0,0,-0.015,0.00142494

0,True,False,0.02,0.2,Rot0,0,0,-0.015,0.00142494

0,True,False,0.02,0.2,Rot0,0,0,-0.015,0.00142494

0,True,False,0.02,0.2,Rot0,0,0,-0.015,0.00142494

0,True,False,0.02,0.2,Rot0,0,0,-0.015,0.00142494

0,True,False,0.02,0.2,Rot0,0,0,-0.015,0.00142494

0,True,False,0.02,0.2,Rot0,0,0,-0.015,0.00142494

0,True,False,0.02,0.2,Rot0,0,0,-0.015,0.00142494

0,True,False,0.02,0.2,Rot0,0,0,-0.015,0.00142494

0,True,False,0.02,0.2,Rot0,0,0,-0.015,0.00142494

0,True,False,0.02,0.2,Rot0,0,0,-0.015,0.00142494

0,True,False,0.02,0.2,Rot0,0,0,-0.015,0.00142494

0,True,False,0.02,0.2,Rot0,0,0,-0.015,0.00142494

0,True,False,0.02,0.2,Rot0,0,0,-0.015,0.00142494

0,True,False,0.02,0.2,Rot0,0,0,-0.015,0.00142494

0,True,False,0.02,0.2,Rot0,0,0,-0.015,0.00142494

0,True,False,0.02,0.2,Rot0,0,0,-0.015,0.00142494

0,True,False,0.02,0.2,Rot0,0,0,-0.015,0.00142494

0,True,False,0.02,0.2,Rot0,0,0,-0.015,0.00142494

0,True,False,0.02,0.2,Rot0,0,0,-0.015,0.00142494

0,True,False,0.02,0.2,Rot0,0,0,-0.015,0.00142494

0,True,False,0.02,0.2,Rot0,0,0,-0.015,0.00142494

0,True,False,0.02,0.2,Rot0,0,0,-0.015,0.00142494

0,True,False,0.02,0.2,Rot0,0,0,-0.015,0.00142494

0,True,False,0.02,0.2,Rot0,0,0,-0.015,0.00142494

0,True,False,0.02,0.2,Rot0,0,0,-0.015,0.00142494

0,True,False,0.02,0.2,Rot0,0,0,-0.015,0.00142494

0,True,False,0.02,0.2,Rot0,0,0,-0.015,0.00142494

0,True,False,0.02,0.2,Rot0,0,0,-0.015,0.00142494

0,True,False,0.02,0.2,Rot0,0,0,-0.015,0.00142494

0,True,False,0.02,0.2,Rot0,0,0,-0.015,0.00142494

0,True,False,0.02,0.2,Rot0,0,0,-0.015,0.00142494

0,True,False,0.02,0.2,Rot0,0,0,-0.015,0.00142494

0,True,False,0.02,0.2,Rot0,0,0,-0.015,0.00142494

0,True,False,0.02,0.2,Rot0,0,0,-0.015,0.00142494

0,True,False,0.02,0.2,Rot0,0,0,-0.015,0.00142494

0,True,False,0.02,0.2,Rot0,0,0,-0.015,0.00142494

0,True,False,0.02,0.2,Rot0,0,0,-0.015,0.00142494

0,True,False,0.02,0.2,Rot0,0,0,-0.015,0.00142494

0,True,False,0.02,0.2,Rot0,0,0,-0.015,0.00142494

0,True,False,0.02,0.2,Rot0,0,0,-0.015,0.00142494

0,True,False,0.02,0.2,Rot0,0,0,-0.015,0.00142494

0,True,False,0.02,0.2,Rot0,0,0,-0.015,0.00142494

0,True,False,0.02,0.2,Rot0,0,0,-0.015,0.00142494

0,True,False,0.02,0.2,Rot0,0,0,-0.015,0.00142494

0,True,False,0.02,0.2,Rot0,0,0,-0.015,0.00142494

0,True,False,0.02,0.2,Rot0,0,0,-0.015,0.00142494

0,True,False,0.02,0.2,Rot0,0,0,-0.015,0.00142494

0,True,False,0.02,0.2,Rot0,0,0,-0.015,0.00142494

0,True,False,0.02,0.2,Rot0,0,0,-0.015,0.00142494

0,True,False,0.02,0.2,Rot0,0,0,-0.015,0.00142494

0,True,False,0.02,0.2,Rot0,0,0,-0.015,0.00142494

0,True,False,0.02,0.2,Rot0,0,0,-0.015,0.00142494

0,True,False,0.02,0.2,Rot0,0,0,-0.015,0.00142494

0,True,False,0.02,0.2,Rot0,0,0,-0.015,0.00142494

0,True,False,0.02,0.2,Rot0,0,0,-0.015,0.00142494

0,True,False,0.02,0.2,Rot0,0,0,-0.015,0.00142494

0,True,False,0.02,0.2,Rot0,0,0,-0.015,0.00142494

0,True,False,0.02,0.2,Rot0,0,0,-0.015,0.00142494

0,True,False,0.02,0.2,Rot0,0,0,-0.015,0.00142494

0,True,False,0.02,0.2,Rot0,0,0,-0.015,0.00142494

0,True,False,0.02,0.2,Rot0,0,0,-0.015,0.00142494

0,True,False,0.02,0.2,Rot0,0,0,-0.015,0.00142494

0,True,False,0.02,0.2,Rot0,0,0,-0.015,0.00142494

0,True,False,0.02,0.2,Rot0,0,0,-0.015,0.00142494

0,True,False,0.02,0.2,Rot0,0,0,-0.015,0.00142494

0,True,False,0.02,0.2,Rot0,0,0,-0.015,0.00142494

0,True,False,0.02,0.2,Rot0,0,0,-0.015,0.00142494

0,True,False,0.02,0.2,Rot0,0,0,-0.015,0.00142494

0,True,False,0.02,0.2,Rot0,0,0,-0.015,0.00142494

0,True,False,0.02,0.2,Rot0,0,0,-0.015,0.00142494

0,True,False,0.02,0.2,Rot0,0,0,-0.015,0.00142494

0,True,False,0.02,0.2,Rot0,0,0,-0.015,0.00142494

0,True,False,0.02,0.2,Rot0,0,0,-0.015,0.00142494

0,True,False,0.02,0.2,Rot0,0,0,-0.015,0.00142494

0,True,False,0.02,0.2,Rot0,0,0,-0.015,0.00142494

0,True,False,0.02,0.2,Rot0,0,0,-0.015,0.00142494

0,True,False,0.02,0.2,Rot0,0,0,-0.015,0.00142494

0,True,False,0.02,0.2,Rot0,0,0,-0.015,0.00142494

0,True,False,0.02,0.2,Rot0,0,0,-0.015,0.00142494

0,True,False,0.02,0.2,Rot0,0,0,-0.015,0.00142494

0,True,False,0.02,0.2,Rot0,0,0,-0.015,0.00142494

0,True,False,0.02,0.2,Rot0,0,0,-0.015,0.00142494

0,True,False,0.02,0.2,Rot0,0,0,-0.015,0.00142494

0,True,False,0.02,0.2,Rot0,0,0,-0.015,0.00142494

0,True,False,0.02,0.2,Rot0,0,0,-0.015,0.00142494

0,True,False,0.02,0.2,Rot0,0,0,-0.015,0.00142494

0,True,False,0.02,0.2,Rot0,0,0,-0.015,0.00142494

0,True,False,0.02,0.2,Rot0,0,0,-0.015,0.00142494

0,True,False,0.02,0.2,Rot0,0,0,-0.015,0.00142494

0,True,False,0.02,0.2,Rot0,0,0,-0.015,0.00142494

0,True,False,0.02,0.2,Rot0,0,0,-0.015,0.00142494

0,True,False,0.02,0.2,Rot0,0,0,-0.015,0.00142494

0,True,False,0.02,0.2,Rot0,0,0,-0.015,0.00142494

0,True,False,0.02,0.2,Rot0,0,0,-0.015,0.00142494

0,True,False,0.02,0.2,Rot0,0,0,-0.015,0.00142494

0,True,False,0.02,0.2,Rot0,0,0,-0.015,0.00142494

0,True,False,0.02,0.2,Rot0,0,0,-0.015,0.00142494

0,True,False,0.02,0.2,Rot0,0,0,-0.015,0.00142494

0,True,False,0.02,0.2,Rot0,0,0,-0.015,0.00142494

0,True,False,0.02,0.2,Rot0,0,0,-0.015,0.00142494

0,True,False,0.02,0.2,Rot0,0,0,-0.015,0.00142494

0,True,False,0.02,0.2,Rot0,0,0,-0.015,0.00142494

0,True,False,0.02,0.2,Rot0,0,0,-0.015,0.00142494

0,True,False,0.02,0.2,Rot0,0,0,-0.015,0.00142494

0,True,False,0.02,0.2,Rot0,0,0,-0.015,0.00142494

0,True,False,0.02,0.2,Rot0,0,0,-0.015,0.00142494

0,True,False,0.02,0.2,Rot0,0,0,-0.015,0.00142494

0,True,False,0.02,0.2,Rot0,0,0,-0.015,0.00142494

0,True,False,0.02,0.2,Rot0,0,0,-0.015,0.00142494

0,True,False,0.02,0.2,Rot0,0,0,-0.015,0.00142494

0,True,False,0.02,0.2,Rot0,0,0,-0.015,0.00142494

0,True,False,0.02,0.2,Rot0,0,0,-0.015,0.00142494

0,True,False,0.02,0.2,Rot0,0,0,-0.015,0.00142494

0,True,False,0.02,0.2,Rot0,0,0,-0.015,0.00142494

0,True,False,0.02,0.2,Rot0,0,0,-0.015,0.00142494

0,True,False,0.02,0.2,Rot0,0,0,-0.015,0.00142494

0,True,False,0.02,0.2,Rot0,0,0,-0.015,0.00142494

0,True,False,0.02,0.2,Rot0,0,0,-0.015,0.00142494

0,True,False,0.02,0.2,Rot0,0,0,-0.015,0.00142494

0,True,False,0.02,0.2,Rot0,0,0,-0.015,0.00142494

0,True,False,0.02,0.2,Rot0,0,0,-0.015,0.00142494

0,True,False,0.02,0.2,Rot0,0,0,-0.015,0.00142494

0,True,False,0.02,0.2,Rot0,0,0,-0.015,0.00142494

0,True,False,0.02,0.2,Rot0,0,0,-0.015,0.00142494

0,True,False,0.02,0.2,Rot0,0,0,-0.015,0.00142494

0,True,False,0.02,0.2,Rot0,0,0,-0.015,0.00142494

0,True,False,0.02,0.2,Rot0,0,0,-0.015,0.00142494

0,True,False,0.02,0.2,Rot0,0,0,-0.015,0.001424969

0,True,False,0.02,0.2,Rot0,0,0,-0.015,0.001195998

0,True,False,0.02,0.2,Rot0,0,0,-0.01498696,-0.001430809

0,True,False,0.02,0.2,Rot0,0,0,-0.01480283,-0.004179836

0,True,False,0.02,0.2,Rot0,0,0,-0.014485,-0.005083919

0,True,False,0.02,0.2,Rot0,0,0,-0.01431262,-0.005102098

0,True,False,0.02,0.2,Rot0,0,0,-0.01422397,-0.004484832

0,True,False,0.02,0.2,Rot0,0,0,-0.0137767,-0.004378736

0,True,False,0.02,0.2,Rot0,0,0,-0.01328163,-0.004211277

0,True,False,0.02,0.2,Rot0,0,0,-0.01311564,-0.004168839

0,True,False,0.02,0.2,Rot0,0,0,-0.01301104,-0.004095018

0,True,False,0.02,0.2,Rot0,0,0,-0.01313903,-0.003627599

0,True,False,0.02,0.2,Rot0,0,0,-0.01328818,-0.003214479

0,True,False,0.02,0.2,Rot0,0,0,-0.0134457,-0.00284788

0,True,False,0.02,0.2,Rot0,0,0,-0.01305875,-0.00241071

0,True,False,0.02,0.2,Rot0,0,0,-0.01280475,-0.002302438

0,True,False,0.02,0.2,Rot0,0,0,-0.01259336,-0.00210762

0,True,False,0.02,0.2,Rot0,0,0,-0.01221101,-0.002029389

0,True,False,0.02,0.2,Rot0,0,0,-0.01132016,-0.00167802

0,True,False,0.02,0.2,Rot0,0,0,-0.01039721,-0.001506001

0,True,False,0.02,0.2,Rot0,0,0,-0.009600852,-0.001245439

0,True,False,0.02,0.2,Rot0,0,0,-0.00875522,-0.0009310842

0,True,False,0.02,0.2,Rot0,0,0,-0.007838929,-0.0004813669

0,True,False,0.02,0.2,Rot0,0,0,-0.007207258,0.0001103879

0,True,False,0.02,0.2,Rot0,0,0,-0.00667861,0.0006611051

0,True,False,0.02,0.2,Rot0,0,0,-0.006154298,0.001239896

0,True,False,0.02,0.2,Rot0,0,0,-0.006036803,0.002022326

0,True,False,0.02,0.2,Rot0,0,0,-0.006036892,0.002022207

0,True,False,0.02,0.2,Rot0,0,0,-0.005878098,0.004015744

0,True,False,0.02,0.2,Rot0,0,0,-0.005902387,0.005146087

0,True,False,0.02,0.2,Rot0,0,0,-0.005906066,0.005799116

0,True,False,0.02,0.2,Rot0,0,0,-0.005375891,0.004983128

0,True,False,0.02,0.2,Rot0,0,0,-0.004878722,0.004339636

0,True,False,0.02,0.2,Rot0,0,0,-0.004399432,0.003834695

0,True,False,0.02,0.2,Rot0,0,0,-0.004183313,0.003632784

0,True,False,0.02,0.2,Rot0,0,0,-0.003939162,0.003453464

0,True,False,0.02,0.2,Rot0,0,0,-0.003916833,0.003691584

0,True,False,0.02,0.2,Rot0,0,0,-0.003896902,0.004136444

0,True,False,0.02,0.2,Rot0,0,0,-0.003788747,0.00485772

0,True,False,0.02,0.2,Rot0,0,0,-0.003671123,0.005514831

0,True,False,0.02,0.2,Rot0,0,0,-0.003432597,0.005139441

0,True,False,0.02,0.2,Rot0,0,0,-0.002842571,0.004208893

0,True,False,0.02,0.2,Rot0,0,0,-0.002649678,0.00378716

0,True,False,0.02,0.2,Rot0,0,0,-0.002457822,0.004154414

0,True,False,0.02,0.2,Rot0,0,0,-0.002075667,0.004544795

0,True,False,0.02,0.2,Rot0,0,0,-0.001429386,0.004365087

