PID,taskType,rightHanded,width,length,rotation,execType,trialRep,PositionX,PositionY
0,True,False,0.02,0.2,Rot2,0,0,-0.001919996,-0.002194077

0,True,False,0.02,0.2,Rot2,0,0,-0.002068359,-0.003392339

0,True,False,0.02,0.2,Rot2,0,0,-0.002265464,-0.004481227

0,True,False,0.02,0.2,Rot2,0,0,-0.002387102,-0.005421937

0,True,False,0.02,0.2,Rot2,0,0,-0.00255173,-0.006296665

0,True,False,0.02,0.2,Rot2,0,0,-0.002512365,-0.006212355

0,True,False,0.02,0.2,Rot2,0,0,-0.002495601,-0.006112219

0,True,False,0.02,0.2,Rot2,0,0,-0.002541631,-0.005666615

0,True,False,0.02,0.2,Rot2,0,0,-0.002671834,-0.004902066

0,True,False,0.02,0.2,Rot2,0,0,-0.002909812,-0.004452915

0,True,False,0.02,0.2,Rot2,0,0,-0.003116022,-0.004064978

0,True,False,0.02,0.2,Rot2,0,0,-0.002989139,-0.003650011

0,True,False,0.02,0.2,Rot2,0,0,-0.00294714,-0.00310728

0,True,False,0.02,0.2,Rot2,0,0,-0.002823337,-0.002762736

0,True,False,0.02,0.2,Rot2,0,0,-0.002692781,-0.002389521

0,True,False,0.02,0.2,Rot2,0,0,-0.002581756,-0.001834661

0,True,False,0.02,0.2,Rot2,0,0,-0.00262842,-0.00101316

0,True,False,0.02,0.2,Rot2,0,0,-0.002615184,0.0001560744

0,True,False,0.02,0.2,Rot2,0,0,-0.002495926,0.001218408

0,True,False,0.02,0.2,Rot2,0,0,-0.002468858,0.002415091

0,True,False,0.02,0.2,Rot2,0,0,-0.002535276,0.003222138

0,True,False,0.02,0.2,Rot2,0,0,-0.002077074,0.004535586

0,True,False,0.02,0.2,Rot2,0,0,-0.001642783,0.005636067

0,True,False,0.02,0.2,Rot2,0,0,-0.001241223,0.006590784

0,True,False,0.02,0.2,Rot2,0,0,-0.000878536,0.006850512

0,True,False,0.02,0.2,Rot2,0,0,-0.0005620318,0.007094712

0,True,False,0.02,0.2,Rot2,0,0,-0.0004980274,0.007278145

0,True,False,0.02,0.2,Rot2,0,0,-0.0004542815,0.007451327

0,True,False,0.02,0.2,Rot2,0,0,-0.0003968858,0.007583977

0,True,False,0.02,0.2,Rot2,0,0,-0.0003376092,0.007718713

0,True,False,0.02,0.2,Rot2,0,0,-0.0001117148,0.007960142

0,True,False,0.02,0.2,Rot2,0,0,5.499908E-05,0.008198918

0,True,False,0.02,0.2,Rot2,0,0,0.0001639752,0.008342356

0,True,False,0.02,0.2,Rot2,0,0,0.0002593983,0.008469702

0,True,False,0.02,0.2,Rot2,0,0,0.0005681096,0.008614481

0,True,False,0.02,0.2,Rot2,0,0,0.0007321599,0.008692057

0,True,False,0.02,0.2,Rot2,0,0,0.0009536138,0.008870424

0,True,False,0.02,0.2,Rot2,0,0,0.001209522,0.00908199

0,True,False,0.02,0.2,Rot2,0,0,0.001489329,0.009318442

0,True,False,0.02,0.2,Rot2,0,0,0.001536457,0.009341688

0,True,False,0.02,0.2,Rot2,0,0,0.00176873,0.009343029

0,True,False,0.02,0.2,Rot2,0,0,0.002019073,0.009152741

0,True,False,0.02,0.2,Rot2,0,0,0.002153105,0.008942516

0,True,False,0.02,0.2,Rot2,0,0,0.00227373,0.008736015

0,True,False,0.02,0.2,Rot2,0,0,0.002436048,0.008579166

0,True,False,0.02,0.2,Rot2,0,0,0.002638153,0.008340479

0,True,False,0.02,0.2,Rot2,0,0,0.002732384,0.008197964

0,True,False,0.02,0.2,Rot2,0,0,0.002814478,0.008055688

0,True,False,0.02,0.2,Rot2,0,0,0.002893823,0.007910461

0,True,False,0.02,0.2,Rot2,0,0,0.002963847,0.007841201

0,True,False,0.02,0.2,Rot2,0,0,0.003184664,0.007545234

0,True,False,0.02,0.2,Rot2,0,0,0.003321758,0.007355513

0,True,False,0.02,0.2,Rot2,0,0,0.003450076,0.007310094

0,True,False,0.02,0.2,Rot2,0,0,0.003577682,0.007266463

0,True,False,0.02,0.2,Rot2,0,0,0.003846812,0.007058115

0,True,False,0.02,0.2,Rot2,0,0,0.004052005,0.006907822

0,True,False,0.02,0.2,Rot2,0,0,0.004226147,0.006917836

0,True,False,0.02,0.2,Rot2,0,0,0.00440476,0.006934197

0,True,False,0.02,0.2,Rot2,0,0,0.004548597,0.00700757

0,True,False,0.02,0.2,Rot2,0,0,0.004695511,0.007091136

0,True,False,0.02,0.2,Rot2,0,0,0.004885538,0.007179202

0,True,False,0.02,0.2,Rot2,0,0,0.005213342,0.00738758

0,True,False,0.02,0.2,Rot2,0,0,0.005528322,0.007605673

0,True,False,0.02,0.2,Rot2,0,0,0.005800764,0.007830294

0,True,False,0.02,0.2,Rot2,0,0,0.005699775,0.007883253

0,True,False,0.02,0.2,Rot2,0,0,0.005620076,0.007917317

0,True,False,0.02,0.2,Rot2,0,0,0.005438915,0.007988455

0,True,False,0.02,0.2,Rot2,0,0,0.005341376,0.008024188

0,True,False,0.02,0.2,Rot2,0,0,0.005245778,0.008097233

0,True,False,0.02,0.2,Rot2,0,0,0.005146115,0.008173527

0,True,False,0.02,0.2,Rot2,0,0,0.004948254,0.008226009

0,True,False,0.02,0.2,Rot2,0,0,0.004537026,0.008217337

0,True,False,0.02,0.2,Rot2,0,0,0.004323847,0.008207889

0,True,False,0.02,0.2,Rot2,0,0,0.004102687,0.008194031

0,True,False,0.02,0.2,Rot2,0,0,0.003836903,0.008183897

0,True,False,0.02,0.2,Rot2,0,0,0.003595146,0.008165808

0,True,False,0.02,0.2,Rot2,0,0,0.003089334,0.008106858

0,True,False,0.02,0.2,Rot2,0,0,0.002792964,0.007996262

0,True,False,0.02,0.2,Rot2,0,0,0.002492367,0.007880361

0,True,False,0.02,0.2,Rot2,0,0,0.002186126,0.007756622

0,True,False,0.02,0.2,Rot2,0,0,0.001953672,0.007674188

0,True,False,0.02,0.2,Rot2,0,0,0.001528392,0.007581295

0,True,False,0.02,0.2,Rot2,0,0,0.001093323,0.007484705

0,True,False,0.02,0.2,Rot2,0,0,0.001001562,0.007498563

0,True,False,0.02,0.2,Rot2,0,0,0.0009178623,0.007515521

0,True,False,0.02,0.2,Rot2,0,0,0.0007348051,0.007469446

0,True,False,0.02,0.2,Rot2,0,0,0.0005519121,0.007423163

0,True,False,0.02,0.2,Rot2,0,0,0.0003722933,0.007364036

0,True,False,0.02,0.2,Rot2,0,0,0.0001919411,0.007303924

0,True,False,0.02,0.2,Rot2,0,0,1.140959E-05,0.007243157

0,True,False,0.02,0.2,Rot2,0,0,-0.0003033213,0.007146508

0,True,False,0.02,0.2,Rot2,0,0,-0.0009070458,0.006895036

0,True,False,0.02,0.2,Rot2,0,0,-0.001348206,0.006698102

0,True,False,0.02,0.2,Rot2,0,0,-0.001819429,0.006481946

0,True,False,0.02,0.2,Rot2,0,0,-0.002404839,0.006296516

0,True,False,0.02,0.2,Rot2,0,0,-0.003090666,0.006129027

0,True,False,0.02,0.2,Rot2,0,0,-0.003873707,0.00600341

0,True,False,0.02,0.2,Rot2,0,0,-0.004930661,0.005696446

0,True,False,0.02,0.2,Rot2,0,0,-0.005986989,0.005392432

0,True,False,0.02,0.2,Rot2,0,0,-0.006537907,0.005182594

0,True,False,0.02,0.2,Rot2,0,0,-0.007099152,0.00504306

0,True,False,0.02,0.2,Rot2,0,0,-0.007835888,0.004655182

0,True,False,0.02,0.2,Rot2,0,0,-0.0086211,0.004242718

0,True,False,0.02,0.2,Rot2,0,0,-0.009414655,0.003827661

0,True,False,0.02,0.2,Rot2,0,0,-0.009704586,0.003548055

0,True,False,0.02,0.2,Rot2,0,0,-0.01003197,0.003324031

0,True,False,0.02,0.2,Rot2,0,0,-0.01042897,0.002999424

0,True,False,0.02,0.2,Rot2,0,0,-0.01059946,0.002887367

0,True,False,0.02,0.2,Rot2,0,0,-0.01074579,0.002786993

0,True,False,0.02,0.2,Rot2,0,0,-0.0108433,0.002773761

0,True,False,0.02,0.2,Rot2,0,0,-0.01099019,0.002784788

0,True,False,0.02,0.2,Rot2,0,0,-0.01102972,0.00272405

0,True,False,0.02,0.2,Rot2,0,0,-0.0110619,0.002663671

0,True,False,0.02,0.2,Rot2,0,0,-0.0110875,0.002604334

0,True,False,0.02,0.2,Rot2,0,0,-0.01114672,0.002578645

0,True,False,0.02,0.2,Rot2,0,0,-0.01113416,0.002579181

0,True,False,0.02,0.2,Rot2,0,0,-0.01106953,0.002600669

0,True,False,0.02,0.2,Rot2,0,0,-0.01102553,0.002603291

0,True,False,0.02,0.2,Rot2,0,0,-0.01097212,0.00260797

0,True,False,0.02,0.2,Rot2,0,0,-0.01091038,0.002614974

0,True,False,0.02,0.2,Rot2,0,0,-0.01089358,0.002586841

0,True,False,0.02,0.2,Rot2,0,0,-0.01086779,0.002560823

0,True,False,0.02,0.2,Rot2,0,0,-0.01080603,0.002506643

0,True,False,0.02,0.2,Rot2,0,0,-0.01077267,0.002478867

0,True,False,0.02,0.2,Rot2,0,0,-0.01071825,0.002504467

0,True,False,0.02,0.2,Rot2,0,0,-0.01056508,0.002584784

0,True,False,0.02,0.2,Rot2,0,0,-0.01021488,0.00277388

0,True,False,0.02,0.2,Rot2,0,0,-0.009932842,0.002860307

0,True,False,0.02,0.2,Rot2,0,0,-0.009785254,0.00290659

0,True,False,0.02,0.2,Rot2,0,0,-0.009569537,0.002942531

0,True,False,0.02,0.2,Rot2,0,0,-0.009342529,0.002981245

0,True,False,0.02,0.2,Rot2,0,0,-0.009111255,0.002967088

0,True,False,0.02,0.2,Rot2,0,0,-0.008869953,0.002951621

0,True,False,0.02,0.2,Rot2,0,0,-0.008440051,0.002970427

0,True,False,0.02,0.2,Rot2,0,0,-0.007587985,0.003001511

0,True,False,0.02,0.2,Rot2,0,0,-0.006946341,0.003084838

0,True,False,0.02,0.2,Rot2,0,0,-0.00632646,0.003162563

0,True,False,0.02,0.2,Rot2,0,0,-0.005500995,0.003225266

0,True,False,0.02,0.2,Rot2,0,0,-0.004666273,0.003287047

0,True,False,0.02,0.2,Rot2,0,0,-0.003857092,0.003353029

0,True,False,0.02,0.2,Rot2,0,0,-0.002829016,0.003982127

0,True,False,0.02,0.2,Rot2,0,0,-0.002243963,0.004334539

0,True,False,0.02,0.2,Rot2,0,0,-0.001545214,0.004742116

0,True,False,0.02,0.2,Rot2,0,0,-0.0009049147,0.005120367

0,True,False,0.02,0.2,Rot2,0,0,-0.0004806599,0.005474866

0,True,False,0.02,0.2,Rot2,0,0,-0.0005288877,0.005766869

0,True,False,0.02,0.2,Rot2,0,0,-0.0005662522,0.005907566

0,True,False,0.02,0.2,Rot2,0,0,-0.0006754556,0.005932242

0,True,False,0.02,0.2,Rot2,0,0,-0.0007861896,0.005954504

0,True,False,0.02,0.2,Rot2,0,0,-0.0008894511,0.006064028

0,True,False,0.02,0.2,Rot2,0,0,-0.0009930439,0.006176919

0,True,False,0.02,0.2,Rot2,0,0,-0.001082935,0.006201536

0,True,False,0.02,0.2,Rot2,0,0,-0.001177703,0.006221325

0,True,False,0.02,0.2,Rot2,0,0,-0.001277254,0.00623709

0,True,False,0.02,0.2,Rot2,0,0,-0.001391993,0.006297559

0,True,False,0.02,0.2,Rot2,0,0,-0.001330566,0.006417364

0,True,False,0.02,0.2,Rot2,0,0,-0.001292244,0.006477029

0,True,False,0.02,0.2,Rot2,0,0,-0.001244147,0.006612719

0,True,False,0.02,0.2,Rot2,0,0,-0.001189616,0.00675428

0,True,False,0.02,0.2,Rot2,0,0,-0.001124804,0.006798804

0,True,False,0.02,0.2,Rot2,0,0,-0.0007473387,0.007230372

0,True,False,0.02,0.2,Rot2,0,0,-0.0005817125,0.00741467

0,True,False,0.02,0.2,Rot2,0,0,-0.0003978767,0.007620604

0,True,False,0.02,0.2,Rot2,0,0,-0.000118089,0.007875056

0,True,False,0.02,0.2,Rot2,0,0,0.0002342864,0.008195789

0,True,False,0.02,0.2,Rot2,0,0,0.0004664834,0.008482785

0,True,False,0.02,0.2,Rot2,0,0,0.0008139489,0.008874894

0,True,False,0.02,0.2,Rot2,0,0,0.001123502,0.009228409

0,True,False,0.02,0.2,Rot2,0,0,0.001427225,0.009574384

0,True,False,0.02,0.2,Rot2,0,0,0.001760426,0.009906413

0,True,False,0.02,0.2,Rot2,0,0,0.001887104,0.01017419

0,True,False,0.02,0.2,Rot2,0,0,0.001983194,0.01048348

0,True,False,0.02,0.2,Rot2,0,0,0.002080901,0.01074335

0,True,False,0.02,0.2,Rot2,0,0,0.002130004,0.01072613

0,True,False,0.02,0.2,Rot2,0,0,0.002122137,0.01080659

0,True,False,0.02,0.2,Rot2,0,0,0.002085204,0.01098198

0,True,False,0.02,0.2,Rot2,0,0,0.00216491,0.01098195

0,True,False,0.02,0.2,Rot2,0,0,0.002247369,0.01097715

0,True,False,0.02,0.2,Rot2,0,0,0.002332161,0.01096815

0,True,False,0.02,0.2,Rot2,0,0,0.002209286,0.01092062

0,True,False,0.02,0.2,Rot2,0,0,0.002216375,0.01097074

0,True,False,0.02,0.2,Rot2,0,0,0.00224829,0.01108787

0,True,False,0.02,0.2,Rot2,0,0,0.002259063,0.0111408

0,True,False,0.02,0.2,Rot2,0,0,0.002146313,0.01119784

0,True,False,0.02,0.2,Rot2,0,0,0.002085685,0.01128754

0,True,False,0.02,0.2,Rot2,0,0,0.001997339,0.01150659

0,True,False,0.02,0.2,Rot2,0,0,0.001902985,0.01158685

0,True,False,0.02,0.2,Rot2,0,0,0.001811086,0.01162827

0,True,False,0.02,0.2,Rot2,0,0,0.001727163,0.01167709

0,True,False,0.02,0.2,Rot2,0,0,0.001651259,0.01165745

0,True,False,0.02,0.2,Rot2,0,0,0.001482478,0.01167622

0,True,False,0.02,0.2,Rot2,0,0,0.001357818,0.01164076

0,True,False,0.02,0.2,Rot2,0,0,0.001227053,0.01159719

0,True,False,0.02,0.2,Rot2,0,0,0.001071079,0.01150289

0,True,False,0.02,0.2,Rot2,0,0,0.0009078408,0.01139751

0,True,False,0.02,0.2,Rot2,0,0,0.0007073194,0.01127768

0,True,False,0.02,0.2,Rot2,0,0,0.0004023153,0.01127157

0,True,False,0.02,0.2,Rot2,0,0,8.425338E-05,0.01127616

0,True,False,0.02,0.2,Rot2,0,0,-1.781885E-06,0.01123169

0,True,False,0.02,0.2,Rot2,0,0,-8.546712E-05,0.01118901

0,True,False,0.02,0.2,Rot2,0,0,-0.0001561654,0.01121333

0,True,False,0.02,0.2,Rot2,0,0,-0.0002244428,0.01124114

0,True,False,0.02,0.2,Rot2,0,0,-0.0002898176,0.01127222

0,True,False,0.02,0.2,Rot2,0,0,-0.0002828554,0.01121754

0,True,False,0.02,0.2,Rot2,0,0,-0.0003417593,0.01124117

0,True,False,0.02,0.2,Rot2,0,0,-0.0004693397,0.01129776

0,True,False,0.02,0.2,Rot2,0,0,-0.000448813,0.01122382

0,True,False,0.02,0.2,Rot2,0,0,-0.000421682,0.01114607

0,True,False,0.02,0.2,Rot2,0,0,-0.0003894691,0.01106453

0,True,False,0.02,0.2,Rot2,0,0,-0.0003797017,0.01101998

0,True,False,0.02,0.2,Rot2,0,0,-0.0006499563,0.01086193

0,True,False,0.02,0.2,Rot2,0,0,-0.0007188223,0.01069427

0,True,False,0.02,0.2,Rot2,0,0,-0.0007188223,0.01069427

0,True,False,0.02,0.2,Rot2,0,0,-0.0007188223,0.01069427

0,True,False,0.02,0.2,Rot2,0,0,-0.0007188223,0.01069427

0,True,False,0.02,0.2,Rot2,0,0,-0.0007188223,0.01069427

0,True,False,0.02,0.2,Rot2,0,0,-0.0007188223,0.01069427

0,True,False,0.02,0.2,Rot2,0,0,-0.0007188223,0.01069427

0,True,False,0.02,0.2,Rot2,0,0,-0.0007188223,0.01069427

0,True,False,0.02,0.2,Rot2,0,0,-0.0007188223,0.01069427

0,True,False,0.02,0.2,Rot2,0,0,-0.0007188223,0.01069427

0,True,False,0.02,0.2,Rot2,0,0,-0.0007188223,0.01069427

0,True,False,0.02,0.2,Rot2,0,0,-0.0007188223,0.01069427

0,True,False,0.02,0.2,Rot2,0,0,-0.0007188223,0.01069427

0,True,False,0.02,0.2,Rot2,0,0,-0.0007188223,0.01069427

0,True,False,0.02,0.2,Rot2,0,0,-0.0007188223,0.01069427

0,True,False,0.02,0.2,Rot2,0,0,-0.0007188223,0.01069427

0,True,False,0.02,0.2,Rot2,0,0,-0.0007188223,0.01069427

0,True,False,0.02,0.2,Rot2,0,0,-0.0007188223,0.01069427

0,True,False,0.02,0.2,Rot2,0,0,-0.0007188223,0.01069427

0,True,False,0.02,0.2,Rot2,0,0,-0.0007188223,0.01069427

0,True,False,0.02,0.2,Rot2,0,0,-0.0007188223,0.01069427

0,True,False,0.02,0.2,Rot2,0,0,-0.0007188223,0.01069427

0,True,False,0.02,0.2,Rot2,0,0,-0.0007188223,0.01069427

0,True,False,0.02,0.2,Rot2,0,0,-0.0007188223,0.01069427

0,True,False,0.02,0.2,Rot2,0,0,-0.0007188223,0.01069427

0,True,False,0.02,0.2,Rot2,0,0,-0.0007188223,0.01069427

0,True,False,0.02,0.2,Rot2,0,0,-0.0007188223,0.01069427

0,True,False,0.02,0.2,Rot2,0,0,-0.0007188223,0.01069427

0,True,False,0.02,0.2,Rot2,0,0,-0.0007188223,0.01069427

0,True,False,0.02,0.2,Rot2,0,0,-0.0007188223,0.01069427

0,True,False,0.02,0.2,Rot2,0,0,-0.0007188223,0.01069427

0,True,False,0.02,0.2,Rot2,0,0,-0.0007188223,0.01069427

0,True,False,0.02,0.2,Rot2,0,0,-0.0007188223,0.01069427

0,True,False,0.02,0.2,Rot2,0,0,-0.0007188223,0.01069427

0,True,False,0.02,0.2,Rot2,0,0,-0.0007188223,0.01069427

0,True,False,0.02,0.2,Rot2,0,0,-0.0007188223,0.01069427

0,True,False,0.02,0.2,Rot2,0,0,-0.0007188223,0.01069427

0,True,False,0.02,0.2,Rot2,0,0,-0.0007188223,0.01069427

0,True,False,0.02,0.2,Rot2,0,0,-0.0007188223,0.01069427

0,True,False,0.02,0.2,Rot2,0,0,-0.0007188223,0.01069427

0,True,False,0.02,0.2,Rot2,0,0,-0.0007188223,0.01069427

0,True,False,0.02,0.2,Rot2,0,0,-0.0007188223,0.01069427

0,True,False,0.02,0.2,Rot2,0,0,-0.0007188223,0.01069427

0,True,False,0.02,0.2,Rot2,0,0,-0.0007188223,0.01069427

0,True,False,0.02,0.2,Rot2,0,0,-0.0007188223,0.01069427

0,True,False,0.02,0.2,Rot2,0,0,-0.0007188223,0.01069427

0,True,False,0.02,0.2,Rot2,0,0,-0.0007188223,0.01069427

0,True,False,0.02,0.2,Rot2,0,0,-0.0007188223,0.01069427

0,True,False,0.02,0.2,Rot2,0,0,-0.0007188223,0.01069427

0,True,False,0.02,0.2,Rot2,0,0,-0.0007188223,0.01069427

0,True,False,0.02,0.2,Rot2,0,0,-0.0007188223,0.01069427

0,True,False,0.02,0.2,Rot2,0,0,-0.0007188223,0.01069427

0,True,False,0.02,0.2,Rot2,0,0,-0.0007188223,0.01069427

0,True,False,0.02,0.2,Rot2,0,0,-0.0007188223,0.01069427

0,True,False,0.02,0.2,Rot2,0,0,-0.0007188223,0.01069427

0,True,False,0.02,0.2,Rot2,0,0,-0.0007188223,0.01069427

0,True,False,0.02,0.2,Rot2,0,0,-0.0007188223,0.01069427

0,True,False,0.02,0.2,Rot2,0,0,-0.0007188223,0.01069427

0,True,False,0.02,0.2,Rot2,0,0,-0.0007188223,0.01069427

0,True,False,0.02,0.2,Rot2,0,0,-0.0007188223,0.01069427

0,True,False,0.02,0.2,Rot2,0,0,-0.0007188223,0.01069427

0,True,False,0.02,0.2,Rot2,0,0,-0.0007188223,0.01069427

0,True,False,0.02,0.2,Rot2,0,0,-0.0007188223,0.01069427

0,True,False,0.02,0.2,Rot2,0,0,-0.0007188223,0.01069427

0,True,False,0.02,0.2,Rot2,0,0,-0.0007188223,0.01069427

0,True,False,0.02,0.2,Rot2,0,0,-0.0007188223,0.01069427

0,True,False,0.02,0.2,Rot2,0,0,-0.0007188223,0.01069427

0,True,False,0.02,0.2,Rot2,0,0,-0.0007188223,0.01069427

0,True,False,0.02,0.2,Rot2,0,0,-0.0007188223,0.01069427

0,True,False,0.02,0.2,Rot2,0,0,-0.0007188223,0.01069427

0,True,False,0.02,0.2,Rot2,0,0,-0.0007188223,0.01069427

0,True,False,0.02,0.2,Rot2,0,0,-0.0007188223,0.01069427

0,True,False,0.02,0.2,Rot2,0,0,-0.0007188223,0.01069427

0,True,False,0.02,0.2,Rot2,0,0,-0.0007188223,0.01069427

0,True,False,0.02,0.2,Rot2,0,0,-0.0007188223,0.01069427

0,True,False,0.02,0.2,Rot2,0,0,-0.0007188223,0.01069427

0,True,False,0.02,0.2,Rot2,0,0,-0.0007188223,0.01069427

0,True,False,0.02,0.2,Rot2,0,0,-0.0007188223,0.01069427

0,True,False,0.02,0.2,Rot2,0,0,-0.0007188223,0.01069427

0,True,False,0.02,0.2,Rot2,0,0,-0.0007188223,0.01069427

0,True,False,0.02,0.2,Rot2,0,0,-0.0007188223,0.01069427

0,True,False,0.02,0.2,Rot2,0,0,-0.0007188223,0.01069427

0,True,False,0.02,0.2,Rot2,0,0,-0.0007188223,0.01069427

0,True,False,0.02,0.2,Rot2,0,0,-0.0007188223,0.01069427

0,True,False,0.02,0.2,Rot2,0,0,-0.0007188223,0.01069427

0,True,False,0.02,0.2,Rot2,0,0,-0.0007188223,0.01069427

0,True,False,0.02,0.2,Rot2,0,0,-0.0007188223,0.01069427

0,True,False,0.02,0.2,Rot2,0,0,-0.0007188223,0.01069427

0,True,False,0.02,0.2,Rot2,0,0,-0.0007188223,0.01069427

0,True,False,0.02,0.2,Rot2,0,0,-0.0007188223,0.01069427

0,True,False,0.02,0.2,Rot2,0,0,-0.0007188223,0.01069427

0,True,False,0.02,0.2,Rot2,0,0,-0.0007188223,0.01069427

0,True,False,0.02,0.2,Rot2,0,0,-0.0007188223,0.01069427

0,True,False,0.02,0.2,Rot2,0,0,-0.0007188223,0.01069427

0,True,False,0.02,0.2,Rot2,0,0,-0.0007188223,0.01069427

0,True,False,0.02,0.2,Rot2,0,0,-0.0007188223,0.01069427

0,True,False,0.02,0.2,Rot2,0,0,-0.0007188223,0.01069427

0,True,False,0.02,0.2,Rot2,0,0,-0.0007188223,0.01069427

0,True,False,0.02,0.2,Rot2,0,0,-0.0007188223,0.01069427

0,True,False,0.02,0.2,Rot2,0,0,-0.0007188223,0.01069427

0,True,False,0.02,0.2,Rot2,0,0,-0.0007188223,0.01069427

0,True,False,0.02,0.2,Rot2,0,0,-0.0007188223,0.01069427

0,True,False,0.02,0.2,Rot2,0,0,-0.0007188223,0.01069427

0,True,False,0.02,0.2,Rot2,0,0,-0.0007188223,0.01069427

0,True,False,0.02,0.2,Rot2,0,0,-0.0007188223,0.01069427

0,True,False,0.02,0.2,Rot2,0,0,-0.0007188223,0.01069427

0,True,False,0.02,0.2,Rot2,0,0,-0.0007188223,0.01069427

0,True,False,0.02,0.2,Rot2,0,0,-0.0007188223,0.01069427

0,True,False,0.02,0.2,Rot2,0,0,-0.0007188223,0.01069427

0,True,False,0.02,0.2,Rot2,0,0,-0.0007188223,0.01069427

0,True,False,0.02,0.2,Rot2,0,0,-0.0007188223,0.01069427

0,True,False,0.02,0.2,Rot2,0,0,-0.0007188223,0.01069427

0,True,False,0.02,0.2,Rot2,0,0,-0.0007188223,0.01069427

0,True,False,0.02,0.2,Rot2,0,0,-0.0007188223,0.01069427

0,True,False,0.02,0.2,Rot2,0,0,-0.0007188223,0.01069427

0,True,False,0.02,0.2,Rot2,0,0,-0.0007188223,0.01069427

0,True,False,0.02,0.2,Rot2,0,0,-0.0007188223,0.01069427

0,True,False,0.02,0.2,Rot2,0,0,-0.0007188223,0.01069427

0,True,False,0.02,0.2,Rot2,0,0,-0.0007188223,0.01069427

0,True,False,0.02,0.2,Rot2,0,0,-0.0007188223,0.01069427

0,True,False,0.02,0.2,Rot2,0,0,-0.0007188223,0.01069427

0,True,False,0.02,0.2,Rot2,0,0,-0.0007188223,0.01069427

0,True,False,0.02,0.2,Rot2,0,0,-0.0007188223,0.01069427

0,True,False,0.02,0.2,Rot2,0,0,-0.0007188223,0.01069427

0,True,False,0.02,0.2,Rot2,0,0,-0.0007188223,0.01069427

0,True,False,0.02,0.2,Rot2,0,0,-0.0007188223,0.01069427

0,True,False,0.02,0.2,Rot2,0,0,-0.0007188223,0.01069427

0,True,False,0.02,0.2,Rot2,0,0,-0.0007188223,0.01069427

0,True,False,0.02,0.2,Rot2,0,0,-0.0007188223,0.01069427

0,True,False,0.02,0.2,Rot2,0,0,-0.0007188223,0.01069427

0,True,False,0.02,0.2,Rot2,0,0,-0.0007188223,0.01069427

0,True,False,0.02,0.2,Rot2,0,0,-0.0007188223,0.01069427

0,True,False,0.02,0.2,Rot2,0,0,-0.0007188223,0.01069427

0,True,False,0.02,0.2,Rot2,0,0,-0.0007188223,0.01069427

0,True,False,0.02,0.2,Rot2,0,0,-0.0007188223,0.01069427

0,True,False,0.02,0.2,Rot2,0,0,-0.0007188223,0.01069427

0,True,False,0.02,0.2,Rot2,0,0,-0.0007188223,0.01069427

0,True,False,0.02,0.2,Rot2,0,0,-0.0007188223,0.01069427

0,True,False,0.02,0.2,Rot2,0,0,-0.0007188223,0.01069427

0,True,False,0.02,0.2,Rot2,0,0,-0.0007188223,0.01069427

0,True,False,0.02,0.2,Rot2,0,0,-0.0007188223,0.01069427

0,True,False,0.02,0.2,Rot2,0,0,-0.0007188223,0.01069427

0,True,False,0.02,0.2,Rot2,0,0,-0.0007188223,0.01069427

0,True,False,0.02,0.2,Rot2,0,0,-0.0007188223,0.01069427

0,True,False,0.02,0.2,Rot2,0,0,-0.0007188223,0.01069427

0,True,False,0.02,0.2,Rot2,0,0,-0.0007188223,0.01069427

0,True,False,0.02,0.2,Rot2,0,0,-0.0007188223,0.01069427

0,True,False,0.02,0.2,Rot2,0,0,-0.0007188223,0.01069427

0,True,False,0.02,0.2,Rot2,0,0,-0.0007188223,0.01069427

0,True,False,0.02,0.2,Rot2,0,0,-0.0007188223,0.01069427

0,True,False,0.02,0.2,Rot2,0,0,-0.0007188223,0.01069427

0,True,False,0.02,0.2,Rot2,0,0,-0.0007188223,0.01069427

0,True,False,0.02,0.2,Rot2,0,0,-0.0007188223,0.01069427

0,True,False,0.02,0.2,Rot2,0,0,-0.0007188223,0.01069427

0,True,False,0.02,0.2,Rot2,0,0,-0.0007188223,0.01069427

0,True,False,0.02,0.2,Rot2,0,0,-0.0007188223,0.01069427

0,True,False,0.02,0.2,Rot2,0,0,-0.0007188223,0.01069427

0,True,False,0.02,0.2,Rot2,0,0,-0.0007188223,0.01069427

0,True,False,0.02,0.2,Rot2,0,0,-0.0007188223,0.01069427

0,True,False,0.02,0.2,Rot2,0,0,-0.0007188223,0.01069427

0,True,False,0.02,0.2,Rot2,0,0,-0.0007188223,0.01069427

0,True,False,0.02,0.2,Rot2,0,0,-0.0007188223,0.01069427

0,True,False,0.02,0.2,Rot2,0,0,-0.0007188223,0.01069427

0,True,False,0.02,0.2,Rot2,0,0,-0.0007188223,0.01069427

0,True,False,0.02,0.2,Rot2,0,0,-0.0007188223,0.01069427

0,True,False,0.02,0.2,Rot2,0,0,-0.0007188223,0.01069427

0,True,False,0.02,0.2,Rot2,0,0,-0.0007188223,0.01069427

0,True,False,0.02,0.2,Rot2,0,0,-0.0007188223,0.01069427

0,True,False,0.02,0.2,Rot2,0,0,-0.0007188223,0.01069427

0,True,False,0.02,0.2,Rot2,0,0,-0.0007188223,0.01069427

0,True,False,0.02,0.2,Rot2,0,0,-0.0007188223,0.01069427

0,True,False,0.02,0.2,Rot2,0,0,-0.0007188223,0.01069427

0,True,False,0.02,0.2,Rot2,0,0,-0.0007188223,0.01069427

0,True,False,0.02,0.2,Rot2,0,0,-0.0007188223,0.01069427

0,True,False,0.02,0.2,Rot2,0,0,-0.0007188223,0.01069427

0,True,False,0.02,0.2,Rot2,0,0,-0.0007188223,0.01069427

0,True,False,0.02,0.2,Rot2,0,0,-0.0007188223,0.01069427

0,True,False,0.02,0.2,Rot2,0,0,-0.0007188223,0.01069427

0,True,False,0.02,0.2,Rot2,0,0,-0.0007188223,0.01069427

0,True,False,0.02,0.2,Rot2,0,0,-0.0007188223,0.01069427

0,True,False,0.02,0.2,Rot2,0,0,-0.0007188223,0.01069427

0,True,False,0.02,0.2,Rot2,0,0,-0.0007188223,0.01069427

0,True,False,0.02,0.2,Rot2,0,0,-0.0007188223,0.01069427

0,True,False,0.02,0.2,Rot2,0,0,-0.0007188223,0.01069427

0,True,False,0.02,0.2,Rot2,0,0,-0.0007188223,0.01069427

0,True,False,0.02,0.2,Rot2,0,0,-0.0007188223,0.01069427

0,True,False,0.02,0.2,Rot2,0,0,-0.0007188223,0.01069427

0,True,False,0.02,0.2,Rot2,0,0,-0.0007188223,0.01069427

0,True,False,0.02,0.2,Rot2,0,0,-0.0007188223,0.01069427

0,True,False,0.02,0.2,Rot2,0,0,-0.0007188223,0.01069427

0,True,False,0.02,0.2,Rot2,0,0,-0.0007188223,0.01069427

0,True,False,0.02,0.2,Rot2,0,0,-0.0007188223,0.01069427

0,True,False,0.02,0.2,Rot2,0,0,-0.0007188223,0.01069427

0,True,False,0.02,0.2,Rot2,0,0,-0.0007188223,0.01069427

0,True,False,0.02,0.2,Rot2,0,0,-0.0007188223,0.01069427

0,True,False,0.02,0.2,Rot2,0,0,-0.0007188223,0.01069427

0,True,False,0.02,0.2,Rot2,0,0,-0.0007188223,0.01069427

0,True,False,0.02,0.2,Rot2,0,0,-0.0007188223,0.01069427

0,True,False,0.02,0.2,Rot2,0,0,-0.0007188223,0.01069427

0,True,False,0.02,0.2,Rot2,0,0,-0.0007188223,0.01069427

0,True,False,0.02,0.2,Rot2,0,0,-0.0007188223,0.01069427

0,True,False,0.02,0.2,Rot2,0,0,-0.0007188223,0.01069427

0,True,False,0.02,0.2,Rot2,0,0,-0.0007188223,0.01069427

0,True,False,0.02,0.2,Rot2,0,0,-0.0007188223,0.01069427

0,True,False,0.02,0.2,Rot2,0,0,-0.0007188223,0.01069427

0,True,False,0.02,0.2,Rot2,0,0,-0.0007188223,0.01069427

0,True,False,0.02,0.2,Rot2,0,0,-0.0007188223,0.01069427

0,True,False,0.02,0.2,Rot2,0,0,-0.0007188223,0.01069427

0,True,False,0.02,0.2,Rot2,0,0,-0.0007188223,0.01069427

0,True,False,0.02,0.2,Rot2,0,0,-0.0007188223,0.01069427

0,True,False,0.02,0.2,Rot2,0,0,-0.0007188223,0.01069427

0,True,False,0.02,0.2,Rot2,0,0,-0.0007188223,0.01069427

0,True,False,0.02,0.2,Rot2,0,0,-0.0007188223,0.01069427

0,True,False,0.02,0.2,Rot2,0,0,-0.0007188223,0.01069427

0,True,False,0.02,0.2,Rot2,0,0,-0.0007188223,0.01069427

0,True,False,0.02,0.2,Rot2,0,0,-0.0007188223,0.01069427

0,True,False,0.02,0.2,Rot2,0,0,-0.0007188223,0.01069427

0,True,False,0.02,0.2,Rot2,0,0,-0.0007188223,0.01069427

0,True,False,0.02,0.2,Rot2,0,0,-0.0007188223,0.01069427

0,True,False,0.02,0.2,Rot2,0,0,-0.0007188223,0.01069427

0,True,False,0.02,0.2,Rot2,0,0,-0.0007188223,0.01069427

0,True,False,0.02,0.2,Rot2,0,0,-0.0007188223,0.01069427

0,True,False,0.02,0.2,Rot2,0,0,-0.0007188223,0.01069427

0,True,False,0.02,0.2,Rot2,0,0,-0.0007188223,0.01069427

0,True,False,0.02,0.2,Rot2,0,0,-0.0007188223,0.01069427

0,True,False,0.02,0.2,Rot2,0,0,-0.0007188223,0.01069427

0,True,False,0.02,0.2,Rot2,0,0,-0.0007188223,0.01069427

0,True,False,0.02,0.2,Rot2,0,0,-0.0007188223,0.01069427

0,True,False,0.02,0.2,Rot2,0,0,-0.0007188223,0.01069427

0,True,False,0.02,0.2,Rot2,0,0,-0.0007188223,0.01069427

0,True,False,0.02,0.2,Rot2,0,0,-0.0007188223,0.01069427

0,True,False,0.02,0.2,Rot2,0,0,-0.0007188223,0.01069427

0,True,False,0.02,0.2,Rot2,0,0,-0.0007188223,0.01069427

0,True,False,0.02,0.2,Rot2,0,0,-0.0007188223,0.01069427

0,True,False,0.02,0.2,Rot2,0,0,-0.0007188223,0.01069427

0,True,False,0.02,0.2,Rot2,0,0,-0.0007188223,0.01069427

0,True,False,0.02,0.2,Rot2,0,0,-0.0007188223,0.01069427

0,True,False,0.02,0.2,Rot2,0,0,-0.0007188223,0.01069427

0,True,False,0.02,0.2,Rot2,0,0,-0.0007188223,0.01069427

0,True,False,0.02,0.2,Rot2,0,0,-0.0007188223,0.01069427

0,True,False,0.02,0.2,Rot2,0,0,-0.0007188223,0.01069427

0,True,False,0.02,0.2,Rot2,0,0,-0.0007188223,0.01069427

0,True,False,0.02,0.2,Rot2,0,0,-0.0007188223,0.01069427

0,True,False,0.02,0.2,Rot2,0,0,-0.0007188223,0.01069427

0,True,False,0.02,0.2,Rot2,0,0,-0.0007188223,0.01069427

0,True,False,0.02,0.2,Rot2,0,0,-0.0007188223,0.01069427

0,True,False,0.02,0.2,Rot2,0,0,-0.0007188223,0.01069427

0,True,False,0.02,0.2,Rot2,0,0,-0.0007188223,0.01069427

0,True,False,0.02,0.2,Rot2,0,0,-0.0007188223,0.01069427

0,True,False,0.02,0.2,Rot2,0,0,-0.0007188223,0.01069427

0,True,False,0.02,0.2,Rot2,0,0,-0.0007188223,0.01069427

0,True,False,0.02,0.2,Rot2,0,0,-0.0007188223,0.01069427

0,True,False,0.02,0.2,Rot2,0,0,-0.0007188223,0.01069427

0,True,False,0.02,0.2,Rot2,0,0,-0.0007188223,0.01069427

0,True,False,0.02,0.2,Rot2,0,0,-0.0007188223,0.01069427

0,True,False,0.02,0.2,Rot2,0,0,-0.0007188223,0.01069427

0,True,False,0.02,0.2,Rot2,0,0,-0.0007188223,0.01069427

0,True,False,0.02,0.2,Rot2,0,0,-0.0007188223,0.01069427

0,True,False,0.02,0.2,Rot2,0,0,-0.0007188223,0.01069427

0,True,False,0.02,0.2,Rot2,0,0,-0.0007188223,0.01069427

0,True,False,0.02,0.2,Rot2,0,0,-0.0007188223,0.01069427

0,True,False,0.02,0.2,Rot2,0,0,-0.0007188223,0.01069427

0,True,False,0.02,0.2,Rot2,0,0,-0.0007188223,0.01069427

0,True,False,0.02,0.2,Rot2,0,0,-0.0007188223,0.01069427

0,True,False,0.02,0.2,Rot2,0,0,-0.0007188223,0.01069427

0,True,False,0.02,0.2,Rot2,0,0,-0.0007188223,0.01069427

0,True,False,0.02,0.2,Rot2,0,0,-0.0007188223,0.01069427

0,True,False,0.02,0.2,Rot2,0,0,-0.0007188223,0.01069427

0,True,False,0.02,0.2,Rot2,0,0,-0.0007188223,0.01069427

0,True,False,0.02,0.2,Rot2,0,0,-0.0007188223,0.01069427

0,True,False,0.02,0.2,Rot2,0,0,-0.0007188223,0.01069427

0,True,False,0.02,0.2,Rot2,0,0,-0.0007188223,0.01069427

0,True,False,0.02,0.2,Rot2,0,0,-0.0007188223,0.01069427

0,True,False,0.02,0.2,Rot2,0,0,-0.0007188223,0.01069427

0,True,False,0.02,0.2,Rot2,0,0,-0.0007188223,0.01069427

0,True,False,0.02,0.2,Rot2,0,0,-0.0007188223,0.01069427

0,True,False,0.02,0.2,Rot2,0,0,-0.0007188223,0.01069427

0,True,False,0.02,0.2,Rot2,0,0,-0.0007188223,0.01069427

0,True,False,0.02,0.2,Rot2,0,0,-0.0007188223,0.01069427

0,True,False,0.02,0.2,Rot2,0,0,-0.0007188223,0.01069427

0,True,False,0.02,0.2,Rot2,0,0,-0.0007188223,0.01069427

0,True,False,0.02,0.2,Rot2,0,0,-0.0007188223,0.01069427

0,True,False,0.02,0.2,Rot2,0,0,-0.0007188223,0.01069427

0,True,False,0.02,0.2,Rot2,0,0,-0.0007188223,0.01069427

0,True,False,0.02,0.2,Rot2,0,0,-0.0007188223,0.01069427

0,True,False,0.02,0.2,Rot2,0,0,-0.0007188223,0.01069427

0,True,False,0.02,0.2,Rot2,0,0,-0.0007188223,0.01069427

0,True,False,0.02,0.2,Rot2,0,0,-0.0007188223,0.01069427

0,True,False,0.02,0.2,Rot2,0,0,-0.0007188223,0.01069427

0,True,False,0.02,0.2,Rot2,0,0,-0.0007188223,0.01069427

0,True,False,0.02,0.2,Rot2,0,0,-0.0007188223,0.01069427

0,True,False,0.02,0.2,Rot2,0,0,-0.0007188223,0.01069427

0,True,False,0.02,0.2,Rot2,0,0,-0.0007188223,0.01069427

0,True,False,0.02,0.2,Rot2,0,0,-0.0007188223,0.01069427

0,True,False,0.02,0.2,Rot2,0,0,-0.0007188223,0.01069427

0,True,False,0.02,0.2,Rot2,0,0,-0.0007188223,0.01069427

0,True,False,0.02,0.2,Rot2,0,0,-0.0007188223,0.01069427

0,True,False,0.02,0.2,Rot2,0,0,-0.0007188223,0.01069427

0,True,False,0.02,0.2,Rot2,0,0,-0.0007188223,0.01069427

0,True,False,0.02,0.2,Rot2,0,0,-0.0007188223,0.01069427

0,True,False,0.02,0.2,Rot2,0,0,-0.0007188223,0.01069427

0,True,False,0.02,0.2,Rot2,0,0,-0.0007188223,0.01069427

0,True,False,0.02,0.2,Rot2,0,0,-0.0007188223,0.01069427

0,True,False,0.02,0.2,Rot2,0,0,-0.0007188223,0.01069427

0,True,False,0.02,0.2,Rot2,0,0,-0.0007188223,0.01069427

0,True,False,0.02,0.2,Rot2,0,0,-0.0007188223,0.01069427

0,True,False,0.02,0.2,Rot2,0,0,-0.0007188223,0.01069427

0,True,False,0.02,0.2,Rot2,0,0,-0.0007188223,0.01069427

0,True,False,0.02,0.2,Rot2,0,0,-0.0007188223,0.01069427

0,True,False,0.02,0.2,Rot2,0,0,-0.0007188223,0.01069427

0,True,False,0.02,0.2,Rot2,0,0,-0.0007188223,0.01069427

0,True,False,0.02,0.2,Rot2,0,0,-0.0007188223,0.01069427

0,True,False,0.02,0.2,Rot2,0,0,-0.0007188223,0.01069427

0,True,False,0.02,0.2,Rot2,0,0,-0.0007188223,0.01069427

0,True,False,0.02,0.2,Rot2,0,0,-0.0007188223,0.01069427

0,True,False,0.02,0.2,Rot2,0,0,-0.0007188223,0.01069427

0,True,False,0.02,0.2,Rot2,0,0,-0.0007188223,0.01069427

0,True,False,0.02,0.2,Rot2,0,0,-0.0007188223,0.01069427

0,True,False,0.02,0.2,Rot2,0,0,-0.0007188223,0.01069427

0,True,False,0.02,0.2,Rot2,0,0,-0.0007188223,0.01069427

0,True,False,0.02,0.2,Rot2,0,0,-0.0007188223,0.01069427

0,True,False,0.02,0.2,Rot2,0,0,-0.0007188223,0.01069427

0,True,False,0.02,0.2,Rot2,0,0,-0.0007188223,0.01069427

0,True,False,0.02,0.2,Rot2,0,0,-0.0007188223,0.01069427

0,True,False,0.02,0.2,Rot2,0,0,-0.0007188223,0.01069427

0,True,False,0.02,0.2,Rot2,0,0,-0.0007188223,0.01069427

0,True,False,0.02,0.2,Rot2,0,0,-0.0007188223,0.01069427

0,True,False,0.02,0.2,Rot2,0,0,-0.0007188223,0.01069427

0,True,False,0.02,0.2,Rot2,0,0,-0.0007188223,0.01069427

0,True,False,0.02,0.2,Rot2,0,0,-0.0007188223,0.01069427

0,True,False,0.02,0.2,Rot2,0,0,-0.0007188223,0.01069427

0,True,False,0.02,0.2,Rot2,0,0,-0.0007188223,0.01069427

0,True,False,0.02,0.2,Rot2,0,0,-0.0007188223,0.01069427

0,True,False,0.02,0.2,Rot2,0,0,-0.0007188223,0.01069427

0,True,False,0.02,0.2,Rot2,0,0,-0.0007188223,0.01069427

0,True,False,0.02,0.2,Rot2,0,0,-0.0007188223,0.01069427

0,True,False,0.02,0.2,Rot2,0,0,-0.0007188223,0.01069427

0,True,False,0.02,0.2,Rot2,0,0,-0.0007188223,0.01069427

0,True,False,0.02,0.2,Rot2,0,0,-0.0007188223,0.01069427

0,True,False,0.02,0.2,Rot2,0,0,-0.0007188223,0.01069427

0,True,False,0.02,0.2,Rot2,0,0,-0.0007188223,0.01069427

0,True,False,0.02,0.2,Rot2,0,0,-0.0007188223,0.01069427

0,True,False,0.02,0.2,Rot2,0,0,-0.0007188223,0.01069427

0,True,False,0.02,0.2,Rot2,0,0,-0.0007188223,0.01069427

0,True,False,0.02,0.2,Rot2,0,0,-0.0007188223,0.01069427

0,True,False,0.02,0.2,Rot2,0,0,-0.0007188223,0.01069427

0,True,False,0.02,0.2,Rot2,0,0,-0.0007188223,0.01069427

0,True,False,0.02,0.2,Rot2,0,0,-0.0007188223,0.01069427

0,True,False,0.02,0.2,Rot2,0,0,-0.0007188223,0.01069427

0,True,False,0.02,0.2,Rot2,0,0,-0.0007188223,0.01069427

0,True,False,0.02,0.2,Rot2,0,0,-0.0007188223,0.01069427

0,True,False,0.02,0.2,Rot2,0,0,-0.0007188223,0.01069427

0,True,False,0.02,0.2,Rot2,0,0,-0.0007188223,0.01069427

0,True,False,0.02,0.2,Rot2,0,0,-0.0007188223,0.01069427

0,True,False,0.02,0.2,Rot2,0,0,-0.0007188223,0.01069427

0,True,False,0.02,0.2,Rot2,0,0,-0.0007188223,0.01069427

0,True,False,0.02,0.2,Rot2,0,0,-0.0007188223,0.01069427

0,True,False,0.02,0.2,Rot2,0,0,-0.0007188223,0.01069427

0,True,False,0.02,0.2,Rot2,0,0,-0.0007188223,0.01069427

0,True,False,0.02,0.2,Rot2,0,0,-0.0007188223,0.01069427

0,True,False,0.02,0.2,Rot2,0,0,-0.0007188223,0.01069427

0,True,False,0.02,0.2,Rot2,0,0,-0.0007188223,0.01069427

0,True,False,0.02,0.2,Rot2,0,0,-0.0007188223,0.01069427

0,True,False,0.02,0.2,Rot2,0,0,-0.0007188223,0.01069427

0,True,False,0.02,0.2,Rot2,0,0,-0.0007188223,0.01069427

0,True,False,0.02,0.2,Rot2,0,0,-0.0007188223,0.01069427

0,True,False,0.02,0.2,Rot2,0,0,-0.0007188223,0.01069427

0,True,False,0.02,0.2,Rot2,0,0,-0.0007188223,0.01069427

0,True,False,0.02,0.2,Rot2,0,0,-0.0007188223,0.01069427

0,True,False,0.02,0.2,Rot2,0,0,-0.0007188223,0.01069427

0,True,False,0.02,0.2,Rot2,0,0,-0.0007188223,0.01069427

0,True,False,0.02,0.2,Rot2,0,0,-0.0007188223,0.01069427

0,True,False,0.02,0.2,Rot2,0,0,-0.0007188223,0.01069427

0,True,False,0.02,0.2,Rot2,0,0,-0.0007188223,0.01069427

0,True,False,0.02,0.2,Rot2,0,0,-0.0007188223,0.01069427

0,True,False,0.02,0.2,Rot2,0,0,-0.0007188223,0.01069427

0,True,False,0.02,0.2,Rot2,0,0,-0.0007188223,0.01069427

0,True,False,0.02,0.2,Rot2,0,0,-0.0007187994,0.01069424

0,True,False,0.02,0.2,Rot2,0,0,-0.0007262609,0.01076844

0,True,False,0.02,0.2,Rot2,0,0,-0.0008761964,0.0107671

0,True,False,0.02,0.2,Rot2,0,0,-0.001476031,0.01024702

0,True,False,0.02,0.2,Rot2,0,0,-0.002303463,0.009525002

0,True,False,0.02,0.2,Rot2,0,0,-0.00338155,0.008705408

0,True,False,0.02,0.2,Rot2,0,0,-0.004036035,0.008315892

0,True,False,0.02,0.2,Rot2,0,0,-0.004501693,0.008144976

0,True,False,0.02,0.2,Rot2,0,0,-0.004624739,0.007920415

0,True,False,0.02,0.2,Rot2,0,0,-0.00490104,0.007765682

0,True,False,0.02,0.2,Rot2,0,0,-0.005018126,0.007619948

0,True,False,0.02,0.2,Rot2,0,0,-0.005135916,0.007459344

0,True,False,0.02,0.2,Rot2,0,0,-0.005245249,0.00723225

0,True,False,0.02,0.2,Rot2,0,0,-0.005472846,0.007066162

0,True,False,0.02,0.2,Rot2,0,0,-0.005620058,0.006894858

0,True,False,0.02,0.2,Rot2,0,0,-0.005754254,0.006716879

0,True,False,0.02,0.2,Rot2,0,0,-0.005871649,0.006536068

0,True,False,0.02,0.2,Rot2,0,0,-0.005796256,0.006617309

0,True,False,0.02,0.2,Rot2,0,0,-0.005646087,0.006602766

0,True,False,0.02,0.2,Rot2,0,0,-0.005598745,0.006543071

0,True,False,0.02,0.2,Rot2,0,0,-0.005422927,0.006225409

0,True,False,0.02,0.2,Rot2,0,0,-0.005223449,0.005820753

0,True,False,0.02,0.2,Rot2,0,0,-0.005054153,0.005345763

0,True,False,0.02,0.2,Rot2,0,0,-0.004657398,0.004732192

0,True,False,0.02,0.2,Rot2,0,0,-0.004421383,0.00424704

0,True,False,0.02,0.2,Rot2,0,0,-0.004082445,0.003531457

0,True,False,0.02,0.2,Rot2,0,0,-0.003813613,0.00283739

0,True,False,0.02,0.2,Rot2,0,0,-0.003831215,0.002530099

0,True,False,0.02,0.2,Rot2,0,0,-0.003854617,0.002371282

0,True,False,0.02,0.2,Rot2,0,0,-0.003866292,0.002329499

0,True,False,0.02,0.2,Rot2,0,0,-0.003833193,0.002079488

0,True,False,0.02,0.2,Rot2,0,0,-0.003712877,0.002100647

0,True,False,0.02,0.2,Rot2,0,0,-0.003590919,0.002153248

0,True,False,0.02,0.2,Rot2,0,0,-0.003544021,0.002074153

0,True,False,0.02,0.2,Rot2,0,0,-0.003618058,0.001956881

0,True,False,0.02,0.2,Rot2,0,0,-0.003677588,0.001684011

0,True,False,0.02,0.2,Rot2,0,0,-0.004313435,0.001053244

0,True,False,0.02,0.2,Rot2,0,0,-0.004849691,0.0005624598

0,True,False,0.02,0.2,Rot2,0,0,-0.005894355,-0.001195222

0,True,False,0.02,0.2,Rot2,0,0,-0.006753866,-0.002763956

0,True,False,0.02,0.2,Rot2,0,0,-0.0074705,-0.004134982

0,True,False,0.02,0.2,Rot2,0,0,-0.007970517,-0.004297405

0,True,False,0.02,0.2,Rot2,0,0,-0.008132105,-0.004337847

0,True,False,0.02,0.2,Rot2,0,0,-0.00832015,-0.00437507

0,True,False,0.02,0.2,Rot2,0,0,-0.007910945,-0.003989934

0,True,False,0.02,0.2,Rot2,0,0,-0.007512574,-0.003686696

0,True,False,0.02,0.2,Rot2,0,0,-0.007128645,-0.003423392

0,True,False,0.02,0.2,Rot2,0,0,-0.006228876,-0.003147036

0,True,False,0.02,0.2,Rot2,0,0,-0.005387482,-0.002732157

0,True,False,0.02,0.2,Rot2,0,0,-0.004734122,-0.002371818

0,True,False,0.02,0.2,Rot2,0,0,-0.003495168,-0.001917541

0,True,False,0.02,0.2,Rot2,0,0,-0.002458807,-0.001521438

0,True,False,0.02,0.2,Rot2,0,0,-0.001791693,-0.001526892

0,True,False,0.02,0.2,Rot2,0,0,-0.001535796,-0.001636446

0,True,False,0.02,0.2,Rot2,0,0,-0.001255185,-0.001760483

0,True,False,0.02,0.2,Rot2,0,0,-0.0009273852,-0.0018861

0,True,False,0.02,0.2,Rot2,0,0,-0.0008279535,-0.001896918

0,True,False,0.02,0.2,Rot2,0,0,-0.0007414671,-0.001910418

0,True,False,0.02,0.2,Rot2,0,0,-0.0006982314,-0.001909822

0,True,False,0.02,0.2,Rot2,0,0,-0.00065095,-0.001907766

0,True,False,0.02,0.2,Rot2,0,0,-0.0005767198,-0.001842737

0,True,False,0.02,0.2,Rot2,0,0,-0.0004979374,-0.001773358

0,True,False,0.02,0.2,Rot2,0,0,-0.0001559073,-0.001609236

0,True,False,0.02,0.2,Rot2,0,0,0.0001876427,-0.001367033

0,True,False,0.02,0.2,Rot2,0,0,0.0005792751,-0.001285136

0,True,False,0.02,0.2,Rot2,0,0,0.0009712427,-0.001194209

0,True,False,0.02,0.2,Rot2,0,0,0.001141962,-0.001147896

0,True,False,0.02,0.2,Rot2,0,0,0.001289081,-0.001098484

0,True,False,0.02,0.2,Rot2,0,0,0.001344837,-0.001126111

0,True,False,0.02,0.2,Rot2,0,0,0.001528066,-0.001071453

0,True,False,0.02,0.2,Rot2,0,0,0.001712635,-0.00102219

0,True,False,0.02,0.2,Rot2,0,0,0.001707602,-0.0008707943

0,True,False,0.02,0.2,Rot2,0,0,0.001693934,-0.0007174018

0,True,False,0.02,0.2,Rot2,0,0,0.001653187,-0.0007106665

0,True,False,0.02,0.2,Rot2,0,0,0.001603767,-0.0007067325

0,True,False,0.02,0.2,Rot2,0,0,0.001546223,-0.0007053914

0,True,False,0.02,0.2,Rot2,0,0,0.001425251,-0.000756115

0,True,False,0.02,0.2,Rot2,0,0,0.001298703,-0.0008061531

0,True,False,0.02,0.2,Rot2,0,0,0.001115281,-0.0007619264

0,True,False,0.02,0.2,Rot2,0,0,0.001176651,-0.0006535652

0,True,False,0.02,0.2,Rot2,0,0,0.001240961,-0.0004780593

0,True,False,0.02,0.2,Rot2,0,0,0.001327123,-0.0003216566

0,True,False,0.02,0.2,Rot2,0,0,0.00144903,-0.0002069773

0,True,False,0.02,0.2,Rot2,0,0,0.001470622,-8.976477E-05

0,True,False,0.02,0.2,Rot2,0,0,0.001494724,3.236516E-05

0,True,False,0.02,0.2,Rot2,0,0,0.001473051,0.0004731416

0,True,False,0.02,0.2,Rot2,0,0,0.001464557,0.0007040202

0,True,False,0.02,0.2,Rot2,0,0,0.001501117,0.0008805096

0,True,False,0.02,0.2,Rot2,0,0,0.001543258,0.001061976

0,True,False,0.02,0.2,Rot2,0,0,0.001522165,0.001217663

0,True,False,0.02,0.2,Rot2,0,0,0.001501989,0.001376003

0,True,False,0.02,0.2,Rot2,0,0,0.001483545,0.001537353

0,True,False,0.02,0.2,Rot2,0,0,0.001499564,0.001758218

0,True,False,0.02,0.2,Rot2,0,0,0.001536198,0.002046794

0,True,False,0.02,0.2,Rot2,0,0,0.001556911,0.002189636

0,True,False,0.02,0.2,Rot2,0,0,0.001579587,0.002330661

0,True,False,0.02,0.2,Rot2,0,0,0.001598638,0.002414942

0,True,False,0.02,0.2,Rot2,0,0,0.001616832,0.002492637

0,True,False,0.02,0.2,Rot2,0,0,0.001667582,0.002519369

0,True,False,0.02,0.2,Rot2,0,0,0.00176948,0.002543271

0,True,False,0.02,0.2,Rot2,0,0,0.001788672,0.002535373

0,True,False,0.02,0.2,Rot2,0,0,0.00180677,0.002517819

0,True,False,0.02,0.2,Rot2,0,0,0.00184099,0.002465606

0,True,False,0.02,0.2,Rot2,0,0,0.001690578,0.002265155

0,True,False,0.02,0.2,Rot2,0,0,0.001471579,0.001912892

0,True,False,0.02,0.2,Rot2,0,0,0.0007138998,0.0007156134

0,True,False,0.02,0.2,Rot2,0,0,-0.0001764746,-0.001015663

0,True,False,0.02,0.2,Rot2,0,0,-0.0009375811,-0.0006858706

0,True,False,0.02,0.2,Rot2,0,0,-0.001538064,-0.0006930828

0,True,False,0.02,0.2,Rot2,0,0,-0.001003343,0.001821846

0,True,False,0.02,0.2,Rot2,0,0,-0.0005743499,0.003608525

0,True,False,0.02,0.2,Rot2,0,0,-0.0002170647,0.004962683

0,True,False,0.02,0.2,Rot2,0,0,-0.001575488,0.005363108

0,True,False,0.02,0.2,Rot2,0,0,-0.002778954,0.004712583

0,True,False,0.02,0.2,Rot2,0,0,-0.003879837,0.004677505

0,True,False,0.02,0.2,Rot2,0,0,0.001795674,0.0108515

0,True,False,0.02,0.2,Rot2,0,0,0.002282851,0.01101688

0,True,False,0.02,0.2,Rot2,0,0,0.002940663,0.01114655

0,True,False,0.02,0.2,Rot2,0,0,0.003469852,0.01096988

0,True,False,0.02,0.2,Rot2,0,0,0.003610361,0.01146972

0,True,False,0.02,0.2,Rot2,0,0,0.003696921,0.01120922

0,True,False,0.02,0.2,Rot2,0,0,0.003789039,0.0109148

0,True,False,0.02,0.2,Rot2,0,0,0.00378933,0.01091179

0,True,False,0.02,0.2,Rot2,0,0,0.003158897,0.01024914

0,True,False,0.02,0.2,Rot2,0,0,0.00255695,0.009483249

0,True,False,0.02,0.2,Rot2,0,0,0.002054252,0.008835913

0,True,False,0.02,0.2,Rot2,0,0,0.00134414,0.008814753

0,True,False,0.02,0.2,Rot2,0,0,0.0005264654,0.008584858

0,True,False,0.02,0.2,Rot2,0,0,0.0002984906,0.008650274

0,True,False,0.02,0.2,Rot2,0,0,8.365592E-05,0.008848608

0,True,False,0.02,0.2,Rot2,0,0,-5.506552E-05,0.009533317

0,True,False,0.02,0.2,Rot2,0,0,-0.0001907778,0.01014528

0,True,False,0.02,0.2,Rot2,0,0,-0.0001963732,0.01018822

0,True,False,0.02,0.2,Rot2,0,0,-0.000211632,0.0102604

0,True,False,0.02,0.2,Rot2,0,0,-0.0003179774,0.01054683

0,True,False,0.02,0.2,Rot2,0,0,-0.0003956465,0.01076737

0,True,False,0.02,0.2,Rot2,0,0,-0.0001993795,0.01038778

0,True,False,0.02,0.2,Rot2,0,0,-3.561113E-05,0.009954543

0,True,False,0.02,0.2,Rot2,0,0,-7.922356E-05,0.009318651

0,True,False,0.02,0.2,Rot2,0,0,-0.0001375202,0.008707405

0,True,False,0.02,0.2,Rot2,0,0,-0.0002071342,0.008125634

0,True,False,0.02,0.2,Rot2,0,0,-0.0002722718,0.007633419

0,True,False,0.02,0.2,Rot2,0,0,-0.000240815,0.007327915

0,True,False,0.02,0.2,Rot2,0,0,-0.000391692,0.006584317

0,True,False,0.02,0.2,Rot2,0,0,-0.0004285729,0.006189735

0,True,False,0.02,0.2,Rot2,0,0,-0.0003190936,0.006148637

0,True,False,0.02,0.2,Rot2,0,0,-6.527929E-05,0.006429435

0,True,False,0.02,0.2,Rot2,0,0,0.0001471223,0.006600977

0,True,False,0.02,0.2,Rot2,0,0,0.0003533879,0.006787867

0,True,False,0.02,0.2,Rot2,0,0,0.0005571911,0.006984235

0,True,False,0.02,0.2,Rot2,0,0,0.0005944072,0.007061661

0,True,False,0.02,0.2,Rot2,0,0,0.0006297933,0.007137896

0,True,False,0.02,0.2,Rot2,0,0,0.0007461117,0.007226438

0,True,False,0.02,0.2,Rot2,0,0,0.00096698,0.00739959

0,True,False,0.02,0.2,Rot2,0,0,0.001029413,0.007633478

0,True,False,0.02,0.2,Rot2,0,0,0.001091651,0.007881702

0,True,False,0.02,0.2,Rot2,0,0,0.001109496,0.008055837

0,True,False,0.02,0.2,Rot2,0,0,0.001125805,0.008220912

0,True,False,0.02,0.2,Rot2,0,0,0.001040838,0.0083116

0,True,False,0.02,0.2,Rot2,0,0,0.0008621326,0.008583338

0,True,False,0.02,0.2,Rot2,0,0,0.0005831005,0.008917333

0,True,False,0.02,0.2,Rot2,0,0,0.0005833952,0.008917392

0,True,False,0.02,0.2,Rot2,0,0,0.0004189087,0.009303064

0,True,False,0.02,0.2,Rot2,0,0,0.0002926587,0.009673239

0,True,False,0.02,0.2,Rot2,0,0,0.0003006452,0.009887458

0,True,False,0.02,0.2,Rot2,0,0,0.0003987358,0.01017672

0,True,False,0.02,0.2,Rot2,0,0,0.0005045341,0.01049674

0,True,False,0.02,0.2,Rot2,0,0,0.0006949602,0.01078498

0,True,False,0.02,0.2,Rot2,0,0,0.0008996355,0.01109207

0,True,False,0.02,0.2,Rot2,0,0,0.001113598,0.01140952

0,True,False,0.02,0.2,Rot2,0,0,0.001420744,0.01166848

0,True,False,0.02,0.2,Rot2,0,0,0.001601275,0.01193038

0,True,False,0.02,0.2,Rot2,0,0,0.001823183,0.01230544

0,True,False,0.02,0.2,Rot2,0,0,0.001776707,0.01249823

0,True,False,0.02,0.2,Rot2,0,0,0.001741525,0.01259548

0,True,False,0.02,0.2,Rot2,0,0,0.00177788,0.01267144

0,True,False,0.02,0.2,Rot2,0,0,0.001809661,0.01274586

0,True,False,0.02,0.2,Rot2,0,0,0.00183668,0.01281983

0,True,False,0.02,0.2,Rot2,0,0,0.001873698,0.01278854

0,True,False,0.02,0.2,Rot2,0,0,0.001873702,0.01278854

0,True,False,0.02,0.2,Rot2,0,0,0.001903258,0.01275185

0,True,False,0.02,0.2,Rot2,0,0,0.001932144,0.01262784

0,True,False,0.02,0.2,Rot2,0,0,0.001956392,0.01247353

0,True,False,0.02,0.2,Rot2,0,0,0.001967475,0.0123888

0,True,False,0.02,0.2,Rot2,0,0,0.002049431,0.01232743

0,True,False,0.02,0.2,Rot2,0,0,0.00213625,0.01226369

0,True,False,0.02,0.2,Rot2,0,0,0.002194241,0.01228729

0,True,False,0.02,0.2,Rot2,0,0,0.002270055,0.01228193

0,True,False,0.02,0.2,Rot2,0,0,0.002430416,0.01227388

0,True,False,0.02,0.2,Rot2,0,0,0.002513025,0.01227036

0,True,False,0.02,0.2,Rot2,0,0,0.002608597,0.01237521

0,True,False,0.02,0.2,Rot2,0,0,0.002706148,0.01248786

0,True,False,0.02,0.2,Rot2,0,0,0.002769485,0.01258055

0,True,False,0.02,0.2,Rot2,0,0,0.002886437,0.01277882

0,True,False,0.02,0.2,Rot2,0,0,0.002904497,0.01280755

0,True,False,0.02,0.2,Rot2,0,0,0.00291786,0.01283568

0,True,False,0.02,0.2,Rot2,0,0,0.002864615,0.01273444

0,True,False,0.02,0.2,Rot2,0,0,0.002707158,0.01258406

0,True,False,0.02,0.2,Rot2,0,0,0.002466209,0.01226196

0,True,False,0.02,0.2,Rot2,0,0,0.001594119,0.01145151

0,True,False,0.02,0.2,Rot2,0,0,0.001594119,0.01145151

0,True,False,0.02,0.2,Rot2,0,0,0.001594119,0.01145151

0,True,False,0.02,0.2,Rot2,0,0,0.001594119,0.01145151

0,True,False,0.02,0.2,Rot2,0,0,0.001594119,0.01145151

0,True,False,0.02,0.2,Rot2,0,0,0.001594119,0.01145151

0,True,False,0.02,0.2,Rot2,0,0,0.001594119,0.01145151

0,True,False,0.02,0.2,Rot2,0,0,0.001594119,0.01145151

0,True,False,0.02,0.2,Rot2,0,0,0.001594119,0.01145151

0,True,False,0.02,0.2,Rot2,0,0,0.001594119,0.01145151

0,True,False,0.02,0.2,Rot2,0,0,0.001594119,0.01145151

0,True,False,0.02,0.2,Rot2,0,0,0.001594119,0.01145151

0,True,False,0.02,0.2,Rot2,0,0,0.001594119,0.01145151

0,True,False,0.02,0.2,Rot2,0,0,0.001594119,0.01145151

0,True,False,0.02,0.2,Rot2,0,0,0.001594119,0.01145151

0,True,False,0.02,0.2,Rot2,0,0,0.001594119,0.01145151

0,True,False,0.02,0.2,Rot2,0,0,0.001594119,0.01145151

0,True,False,0.02,0.2,Rot2,0,0,0.001594119,0.01145151

0,True,False,0.02,0.2,Rot2,0,0,0.001594119,0.01145151

0,True,False,0.02,0.2,Rot2,0,0,0.001594119,0.01145151

0,True,False,0.02,0.2,Rot2,0,0,0.001594119,0.01145151

0,True,False,0.02,0.2,Rot2,0,0,0.001594119,0.01145151

0,True,False,0.02,0.2,Rot2,0,0,0.001594119,0.01145151

0,True,False,0.02,0.2,Rot2,0,0,0.001594119,0.01145151

0,True,False,0.02,0.2,Rot2,0,0,0.001594119,0.01145151

0,True,False,0.02,0.2,Rot2,0,0,0.001594119,0.01145151

0,True,False,0.02,0.2,Rot2,0,0,0.001594119,0.01145151

0,True,False,0.02,0.2,Rot2,0,0,0.001594119,0.01145151

0,True,False,0.02,0.2,Rot2,0,0,0.001594119,0.01145151

0,True,False,0.02,0.2,Rot2,0,0,0.001594119,0.01145151

0,True,False,0.02,0.2,Rot2,0,0,0.001594119,0.01145151

0,True,False,0.02,0.2,Rot2,0,0,0.001594119,0.01145151

0,True,False,0.02,0.2,Rot2,0,0,0.001594119,0.01145151

0,True,False,0.02,0.2,Rot2,0,0,0.001594119,0.01145151

0,True,False,0.02,0.2,Rot2,0,0,0.001594119,0.01145151

0,True,False,0.02,0.2,Rot2,0,0,0.001594119,0.01145151

0,True,False,0.02,0.2,Rot2,0,0,0.001594119,0.01145151

0,True,False,0.02,0.2,Rot2,0,0,0.001594119,0.01145151

0,True,False,0.02,0.2,Rot2,0,0,0.001594119,0.01145151

0,True,False,0.02,0.2,Rot2,0,0,0.001594119,0.01145151

0,True,False,0.02,0.2,Rot2,0,0,0.001594119,0.01145151

0,True,False,0.02,0.2,Rot2,0,0,0.001594119,0.01145151

0,True,False,0.02,0.2,Rot2,0,0,0.001594119,0.01145151

0,True,False,0.02,0.2,Rot2,0,0,0.001594119,0.01145151

0,True,False,0.02,0.2,Rot2,0,0,0.001594119,0.01145151

0,True,False,0.02,0.2,Rot2,0,0,0.001594119,0.01145151

0,True,False,0.02,0.2,Rot2,0,0,0.001594119,0.01145151

0,True,False,0.02,0.2,Rot2,0,0,0.001594119,0.01145151

0,True,False,0.02,0.2,Rot2,0,0,0.001594119,0.01145151

0,True,False,0.02,0.2,Rot2,0,0,0.001594119,0.01145151

0,True,False,0.02,0.2,Rot2,0,0,0.001594119,0.01145151

0,True,False,0.02,0.2,Rot2,0,0,0.001594119,0.01145151

0,True,False,0.02,0.2,Rot2,0,0,0.001594119,0.01145151

0,True,False,0.02,0.2,Rot2,0,0,0.001594119,0.01145151

0,True,False,0.02,0.2,Rot2,0,0,0.001594119,0.01145151

0,True,False,0.02,0.2,Rot2,0,0,0.001594119,0.01145151

0,True,False,0.02,0.2,Rot2,0,0,0.001594119,0.01145151

0,True,False,0.02,0.2,Rot2,0,0,0.001594119,0.01145151

0,True,False,0.02,0.2,Rot2,0,0,0.001594119,0.01145151

0,True,False,0.02,0.2,Rot2,0,0,0.001594119,0.01145151

0,True,False,0.02,0.2,Rot2,0,0,0.001594119,0.01145151

0,True,False,0.02,0.2,Rot2,0,0,0.001594119,0.01145151

0,True,False,0.02,0.2,Rot2,0,0,0.001594119,0.01145151

0,True,False,0.02,0.2,Rot2,0,0,0.001594119,0.01145151

0,True,False,0.02,0.2,Rot2,0,0,0.001594119,0.01145151

0,True,False,0.02,0.2,Rot2,0,0,0.001594119,0.01145151

0,True,False,0.02,0.2,Rot2,0,0,0.001594119,0.01145151

0,True,False,0.02,0.2,Rot2,0,0,0.001594119,0.01145151

0,True,False,0.02,0.2,Rot2,0,0,0.001594119,0.01145151

0,True,False,0.02,0.2,Rot2,0,0,0.001594119,0.01145151

0,True,False,0.02,0.2,Rot2,0,0,0.001594119,0.01145151

0,True,False,0.02,0.2,Rot2,0,0,0.001594119,0.01145151

0,True,False,0.02,0.2,Rot2,0,0,0.001594119,0.01145151

0,True,False,0.02,0.2,Rot2,0,0,0.001594119,0.01145151

0,True,False,0.02,0.2,Rot2,0,0,0.001594119,0.01145151

0,True,False,0.02,0.2,Rot2,0,0,0.001594119,0.01145151

0,True,False,0.02,0.2,Rot2,0,0,0.001594119,0.01145151

0,True,False,0.02,0.2,Rot2,0,0,0.001594119,0.01145151

0,True,False,0.02,0.2,Rot2,0,0,0.001594119,0.01145151

0,True,False,0.02,0.2,Rot2,0,0,0.001594119,0.01145151

0,True,False,0.02,0.2,Rot2,0,0,0.001594119,0.01145151

0,True,False,0.02,0.2,Rot2,0,0,0.001594119,0.01145151

0,True,False,0.02,0.2,Rot2,0,0,0.001594119,0.01145151

0,True,False,0.02,0.2,Rot2,0,0,0.001594119,0.01145151

0,True,False,0.02,0.2,Rot2,0,0,0.001594119,0.01145151

0,True,False,0.02,0.2,Rot2,0,0,0.001594119,0.01145151

0,True,False,0.02,0.2,Rot2,0,0,0.001594119,0.01145151

0,True,False,0.02,0.2,Rot2,0,0,0.001594119,0.01145151

0,True,False,0.02,0.2,Rot2,0,0,0.001594119,0.01145151

0,True,False,0.02,0.2,Rot2,0,0,0.001594119,0.01145151

0,True,False,0.02,0.2,Rot2,0,0,0.001594119,0.01145151

0,True,False,0.02,0.2,Rot2,0,0,0.001594119,0.01145151

0,True,False,0.02,0.2,Rot2,0,0,0.001594119,0.01145151

0,True,False,0.02,0.2,Rot2,0,0,0.001594119,0.01145151

0,True,False,0.02,0.2,Rot2,0,0,0.001594119,0.01145151

0,True,False,0.02,0.2,Rot2,0,0,0.001594119,0.01145151

0,True,False,0.02,0.2,Rot2,0,0,0.001594119,0.01145151

0,True,False,0.02,0.2,Rot2,0,0,0.001594119,0.01145151

0,True,False,0.02,0.2,Rot2,0,0,0.001594119,0.01145151

0,True,False,0.02,0.2,Rot2,0,0,0.001594119,0.01145151

0,True,False,0.02,0.2,Rot2,0,0,0.001594119,0.01145151

0,True,False,0.02,0.2,Rot2,0,0,0.001594119,0.01145151

0,True,False,0.02,0.2,Rot2,0,0,0.001594119,0.01145151

0,True,False,0.02,0.2,Rot2,0,0,0.001594119,0.01145151

0,True,False,0.02,0.2,Rot2,0,0,0.001594119,0.01145151

0,True,False,0.02,0.2,Rot2,0,0,0.001594119,0.01145151

0,True,False,0.02,0.2,Rot2,0,0,0.001594119,0.01145151

0,True,False,0.02,0.2,Rot2,0,0,0.001594119,0.01145151

0,True,False,0.02,0.2,Rot2,0,0,0.001594119,0.01145151

0,True,False,0.02,0.2,Rot2,0,0,0.001594119,0.01145151

0,True,False,0.02,0.2,Rot2,0,0,0.001594119,0.01145151

0,True,False,0.02,0.2,Rot2,0,0,0.001594119,0.01145151

0,True,False,0.02,0.2,Rot2,0,0,0.001594119,0.01145151

0,True,False,0.02,0.2,Rot2,0,0,0.001594119,0.01145151

0,True,False,0.02,0.2,Rot2,0,0,0.001594119,0.01145151

0,True,False,0.02,0.2,Rot2,0,0,0.001594119,0.01145151

0,True,False,0.02,0.2,Rot2,0,0,0.001594119,0.01145151

0,True,False,0.02,0.2,Rot2,0,0,0.001594119,0.01145151

0,True,False,0.02,0.2,Rot2,0,0,0.001594119,0.01145151

0,True,False,0.02,0.2,Rot2,0,0,0.001594119,0.01145151

0,True,False,0.02,0.2,Rot2,0,0,0.001594119,0.01145151

0,True,False,0.02,0.2,Rot2,0,0,0.001594119,0.01145151

0,True,False,0.02,0.2,Rot2,0,0,0.001594119,0.01145151

0,True,False,0.02,0.2,Rot2,0,0,0.001594119,0.01145151

0,True,False,0.02,0.2,Rot2,0,0,0.001594119,0.01145151

0,True,False,0.02,0.2,Rot2,0,0,0.001594119,0.01145151

0,True,False,0.02,0.2,Rot2,0,0,0.001594119,0.01145151

0,True,False,0.02,0.2,Rot2,0,0,0.001594119,0.01145151

0,True,False,0.02,0.2,Rot2,0,0,0.001594119,0.01145151

0,True,False,0.02,0.2,Rot2,0,0,0.001594119,0.01145151

0,True,False,0.02,0.2,Rot2,0,0,0.001594119,0.01145151

0,True,False,0.02,0.2,Rot2,0,0,0.001594119,0.01145151

0,True,False,0.02,0.2,Rot2,0,0,0.001594119,0.01145151

0,True,False,0.02,0.2,Rot2,0,0,0.001594119,0.01145151

0,True,False,0.02,0.2,Rot2,0,0,0.001594119,0.01145151

0,True,False,0.02,0.2,Rot2,0,0,0.001594119,0.01145151

0,True,False,0.02,0.2,Rot2,0,0,0.001594119,0.01145151

0,True,False,0.02,0.2,Rot2,0,0,0.001594119,0.01145151

0,True,False,0.02,0.2,Rot2,0,0,0.001594119,0.01145151

0,True,False,0.02,0.2,Rot2,0,0,0.001594119,0.01145151

0,True,False,0.02,0.2,Rot2,0,0,0.001594119,0.01145151

0,True,False,0.02,0.2,Rot2,0,0,0.001594119,0.01145151

0,True,False,0.02,0.2,Rot2,0,0,0.001594119,0.01145151

0,True,False,0.02,0.2,Rot2,0,0,0.001594119,0.01145151

0,True,False,0.02,0.2,Rot2,0,0,0.001594119,0.01145151

0,True,False,0.02,0.2,Rot2,0,0,0.001594119,0.01145151

0,True,False,0.02,0.2,Rot2,0,0,0.001594119,0.01145151

0,True,False,0.02,0.2,Rot2,0,0,0.001594119,0.01145151

0,True,False,0.02,0.2,Rot2,0,0,0.001594119,0.01145151

0,True,False,0.02,0.2,Rot2,0,0,0.001594119,0.01145151

0,True,False,0.02,0.2,Rot2,0,0,0.001594119,0.01145151

0,True,False,0.02,0.2,Rot2,0,0,0.001594119,0.01145151

0,True,False,0.02,0.2,Rot2,0,0,0.001594119,0.01145151

0,True,False,0.02,0.2,Rot2,0,0,0.001594119,0.01145151

0,True,False,0.02,0.2,Rot2,0,0,0.001594119,0.01145151

0,True,False,0.02,0.2,Rot2,0,0,0.001594119,0.01145151

0,True,False,0.02,0.2,Rot2,0,0,0.001594119,0.01145151

0,True,False,0.02,0.2,Rot2,0,0,0.001594119,0.01145151

0,True,False,0.02,0.2,Rot2,0,0,0.001594119,0.01145151

0,True,False,0.02,0.2,Rot2,0,0,0.001594119,0.01145151

0,True,False,0.02,0.2,Rot2,0,0,0.001594119,0.01145151

0,True,False,0.02,0.2,Rot2,0,0,0.001594119,0.01145151

0,True,False,0.02,0.2,Rot2,0,0,0.001594119,0.01145151

0,True,False,0.02,0.2,Rot2,0,0,0.001594119,0.01145151

0,True,False,0.02,0.2,Rot2,0,0,0.001594119,0.01145151

0,True,False,0.02,0.2,Rot2,0,0,0.001594119,0.01145151

0,True,False,0.02,0.2,Rot2,0,0,0.001594119,0.01145151

0,True,False,0.02,0.2,Rot2,0,0,0.001594119,0.01145151

0,True,False,0.02,0.2,Rot2,0,0,0.001594119,0.01145151

0,True,False,0.02,0.2,Rot2,0,0,0.001594119,0.01145151

0,True,False,0.02,0.2,Rot2,0,0,0.001594119,0.01145151

0,True,False,0.02,0.2,Rot2,0,0,0.001594119,0.01145151

0,True,False,0.02,0.2,Rot2,0,0,0.001594119,0.01145151

0,True,False,0.02,0.2,Rot2,0,0,0.001594119,0.01145151

0,True,False,0.02,0.2,Rot2,0,0,0.001594119,0.01145151

0,True,False,0.02,0.2,Rot2,0,0,0.001594119,0.01145151

0,True,False,0.02,0.2,Rot2,0,0,0.001594119,0.01145151

0,True,False,0.02,0.2,Rot2,0,0,0.001594119,0.01145151

0,True,False,0.02,0.2,Rot2,0,0,0.001594119,0.01145151

0,True,False,0.02,0.2,Rot2,0,0,0.001594119,0.01145151

0,True,False,0.02,0.2,Rot2,0,0,0.001594119,0.01145151

0,True,False,0.02,0.2,Rot2,0,0,0.001594119,0.01145151

0,True,False,0.02,0.2,Rot2,0,0,0.001594119,0.01145151

0,True,False,0.02,0.2,Rot2,0,0,0.001594119,0.01145151

0,True,False,0.02,0.2,Rot2,0,0,0.001594119,0.01145151

0,True,False,0.02,0.2,Rot2,0,0,0.001594119,0.01145151

0,True,False,0.02,0.2,Rot2,0,0,0.001594119,0.01145151

0,True,False,0.02,0.2,Rot2,0,0,0.001594119,0.01145151

0,True,False,0.02,0.2,Rot2,0,0,0.001594119,0.01145151

0,True,False,0.02,0.2,Rot2,0,0,0.001594119,0.01145151

0,True,False,0.02,0.2,Rot2,0,0,0.001594119,0.01145151

0,True,False,0.02,0.2,Rot2,0,0,0.001594119,0.01145151

0,True,False,0.02,0.2,Rot2,0,0,0.001594119,0.01145151

0,True,False,0.02,0.2,Rot2,0,0,0.001594119,0.01145151

0,True,False,0.02,0.2,Rot2,0,0,0.001594119,0.01145151

0,True,False,0.02,0.2,Rot2,0,0,0.001594119,0.01145151

0,True,False,0.02,0.2,Rot2,0,0,0.001594119,0.01145151

0,True,False,0.02,0.2,Rot2,0,0,0.001594119,0.01145151

0,True,False,0.02,0.2,Rot2,0,0,0.001594119,0.01145151

0,True,False,0.02,0.2,Rot2,0,0,0.001594119,0.01145151

0,True,False,0.02,0.2,Rot2,0,0,0.001594119,0.01145151

0,True,False,0.02,0.2,Rot2,0,0,0.001594119,0.01145151

0,True,False,0.02,0.2,Rot2,0,0,0.001594119,0.01145151

0,True,False,0.02,0.2,Rot2,0,0,0.001594119,0.01145151

0,True,False,0.02,0.2,Rot2,0,0,0.001594119,0.01145151

0,True,False,0.02,0.2,Rot2,0,0,0.001594119,0.01145151

0,True,False,0.02,0.2,Rot2,0,0,0.001594119,0.01145151

0,True,False,0.02,0.2,Rot2,0,0,0.001594119,0.01145151

0,True,False,0.02,0.2,Rot2,0,0,0.001594119,0.01145151

0,True,False,0.02,0.2,Rot2,0,0,0.001594119,0.01145151

0,True,False,0.02,0.2,Rot2,0,0,0.001594119,0.01145151

0,True,False,0.02,0.2,Rot2,0,0,0.001594119,0.01145151

0,True,False,0.02,0.2,Rot2,0,0,0.001594119,0.01145151

0,True,False,0.02,0.2,Rot2,0,0,0.001594119,0.01145151

0,True,False,0.02,0.2,Rot2,0,0,0.001594119,0.01145151

0,True,False,0.02,0.2,Rot2,0,0,0.001594119,0.01145151

0,True,False,0.02,0.2,Rot2,0,0,0.001594119,0.01145151

0,True,False,0.02,0.2,Rot2,0,0,0.001594119,0.01145151

0,True,False,0.02,0.2,Rot2,0,0,0.001594119,0.01145151

0,True,False,0.02,0.2,Rot2,0,0,0.001594119,0.01145151

0,True,False,0.02,0.2,Rot2,0,0,0.001594119,0.01145151

0,True,False,0.02,0.2,Rot2,0,0,0.001594119,0.01145151

0,True,False,0.02,0.2,Rot2,0,0,0.001594119,0.01145151

0,True,False,0.02,0.2,Rot2,0,0,0.001594119,0.01145151

0,True,False,0.02,0.2,Rot2,0,0,0.001594119,0.01145151

0,True,False,0.02,0.2,Rot2,0,0,0.001594119,0.01145151

0,True,False,0.02,0.2,Rot2,0,0,0.001594119,0.01145151

0,True,False,0.02,0.2,Rot2,0,0,0.001594119,0.01145151

0,True,False,0.02,0.2,Rot2,0,0,0.001594119,0.01145151

0,True,False,0.02,0.2,Rot2,0,0,0.001594119,0.01145151

0,True,False,0.02,0.2,Rot2,0,0,0.001594119,0.01145151

0,True,False,0.02,0.2,Rot2,0,0,0.001594119,0.01145151

0,True,False,0.02,0.2,Rot2,0,0,0.001594119,0.01145151

0,True,False,0.02,0.2,Rot2,0,0,0.001594119,0.01145151

0,True,False,0.02,0.2,Rot2,0,0,0.001594119,0.01145151

0,True,False,0.02,0.2,Rot2,0,0,0.001594119,0.01145151

0,True,False,0.02,0.2,Rot2,0,0,0.001594119,0.01145151

0,True,False,0.02,0.2,Rot2,0,0,0.001594119,0.01145151

0,True,False,0.02,0.2,Rot2,0,0,0.001594119,0.01145151

0,True,False,0.02,0.2,Rot2,0,0,0.001594119,0.01145151

0,True,False,0.02,0.2,Rot2,0,0,0.001594119,0.01145151

0,True,False,0.02,0.2,Rot2,0,0,0.001594119,0.01145151

0,True,False,0.02,0.2,Rot2,0,0,0.001594119,0.01145151

0,True,False,0.02,0.2,Rot2,0,0,0.001594119,0.01145151

0,True,False,0.02,0.2,Rot2,0,0,0.001594119,0.01145151

0,True,False,0.02,0.2,Rot2,0,0,0.001594119,0.01145151

0,True,False,0.02,0.2,Rot2,0,0,0.001594119,0.01145151

0,True,False,0.02,0.2,Rot2,0,0,0.001594119,0.01145151

0,True,False,0.02,0.2,Rot2,0,0,0.001594119,0.01145151

0,True,False,0.02,0.2,Rot2,0,0,0.001594119,0.01145151

0,True,False,0.02,0.2,Rot2,0,0,0.001594119,0.01145151

0,True,False,0.02,0.2,Rot2,0,0,0.001594119,0.01145151

0,True,False,0.02,0.2,Rot2,0,0,0.001594119,0.01145151

0,True,False,0.02,0.2,Rot2,0,0,0.001594119,0.01145151

0,True,False,0.02,0.2,Rot2,0,0,0.001594119,0.01145151

0,True,False,0.02,0.2,Rot2,0,0,0.001594119,0.01145151

0,True,False,0.02,0.2,Rot2,0,0,0.001594119,0.01145151

0,True,False,0.02,0.2,Rot2,0,0,0.001594119,0.01145151

0,True,False,0.02,0.2,Rot2,0,0,0.001594119,0.01145151

0,True,False,0.02,0.2,Rot2,0,0,0.001594119,0.01145151

0,True,False,0.02,0.2,Rot2,0,0,0.001594119,0.01145151

0,True,False,0.02,0.2,Rot2,0,0,0.001594119,0.01145151

0,True,False,0.02,0.2,Rot2,0,0,0.001594119,0.01145151

0,True,False,0.02,0.2,Rot2,0,0,0.001594119,0.01145151

0,True,False,0.02,0.2,Rot2,0,0,0.001594119,0.01145151

0,True,False,0.02,0.2,Rot2,0,0,0.001594119,0.01145151

0,True,False,0.02,0.2,Rot2,0,0,0.001594119,0.01145151

0,True,False,0.02,0.2,Rot2,0,0,0.001594119,0.01145151

0,True,False,0.02,0.2,Rot2,0,0,0.001594119,0.01145151

0,True,False,0.02,0.2,Rot2,0,0,0.001594119,0.01145151

0,True,False,0.02,0.2,Rot2,0,0,0.001594119,0.01145151

0,True,False,0.02,0.2,Rot2,0,0,0.001594119,0.01145151

0,True,False,0.02,0.2,Rot2,0,0,0.001594119,0.01145151

0,True,False,0.02,0.2,Rot2,0,0,0.001594119,0.01145151

0,True,False,0.02,0.2,Rot2,0,0,0.001594119,0.01145151

0,True,False,0.02,0.2,Rot2,0,0,0.001594119,0.01145151

0,True,False,0.02,0.2,Rot2,0,0,0.001594119,0.01145151

0,True,False,0.02,0.2,Rot2,0,0,0.001594119,0.01145151

0,True,False,0.02,0.2,Rot2,0,0,0.001594119,0.01145151

0,True,False,0.02,0.2,Rot2,0,0,0.001594119,0.01145151

0,True,False,0.02,0.2,Rot2,0,0,0.001594119,0.01145151

0,True,False,0.02,0.2,Rot2,0,0,0.001594119,0.01145151

0,True,False,0.02,0.2,Rot2,0,0,0.001594119,0.01145151

0,True,False,0.02,0.2,Rot2,0,0,0.001594119,0.01145151

0,True,False,0.02,0.2,Rot2,0,0,0.001594119,0.01145151

0,True,False,0.02,0.2,Rot2,0,0,0.001594119,0.01145151

0,True,False,0.02,0.2,Rot2,0,0,0.001594119,0.01145151

0,True,False,0.02,0.2,Rot2,0,0,0.001594119,0.01145151

0,True,False,0.02,0.2,Rot2,0,0,0.001594119,0.01145151

0,True,False,0.02,0.2,Rot2,0,0,0.001594119,0.01145151

0,True,False,0.02,0.2,Rot2,0,0,0.001594119,0.01145151

0,True,False,0.02,0.2,Rot2,0,0,0.001594119,0.01145151

0,True,False,0.02,0.2,Rot2,0,0,0.001594119,0.01145151

0,True,False,0.02,0.2,Rot2,0,0,0.001594119,0.01145151

0,True,False,0.02,0.2,Rot2,0,0,0.001594119,0.01145151

0,True,False,0.02,0.2,Rot2,0,0,0.001594119,0.01145151

0,True,False,0.02,0.2,Rot2,0,0,0.001594119,0.01145151

0,True,False,0.02,0.2,Rot2,0,0,0.001594119,0.01145151

0,True,False,0.02,0.2,Rot2,0,0,0.001594119,0.01145151

0,True,False,0.02,0.2,Rot2,0,0,0.001594119,0.01145151

0,True,False,0.02,0.2,Rot2,0,0,0.001594119,0.01145151

0,True,False,0.02,0.2,Rot2,0,0,0.001594119,0.01145151

0,True,False,0.02,0.2,Rot2,0,0,0.001594119,0.01145151

0,True,False,0.02,0.2,Rot2,0,0,0.001594119,0.01145151

0,True,False,0.02,0.2,Rot2,0,0,0.001594119,0.01145151

0,True,False,0.02,0.2,Rot2,0,0,0.001594119,0.01145151

0,True,False,0.02,0.2,Rot2,0,0,0.001594119,0.01145151

0,True,False,0.02,0.2,Rot2,0,0,0.001594119,0.01145151

0,True,False,0.02,0.2,Rot2,0,0,0.001594119,0.01145151

0,True,False,0.02,0.2,Rot2,0,0,0.001594119,0.01145151

0,True,False,0.02,0.2,Rot2,0,0,0.001594119,0.01145151

0,True,False,0.02,0.2,Rot2,0,0,0.001594119,0.01145151

0,True,False,0.02,0.2,Rot2,0,0,0.001594119,0.01145151

0,True,False,0.02,0.2,Rot2,0,0,0.001594119,0.01145151

0,True,False,0.02,0.2,Rot2,0,0,0.001594119,0.01145151

0,True,False,0.02,0.2,Rot2,0,0,0.001594119,0.01145151

0,True,False,0.02,0.2,Rot2,0,0,0.001594119,0.01145151

0,True,False,0.02,0.2,Rot2,0,0,0.001594119,0.01145151

0,True,False,0.02,0.2,Rot2,0,0,0.001594119,0.01145151

0,True,False,0.02,0.2,Rot2,0,0,0.001594119,0.01145151

0,True,False,0.02,0.2,Rot2,0,0,0.001594119,0.01145151

0,True,False,0.02,0.2,Rot2,0,0,0.001594119,0.01145151

0,True,False,0.02,0.2,Rot2,0,0,0.001594119,0.01145151

0,True,False,0.02,0.2,Rot2,0,0,0.001594119,0.01145151

0,True,False,0.02,0.2,Rot2,0,0,0.001594119,0.01145151

0,True,False,0.02,0.2,Rot2,0,0,0.001594119,0.01145151

0,True,False,0.02,0.2,Rot2,0,0,0.001594119,0.01145151

0,True,False,0.02,0.2,Rot2,0,0,0.001594119,0.01145151

0,True,False,0.02,0.2,Rot2,0,0,0.001594119,0.01145151

0,True,False,0.02,0.2,Rot2,0,0,0.001594119,0.01145151

0,True,False,0.02,0.2,Rot2,0,0,0.001594119,0.01145151

0,True,False,0.02,0.2,Rot2,0,0,0.001594119,0.01145151

0,True,False,0.02,0.2,Rot2,0,0,0.001594119,0.01145151

0,True,False,0.02,0.2,Rot2,0,0,0.001594119,0.01145151

0,True,False,0.02,0.2,Rot2,0,0,0.001594119,0.01145151

0,True,False,0.02,0.2,Rot2,0,0,0.001594119,0.01145151

0,True,False,0.02,0.2,Rot2,0,0,0.001594119,0.01145151

0,True,False,0.02,0.2,Rot2,0,0,0.001594119,0.01145151

0,True,False,0.02,0.2,Rot2,0,0,0.001594119,0.01145151

0,True,False,0.02,0.2,Rot2,0,0,0.001594119,0.01145151

0,True,False,0.02,0.2,Rot2,0,0,0.001594119,0.01145151

0,True,False,0.02,0.2,Rot2,0,0,0.001594119,0.01145151

0,True,False,0.02,0.2,Rot2,0,0,0.001594119,0.01145151

0,True,False,0.02,0.2,Rot2,0,0,0.001594119,0.01145151

0,True,False,0.02,0.2,Rot2,0,0,0.001594119,0.01145151

0,True,False,0.02,0.2,Rot2,0,0,0.001594119,0.01145151

0,True,False,0.02,0.2,Rot2,0,0,0.001594119,0.01145151

0,True,False,0.02,0.2,Rot2,0,0,0.001594119,0.01145151

0,True,False,0.02,0.2,Rot2,0,0,0.001594119,0.01145151

0,True,False,0.02,0.2,Rot2,0,0,0.001594119,0.01145151

0,True,False,0.02,0.2,Rot2,0,0,0.001594119,0.01145151

0,True,False,0.02,0.2,Rot2,0,0,0.001594119,0.01145151

0,True,False,0.02,0.2,Rot2,0,0,0.001594119,0.01145151

0,True,False,0.02,0.2,Rot2,0,0,0.001594119,0.01145151

0,True,False,0.02,0.2,Rot2,0,0,0.001594119,0.01145151

0,True,False,0.02,0.2,Rot2,0,0,0.001594119,0.01145151

0,True,False,0.02,0.2,Rot2,0,0,0.001594119,0.01145151

0,True,False,0.02,0.2,Rot2,0,0,0.001594119,0.01145151

0,True,False,0.02,0.2,Rot2,0,0,0.001594119,0.01145151

0,True,False,0.02,0.2,Rot2,0,0,0.001594119,0.01145151

0,True,False,0.02,0.2,Rot2,0,0,0.001594119,0.01145151

0,True,False,0.02,0.2,Rot2,0,0,0.001594119,0.01145151

0,True,False,0.02,0.2,Rot2,0,0,0.001594119,0.01145151

0,True,False,0.02,0.2,Rot2,0,0,0.001594119,0.01145151

0,True,False,0.02,0.2,Rot2,0,0,0.001594119,0.01145151

0,True,False,0.02,0.2,Rot2,0,0,0.001594119,0.01145151

0,True,False,0.02,0.2,Rot2,0,0,0.001594119,0.01145151

0,True,False,0.02,0.2,Rot2,0,0,0.001594119,0.01145151

0,True,False,0.02,0.2,Rot2,0,0,0.001594119,0.01145151

0,True,False,0.02,0.2,Rot2,0,0,0.001594119,0.01145151

0,True,False,0.02,0.2,Rot2,0,0,0.001594119,0.01145151

0,True,False,0.02,0.2,Rot2,0,0,0.001594119,0.01145151

0,True,False,0.02,0.2,Rot2,0,0,0.001594119,0.01145151

0,True,False,0.02,0.2,Rot2,0,0,0.001594119,0.01145151

0,True,False,0.02,0.2,Rot2,0,0,0.001594119,0.01145151

0,True,False,0.02,0.2,Rot2,0,0,0.001594119,0.01145151

0,True,False,0.02,0.2,Rot2,0,0,0.001594119,0.01145151

0,True,False,0.02,0.2,Rot2,0,0,0.001594119,0.01145151

0,True,False,0.02,0.2,Rot2,0,0,0.001594119,0.01145151

0,True,False,0.02,0.2,Rot2,0,0,0.001594119,0.01145151

0,True,False,0.02,0.2,Rot2,0,0,0.001594119,0.01145151

0,True,False,0.02,0.2,Rot2,0,0,0.001594119,0.01145151

0,True,False,0.02,0.2,Rot2,0,0,0.001594119,0.01145151

0,True,False,0.02,0.2,Rot2,0,0,0.001594119,0.01145151

0,True,False,0.02,0.2,Rot2,0,0,0.001594119,0.01145151

0,True,False,0.02,0.2,Rot2,0,0,0.001594119,0.01145151

0,True,False,0.02,0.2,Rot2,0,0,0.001594119,0.01145151

0,True,False,0.02,0.2,Rot2,0,0,0.001594119,0.01145151

0,True,False,0.02,0.2,Rot2,0,0,0.001594119,0.01145151

0,True,False,0.02,0.2,Rot2,0,0,0.001594119,0.01145151

0,True,False,0.02,0.2,Rot2,0,0,0.001594119,0.01145151

0,True,False,0.02,0.2,Rot2,0,0,0.001594119,0.01145151

0,True,False,0.02,0.2,Rot2,0,0,0.001594119,0.01145151

0,True,False,0.02,0.2,Rot2,0,0,0.001594119,0.01145151

0,True,False,0.02,0.2,Rot2,0,0,0.001594119,0.01145151

0,True,False,0.02,0.2,Rot2,0,0,0.001594119,0.01145151

0,True,False,0.02,0.2,Rot2,0,0,0.001594119,0.01145151

0,True,False,0.02,0.2,Rot2,0,0,0.001594119,0.01145151

0,True,False,0.02,0.2,Rot2,0,0,0.001594119,0.01145151

0,True,False,0.02,0.2,Rot2,0,0,0.001594119,0.01145151

0,True,False,0.02,0.2,Rot2,0,0,0.001594119,0.01145151

0,True,False,0.02,0.2,Rot2,0,0,0.001594119,0.01145151

0,True,False,0.02,0.2,Rot2,0,0,0.001594119,0.01145151

0,True,False,0.02,0.2,Rot2,0,0,0.001594119,0.01145151

0,True,False,0.02,0.2,Rot2,0,0,0.001594119,0.01145151

0,True,False,0.02,0.2,Rot2,0,0,0.001594119,0.01145151

0,True,False,0.02,0.2,Rot2,0,0,0.001594119,0.01145151

0,True,False,0.02,0.2,Rot2,0,0,0.001594119,0.01145151

0,True,False,0.02,0.2,Rot2,0,0,0.001594119,0.01145151

0,True,False,0.02,0.2,Rot2,0,0,0.001594119,0.01145151

0,True,False,0.02,0.2,Rot2,0,0,0.001594119,0.01145151

0,True,False,0.02,0.2,Rot2,0,0,0.001594119,0.01145151

0,True,False,0.02,0.2,Rot2,0,0,0.001594119,0.01145151

0,True,False,0.02,0.2,Rot2,0,0,0.001594119,0.01145151

0,True,False,0.02,0.2,Rot2,0,0,0.001594119,0.01145151

0,True,False,0.02,0.2,Rot2,0,0,0.001594119,0.01145151

0,True,False,0.02,0.2,Rot2,0,0,0.001594119,0.01145151

0,True,False,0.02,0.2,Rot2,0,0,0.001594119,0.01145151

0,True,False,0.02,0.2,Rot2,0,0,0.001594119,0.01145151

0,True,False,0.02,0.2,Rot2,0,0,0.001594119,0.01145151

0,True,False,0.02,0.2,Rot2,0,0,0.001594119,0.01145151

0,True,False,0.02,0.2,Rot2,0,0,0.001594119,0.01145151

0,True,False,0.02,0.2,Rot2,0,0,0.001594119,0.01145151

0,True,False,0.02,0.2,Rot2,0,0,0.001594119,0.01145151

0,True,False,0.02,0.2,Rot2,0,0,0.001594119,0.01145151

0,True,False,0.02,0.2,Rot2,0,0,0.001594119,0.01145151

0,True,False,0.02,0.2,Rot2,0,0,0.001594119,0.01145151

0,True,False,0.02,0.2,Rot2,0,0,0.001594119,0.01145151

0,True,False,0.02,0.2,Rot2,0,0,0.001594119,0.01145151

0,True,False,0.02,0.2,Rot2,0,0,0.001594119,0.01145151

0,True,False,0.02,0.2,Rot2,0,0,0.001594119,0.01145151

0,True,False,0.02,0.2,Rot2,0,0,0.001594119,0.01145151

0,True,False,0.02,0.2,Rot2,0,0,0.001594119,0.01145151

0,True,False,0.02,0.2,Rot2,0,0,0.001594119,0.01145151

0,True,False,0.02,0.2,Rot2,0,0,0.001594119,0.01145151

0,True,False,0.02,0.2,Rot2,0,0,0.001594119,0.01145151

0,True,False,0.02,0.2,Rot2,0,0,0.001594119,0.01145151

0,True,False,0.02,0.2,Rot2,0,0,0.001594119,0.01145151

0,True,False,0.02,0.2,Rot2,0,0,0.001594119,0.01145151

0,True,False,0.02,0.2,Rot2,0,0,0.001594119,0.01145151

0,True,False,0.02,0.2,Rot2,0,0,0.001594119,0.01145151

0,True,False,0.02,0.2,Rot2,0,0,0.001594119,0.01145151

0,True,False,0.02,0.2,Rot2,0,0,0.001594119,0.01145151

0,True,False,0.02,0.2,Rot2,0,0,0.001594119,0.01145151

0,True,False,0.02,0.2,Rot2,0,0,0.001594119,0.01145151

0,True,False,0.02,0.2,Rot2,0,0,0.001594119,0.01145151

0,True,False,0.02,0.2,Rot2,0,0,0.001594119,0.01145151

0,True,False,0.02,0.2,Rot2,0,0,0.001594119,0.01145151

0,True,False,0.02,0.2,Rot2,0,0,0.001594119,0.01145151

0,True,False,0.02,0.2,Rot2,0,0,0.001594119,0.01145151

0,True,False,0.02,0.2,Rot2,0,0,0.001594119,0.01145151

0,True,False,0.02,0.2,Rot2,0,0,0.001594119,0.01145151

0,True,False,0.02,0.2,Rot2,0,0,0.001594119,0.01145151

0,True,False,0.02,0.2,Rot2,0,0,0.001594119,0.01145151

0,True,False,0.02,0.2,Rot2,0,0,0.001594119,0.01145151

0,True,False,0.02,0.2,Rot2,0,0,0.001594119,0.01145151

0,True,False,0.02,0.2,Rot2,0,0,0.001594119,0.01145151

0,True,False,0.02,0.2,Rot2,0,0,0.001594119,0.01145151

0,True,False,0.02,0.2,Rot2,0,0,0.001594119,0.01145151

0,True,False,0.02,0.2,Rot2,0,0,0.001594119,0.01145151

0,True,False,0.02,0.2,Rot2,0,0,0.001594119,0.01145151

0,True,False,0.02,0.2,Rot2,0,0,0.001594119,0.01145151

0,True,False,0.02,0.2,Rot2,0,0,0.001594119,0.01145151

0,True,False,0.02,0.2,Rot2,0,0,0.001594119,0.01145151

0,True,False,0.02,0.2,Rot2,0,0,0.001594119,0.01145151

0,True,False,0.02,0.2,Rot2,0,0,0.001594119,0.01145151

0,True,False,0.02,0.2,Rot2,0,0,0.001594119,0.01145151

0,True,False,0.02,0.2,Rot2,0,0,0.001594119,0.01145151

0,True,False,0.02,0.2,Rot2,0,0,0.001594119,0.01145151

0,True,False,0.02,0.2,Rot2,0,0,0.001594119,0.01145151

0,True,False,0.02,0.2,Rot2,0,0,0.001594119,0.01145151

0,True,False,0.02,0.2,Rot2,0,0,0.001594119,0.01145151

0,True,False,0.02,0.2,Rot2,0,0,0.001594119,0.01145151

0,True,False,0.02,0.2,Rot2,0,0,0.001594119,0.01145151

0,True,False,0.02,0.2,Rot2,0,0,0.001594119,0.01145151

0,True,False,0.02,0.2,Rot2,0,0,0.001594119,0.01145151

0,True,False,0.02,0.2,Rot2,0,0,0.001594119,0.01145151

0,True,False,0.02,0.2,Rot2,0,0,0.001594119,0.01145151

0,True,False,0.02,0.2,Rot2,0,0,0.001594119,0.01145151

0,True,False,0.02,0.2,Rot2,0,0,0.001594119,0.01145151

0,True,False,0.02,0.2,Rot2,0,0,0.001594119,0.01145151

0,True,False,0.02,0.2,Rot2,0,0,0.001594119,0.01145151

0,True,False,0.02,0.2,Rot2,0,0,0.001594119,0.01145151

0,True,False,0.02,0.2,Rot2,0,0,0.001594119,0.01145151

0,True,False,0.02,0.2,Rot2,0,0,0.001594119,0.01145151

0,True,False,0.02,0.2,Rot2,0,0,0.001594119,0.01145151

0,True,False,0.02,0.2,Rot2,0,0,0.001594119,0.01145151

0,True,False,0.02,0.2,Rot2,0,0,0.001594119,0.01145151

0,True,False,0.02,0.2,Rot2,0,0,0.001594119,0.01145151

0,True,False,0.02,0.2,Rot2,0,0,0.001594119,0.01145151

0,True,False,0.02,0.2,Rot2,0,0,0.001594119,0.01145151

0,True,False,0.02,0.2,Rot2,0,0,0.001594119,0.01145151

0,True,False,0.02,0.2,Rot2,0,0,0.001594119,0.01145151

0,True,False,0.02,0.2,Rot2,0,0,0.001594119,0.01145151

0,True,False,0.02,0.2,Rot2,0,0,0.001594119,0.01145151

0,True,False,0.02,0.2,Rot2,0,0,0.001594119,0.01145151

0,True,False,0.02,0.2,Rot2,0,0,0.001594119,0.01145151

0,True,False,0.02,0.2,Rot2,0,0,0.001594119,0.01145151

0,True,False,0.02,0.2,Rot2,0,0,0.001594119,0.01145151

0,True,False,0.02,0.2,Rot2,0,0,0.001594119,0.01145151

0,True,False,0.02,0.2,Rot2,0,0,0.001594119,0.01145151

0,True,False,0.02,0.2,Rot2,0,0,0.001594119,0.01145151

0,True,False,0.02,0.2,Rot2,0,0,0.001594119,0.01145151

0,True,False,0.02,0.2,Rot2,0,0,0.001594119,0.01145151

0,True,False,0.02,0.2,Rot2,0,0,0.001594119,0.01145151

0,True,False,0.02,0.2,Rot2,0,0,0.001594119,0.01145151

0,True,False,0.02,0.2,Rot2,0,0,0.001594119,0.01145151

0,True,False,0.02,0.2,Rot2,0,0,0.001594119,0.01145151

0,True,False,0.02,0.2,Rot2,0,0,0.001594119,0.01145151

0,True,False,0.02,0.2,Rot2,0,0,0.001594119,0.01145151

0,True,False,0.02,0.2,Rot2,0,0,0.001594119,0.01145151

0,True,False,0.02,0.2,Rot2,0,0,0.001594119,0.01145151

0,True,False,0.02,0.2,Rot2,0,0,0.001594119,0.01145151

0,True,False,0.02,0.2,Rot2,0,0,0.001594119,0.01145151

0,True,False,0.02,0.2,Rot2,0,0,0.001594119,0.01145151

0,True,False,0.02,0.2,Rot2,0,0,0.001594119,0.01145151

0,True,False,0.02,0.2,Rot2,0,0,0.001594119,0.01145151

0,True,False,0.02,0.2,Rot2,0,0,0.001594119,0.01145151

0,True,False,0.02,0.2,Rot2,0,0,0.001594119,0.01145151

0,True,False,0.02,0.2,Rot2,0,0,0.001594119,0.01145151

0,True,False,0.02,0.2,Rot2,0,0,0.001594119,0.01145151

0,True,False,0.02,0.2,Rot2,0,0,0.001594119,0.01145151

0,True,False,0.02,0.2,Rot2,0,0,0.001594119,0.01145151

0,True,False,0.02,0.2,Rot2,0,0,0.001594119,0.01145151

0,True,False,0.02,0.2,Rot2,0,0,0.001594119,0.01145151

0,True,False,0.02,0.2,Rot2,0,0,0.001594119,0.01145151

0,True,False,0.02,0.2,Rot2,0,0,0.001594119,0.01145151

0,True,False,0.02,0.2,Rot2,0,0,0.001594119,0.01145151

0,True,False,0.02,0.2,Rot2,0,0,0.001594119,0.01145151

0,True,False,0.02,0.2,Rot2,0,0,0.001594119,0.01145151

0,True,False,0.02,0.2,Rot2,0,0,0.001594119,0.01145151

0,True,False,0.02,0.2,Rot2,0,0,0.001594119,0.01145151

0,True,False,0.02,0.2,Rot2,0,0,0.001594119,0.01145151

0,True,False,0.02,0.2,Rot2,0,0,0.001594119,0.01145151

0,True,False,0.02,0.2,Rot2,0,0,0.001594119,0.01145151

0,True,False,0.02,0.2,Rot2,0,0,0.001594119,0.01145151

0,True,False,0.02,0.2,Rot2,0,0,0.001594119,0.01145151

0,True,False,0.02,0.2,Rot2,0,0,0.001594119,0.01145151

0,True,False,0.02,0.2,Rot2,0,0,0.001594119,0.01145151

0,True,False,0.02,0.2,Rot2,0,0,0.001594119,0.01145151

0,True,False,0.02,0.2,Rot2,0,0,0.001594119,0.01145151

0,True,False,0.02,0.2,Rot2,0,0,0.001594119,0.01145151

0,True,False,0.02,0.2,Rot2,0,0,0.001594119,0.01145151

0,True,False,0.02,0.2,Rot2,0,0,0.001594119,0.01145151

0,True,False,0.02,0.2,Rot2,0,0,0.001594119,0.01145151

0,True,False,0.02,0.2,Rot2,0,0,0.001594119,0.01145151

0,True,False,0.02,0.2,Rot2,0,0,0.001594119,0.01145151

0,True,False,0.02,0.2,Rot2,0,0,0.001594119,0.01145151

0,True,False,0.02,0.2,Rot2,0,0,0.001594119,0.01145151

0,True,False,0.02,0.2,Rot2,0,0,0.001594119,0.01145151

0,True,False,0.02,0.2,Rot2,0,0,0.001594119,0.01145151

0,True,False,0.02,0.2,Rot2,0,0,0.001594119,0.01145151

0,True,False,0.02,0.2,Rot2,0,0,0.001594119,0.01145151

0,True,False,0.02,0.2,Rot2,0,0,0.001594119,0.01145151

0,True,False,0.02,0.2,Rot2,0,0,0.001594119,0.01145151

0,True,False,0.02,0.2,Rot2,0,0,0.001594119,0.01145151

0,True,False,0.02,0.2,Rot2,0,0,0.001594119,0.01145151

0,True,False,0.02,0.2,Rot2,0,0,0.001594119,0.01145151

0,True,False,0.02,0.2,Rot2,0,0,0.001594119,0.01145151

0,True,False,0.02,0.2,Rot2,0,0,0.001594119,0.01145151

0,True,False,0.02,0.2,Rot2,0,0,0.001594119,0.01145151

0,True,False,0.02,0.2,Rot2,0,0,0.001594119,0.01145151

0,True,False,0.02,0.2,Rot2,0,0,0.001594119,0.01145151

0,True,False,0.02,0.2,Rot2,0,0,0.001594119,0.01145151

0,True,False,0.02,0.2,Rot2,0,0,0.001594119,0.01145151

0,True,False,0.02,0.2,Rot2,0,0,0.001594119,0.01145151

0,True,False,0.02,0.2,Rot2,0,0,0.001594119,0.01145151

0,True,False,0.02,0.2,Rot2,0,0,0.001594119,0.01145151

0,True,False,0.02,0.2,Rot2,0,0,0.001594119,0.01145151

0,True,False,0.02,0.2,Rot2,0,0,0.001594119,0.01145151

0,True,False,0.02,0.2,Rot2,0,0,0.001594119,0.01145151

0,True,False,0.02,0.2,Rot2,0,0,0.001594119,0.01145151

0,True,False,0.02,0.2,Rot2,0,0,0.001594119,0.01145151

0,True,False,0.02,0.2,Rot2,0,0,0.001594119,0.01145151

0,True,False,0.02,0.2,Rot2,0,0,0.001594119,0.01145151

0,True,False,0.02,0.2,Rot2,0,0,0.001594119,0.01145151

0,True,False,0.02,0.2,Rot2,0,0,0.001594119,0.01145151

0,True,False,0.02,0.2,Rot2,0,0,0.001594119,0.01145151

0,True,False,0.02,0.2,Rot2,0,0,0.001594119,0.01145151

0,True,False,0.02,0.2,Rot2,0,0,0.001594119,0.01145151

0,True,False,0.02,0.2,Rot2,0,0,0.001594119,0.01145151

0,True,False,0.02,0.2,Rot2,0,0,0.001594119,0.01145151

0,True,False,0.02,0.2,Rot2,0,0,0.001594119,0.01145151

0,True,False,0.02,0.2,Rot2,0,0,0.001594119,0.01145151

0,True,False,0.02,0.2,Rot2,0,0,0.001594119,0.01145151

0,True,False,0.02,0.2,Rot2,0,0,0.001594119,0.01145151

0,True,False,0.02,0.2,Rot2,0,0,0.001594119,0.01145151

0,True,False,0.02,0.2,Rot2,0,0,0.001594119,0.01145151

0,True,False,0.02,0.2,Rot2,0,0,0.001594119,0.01145151

0,True,False,0.02,0.2,Rot2,0,0,0.001594119,0.01145151

0,True,False,0.02,0.2,Rot2,0,0,0.001594119,0.01145151

0,True,False,0.02,0.2,Rot2,0,0,0.001594119,0.01145151

0,True,False,0.02,0.2,Rot2,0,0,0.001594119,0.01145151

0,True,False,0.02,0.2,Rot2,0,0,0.001594119,0.01145151

0,True,False,0.02,0.2,Rot2,0,0,0.001594119,0.01145151

0,True,False,0.02,0.2,Rot2,0,0,0.001594119,0.01145151

0,True,False,0.02,0.2,Rot2,0,0,0.001594119,0.01145151

0,True,False,0.02,0.2,Rot2,0,0,0.001594119,0.01145151

0,True,False,0.02,0.2,Rot2,0,0,0.001594119,0.01145151

0,True,False,0.02,0.2,Rot2,0,0,0.001594119,0.01145151

0,True,False,0.02,0.2,Rot2,0,0,0.001594119,0.01145151

0,True,False,0.02,0.2,Rot2,0,0,0.001594119,0.01145151

0,True,False,0.02,0.2,Rot2,0,0,0.001594119,0.01145151

0,True,False,0.02,0.2,Rot2,0,0,0.001594119,0.01145151

0,True,False,0.02,0.2,Rot2,0,0,0.001594119,0.01145151

0,True,False,0.02,0.2,Rot2,0,0,0.001594119,0.01145151

0,True,False,0.02,0.2,Rot2,0,0,0.001594119,0.01145151

0,True,False,0.02,0.2,Rot2,0,0,0.001594119,0.01145151

0,True,False,0.02,0.2,Rot2,0,0,0.001594119,0.01145151

0,True,False,0.02,0.2,Rot2,0,0,0.001594119,0.01145151

0,True,False,0.02,0.2,Rot2,0,0,0.001594119,0.01145151

0,True,False,0.02,0.2,Rot2,0,0,0.001594119,0.01145151

0,True,False,0.02,0.2,Rot2,0,0,0.001594119,0.01145151

0,True,False,0.02,0.2,Rot2,0,0,0.001594119,0.01145151

0,True,False,0.02,0.2,Rot2,0,0,0.001594119,0.01145151

0,True,False,0.02,0.2,Rot2,0,0,0.001594119,0.01145151

0,True,False,0.02,0.2,Rot2,0,0,0.001594119,0.01145151

0,True,False,0.02,0.2,Rot2,0,0,0.001594119,0.01145151

0,True,False,0.02,0.2,Rot2,0,0,0.001594119,0.01145151

0,True,False,0.02,0.2,Rot2,0,0,0.001594119,0.01145151

0,True,False,0.02,0.2,Rot2,0,0,0.001594119,0.01145151

0,True,False,0.02,0.2,Rot2,0,0,0.001594119,0.01145151

0,True,False,0.02,0.2,Rot2,0,0,0.001594119,0.01145151

0,True,False,0.02,0.2,Rot2,0,0,0.001594119,0.01145151

0,True,False,0.02,0.2,Rot2,0,0,0.001594119,0.01145151

0,True,False,0.02,0.2,Rot2,0,0,0.001594119,0.01145151

0,True,False,0.02,0.2,Rot2,0,0,0.001594119,0.01145151

0,True,False,0.02,0.2,Rot2,0,0,0.001594119,0.01145151

0,True,False,0.02,0.2,Rot2,0,0,0.001594119,0.01145151

0,True,False,0.02,0.2,Rot2,0,0,0.001594119,0.01145151

0,True,False,0.02,0.2,Rot2,0,0,0.001594119,0.01145151

0,True,False,0.02,0.2,Rot2,0,0,0.001594119,0.01145151

0,True,False,0.02,0.2,Rot2,0,0,0.001594119,0.01145151

0,True,False,0.02,0.2,Rot2,0,0,0.001594119,0.01145151

0,True,False,0.02,0.2,Rot2,0,0,0.001594119,0.01145151

0,True,False,0.02,0.2,Rot2,0,0,0.001594119,0.01145151

0,True,False,0.02,0.2,Rot2,0,0,0.001594119,0.01145151

0,True,False,0.02,0.2,Rot2,0,0,0.001594119,0.01145151

0,True,False,0.02,0.2,Rot2,0,0,0.001594119,0.01145151

0,True,False,0.02,0.2,Rot2,0,0,0.001594119,0.01145151

0,True,False,0.02,0.2,Rot2,0,0,0.001594119,0.01145151

0,True,False,0.02,0.2,Rot2,0,0,0.001594119,0.01145151

0,True,False,0.02,0.2,Rot2,0,0,0.001594119,0.01145151

0,True,False,0.02,0.2,Rot2,0,0,0.001594119,0.01145151

0,True,False,0.02,0.2,Rot2,0,0,0.001594119,0.01145151

0,True,False,0.02,0.2,Rot2,0,0,0.001594119,0.01145151

0,True,False,0.02,0.2,Rot2,0,0,0.001594119,0.01145151

0,True,False,0.02,0.2,Rot2,0,0,0.001594119,0.01145151

0,True,False,0.02,0.2,Rot2,0,0,0.001594119,0.01145151

0,True,False,0.02,0.2,Rot2,0,0,0.001594119,0.01145151

0,True,False,0.02,0.2,Rot2,0,0,0.001594119,0.01145151

0,True,False,0.02,0.2,Rot2,0,0,0.001594119,0.01145151

0,True,False,0.02,0.2,Rot2,0,0,0.001594119,0.01145151

0,True,False,0.02,0.2,Rot2,0,0,0.001594119,0.01145151

0,True,False,0.02,0.2,Rot2,0,0,0.001594119,0.01145151

0,True,False,0.02,0.2,Rot2,0,0,0.001594119,0.01145151

0,True,False,0.02,0.2,Rot2,0,0,0.001594119,0.01145151

0,True,False,0.02,0.2,Rot2,0,0,0.001594119,0.01145151

0,True,False,0.02,0.2,Rot2,0,0,0.001594119,0.01145151

0,True,False,0.02,0.2,Rot2,0,0,0.001594119,0.01145151

0,True,False,0.02,0.2,Rot2,0,0,0.001594119,0.01145151

0,True,False,0.02,0.2,Rot2,0,0,0.001594119,0.01145151

0,True,False,0.02,0.2,Rot2,0,0,0.001594119,0.01145151

0,True,False,0.02,0.2,Rot2,0,0,0.001594119,0.01145151

0,True,False,0.02,0.2,Rot2,0,0,0.001594119,0.01145151

0,True,False,0.02,0.2,Rot2,0,0,0.001594119,0.01145151

0,True,False,0.02,0.2,Rot2,0,0,0.001594119,0.01145151

0,True,False,0.02,0.2,Rot2,0,0,0.001594119,0.01145151

0,True,False,0.02,0.2,Rot2,0,0,0.001594119,0.01145151

0,True,False,0.02,0.2,Rot2,0,0,0.001594119,0.01145151

0,True,False,0.02,0.2,Rot2,0,0,0.001594119,0.01145151

0,True,False,0.02,0.2,Rot2,0,0,0.001594119,0.01145151

0,True,False,0.02,0.2,Rot2,0,0,0.001594119,0.01145151

0,True,False,0.02,0.2,Rot2,0,0,0.001594119,0.01145151

0,True,False,0.02,0.2,Rot2,0,0,0.001594119,0.01145151

0,True,False,0.02,0.2,Rot2,0,0,0.001594119,0.01145151

0,True,False,0.02,0.2,Rot2,0,0,0.001594119,0.01145151

0,True,False,0.02,0.2,Rot2,0,0,0.001594119,0.01145151

0,True,False,0.02,0.2,Rot2,0,0,0.001594119,0.01145151

0,True,False,0.02,0.2,Rot2,0,0,0.001594119,0.01145151

0,True,False,0.02,0.2,Rot2,0,0,0.001594119,0.01145151

0,True,False,0.02,0.2,Rot2,0,0,0.001594119,0.01145151

0,True,False,0.02,0.2,Rot2,0,0,0.001594119,0.01145151

0,True,False,0.02,0.2,Rot2,0,0,0.001594119,0.01145151

0,True,False,0.02,0.2,Rot2,0,0,0.001594119,0.01145151

0,True,False,0.02,0.2,Rot2,0,0,0.001594119,0.01145151

0,True,False,0.02,0.2,Rot2,0,0,0.001594119,0.01145151

0,True,False,0.02,0.2,Rot2,0,0,0.001594119,0.01145151

0,True,False,0.02,0.2,Rot2,0,0,0.001594119,0.01145151

0,True,False,0.02,0.2,Rot2,0,0,0.001594119,0.01145151

0,True,False,0.02,0.2,Rot2,0,0,0.001594119,0.01145151

0,True,False,0.02,0.2,Rot2,0,0,0.001594119,0.01145151

0,True,False,0.02,0.2,Rot2,0,0,0.001594119,0.01145151

0,True,False,0.02,0.2,Rot2,0,0,0.001594119,0.01145151

0,True,False,0.02,0.2,Rot2,0,0,0.001594119,0.01145151

0,True,False,0.02,0.2,Rot2,0,0,0.001594119,0.01145151

0,True,False,0.02,0.2,Rot2,0,0,0.001594119,0.01145151

0,True,False,0.02,0.2,Rot2,0,0,0.001594119,0.01145151

0,True,False,0.02,0.2,Rot2,0,0,0.001594119,0.01145151

0,True,False,0.02,0.2,Rot2,0,0,0.001594119,0.01145151

0,True,False,0.02,0.2,Rot2,0,0,0.001594119,0.01145151

0,True,False,0.02,0.2,Rot2,0,0,0.001594119,0.01145151

0,True,False,0.02,0.2,Rot2,0,0,0.001594119,0.01145151

0,True,False,0.02,0.2,Rot2,0,0,0.001594119,0.01145151

0,True,False,0.02,0.2,Rot2,0,0,0.001594119,0.01145151

0,True,False,0.02,0.2,Rot2,0,0,0.001594119,0.01145151

0,True,False,0.02,0.2,Rot2,0,0,0.001594119,0.01145151

0,True,False,0.02,0.2,Rot2,0,0,0.001594119,0.01145151

0,True,False,0.02,0.2,Rot2,0,0,0.001594119,0.01145151

0,True,False,0.02,0.2,Rot2,0,0,0.001594119,0.01145151

0,True,False,0.02,0.2,Rot2,0,0,0.001594119,0.01145151

0,True,False,0.02,0.2,Rot2,0,0,0.001594119,0.01145151

0,True,False,0.02,0.2,Rot2,0,0,0.001594119,0.01145151

0,True,False,0.02,0.2,Rot2,0,0,0.001594119,0.01145151

0,True,False,0.02,0.2,Rot2,0,0,0.001594119,0.01145151

0,True,False,0.02,0.2,Rot2,0,0,0.001594119,0.01145151

0,True,False,0.02,0.2,Rot2,0,0,0.001594119,0.01145151

0,True,False,0.02,0.2,Rot2,0,0,0.001594119,0.01145151

0,True,False,0.02,0.2,Rot2,0,0,0.001594119,0.01145151

0,True,False,0.02,0.2,Rot2,0,0,0.001594119,0.01145151

0,True,False,0.02,0.2,Rot2,0,0,0.001594119,0.01145151

0,True,False,0.02,0.2,Rot2,0,0,0.001594119,0.01145151

0,True,False,0.02,0.2,Rot2,0,0,0.001594119,0.01145151

0,True,False,0.02,0.2,Rot2,0,0,0.001594119,0.01145151

0,True,False,0.02,0.2,Rot2,0,0,0.001594119,0.01145151

0,True,False,0.02,0.2,Rot2,0,0,0.001594119,0.01145151

0,True,False,0.02,0.2,Rot2,0,0,0.001594119,0.01145151

0,True,False,0.02,0.2,Rot2,0,0,0.001594119,0.01145151

0,True,False,0.02,0.2,Rot2,0,0,0.001594119,0.01145151

0,True,False,0.02,0.2,Rot2,0,0,0.001594119,0.01145151

0,True,False,0.02,0.2,Rot2,0,0,0.001594119,0.01145151

0,True,False,0.02,0.2,Rot2,0,0,0.001594119,0.01145151

0,True,False,0.02,0.2,Rot2,0,0,0.001594119,0.01145151

0,True,False,0.02,0.2,Rot2,0,0,0.001594119,0.01145151

0,True,False,0.02,0.2,Rot2,0,0,0.001594119,0.01145151

0,True,False,0.02,0.2,Rot2,0,0,0.001594119,0.01145151

0,True,False,0.02,0.2,Rot2,0,0,0.001594119,0.01145151

0,True,False,0.02,0.2,Rot2,0,0,0.001594119,0.01145151

0,True,False,0.02,0.2,Rot2,0,0,0.001594119,0.01145151

0,True,False,0.02,0.2,Rot2,0,0,0.001594119,0.01145151

0,True,False,0.02,0.2,Rot2,0,0,0.001594119,0.01145151

0,True,False,0.02,0.2,Rot2,0,0,0.001594119,0.01145151

0,True,False,0.02,0.2,Rot2,0,0,0.001594119,0.01145151

0,True,False,0.02,0.2,Rot2,0,0,0.001594119,0.01145151

0,True,False,0.02,0.2,Rot2,0,0,0.001594119,0.01145151

0,True,False,0.02,0.2,Rot2,0,0,0.001594119,0.01145151

0,True,False,0.02,0.2,Rot2,0,0,0.001594119,0.01145151

0,True,False,0.02,0.2,Rot2,0,0,0.001594119,0.01145151

0,True,False,0.02,0.2,Rot2,0,0,0.001594119,0.01145151

0,True,False,0.02,0.2,Rot2,0,0,0.001594119,0.01145151

0,True,False,0.02,0.2,Rot2,0,0,0.001594119,0.01145151

0,True,False,0.02,0.2,Rot2,0,0,0.001594119,0.01145151

0,True,False,0.02,0.2,Rot2,0,0,0.001594119,0.01145151

0,True,False,0.02,0.2,Rot2,0,0,0.001594119,0.01145151

0,True,False,0.02,0.2,Rot2,0,0,0.001594119,0.01145151

0,True,False,0.02,0.2,Rot2,0,0,0.001594119,0.01145151

0,True,False,0.02,0.2,Rot2,0,0,0.001594119,0.01145151

0,True,False,0.02,0.2,Rot2,0,0,0.001594119,0.01145151

0,True,False,0.02,0.2,Rot2,0,0,0.001594119,0.01145151

0,True,False,0.02,0.2,Rot2,0,0,0.001594119,0.01145151

0,True,False,0.02,0.2,Rot2,0,0,0.001594119,0.01145151

0,True,False,0.02,0.2,Rot2,0,0,0.001594119,0.01145151

0,True,False,0.02,0.2,Rot2,0,0,0.001594119,0.01145151

0,True,False,0.02,0.2,Rot2,0,0,0.001594119,0.01145151

0,True,False,0.02,0.2,Rot2,0,0,0.001594119,0.01145151

0,True,False,0.02,0.2,Rot2,0,0,0.001594119,0.01145151

0,True,False,0.02,0.2,Rot2,0,0,0.001594119,0.01145151

0,True,False,0.02,0.2,Rot2,0,0,0.001594119,0.01145151

0,True,False,0.02,0.2,Rot2,0,0,0.001594119,0.01145151

0,True,False,0.02,0.2,Rot2,0,0,0.001594119,0.01145151

0,True,False,0.02,0.2,Rot2,0,0,0.001594119,0.01145151

0,True,False,0.02,0.2,Rot2,0,0,0.001594119,0.01145151

0,True,False,0.02,0.2,Rot2,0,0,0.001594119,0.01145151

0,True,False,0.02,0.2,Rot2,0,0,0.001594119,0.01145151

0,True,False,0.02,0.2,Rot2,0,0,0.001594119,0.01145151

0,True,False,0.02,0.2,Rot2,0,0,0.001594119,0.01145151

0,True,False,0.02,0.2,Rot2,0,0,0.001594119,0.01145151

0,True,False,0.02,0.2,Rot2,0,0,0.001594119,0.01145151

0,True,False,0.02,0.2,Rot2,0,0,0.001594119,0.01145151

0,True,False,0.02,0.2,Rot2,0,0,0.001594119,0.01145151

0,True,False,0.02,0.2,Rot2,0,0,0.001594119,0.01145151

0,True,False,0.02,0.2,Rot2,0,0,0.001594119,0.01145151

0,True,False,0.02,0.2,Rot2,0,0,0.001594119,0.01145151

0,True,False,0.02,0.2,Rot2,0,0,0.001594119,0.01145151

0,True,False,0.02,0.2,Rot2,0,0,0.001594119,0.01145151

0,True,False,0.02,0.2,Rot2,0,0,0.001594119,0.01145151

0,True,False,0.02,0.2,Rot2,0,0,0.001594119,0.01145151

0,True,False,0.02,0.2,Rot2,0,0,0.001594119,0.01145151

0,True,False,0.02,0.2,Rot2,0,0,0.001594119,0.01145151

0,True,False,0.02,0.2,Rot2,0,0,0.001594119,0.01145151

0,True,False,0.02,0.2,Rot2,0,0,0.001594119,0.01145151

0,True,False,0.02,0.2,Rot2,0,0,0.001594119,0.01145151

0,True,False,0.02,0.2,Rot2,0,0,0.001594119,0.01145151

0,True,False,0.02,0.2,Rot2,0,0,0.001594119,0.01145151

0,True,False,0.02,0.2,Rot2,0,0,0.001594119,0.01145151

0,True,False,0.02,0.2,Rot2,0,0,0.001594119,0.01145151

0,True,False,0.02,0.2,Rot2,0,0,0.001594119,0.01145151

0,True,False,0.02,0.2,Rot2,0,0,0.001594119,0.01145151

0,True,False,0.02,0.2,Rot2,0,0,0.001594119,0.01145151

0,True,False,0.02,0.2,Rot2,0,0,0.001594119,0.01145151

0,True,False,0.02,0.2,Rot2,0,0,0.001594119,0.01145151

0,True,False,0.02,0.2,Rot2,0,0,0.001594119,0.01145151

0,True,False,0.02,0.2,Rot2,0,0,0.001594119,0.01145151

0,True,False,0.02,0.2,Rot2,0,0,0.001594119,0.01145151

0,True,False,0.02,0.2,Rot2,0,0,0.001594119,0.01145151

0,True,False,0.02,0.2,Rot2,0,0,0.001594119,0.01145151

0,True,False,0.02,0.2,Rot2,0,0,0.001594119,0.01145151

0,True,False,0.02,0.2,Rot2,0,0,0.001594119,0.01145151

0,True,False,0.02,0.2,Rot2,0,0,0.001594119,0.01145151

0,True,False,0.02,0.2,Rot2,0,0,0.001594119,0.01145151

0,True,False,0.02,0.2,Rot2,0,0,0.001594119,0.01145151

0,True,False,0.02,0.2,Rot2,0,0,0.001594119,0.01145151

0,True,False,0.02,0.2,Rot2,0,0,0.001594119,0.01145151

0,True,False,0.02,0.2,Rot2,0,0,0.001594119,0.01145151

0,True,False,0.02,0.2,Rot2,0,0,0.001594119,0.01145151

0,True,False,0.02,0.2,Rot2,0,0,0.001594119,0.01145151

0,True,False,0.02,0.2,Rot2,0,0,0.001594119,0.01145151

0,True,False,0.02,0.2,Rot2,0,0,0.001594119,0.01145151

0,True,False,0.02,0.2,Rot2,0,0,0.001594119,0.01145151

0,True,False,0.02,0.2,Rot2,0,0,0.001594119,0.01145151

0,True,False,0.02,0.2,Rot2,0,0,0.001594119,0.01145151

0,True,False,0.02,0.2,Rot2,0,0,0.001594119,0.01145151

0,True,False,0.02,0.2,Rot2,0,0,0.001594119,0.01145151

0,True,False,0.02,0.2,Rot2,0,0,0.001594119,0.01145151

0,True,False,0.02,0.2,Rot2,0,0,0.001594119,0.01145151

0,True,False,0.02,0.2,Rot2,0,0,0.001594119,0.01145151

0,True,False,0.02,0.2,Rot2,0,0,0.001594119,0.01145151

0,True,False,0.02,0.2,Rot2,0,0,0.001594119,0.01145151

0,True,False,0.02,0.2,Rot2,0,0,0.001594119,0.01145151

0,True,False,0.02,0.2,Rot2,0,0,0.001594119,0.01145151

0,True,False,0.02,0.2,Rot2,0,0,0.001594119,0.01145151

0,True,False,0.02,0.2,Rot2,0,0,0.001594119,0.01145151

0,True,False,0.02,0.2,Rot2,0,0,0.001594119,0.01145151

0,True,False,0.02,0.2,Rot2,0,0,0.001594119,0.01145151

0,True,False,0.02,0.2,Rot2,0,0,0.001594119,0.01145151

0,True,False,0.02,0.2,Rot2,0,0,0.001594119,0.01145151

0,True,False,0.02,0.2,Rot2,0,0,0.001594119,0.01145151

0,True,False,0.02,0.2,Rot2,0,0,0.001594119,0.01145151

0,True,False,0.02,0.2,Rot2,0,0,0.001594119,0.01145151

0,True,False,0.02,0.2,Rot2,0,0,0.001594119,0.01145151

0,True,False,0.02,0.2,Rot2,0,0,0.001594119,0.01145151

0,True,False,0.02,0.2,Rot2,0,0,0.001594119,0.01145151

0,True,False,0.02,0.2,Rot2,0,0,0.001594119,0.01145151

0,True,False,0.02,0.2,Rot2,0,0,0.001594119,0.01145151

0,True,False,0.02,0.2,Rot2,0,0,0.001594119,0.01145151

0,True,False,0.02,0.2,Rot2,0,0,0.001594119,0.01145151

0,True,False,0.02,0.2,Rot2,0,0,0.001594119,0.01145151

0,True,False,0.02,0.2,Rot2,0,0,0.001594119,0.01145151

0,True,False,0.02,0.2,Rot2,0,0,0.001594119,0.01145151

0,True,False,0.02,0.2,Rot2,0,0,0.001594119,0.01145151

0,True,False,0.02,0.2,Rot2,0,0,0.001594119,0.01145151

0,True,False,0.02,0.2,Rot2,0,0,0.001594119,0.01145151

0,True,False,0.02,0.2,Rot2,0,0,0.001594119,0.01145151

0,True,False,0.02,0.2,Rot2,0,0,0.001594119,0.01145151

0,True,False,0.02,0.2,Rot2,0,0,0.001594119,0.01145151

0,True,False,0.02,0.2,Rot2,0,0,0.001594119,0.01145151

0,True,False,0.02,0.2,Rot2,0,0,0.001594119,0.01145151

0,True,False,0.02,0.2,Rot2,0,0,0.001594119,0.01145151

0,True,False,0.02,0.2,Rot2,0,0,0.001594119,0.01145151

0,True,False,0.02,0.2,Rot2,0,0,0.001594119,0.01145151

0,True,False,0.02,0.2,Rot2,0,0,0.001594119,0.01145151

0,True,False,0.02,0.2,Rot2,0,0,0.001594119,0.01145151

0,True,False,0.02,0.2,Rot2,0,0,0.001594119,0.01145151

0,True,False,0.02,0.2,Rot2,0,0,0.001594119,0.01145151

0,True,False,0.02,0.2,Rot2,0,0,0.001594119,0.01145151

0,True,False,0.02,0.2,Rot2,0,0,0.001594119,0.01145151

0,True,False,0.02,0.2,Rot2,0,0,0.001594119,0.01145151

0,True,False,0.02,0.2,Rot2,0,0,0.001594119,0.01145151

0,True,False,0.02,0.2,Rot2,0,0,0.001594119,0.01145151

0,True,False,0.02,0.2,Rot2,0,0,0.001594119,0.01145151

0,True,False,0.02,0.2,Rot2,0,0,0.001594119,0.01145151

0,True,False,0.02,0.2,Rot2,0,0,0.001594119,0.01145151

0,True,False,0.02,0.2,Rot2,0,0,0.001594119,0.01145151

0,True,False,0.02,0.2,Rot2,0,0,0.001594119,0.01145151

0,True,False,0.02,0.2,Rot2,0,0,0.001594132,0.01145145

0,True,False,0.02,0.2,Rot2,0,0,0.001596219,0.01145843

0,True,False,0.02,0.2,Rot2,0,0,0.001586373,0.01145166

0,True,False,0.02,0.2,Rot2,0,0,0.001498235,0.01131636

0,True,False,0.02,0.2,Rot2,0,0,0.001196466,0.01066208

0,True,False,0.02,0.2,Rot2,0,0,0.0008462585,0.00992325

0,True,False,0.02,0.2,Rot2,0,0,0.0001337218,0.009355814

0,True,False,0.02,0.2,Rot2,0,0,-0.0005012831,0.008846045

0,True,False,0.02,0.2,Rot2,0,0,-0.0009117289,0.008553476

0,True,False,0.02,0.2,Rot2,0,0,-0.00125608,0.008277119

0,True,False,0.02,0.2,Rot2,0,0,-0.001636748,0.008109064

0,True,False,0.02,0.2,Rot2,0,0,-0.00200525,0.007943274

0,True,False,0.02,0.2,Rot2,0,0,-0.002188672,0.007690818

0,True,False,0.02,0.2,Rot2,0,0,-0.002716502,0.007384152

0,True,False,0.02,0.2,Rot2,0,0,-0.003559747,0.00686875

0,True,False,0.02,0.2,Rot2,0,0,-0.004214784,0.006327808

0,True,False,0.02,0.2,Rot2,0,0,-0.00474222,0.005881638

0,True,False,0.02,0.2,Rot2,0,0,-0.005189224,0.005494863

0,True,False,0.02,0.2,Rot2,0,0,-0.005415375,0.005357653

0,True,False,0.02,0.2,Rot2,0,0,-0.005591684,0.005265444

0,True,False,0.02,0.2,Rot2,0,0,-0.005768373,0.005072474

0,True,False,0.02,0.2,Rot2,0,0,-0.005942013,0.004877239

0,True,False,0.02,0.2,Rot2,0,0,-0.006039775,0.004794031

0,True,False,0.02,0.2,Rot2,0,0,-0.006187388,0.004778117

0,True,False,0.02,0.2,Rot2,0,0,-0.00645695,0.004684567

0,True,False,0.02,0.2,Rot2,0,0,-0.006824802,0.004499286

0,True,False,0.02,0.2,Rot2,0,0,-0.007207809,0.004309416

0,True,False,0.02,0.2,Rot2,0,0,-0.007592632,0.004120797

0,True,False,0.02,0.2,Rot2,0,0,-0.007861489,0.003998696

0,True,False,0.02,0.2,Rot2,0,0,-0.008104288,0.003891616

0,True,False,0.02,0.2,Rot2,0,0,-0.008310941,0.003746598

0,True,False,0.02,0.2,Rot2,0,0,-0.00860519,0.003555864

0,True,False,0.02,0.2,Rot2,0,0,-0.008907134,0.003411978

0,True,False,0.02,0.2,Rot2,0,0,-0.009233866,0.003210812

0,True,False,0.02,0.2,Rot2,0,0,-0.009839999,0.002999185

0,True,False,0.02,0.2,Rot2,0,0,-0.01068495,0.002550362

0,True,False,0.02,0.2,Rot2,0,0,-0.01146277,0.002161681

0,True,False,0.02,0.2,Rot2,0,0,-0.0121157,0.001786261

0,True,False,0.02,0.2,Rot2,0,0,-0.01271078,0.001462846

0,True,False,0.02,0.2,Rot2,0,0,-0.01312575,0.001274465

0,True,False,0.02,0.2,Rot2,0,0,-0.01350192,0.001124142

0,True,False,0.02,0.2,Rot2,0,0,-0.01385518,0.001096873

0,True,False,0.02,0.2,Rot2,0,0,-0.01408442,0.001024603

0,True,False,0.02,0.2,Rot2,0,0,-0.0141999,0.001001744

0,True,False,0.02,0.2,Rot2,0,0,-0.01430915,0.0009837426

0,True,False,0.02,0.2,Rot2,0,0,-0.01446377,0.000987081

0,True,False,0.02,0.2,Rot2,0,0,-0.01456396,0.0007654119

0,True,False,0.02,0.2,Rot2,0,0,-0.01494911,0.0005508653

0,True,False,0.02,0.2,Rot2,0,0,-0.015,0.0004774913

0,True,False,0.02,0.2,Rot2,0,0,-0.015,0.0004021799

0,True,False,0.02,0.2,Rot2,0,0,-0.015,0.0004021799

0,True,False,0.02,0.2,Rot2,0,0,-0.015,0.0004021799

0,True,False,0.02,0.2,Rot2,0,0,-0.015,0.0004021799

0,True,False,0.02,0.2,Rot2,0,0,-0.015,0.0004021799

0,True,False,0.02,0.2,Rot2,0,0,-0.015,0.0004021799

0,True,False,0.02,0.2,Rot2,0,0,-0.015,0.0004021799

0,True,False,0.02,0.2,Rot2,0,0,-0.015,0.0004021799

0,True,False,0.02,0.2,Rot2,0,0,-0.015,0.0004021799

0,True,False,0.02,0.2,Rot2,0,0,-0.015,0.0004021799

0,True,False,0.02,0.2,Rot2,0,0,-0.015,0.0004021799

0,True,False,0.02,0.2,Rot2,0,0,-0.015,0.0004021799

0,True,False,0.02,0.2,Rot2,0,0,-0.015,0.0004021799

0,True,False,0.02,0.2,Rot2,0,0,-0.015,0.0004021799

0,True,False,0.02,0.2,Rot2,0,0,-0.015,0.0004021799

0,True,False,0.02,0.2,Rot2,0,0,-0.015,0.0004021799

0,True,False,0.02,0.2,Rot2,0,0,-0.015,0.0004021799

0,True,False,0.02,0.2,Rot2,0,0,-0.015,0.0004021799

0,True,False,0.02,0.2,Rot2,0,0,-0.015,0.0004021799

0,True,False,0.02,0.2,Rot2,0,0,-0.015,0.0004021799

0,True,False,0.02,0.2,Rot2,0,0,-0.015,0.0004021799

0,True,False,0.02,0.2,Rot2,0,0,-0.015,0.0004021799

0,True,False,0.02,0.2,Rot2,0,0,-0.015,0.0004021799

0,True,False,0.02,0.2,Rot2,0,0,-0.015,0.0004021799

0,True,False,0.02,0.2,Rot2,0,0,-0.015,0.0004021799

0,True,False,0.02,0.2,Rot2,0,0,-0.015,0.0004021799

0,True,False,0.02,0.2,Rot2,0,0,-0.015,0.0004021799

0,True,False,0.02,0.2,Rot2,0,0,-0.015,0.0004021799

0,True,False,0.02,0.2,Rot2,0,0,-0.015,0.0004021799

0,True,False,0.02,0.2,Rot2,0,0,-0.015,0.0004021799

0,True,False,0.02,0.2,Rot2,0,0,-0.015,0.0004021799

0,True,False,0.02,0.2,Rot2,0,0,-0.015,0.0004021799

0,True,False,0.02,0.2,Rot2,0,0,-0.015,0.0004021799

0,True,False,0.02,0.2,Rot2,0,0,-0.015,0.0004021799

0,True,False,0.02,0.2,Rot2,0,0,-0.015,0.0004021799

0,True,False,0.02,0.2,Rot2,0,0,-0.015,0.0004021799

0,True,False,0.02,0.2,Rot2,0,0,-0.015,0.0004021799

0,True,False,0.02,0.2,Rot2,0,0,-0.015,0.0004021799

0,True,False,0.02,0.2,Rot2,0,0,-0.015,0.0004021799

0,True,False,0.02,0.2,Rot2,0,0,-0.015,0.0004021799

0,True,False,0.02,0.2,Rot2,0,0,-0.015,0.0004021799

0,True,False,0.02,0.2,Rot2,0,0,-0.015,0.0004021799

0,True,False,0.02,0.2,Rot2,0,0,-0.015,0.0004021799

0,True,False,0.02,0.2,Rot2,0,0,-0.015,0.0004021799

0,True,False,0.02,0.2,Rot2,0,0,-0.015,0.0004021799

0,True,False,0.02,0.2,Rot2,0,0,-0.015,0.0004021799

0,True,False,0.02,0.2,Rot2,0,0,-0.015,0.0004021799

0,True,False,0.02,0.2,Rot2,0,0,-0.015,0.0004021799

0,True,False,0.02,0.2,Rot2,0,0,-0.015,0.0004021799

0,True,False,0.02,0.2,Rot2,0,0,-0.015,0.0004021799

0,True,False,0.02,0.2,Rot2,0,0,-0.015,0.0004021799

0,True,False,0.02,0.2,Rot2,0,0,-0.015,0.0004021799

0,True,False,0.02,0.2,Rot2,0,0,-0.015,0.0004021799

0,True,False,0.02,0.2,Rot2,0,0,-0.015,0.0004021799

0,True,False,0.02,0.2,Rot2,0,0,-0.015,0.0004021799

0,True,False,0.02,0.2,Rot2,0,0,-0.015,0.0004021799

0,True,False,0.02,0.2,Rot2,0,0,-0.015,0.0004021799

0,True,False,0.02,0.2,Rot2,0,0,-0.015,0.0004021799

0,True,False,0.02,0.2,Rot2,0,0,-0.015,0.0004021799

0,True,False,0.02,0.2,Rot2,0,0,-0.015,0.0004021799

0,True,False,0.02,0.2,Rot2,0,0,-0.015,0.0004021799

0,True,False,0.02,0.2,Rot2,0,0,-0.015,0.0004021799

0,True,False,0.02,0.2,Rot2,0,0,-0.015,0.0004021799

0,True,False,0.02,0.2,Rot2,0,0,-0.015,0.0004021799

0,True,False,0.02,0.2,Rot2,0,0,-0.015,0.0004021799

0,True,False,0.02,0.2,Rot2,0,0,-0.015,0.0004021799

0,True,False,0.02,0.2,Rot2,0,0,-0.015,0.0004021799

0,True,False,0.02,0.2,Rot2,0,0,-0.015,0.0004021799

0,True,False,0.02,0.2,Rot2,0,0,-0.015,0.0004021799

0,True,False,0.02,0.2,Rot2,0,0,-0.015,0.0004021799

0,True,False,0.02,0.2,Rot2,0,0,-0.015,0.0004021799

0,True,False,0.02,0.2,Rot2,0,0,-0.015,0.0004021799

0,True,False,0.02,0.2,Rot2,0,0,-0.015,0.0004021799

0,True,False,0.02,0.2,Rot2,0,0,-0.015,0.0004021799

0,True,False,0.02,0.2,Rot2,0,0,-0.015,0.0004021799

0,True,False,0.02,0.2,Rot2,0,0,-0.015,0.0004021799

0,True,False,0.02,0.2,Rot2,0,0,-0.015,0.0004021799

0,True,False,0.02,0.2,Rot2,0,0,-0.015,0.0004021799

0,True,False,0.02,0.2,Rot2,0,0,-0.015,0.0004021799

0,True,False,0.02,0.2,Rot2,0,0,-0.015,0.0004021799

0,True,False,0.02,0.2,Rot2,0,0,-0.015,0.0004021799

0,True,False,0.02,0.2,Rot2,0,0,-0.015,0.0004021799

0,True,False,0.02,0.2,Rot2,0,0,-0.015,0.0004021799

0,True,False,0.02,0.2,Rot2,0,0,-0.015,0.0004021799

0,True,False,0.02,0.2,Rot2,0,0,-0.015,0.0004021799

0,True,False,0.02,0.2,Rot2,0,0,-0.015,0.0004021799

0,True,False,0.02,0.2,Rot2,0,0,-0.015,0.0004021799

0,True,False,0.02,0.2,Rot2,0,0,-0.015,0.0004021799

0,True,False,0.02,0.2,Rot2,0,0,-0.015,0.0004021799

0,True,False,0.02,0.2,Rot2,0,0,-0.015,0.0004021799

0,True,False,0.02,0.2,Rot2,0,0,-0.015,0.0004021799

0,True,False,0.02,0.2,Rot2,0,0,-0.015,0.0004021799

0,True,False,0.02,0.2,Rot2,0,0,-0.015,0.0004021799

0,True,False,0.02,0.2,Rot2,0,0,-0.015,0.0004021799

0,True,False,0.02,0.2,Rot2,0,0,-0.015,0.0004021799

0,True,False,0.02,0.2,Rot2,0,0,-0.015,0.0004021799

0,True,False,0.02,0.2,Rot2,0,0,-0.015,0.0004021799

0,True,False,0.02,0.2,Rot2,0,0,-0.015,0.0004021799

0,True,False,0.02,0.2,Rot2,0,0,-0.015,0.0004021799

0,True,False,0.02,0.2,Rot2,0,0,-0.015,0.0004021799

0,True,False,0.02,0.2,Rot2,0,0,-0.015,0.0004021799

0,True,False,0.02,0.2,Rot2,0,0,-0.015,0.0004021799

0,True,False,0.02,0.2,Rot2,0,0,-0.015,0.0004021799

0,True,False,0.02,0.2,Rot2,0,0,-0.015,0.0004021799

0,True,False,0.02,0.2,Rot2,0,0,-0.015,0.0004021799

0,True,False,0.02,0.2,Rot2,0,0,-0.015,0.0004021799

0,True,False,0.02,0.2,Rot2,0,0,-0.015,0.0004021799

0,True,False,0.02,0.2,Rot2,0,0,-0.015,0.0004021799

0,True,False,0.02,0.2,Rot2,0,0,-0.015,0.0004021799

0,True,False,0.02,0.2,Rot2,0,0,-0.015,0.0004021799

0,True,False,0.02,0.2,Rot2,0,0,-0.015,0.0004021799

0,True,False,0.02,0.2,Rot2,0,0,-0.015,0.0004021799

0,True,False,0.02,0.2,Rot2,0,0,-0.015,0.0004021799

0,True,False,0.02,0.2,Rot2,0,0,-0.015,0.0004021799

0,True,False,0.02,0.2,Rot2,0,0,-0.015,0.0004021799

0,True,False,0.02,0.2,Rot2,0,0,-0.015,0.0004021799

0,True,False,0.02,0.2,Rot2,0,0,-0.015,0.0004021799

0,True,False,0.02,0.2,Rot2,0,0,-0.015,0.0004021799

0,True,False,0.02,0.2,Rot2,0,0,-0.015,0.0004021799

0,True,False,0.02,0.2,Rot2,0,0,-0.015,0.0004021799

0,True,False,0.02,0.2,Rot2,0,0,-0.015,0.0004021799

0,True,False,0.02,0.2,Rot2,0,0,-0.015,0.0004021799

0,True,False,0.02,0.2,Rot2,0,0,-0.015,0.0004021799

0,True,False,0.02,0.2,Rot2,0,0,-0.015,0.0004021799

0,True,False,0.02,0.2,Rot2,0,0,-0.015,0.0004021799

0,True,False,0.02,0.2,Rot2,0,0,-0.015,0.0004021799

0,True,False,0.02,0.2,Rot2,0,0,-0.015,0.0004021799

0,True,False,0.02,0.2,Rot2,0,0,-0.015,0.0004021799

0,True,False,0.02,0.2,Rot2,0,0,-0.015,0.0004021799

0,True,False,0.02,0.2,Rot2,0,0,-0.015,0.0004021799

0,True,False,0.02,0.2,Rot2,0,0,-0.015,0.0004021799

0,True,False,0.02,0.2,Rot2,0,0,-0.015,0.0004021799

0,True,False,0.02,0.2,Rot2,0,0,-0.015,0.0004021799

0,True,False,0.02,0.2,Rot2,0,0,-0.015,0.0004021799

0,True,False,0.02,0.2,Rot2,0,0,-0.015,0.0004021799

0,True,False,0.02,0.2,Rot2,0,0,-0.015,0.0004021799

0,True,False,0.02,0.2,Rot2,0,0,-0.015,0.0004021799

0,True,False,0.02,0.2,Rot2,0,0,-0.015,0.0004021799

0,True,False,0.02,0.2,Rot2,0,0,-0.015,0.0004021799

0,True,False,0.02,0.2,Rot2,0,0,-0.015,0.0004021799

0,True,False,0.02,0.2,Rot2,0,0,-0.015,0.0004021799

0,True,False,0.02,0.2,Rot2,0,0,-0.015,0.0004021799

0,True,False,0.02,0.2,Rot2,0,0,-0.015,0.0004021799

0,True,False,0.02,0.2,Rot2,0,0,-0.015,0.0004021799

0,True,False,0.02,0.2,Rot2,0,0,-0.015,0.0004021799

0,True,False,0.02,0.2,Rot2,0,0,-0.015,0.0004021799

0,True,False,0.02,0.2,Rot2,0,0,-0.015,0.0004021799

0,True,False,0.02,0.2,Rot2,0,0,-0.015,0.0004021799

0,True,False,0.02,0.2,Rot2,0,0,-0.015,0.0004021799

0,True,False,0.02,0.2,Rot2,0,0,-0.015,0.0004021799

0,True,False,0.02,0.2,Rot2,0,0,-0.015,0.0004021799

0,True,False,0.02,0.2,Rot2,0,0,-0.015,0.0004021799

0,True,False,0.02,0.2,Rot2,0,0,-0.015,0.0004021799

0,True,False,0.02,0.2,Rot2,0,0,-0.015,0.0004021799

0,True,False,0.02,0.2,Rot2,0,0,-0.015,0.0004021799

0,True,False,0.02,0.2,Rot2,0,0,-0.015,0.0004021799

0,True,False,0.02,0.2,Rot2,0,0,-0.015,0.0004021799

0,True,False,0.02,0.2,Rot2,0,0,-0.015,0.0004021799

0,True,False,0.02,0.2,Rot2,0,0,-0.015,0.0004021799

0,True,False,0.02,0.2,Rot2,0,0,-0.015,0.0004021799

0,True,False,0.02,0.2,Rot2,0,0,-0.015,0.0004021799

0,True,False,0.02,0.2,Rot2,0,0,-0.015,0.0004021799

0,True,False,0.02,0.2,Rot2,0,0,-0.015,0.0004021799

0,True,False,0.02,0.2,Rot2,0,0,-0.015,0.0004021799

0,True,False,0.02,0.2,Rot2,0,0,-0.015,0.0004021799

0,True,False,0.02,0.2,Rot2,0,0,-0.015,0.0004021799

0,True,False,0.02,0.2,Rot2,0,0,-0.015,0.0004021799

0,True,False,0.02,0.2,Rot2,0,0,-0.015,0.0004021799

0,True,False,0.02,0.2,Rot2,0,0,-0.015,0.0004021799

0,True,False,0.02,0.2,Rot2,0,0,-0.015,0.0004021799

0,True,False,0.02,0.2,Rot2,0,0,-0.015,0.0004021799

0,True,False,0.02,0.2,Rot2,0,0,-0.015,0.0004021799

0,True,False,0.02,0.2,Rot2,0,0,-0.015,0.0004021799

0,True,False,0.02,0.2,Rot2,0,0,-0.015,0.0004021799

0,True,False,0.02,0.2,Rot2,0,0,-0.015,0.0004021799

0,True,False,0.02,0.2,Rot2,0,0,-0.015,0.0004021799

0,True,False,0.02,0.2,Rot2,0,0,-0.015,0.0004021799

0,True,False,0.02,0.2,Rot2,0,0,-0.015,0.0004021799

0,True,False,0.02,0.2,Rot2,0,0,-0.015,0.0004021799

0,True,False,0.02,0.2,Rot2,0,0,-0.015,0.0004021799

0,True,False,0.02,0.2,Rot2,0,0,-0.015,0.0004021799

0,True,False,0.02,0.2,Rot2,0,0,-0.015,0.0004021799

0,True,False,0.02,0.2,Rot2,0,0,-0.015,0.0004021799

0,True,False,0.02,0.2,Rot2,0,0,-0.015,0.0004021799

0,True,False,0.02,0.2,Rot2,0,0,-0.015,0.0004021799

0,True,False,0.02,0.2,Rot2,0,0,-0.015,0.0004021799

0,True,False,0.02,0.2,Rot2,0,0,-0.015,0.0004021799

0,True,False,0.02,0.2,Rot2,0,0,-0.015,0.0004021799

0,True,False,0.02,0.2,Rot2,0,0,-0.015,0.0004021799

0,True,False,0.02,0.2,Rot2,0,0,-0.015,0.0004021799

0,True,False,0.02,0.2,Rot2,0,0,-0.015,0.0004021799

0,True,False,0.02,0.2,Rot2,0,0,-0.015,0.0004021799

0,True,False,0.02,0.2,Rot2,0,0,-0.015,0.0004021799

0,True,False,0.02,0.2,Rot2,0,0,-0.015,0.0004021799

0,True,False,0.02,0.2,Rot2,0,0,-0.015,0.0004021799

0,True,False,0.02,0.2,Rot2,0,0,-0.015,0.0004021799

0,True,False,0.02,0.2,Rot2,0,0,-0.015,0.0004021799

0,True,False,0.02,0.2,Rot2,0,0,-0.015,0.0004021799

0,True,False,0.02,0.2,Rot2,0,0,-0.015,0.0004021799

0,True,False,0.02,0.2,Rot2,0,0,-0.015,0.0004021799

0,True,False,0.02,0.2,Rot2,0,0,-0.015,0.0004021799

0,True,False,0.02,0.2,Rot2,0,0,-0.015,0.0004021799

0,True,False,0.02,0.2,Rot2,0,0,-0.015,0.0004021799

0,True,False,0.02,0.2,Rot2,0,0,-0.015,0.0004021799

0,True,False,0.02,0.2,Rot2,0,0,-0.015,0.0004021799

0,True,False,0.02,0.2,Rot2,0,0,-0.015,0.0004021799

0,True,False,0.02,0.2,Rot2,0,0,-0.015,0.0004021799

0,True,False,0.02,0.2,Rot2,0,0,-0.015,0.0004021799

0,True,False,0.02,0.2,Rot2,0,0,-0.015,0.0004021799

0,True,False,0.02,0.2,Rot2,0,0,-0.015,0.0004021799

0,True,False,0.02,0.2,Rot2,0,0,-0.015,0.0004021799

0,True,False,0.02,0.2,Rot2,0,0,-0.015,0.0004021799

0,True,False,0.02,0.2,Rot2,0,0,-0.015,0.0004021799

0,True,False,0.02,0.2,Rot2,0,0,-0.015,0.0004021799

0,True,False,0.02,0.2,Rot2,0,0,-0.015,0.0004021799

0,True,False,0.02,0.2,Rot2,0,0,-0.015,0.0004021799

0,True,False,0.02,0.2,Rot2,0,0,-0.015,0.0004021799

0,True,False,0.02,0.2,Rot2,0,0,-0.015,0.0004021799

0,True,False,0.02,0.2,Rot2,0,0,-0.015,0.0004021799

0,True,False,0.02,0.2,Rot2,0,0,-0.015,0.0004021799

0,True,False,0.02,0.2,Rot2,0,0,-0.015,0.0004021799

0,True,False,0.02,0.2,Rot2,0,0,-0.015,0.0004021799

0,True,False,0.02,0.2,Rot2,0,0,-0.015,0.0004021799

0,True,False,0.02,0.2,Rot2,0,0,-0.015,0.0004021799

0,True,False,0.02,0.2,Rot2,0,0,-0.015,0.0004021799

0,True,False,0.02,0.2,Rot2,0,0,-0.015,0.0004021799

0,True,False,0.02,0.2,Rot2,0,0,-0.015,0.0004021799

0,True,False,0.02,0.2,Rot2,0,0,-0.015,0.0004021799

0,True,False,0.02,0.2,Rot2,0,0,-0.015,0.0004021799

0,True,False,0.02,0.2,Rot2,0,0,-0.015,0.0004021799

0,True,False,0.02,0.2,Rot2,0,0,-0.015,0.0004021799

0,True,False,0.02,0.2,Rot2,0,0,-0.015,0.0004021799

0,True,False,0.02,0.2,Rot2,0,0,-0.015,0.0004021799

0,True,False,0.02,0.2,Rot2,0,0,-0.015,0.0004021799

0,True,False,0.02,0.2,Rot2,0,0,-0.015,0.0004021799

0,True,False,0.02,0.2,Rot2,0,0,-0.015,0.0004021799

0,True,False,0.02,0.2,Rot2,0,0,-0.015,0.0004021799

0,True,False,0.02,0.2,Rot2,0,0,-0.015,0.0004021799

0,True,False,0.02,0.2,Rot2,0,0,-0.015,0.0004021799

0,True,False,0.02,0.2,Rot2,0,0,-0.015,0.0004021799

0,True,False,0.02,0.2,Rot2,0,0,-0.015,0.0004021799

0,True,False,0.02,0.2,Rot2,0,0,-0.015,0.0004021799

0,True,False,0.02,0.2,Rot2,0,0,-0.015,0.0004021799

0,True,False,0.02,0.2,Rot2,0,0,-0.015,0.0004021799

0,True,False,0.02,0.2,Rot2,0,0,-0.015,0.0004021799

0,True,False,0.02,0.2,Rot2,0,0,-0.015,0.0004021799

0,True,False,0.02,0.2,Rot2,0,0,-0.015,0.0004021799

0,True,False,0.02,0.2,Rot2,0,0,-0.015,0.0004021799

0,True,False,0.02,0.2,Rot2,0,0,-0.015,0.0004021799

0,True,False,0.02,0.2,Rot2,0,0,-0.015,0.0004021799

0,True,False,0.02,0.2,Rot2,0,0,-0.015,0.0004021799

0,True,False,0.02,0.2,Rot2,0,0,-0.015,0.0004021799

0,True,False,0.02,0.2,Rot2,0,0,-0.015,0.0004021799

0,True,False,0.02,0.2,Rot2,0,0,-0.015,0.0004021799

0,True,False,0.02,0.2,Rot2,0,0,-0.015,0.0004021799

0,True,False,0.02,0.2,Rot2,0,0,-0.015,0.0004021799

0,True,False,0.02,0.2,Rot2,0,0,-0.015,0.0004021799

0,True,False,0.02,0.2,Rot2,0,0,-0.015,0.0004021799

0,True,False,0.02,0.2,Rot2,0,0,-0.015,0.0004021799

0,True,False,0.02,0.2,Rot2,0,0,-0.015,0.0004021799

0,True,False,0.02,0.2,Rot2,0,0,-0.015,0.0004021799

0,True,False,0.02,0.2,Rot2,0,0,-0.015,0.0004021799

0,True,False,0.02,0.2,Rot2,0,0,-0.015,0.0004021799

0,True,False,0.02,0.2,Rot2,0,0,-0.015,0.0004021799

0,True,False,0.02,0.2,Rot2,0,0,-0.015,0.0004021799

0,True,False,0.02,0.2,Rot2,0,0,-0.015,0.0004021799

0,True,False,0.02,0.2,Rot2,0,0,-0.015,0.0004021799

0,True,False,0.02,0.2,Rot2,0,0,-0.015,0.0004021799

0,True,False,0.02,0.2,Rot2,0,0,-0.015,0.0004021799

0,True,False,0.02,0.2,Rot2,0,0,-0.015,0.0004021799

0,True,False,0.02,0.2,Rot2,0,0,-0.015,0.0004021799

0,True,False,0.02,0.2,Rot2,0,0,-0.015,0.0004021799

0,True,False,0.02,0.2,Rot2,0,0,-0.015,0.0004021799

0,True,False,0.02,0.2,Rot2,0,0,-0.015,0.0004021799

0,True,False,0.02,0.2,Rot2,0,0,-0.015,0.0004021799

0,True,False,0.02,0.2,Rot2,0,0,-0.015,0.0004021799

0,True,False,0.02,0.2,Rot2,0,0,-0.015,0.0004021799

0,True,False,0.02,0.2,Rot2,0,0,-0.015,0.0004021799

0,True,False,0.02,0.2,Rot2,0,0,-0.015,0.0004021799

0,True,False,0.02,0.2,Rot2,0,0,-0.015,0.0004021799

0,True,False,0.02,0.2,Rot2,0,0,-0.015,0.0004021799

0,True,False,0.02,0.2,Rot2,0,0,-0.015,0.0004021799

0,True,False,0.02,0.2,Rot2,0,0,-0.015,0.0004021799

0,True,False,0.02,0.2,Rot2,0,0,-0.015,0.0004021799

0,True,False,0.02,0.2,Rot2,0,0,-0.015,0.0004021799

0,True,False,0.02,0.2,Rot2,0,0,-0.015,0.0004021799

0,True,False,0.02,0.2,Rot2,0,0,-0.015,0.0004021799

0,True,False,0.02,0.2,Rot2,0,0,-0.015,0.0004021799

0,True,False,0.02,0.2,Rot2,0,0,-0.015,0.0004021799

0,True,False,0.02,0.2,Rot2,0,0,-0.015,0.0004021799

0,True,False,0.02,0.2,Rot2,0,0,-0.015,0.0004021799

0,True,False,0.02,0.2,Rot2,0,0,-0.015,0.0004021799

0,True,False,0.02,0.2,Rot2,0,0,-0.015,0.0004021799

0,True,False,0.02,0.2,Rot2,0,0,-0.015,0.0004021799

0,True,False,0.02,0.2,Rot2,0,0,-0.015,0.0004021799

0,True,False,0.02,0.2,Rot2,0,0,-0.015,0.0004021799

0,True,False,0.02,0.2,Rot2,0,0,-0.015,0.0004021799

0,True,False,0.02,0.2,Rot2,0,0,-0.015,0.0004021799

0,True,False,0.02,0.2,Rot2,0,0,-0.015,0.0004021799

0,True,False,0.02,0.2,Rot2,0,0,-0.015,0.0004021799

0,True,False,0.02,0.2,Rot2,0,0,-0.015,0.0004021799

0,True,False,0.02,0.2,Rot2,0,0,-0.015,0.0004021799

0,True,False,0.02,0.2,Rot2,0,0,-0.015,0.0004021799

0,True,False,0.02,0.2,Rot2,0,0,-0.015,0.0004021799

0,True,False,0.02,0.2,Rot2,0,0,-0.015,0.0004021799

0,True,False,0.02,0.2,Rot2,0,0,-0.015,0.0004021799

0,True,False,0.02,0.2,Rot2,0,0,-0.015,0.0004021799

0,True,False,0.02,0.2,Rot2,0,0,-0.015,0.0004021799

0,True,False,0.02,0.2,Rot2,0,0,-0.015,0.0004021799

0,True,False,0.02,0.2,Rot2,0,0,-0.015,0.0004021799

0,True,False,0.02,0.2,Rot2,0,0,-0.015,0.0004021799

0,True,False,0.02,0.2,Rot2,0,0,-0.015,0.0004021799

0,True,False,0.02,0.2,Rot2,0,0,-0.015,0.0004021799

0,True,False,0.02,0.2,Rot2,0,0,-0.015,0.0004021799

0,True,False,0.02,0.2,Rot2,0,0,-0.015,0.0004021799

0,True,False,0.02,0.2,Rot2,0,0,-0.015,0.0004021799

0,True,False,0.02,0.2,Rot2,0,0,-0.015,0.0004021799

0,True,False,0.02,0.2,Rot2,0,0,-0.015,0.0004021799

0,True,False,0.02,0.2,Rot2,0,0,-0.015,0.0004021799

0,True,False,0.02,0.2,Rot2,0,0,-0.015,0.0004021799

0,True,False,0.02,0.2,Rot2,0,0,-0.015,0.0004021799

0,True,False,0.02,0.2,Rot2,0,0,-0.015,0.0004021799

0,True,False,0.02,0.2,Rot2,0,0,-0.015,0.0004021799

0,True,False,0.02,0.2,Rot2,0,0,-0.015,0.0004021799

0,True,False,0.02,0.2,Rot2,0,0,-0.015,0.0004021799

0,True,False,0.02,0.2,Rot2,0,0,-0.015,0.0004021799

0,True,False,0.02,0.2,Rot2,0,0,-0.015,0.0004021799

0,True,False,0.02,0.2,Rot2,0,0,-0.015,0.0004021799

0,True,False,0.02,0.2,Rot2,0,0,-0.015,0.0004021799

0,True,False,0.02,0.2,Rot2,0,0,-0.015,0.0004021799

0,True,False,0.02,0.2,Rot2,0,0,-0.015,0.0004021799

0,True,False,0.02,0.2,Rot2,0,0,-0.015,0.0004021799

0,True,False,0.02,0.2,Rot2,0,0,-0.015,0.0004021799

0,True,False,0.02,0.2,Rot2,0,0,-0.015,0.0004021799

0,True,False,0.02,0.2,Rot2,0,0,-0.015,0.0004021799

0,True,False,0.02,0.2,Rot2,0,0,-0.015,0.0004021799

0,True,False,0.02,0.2,Rot2,0,0,-0.015,0.0004021799

0,True,False,0.02,0.2,Rot2,0,0,-0.015,0.0004021799

0,True,False,0.02,0.2,Rot2,0,0,-0.015,0.0004021799

0,True,False,0.02,0.2,Rot2,0,0,-0.015,0.0004021799

0,True,False,0.02,0.2,Rot2,0,0,-0.015,0.0004021799

0,True,False,0.02,0.2,Rot2,0,0,-0.015,0.0004021799

0,True,False,0.02,0.2,Rot2,0,0,-0.015,0.0004021799

0,True,False,0.02,0.2,Rot2,0,0,-0.015,0.0004021799

0,True,False,0.02,0.2,Rot2,0,0,-0.015,0.0004021799

0,True,False,0.02,0.2,Rot2,0,0,-0.015,0.0004021799

0,True,False,0.02,0.2,Rot2,0,0,-0.015,0.0004021799

0,True,False,0.02,0.2,Rot2,0,0,-0.015,0.0004021799

0,True,False,0.02,0.2,Rot2,0,0,-0.015,0.0004021799

0,True,False,0.02,0.2,Rot2,0,0,-0.015,0.0004021799

0,True,False,0.02,0.2,Rot2,0,0,-0.015,0.0004021799

0,True,False,0.02,0.2,Rot2,0,0,-0.015,0.0004021799

0,True,False,0.02,0.2,Rot2,0,0,-0.015,0.0004021799

0,True,False,0.02,0.2,Rot2,0,0,-0.015,0.0004021799

0,True,False,0.02,0.2,Rot2,0,0,-0.015,0.0004021799

0,True,False,0.02,0.2,Rot2,0,0,-0.015,0.0004021799

0,True,False,0.02,0.2,Rot2,0,0,-0.015,0.0004021799

0,True,False,0.02,0.2,Rot2,0,0,-0.015,0.0004021799

0,True,False,0.02,0.2,Rot2,0,0,-0.015,0.0004021799

0,True,False,0.02,0.2,Rot2,0,0,-0.015,0.0004021799

0,True,False,0.02,0.2,Rot2,0,0,-0.015,0.0004021799

0,True,False,0.02,0.2,Rot2,0,0,-0.015,0.0004021799

0,True,False,0.02,0.2,Rot2,0,0,-0.015,0.0004021799

0,True,False,0.02,0.2,Rot2,0,0,-0.015,0.0004021799

0,True,False,0.02,0.2,Rot2,0,0,-0.015,0.0004021799

0,True,False,0.02,0.2,Rot2,0,0,-0.015,0.0004021799

0,True,False,0.02,0.2,Rot2,0,0,-0.015,0.0004021799

0,True,False,0.02,0.2,Rot2,0,0,-0.015,0.0004021799

0,True,False,0.02,0.2,Rot2,0,0,-0.015,0.0004021799

0,True,False,0.02,0.2,Rot2,0,0,-0.015,0.0004021799

0,True,False,0.02,0.2,Rot2,0,0,-0.015,0.0004021799

0,True,False,0.02,0.2,Rot2,0,0,-0.015,0.0004021799

0,True,False,0.02,0.2,Rot2,0,0,-0.015,0.0004021799

0,True,False,0.02,0.2,Rot2,0,0,-0.015,0.0004021799

0,True,False,0.02,0.2,Rot2,0,0,-0.015,0.0004021799

0,True,False,0.02,0.2,Rot2,0,0,-0.015,0.0004021799

0,True,False,0.02,0.2,Rot2,0,0,-0.015,0.0004021799

0,True,False,0.02,0.2,Rot2,0,0,-0.015,0.0004021799

0,True,False,0.02,0.2,Rot2,0,0,-0.015,0.0004021799

0,True,False,0.02,0.2,Rot2,0,0,-0.015,0.0004021799

0,True,False,0.02,0.2,Rot2,0,0,-0.015,0.0004021799

0,True,False,0.02,0.2,Rot2,0,0,-0.015,0.0004021799

0,True,False,0.02,0.2,Rot2,0,0,-0.015,0.0004021799

0,True,False,0.02,0.2,Rot2,0,0,-0.015,0.0004021799

0,True,False,0.02,0.2,Rot2,0,0,-0.015,0.0004021799

0,True,False,0.02,0.2,Rot2,0,0,-0.015,0.0004021799

0,True,False,0.02,0.2,Rot2,0,0,-0.015,0.0004021799

0,True,False,0.02,0.2,Rot2,0,0,-0.015,0.0004021799

0,True,False,0.02,0.2,Rot2,0,0,-0.015,0.0004021799

0,True,False,0.02,0.2,Rot2,0,0,-0.015,0.0004021799

0,True,False,0.02,0.2,Rot2,0,0,-0.015,0.0004021799

0,True,False,0.02,0.2,Rot2,0,0,-0.015,0.0004021799

0,True,False,0.02,0.2,Rot2,0,0,-0.015,0.0004021799

0,True,False,0.02,0.2,Rot2,0,0,-0.015,0.0004021799

0,True,False,0.02,0.2,Rot2,0,0,-0.015,0.0004021799

0,True,False,0.02,0.2,Rot2,0,0,-0.015,0.0004021799

0,True,False,0.02,0.2,Rot2,0,0,-0.015,0.0004021799

0,True,False,0.02,0.2,Rot2,0,0,-0.015,0.0004021799

0,True,False,0.02,0.2,Rot2,0,0,-0.015,0.0004021799

0,True,False,0.02,0.2,Rot2,0,0,-0.015,0.0004021799

0,True,False,0.02,0.2,Rot2,0,0,-0.015,0.0004021799

0,True,False,0.02,0.2,Rot2,0,0,-0.015,0.0004021799

0,True,False,0.02,0.2,Rot2,0,0,-0.015,0.0004021799

0,True,False,0.02,0.2,Rot2,0,0,-0.015,0.0004021799

0,True,False,0.02,0.2,Rot2,0,0,-0.015,0.0004021799

0,True,False,0.02,0.2,Rot2,0,0,-0.015,0.0004021799

0,True,False,0.02,0.2,Rot2,0,0,-0.015,0.0004021799

0,True,False,0.02,0.2,Rot2,0,0,-0.015,0.0004021799

0,True,False,0.02,0.2,Rot2,0,0,-0.015,0.0004021799

0,True,False,0.02,0.2,Rot2,0,0,-0.015,0.0004021799

0,True,False,0.02,0.2,Rot2,0,0,-0.015,0.0004021799

0,True,False,0.02,0.2,Rot2,0,0,-0.015,0.0004021799

0,True,False,0.02,0.2,Rot2,0,0,-0.015,0.0004021799

0,True,False,0.02,0.2,Rot2,0,0,-0.015,0.0004021799

0,True,False,0.02,0.2,Rot2,0,0,-0.015,0.0004021799

0,True,False,0.02,0.2,Rot2,0,0,-0.015,0.0004021799

0,True,False,0.02,0.2,Rot2,0,0,-0.015,0.0004021799

0,True,False,0.02,0.2,Rot2,0,0,-0.015,0.0004021799

0,True,False,0.02,0.2,Rot2,0,0,-0.015,0.0004021799

0,True,False,0.02,0.2,Rot2,0,0,-0.015,0.0004021799

0,True,False,0.02,0.2,Rot2,0,0,-0.015,0.0004021799

0,True,False,0.02,0.2,Rot2,0,0,-0.015,0.0004021799

0,True,False,0.02,0.2,Rot2,0,0,-0.015,0.0004021799

0,True,False,0.02,0.2,Rot2,0,0,-0.015,0.0004021799

0,True,False,0.02,0.2,Rot2,0,0,-0.015,0.0004021799

0,True,False,0.02,0.2,Rot2,0,0,-0.015,0.0004021799

0,True,False,0.02,0.2,Rot2,0,0,-0.015,0.0004021799

0,True,False,0.02,0.2,Rot2,0,0,-0.015,0.0004021799

0,True,False,0.02,0.2,Rot2,0,0,-0.015,0.0004021799

0,True,False,0.02,0.2,Rot2,0,0,-0.015,0.0004021799

0,True,False,0.02,0.2,Rot2,0,0,-0.015,0.0004021799

0,True,False,0.02,0.2,Rot2,0,0,-0.015,0.0004021799

0,True,False,0.02,0.2,Rot2,0,0,-0.015,0.0004021799

0,True,False,0.02,0.2,Rot2,0,0,-0.015,0.0004021799

0,True,False,0.02,0.2,Rot2,0,0,-0.015,0.0004021799

0,True,False,0.02,0.2,Rot2,0,0,-0.015,0.0004021799

0,True,False,0.02,0.2,Rot2,0,0,-0.015,0.0004021799

0,True,False,0.02,0.2,Rot2,0,0,-0.015,0.0004021799

0,True,False,0.02,0.2,Rot2,0,0,-0.015,0.0004021799

0,True,False,0.02,0.2,Rot2,0,0,-0.015,0.0004021799

0,True,False,0.02,0.2,Rot2,0,0,-0.015,0.0004021799

0,True,False,0.02,0.2,Rot2,0,0,-0.015,0.0004021799

0,True,False,0.02,0.2,Rot2,0,0,-0.015,0.0004021799

0,True,False,0.02,0.2,Rot2,0,0,-0.015,0.0004021799

0,True,False,0.02,0.2,Rot2,0,0,-0.015,0.0004021799

0,True,False,0.02,0.2,Rot2,0,0,-0.015,0.0004021799

0,True,False,0.02,0.2,Rot2,0,0,-0.015,0.0004021799

0,True,False,0.02,0.2,Rot2,0,0,-0.015,0.0004021799

0,True,False,0.02,0.2,Rot2,0,0,-0.015,0.0004021799

0,True,False,0.02,0.2,Rot2,0,0,-0.015,0.0004021799

0,True,False,0.02,0.2,Rot2,0,0,-0.015,0.0004021799

0,True,False,0.02,0.2,Rot2,0,0,-0.015,0.0004021799

0,True,False,0.02,0.2,Rot2,0,0,-0.015,0.0004021799

0,True,False,0.02,0.2,Rot2,0,0,-0.015,0.0004021799

0,True,False,0.02,0.2,Rot2,0,0,-0.015,0.0004021799

0,True,False,0.02,0.2,Rot2,0,0,-0.015,0.0004021799

0,True,False,0.02,0.2,Rot2,0,0,-0.015,0.0004021799

0,True,False,0.02,0.2,Rot2,0,0,-0.015,0.0004021799

0,True,False,0.02,0.2,Rot2,0,0,-0.015,0.0004021799

0,True,False,0.02,0.2,Rot2,0,0,-0.015,0.0004021799

0,True,False,0.02,0.2,Rot2,0,0,-0.015,0.0004021799

0,True,False,0.02,0.2,Rot2,0,0,-0.015,0.0004021799

0,True,False,0.02,0.2,Rot2,0,0,-0.015,0.0004021799

0,True,False,0.02,0.2,Rot2,0,0,-0.015,0.0004021799

0,True,False,0.02,0.2,Rot2,0,0,-0.015,0.0004021799

0,True,False,0.02,0.2,Rot2,0,0,-0.015,0.0004021799

0,True,False,0.02,0.2,Rot2,0,0,-0.015,0.0004021799

0,True,False,0.02,0.2,Rot2,0,0,-0.015,0.0004021799

0,True,False,0.02,0.2,Rot2,0,0,-0.015,0.0004021799

0,True,False,0.02,0.2,Rot2,0,0,-0.015,0.0004021799

0,True,False,0.02,0.2,Rot2,0,0,-0.015,0.0004021799

0,True,False,0.02,0.2,Rot2,0,0,-0.015,0.0004021799

0,True,False,0.02,0.2,Rot2,0,0,-0.015,0.0004021799

0,True,False,0.02,0.2,Rot2,0,0,-0.015,0.0004021799

0,True,False,0.02,0.2,Rot2,0,0,-0.015,0.0004021799

0,True,False,0.02,0.2,Rot2,0,0,-0.015,0.0004021799

0,True,False,0.02,0.2,Rot2,0,0,-0.015,0.0004021799

0,True,False,0.02,0.2,Rot2,0,0,-0.015,0.0004021799

0,True,False,0.02,0.2,Rot2,0,0,-0.015,0.0004021799

0,True,False,0.02,0.2,Rot2,0,0,-0.015,0.0004021799

0,True,False,0.02,0.2,Rot2,0,0,-0.015,0.0004021799

0,True,False,0.02,0.2,Rot2,0,0,-0.015,0.0004021799

0,True,False,0.02,0.2,Rot2,0,0,-0.015,0.0004021799

0,True,False,0.02,0.2,Rot2,0,0,-0.015,0.0004021799

0,True,False,0.02,0.2,Rot2,0,0,-0.015,0.0004021799

0,True,False,0.02,0.2,Rot2,0,0,-0.015,0.0004021799

0,True,False,0.02,0.2,Rot2,0,0,-0.015,0.0004021799

0,True,False,0.02,0.2,Rot2,0,0,-0.015,0.0004021799

0,True,False,0.02,0.2,Rot2,0,0,-0.015,0.0004021799

0,True,False,0.02,0.2,Rot2,0,0,-0.015,0.0004021799

0,True,False,0.02,0.2,Rot2,0,0,-0.015,0.0004021799

0,True,False,0.02,0.2,Rot2,0,0,-0.015,0.0004021799

0,True,False,0.02,0.2,Rot2,0,0,-0.015,0.0004021799

0,True,False,0.02,0.2,Rot2,0,0,-0.015,0.0004021799

0,True,False,0.02,0.2,Rot2,0,0,-0.015,0.0004021799

0,True,False,0.02,0.2,Rot2,0,0,-0.015,0.0004021799

0,True,False,0.02,0.2,Rot2,0,0,-0.015,0.0004021799

0,True,False,0.02,0.2,Rot2,0,0,-0.015,0.0004021799

0,True,False,0.02,0.2,Rot2,0,0,-0.015,0.0004021799

0,True,False,0.02,0.2,Rot2,0,0,-0.015,0.0004021799

0,True,False,0.02,0.2,Rot2,0,0,-0.015,0.0004021799

0,True,False,0.02,0.2,Rot2,0,0,-0.015,0.0004021799

0,True,False,0.02,0.2,Rot2,0,0,-0.015,0.0004021799

0,True,False,0.02,0.2,Rot2,0,0,-0.015,0.0004021799

0,True,False,0.02,0.2,Rot2,0,0,-0.015,0.0004021799

0,True,False,0.02,0.2,Rot2,0,0,-0.015,0.0004021799

0,True,False,0.02,0.2,Rot2,0,0,-0.015,0.0004021799

0,True,False,0.02,0.2,Rot2,0,0,-0.015,0.0004021799

0,True,False,0.02,0.2,Rot2,0,0,-0.015,0.0004021799

0,True,False,0.02,0.2,Rot2,0,0,-0.015,0.0004021799

0,True,False,0.02,0.2,Rot2,0,0,-0.015,0.0004021799

0,True,False,0.02,0.2,Rot2,0,0,-0.015,0.0004021799

0,True,False,0.02,0.2,Rot2,0,0,-0.015,0.0004021799

0,True,False,0.02,0.2,Rot2,0,0,-0.015,0.0004021799

0,True,False,0.02,0.2,Rot2,0,0,-0.015,0.0004021799

0,True,False,0.02,0.2,Rot2,0,0,-0.015,0.0004021799

0,True,False,0.02,0.2,Rot2,0,0,-0.015,0.0004021799

0,True,False,0.02,0.2,Rot2,0,0,-0.015,0.0004021799

0,True,False,0.02,0.2,Rot2,0,0,-0.015,0.0004021799

0,True,False,0.02,0.2,Rot2,0,0,-0.015,0.0004021799

0,True,False,0.02,0.2,Rot2,0,0,-0.015,0.0004021799

0,True,False,0.02,0.2,Rot2,0,0,-0.015,0.0004021799

0,True,False,0.02,0.2,Rot2,0,0,-0.015,0.0004021799

0,True,False,0.02,0.2,Rot2,0,0,-0.015,0.0004021799

0,True,False,0.02,0.2,Rot2,0,0,-0.015,0.0004021799

0,True,False,0.02,0.2,Rot2,0,0,-0.015,0.0004021799

0,True,False,0.02,0.2,Rot2,0,0,-0.015,0.0004021799

0,True,False,0.02,0.2,Rot2,0,0,-0.015,0.0004021799

0,True,False,0.02,0.2,Rot2,0,0,-0.015,0.0004021799

0,True,False,0.02,0.2,Rot2,0,0,-0.015,0.0004021799

0,True,False,0.02,0.2,Rot2,0,0,-0.015,0.0004021799

0,True,False,0.02,0.2,Rot2,0,0,-0.015,0.0004021799

0,True,False,0.02,0.2,Rot2,0,0,-0.015,0.0004021799

0,True,False,0.02,0.2,Rot2,0,0,-0.015,0.0004021799

0,True,False,0.02,0.2,Rot2,0,0,-0.015,0.0004021799

0,True,False,0.02,0.2,Rot2,0,0,-0.015,0.0004021799

0,True,False,0.02,0.2,Rot2,0,0,-0.015,0.0004021799

0,True,False,0.02,0.2,Rot2,0,0,-0.015,0.0004021799

0,True,False,0.02,0.2,Rot2,0,0,-0.015,0.0004021799

0,True,False,0.02,0.2,Rot2,0,0,-0.015,0.0004021799

0,True,False,0.02,0.2,Rot2,0,0,-0.015,0.0004021799

0,True,False,0.02,0.2,Rot2,0,0,-0.015,0.0004021799

0,True,False,0.02,0.2,Rot2,0,0,-0.015,0.0004021799

0,True,False,0.02,0.2,Rot2,0,0,-0.015,0.0004021799

0,True,False,0.02,0.2,Rot2,0,0,-0.015,0.0004021799

0,True,False,0.02,0.2,Rot2,0,0,-0.015,0.0004021799

0,True,False,0.02,0.2,Rot2,0,0,-0.015,0.0004021799

0,True,False,0.02,0.2,Rot2,0,0,-0.015,0.0004021799

0,True,False,0.02,0.2,Rot2,0,0,-0.015,0.0004021799

0,True,False,0.02,0.2,Rot2,0,0,-0.015,0.0004021799

0,True,False,0.02,0.2,Rot2,0,0,-0.015,0.0004021799

0,True,False,0.02,0.2,Rot2,0,0,-0.015,0.0004021799

0,True,False,0.02,0.2,Rot2,0,0,-0.015,0.0004021799

0,True,False,0.02,0.2,Rot2,0,0,-0.015,0.0004021799

0,True,False,0.02,0.2,Rot2,0,0,-0.015,0.0004021799

0,True,False,0.02,0.2,Rot2,0,0,-0.015,0.0004021799

0,True,False,0.02,0.2,Rot2,0,0,-0.015,0.0004021799

0,True,False,0.02,0.2,Rot2,0,0,-0.015,0.0004021799

0,True,False,0.02,0.2,Rot2,0,0,-0.015,0.0004021799

0,True,False,0.02,0.2,Rot2,0,0,-0.015,0.0004021799

0,True,False,0.02,0.2,Rot2,0,0,-0.015,0.0004021799

0,True,False,0.02,0.2,Rot2,0,0,-0.015,0.0004021799

0,True,False,0.02,0.2,Rot2,0,0,-0.015,0.0004021799

0,True,False,0.02,0.2,Rot2,0,0,-0.015,0.0004021799

0,True,False,0.02,0.2,Rot2,0,0,-0.015,0.0004021799

0,True,False,0.02,0.2,Rot2,0,0,-0.015,0.0004021799

0,True,False,0.02,0.2,Rot2,0,0,-0.015,0.0004021799

0,True,False,0.02,0.2,Rot2,0,0,-0.015,0.0004021799

0,True,False,0.02,0.2,Rot2,0,0,-0.015,0.0004021799

0,True,False,0.02,0.2,Rot2,0,0,-0.015,0.0004021799

0,True,False,0.02,0.2,Rot2,0,0,-0.015,0.0004021799

0,True,False,0.02,0.2,Rot2,0,0,-0.015,0.0004021799

0,True,False,0.02,0.2,Rot2,0,0,-0.015,0.0004021799

0,True,False,0.02,0.2,Rot2,0,0,-0.015,0.0004021799

0,True,False,0.02,0.2,Rot2,0,0,-0.015,0.0004021799

0,True,False,0.02,0.2,Rot2,0,0,-0.015,0.0004021799

0,True,False,0.02,0.2,Rot2,0,0,-0.015,0.0004021799

0,True,False,0.02,0.2,Rot2,0,0,-0.015,0.0004021799

0,True,False,0.02,0.2,Rot2,0,0,-0.015,0.0004021799

0,True,False,0.02,0.2,Rot2,0,0,-0.015,0.0004021799

0,True,False,0.02,0.2,Rot2,0,0,-0.015,0.0004021799

0,True,False,0.02,0.2,Rot2,0,0,-0.015,0.0004021799

0,True,False,0.02,0.2,Rot2,0,0,-0.015,0.0004021799

0,True,False,0.02,0.2,Rot2,0,0,-0.015,0.0004021799

0,True,False,0.02,0.2,Rot2,0,0,-0.015,0.0004021799

0,True,False,0.02,0.2,Rot2,0,0,-0.015,0.0004021799

0,True,False,0.02,0.2,Rot2,0,0,-0.015,0.0004021799

0,True,False,0.02,0.2,Rot2,0,0,-0.015,0.0004021799

0,True,False,0.02,0.2,Rot2,0,0,-0.015,0.0004021799

0,True,False,0.02,0.2,Rot2,0,0,-0.015,0.0004021799

0,True,False,0.02,0.2,Rot2,0,0,-0.015,0.0004021799

0,True,False,0.02,0.2,Rot2,0,0,-0.015,0.0004021799

0,True,False,0.02,0.2,Rot2,0,0,-0.015,0.0004021799

0,True,False,0.02,0.2,Rot2,0,0,-0.015,0.0004021799

0,True,False,0.02,0.2,Rot2,0,0,-0.015,0.0004021799

0,True,False,0.02,0.2,Rot2,0,0,-0.015,0.0004021799

0,True,False,0.02,0.2,Rot2,0,0,-0.015,0.0004021799

0,True,False,0.02,0.2,Rot2,0,0,-0.015,0.0004021799

0,True,False,0.02,0.2,Rot2,0,0,-0.015,0.0004021799

0,True,False,0.02,0.2,Rot2,0,0,-0.015,0.0004021799

0,True,False,0.02,0.2,Rot2,0,0,-0.015,0.0004021799

0,True,False,0.02,0.2,Rot2,0,0,-0.015,0.0004021799

0,True,False,0.02,0.2,Rot2,0,0,-0.015,0.0004021799

0,True,False,0.02,0.2,Rot2,0,0,-0.015,0.0004021799

0,True,False,0.02,0.2,Rot2,0,0,-0.015,0.0004021799

0,True,False,0.02,0.2,Rot2,0,0,-0.015,0.0004021799

0,True,False,0.02,0.2,Rot2,0,0,-0.015,0.0004021799

0,True,False,0.02,0.2,Rot2,0,0,-0.015,0.0004021799

0,True,False,0.02,0.2,Rot2,0,0,-0.015,0.0004021799

0,True,False,0.02,0.2,Rot2,0,0,-0.015,0.0004021799

0,True,False,0.02,0.2,Rot2,0,0,-0.015,0.0004021799

0,True,False,0.02,0.2,Rot2,0,0,-0.015,0.0004021799

0,True,False,0.02,0.2,Rot2,0,0,-0.015,0.0004021799

0,True,False,0.02,0.2,Rot2,0,0,-0.015,0.0004021799

0,True,False,0.02,0.2,Rot2,0,0,-0.015,0.0004021799

0,True,False,0.02,0.2,Rot2,0,0,-0.015,0.0004021799

0,True,False,0.02,0.2,Rot2,0,0,-0.015,0.0004021799

0,True,False,0.02,0.2,Rot2,0,0,-0.015,0.0004021799

0,True,False,0.02,0.2,Rot2,0,0,-0.015,0.0004021799

0,True,False,0.02,0.2,Rot2,0,0,-0.015,0.0004021799

0,True,False,0.02,0.2,Rot2,0,0,-0.015,0.0004021799

0,True,False,0.02,0.2,Rot2,0,0,-0.015,0.0004021799

0,True,False,0.02,0.2,Rot2,0,0,-0.015,0.0004021799

0,True,False,0.02,0.2,Rot2,0,0,-0.015,0.0004021799

0,True,False,0.02,0.2,Rot2,0,0,-0.015,0.0004021799

0,True,False,0.02,0.2,Rot2,0,0,-0.015,0.0004021799

0,True,False,0.02,0.2,Rot2,0,0,-0.015,0.0004021799

0,True,False,0.02,0.2,Rot2,0,0,-0.015,0.0004021799

0,True,False,0.02,0.2,Rot2,0,0,-0.015,0.0004021799

0,True,False,0.02,0.2,Rot2,0,0,-0.015,0.0004021799

0,True,False,0.02,0.2,Rot2,0,0,-0.015,0.0004021799

0,True,False,0.02,0.2,Rot2,0,0,-0.015,0.0004021799

0,True,False,0.02,0.2,Rot2,0,0,-0.015,0.0004021799

0,True,False,0.02,0.2,Rot2,0,0,-0.015,0.0004021799

0,True,False,0.02,0.2,Rot2,0,0,-0.015,0.0004021799

0,True,False,0.02,0.2,Rot2,0,0,-0.015,0.0004021799

0,True,False,0.02,0.2,Rot2,0,0,-0.015,0.0004021799

0,True,False,0.02,0.2,Rot2,0,0,-0.015,0.0004021799

0,True,False,0.02,0.2,Rot2,0,0,-0.015,0.0004021799

0,True,False,0.02,0.2,Rot2,0,0,-0.015,0.0004021799

0,True,False,0.02,0.2,Rot2,0,0,-0.015,0.0004021799

0,True,False,0.02,0.2,Rot2,0,0,-0.015,0.0004021799

0,True,False,0.02,0.2,Rot2,0,0,-0.015,0.0004021799

0,True,False,0.02,0.2,Rot2,0,0,-0.015,0.0004021799

0,True,False,0.02,0.2,Rot2,0,0,-0.015,0.0004021799

0,True,False,0.02,0.2,Rot2,0,0,-0.015,0.0004021799

0,True,False,0.02,0.2,Rot2,0,0,-0.015,0.0004021799

0,True,False,0.02,0.2,Rot2,0,0,-0.015,0.0004021799

0,True,False,0.02,0.2,Rot2,0,0,-0.015,0.0004021799

0,True,False,0.02,0.2,Rot2,0,0,-0.015,0.0004021799

0,True,False,0.02,0.2,Rot2,0,0,-0.015,0.0004021799

0,True,False,0.02,0.2,Rot2,0,0,-0.015,0.0004021799

0,True,False,0.02,0.2,Rot2,0,0,-0.015,0.0004021799

0,True,False,0.02,0.2,Rot2,0,0,-0.015,0.0004021799

0,True,False,0.02,0.2,Rot2,0,0,-0.015,0.0004021799

0,True,False,0.02,0.2,Rot2,0,0,-0.015,0.0004021799

0,True,False,0.02,0.2,Rot2,0,0,-0.015,0.0004021799

0,True,False,0.02,0.2,Rot2,0,0,-0.015,0.0004021799

0,True,False,0.02,0.2,Rot2,0,0,-0.015,0.0004021799

0,True,False,0.02,0.2,Rot2,0,0,-0.015,0.0004021799

0,True,False,0.02,0.2,Rot2,0,0,-0.015,0.0004021799

0,True,False,0.02,0.2,Rot2,0,0,-0.015,0.0004021799

0,True,False,0.02,0.2,Rot2,0,0,-0.015,0.0004021799

0,True,False,0.02,0.2,Rot2,0,0,-0.015,0.0004021799

0,True,False,0.02,0.2,Rot2,0,0,-0.015,0.0004021799

0,True,False,0.02,0.2,Rot2,0,0,-0.015,0.0004021799

0,True,False,0.02,0.2,Rot2,0,0,-0.015,0.0004021799

0,True,False,0.02,0.2,Rot2,0,0,-0.015,0.0004021799

0,True,False,0.02,0.2,Rot2,0,0,-0.015,0.0004021799

0,True,False,0.02,0.2,Rot2,0,0,-0.015,0.0004021799

0,True,False,0.02,0.2,Rot2,0,0,-0.015,0.0004021799

0,True,False,0.02,0.2,Rot2,0,0,-0.015,0.0004021799

0,True,False,0.02,0.2,Rot2,0,0,-0.015,0.0004021799

0,True,False,0.02,0.2,Rot2,0,0,-0.015,0.0004021799

0,True,False,0.02,0.2,Rot2,0,0,-0.015,0.0004021799

0,True,False,0.02,0.2,Rot2,0,0,-0.015,0.0004021799

0,True,False,0.02,0.2,Rot2,0,0,-0.015,0.0004021799

0,True,False,0.02,0.2,Rot2,0,0,-0.015,0.0004021799

0,True,False,0.02,0.2,Rot2,0,0,-0.015,0.0004021799

0,True,False,0.02,0.2,Rot2,0,0,-0.015,0.0004021799

0,True,False,0.02,0.2,Rot2,0,0,-0.015,0.0004021799

0,True,False,0.02,0.2,Rot2,0,0,-0.015,0.0004021799

0,True,False,0.02,0.2,Rot2,0,0,-0.015,0.0004021799

0,True,False,0.02,0.2,Rot2,0,0,-0.015,0.0004021799

0,True,False,0.02,0.2,Rot2,0,0,-0.015,0.0004021799

0,True,False,0.02,0.2,Rot2,0,0,-0.015,0.0004021799

0,True,False,0.02,0.2,Rot2,0,0,-0.015,0.0004021799

0,True,False,0.02,0.2,Rot2,0,0,-0.015,0.0004021799

0,True,False,0.02,0.2,Rot2,0,0,-0.015,0.0004021799

0,True,False,0.02,0.2,Rot2,0,0,-0.015,0.0004021799

0,True,False,0.02,0.2,Rot2,0,0,-0.015,0.0004021799

0,True,False,0.02,0.2,Rot2,0,0,-0.015,0.0004021799

0,True,False,0.02,0.2,Rot2,0,0,-0.015,0.0004021799

0,True,False,0.02,0.2,Rot2,0,0,-0.015,0.0004021799

0,True,False,0.02,0.2,Rot2,0,0,-0.015,0.0004021799

0,True,False,0.02,0.2,Rot2,0,0,-0.015,0.0004021799

0,True,False,0.02,0.2,Rot2,0,0,-0.015,0.0004021799

0,True,False,0.02,0.2,Rot2,0,0,-0.015,0.0004021799

0,True,False,0.02,0.2,Rot2,0,0,-0.015,0.0004021799

0,True,False,0.02,0.2,Rot2,0,0,-0.015,0.0004021799

0,True,False,0.02,0.2,Rot2,0,0,-0.015,0.0004021799

0,True,False,0.02,0.2,Rot2,0,0,-0.015,0.0004021799

0,True,False,0.02,0.2,Rot2,0,0,-0.015,0.0004021799

0,True,False,0.02,0.2,Rot2,0,0,-0.015,0.0004021799

0,True,False,0.02,0.2,Rot2,0,0,-0.015,0.0004021799

0,True,False,0.02,0.2,Rot2,0,0,-0.015,0.0004021799

0,True,False,0.02,0.2,Rot2,0,0,-0.015,0.0004021799

0,True,False,0.02,0.2,Rot2,0,0,-0.015,0.0004021507

0,True,False,0.02,0.2,Rot2,0,0,-0.01498376,0.0005347708

0,True,False,0.02,0.2,Rot2,0,0,-0.0147143,0.002177535

0,True,False,0.02,0.2,Rot2,0,0,-0.01355108,0.007992534

0,True,False,0.02,0.2,Rot2,0,0,-0.01290374,0.009859532

0,True,False,0.02,0.2,Rot2,0,0,-0.01162495,0.01175234

0,True,False,0.02,0.2,Rot2,0,0,-0.009944323,0.01259133

0,True,False,0.02,0.2,Rot2,0,0,-0.008519547,0.01229927

0,True,False,0.02,0.2,Rot2,0,0,-0.007454611,0.01245037

0,True,False,0.02,0.2,Rot2,0,0,-0.006122659,0.01226086

0,True,False,0.02,0.2,Rot2,0,0,-0.005309666,0.01160616

0,True,False,0.02,0.2,Rot2,0,0,-0.004376775,0.01084608

0,True,False,0.02,0.2,Rot2,0,0,-0.003984581,0.00971961

0,True,False,0.02,0.2,Rot2,0,0,-0.003529022,0.008561523

0,True,False,0.02,0.2,Rot2,0,0,-0.003067411,0.007463843

0,True,False,0.02,0.2,Rot2,0,0,-0.0005324807,0.008396477

0,True,False,0.02,0.2,Rot2,0,0,0.0003481224,0.009005697

0,True,False,0.02,0.2,Rot2,0,0,0.001186136,0.009347738

0,True,False,0.02,0.2,Rot2,0,0,0.002037325,0.009325566

0,True,False,0.02,0.2,Rot2,0,0,0.001509693,0.007889212

0,True,False,0.02,0.2,Rot2,0,0,0.001893499,0.008260549

0,True,False,0.02,0.2,Rot2,0,0,0.002350761,0.008790078

0,True,False,0.02,0.2,Rot2,0,0,0.002695575,0.009014757

0,True,False,0.02,0.2,Rot2,0,0,0.002858446,0.009366693

0,True,False,0.02,0.2,Rot2,0,0,0.002918128,0.01040951

0,True,False,0.02,0.2,Rot2,0,0,0.003103734,0.01162857

0,True,False,0.02,0.2,Rot2,0,0,0.003359667,0.01256019

