PID,PathType,Width,Length,Depth,Width_P,Length_P,Rotation,Rep,PointIndex,BoardX,BoardY,BoardZ,WorldX,WorldY,WorldZ
23,3,2,25,4,0.1396,1.773552,RL,0,0,-0.8184911,-1.615343,-0.985908,0.8184911,1.384657,4.014092
23,3,2,25,4,0.1396,1.773552,RL,0,1,-0.8057686,-1.625704,-0.985908,0.8057686,1.374296,4.014092
23,3,2,25,4,0.1396,1.773552,RL,0,2,-0.7930871,-1.63139,-0.985908,0.7930871,1.36861,4.014092
23,3,2,25,4,0.1396,1.773552,RL,0,3,-0.7834496,-1.637544,-0.985908,0.7834496,1.362456,4.014092
23,3,2,25,4,0.1396,1.773552,RL,0,4,-0.7744242,-1.643015,-0.985908,0.7744242,1.356985,4.014092
23,3,2,25,4,0.1396,1.773552,RL,0,5,-0.7660162,-1.649235,-0.985908,0.7660162,1.350765,4.014092
23,3,2,25,4,0.1396,1.773552,RL,0,6,-0.7530808,-1.658517,-0.985908,0.7530808,1.341483,4.014092
23,3,2,25,4,0.1396,1.773552,RL,0,7,-0.7397853,-1.662514,-0.985908,0.7397853,1.337486,4.014092
23,3,2,25,4,0.1396,1.773552,RL,0,8,-0.7207605,-1.673008,-0.985908,0.7207605,1.326992,4.014092
23,3,2,25,4,0.1396,1.773552,RL,0,9,-0.7036822,-1.684273,-0.985908,0.7036822,1.315727,4.014092
23,3,2,25,4,0.1396,1.773552,RL,0,10,-0.6800145,-1.692882,-0.985908,0.6800145,1.307118,4.014092
23,3,2,25,4,0.1396,1.773552,RL,0,11,-0.6712853,-1.698884,-0.985908,0.6712853,1.301116,4.014092
23,3,2,25,4,0.1396,1.773552,RL,0,12,-0.6627226,-1.705098,-0.985908,0.6627226,1.294902,4.014092
23,3,2,25,4,0.1396,1.773552,RL,0,13,-0.6544739,-1.712433,-0.985908,0.6544739,1.287567,4.014092
23,3,2,25,4,0.1396,1.773552,RL,0,14,-0.6423938,-1.717583,-0.985908,0.6423938,1.282417,4.014092
23,3,2,25,4,0.1396,1.773552,RL,0,15,-0.6304097,-1.722259,-0.985908,0.6304097,1.277741,4.014092
23,3,2,25,4,0.1396,1.773552,RL,0,16,-0.6153435,-1.727528,-0.985908,0.6153435,1.272472,4.014092
23,3,2,25,4,0.1396,1.773552,RL,0,17,-0.6048536,-1.731529,-0.985908,0.6048536,1.268471,4.014092
23,3,2,25,4,0.1396,1.773552,RL,0,18,-0.59325,-1.735313,-0.985908,0.59325,1.264687,4.014092
23,3,2,25,4,0.1396,1.773552,RL,0,19,-0.5831826,-1.740777,-0.985908,0.5831826,1.259223,4.014092
23,3,2,25,4,0.1396,1.773552,RL,0,20,-0.5719228,-1.744654,-0.985908,0.5719228,1.255346,4.014092
23,3,2,25,4,0.1396,1.773552,RL,0,21,-0.5601742,-1.747788,-0.985908,0.5601742,1.252212,4.014092
23,3,2,25,4,0.1396,1.773552,RL,0,22,-0.5417658,-1.750598,-0.985908,0.5417658,1.249402,4.014092
23,3,2,25,4,0.1396,1.773552,RL,0,23,-0.5316126,-1.751289,-0.985908,0.5316126,1.248711,4.014092
23,3,2,25,4,0.1396,1.773552,RL,0,24,-0.5171595,-1.74885,-0.985908,0.5171595,1.25115,4.014092
23,3,2,25,4,0.1396,1.773552,RL,0,25,-0.5044655,-1.741195,-0.985908,0.5044655,1.258805,4.014092
23,3,2,25,4,0.1396,1.773552,RL,0,26,-0.48948,-1.738038,-0.985908,0.48948,1.261962,4.014092
23,3,2,25,4,0.1396,1.773552,RL,0,27,-0.4755732,-1.733573,-0.985908,0.4755732,1.266427,4.014092
23,3,2,25,4,0.1396,1.773552,RL,0,28,-0.4612865,-1.72205,-0.985908,0.4612865,1.27795,4.014092
23,3,2,25,4,0.1396,1.773552,RL,0,29,-0.4533587,-1.710538,-0.985908,0.4533587,1.289462,4.014092
23,3,2,25,4,0.1396,1.773552,RL,0,30,-0.4467373,-1.700766,-0.985908,0.4467373,1.299234,4.014092
23,3,2,25,4,0.1396,1.773552,RL,0,31,-0.4373639,-1.692522,-0.985908,0.4373639,1.307478,4.014092
23,3,2,25,4,0.1396,1.773552,RL,0,32,-0.426684,-1.675486,-0.985908,0.426684,1.324514,4.014092
23,3,2,25,4,0.1396,1.773552,RL,0,33,-0.4220276,-1.662998,-0.985908,0.4220276,1.337002,4.014092
23,3,2,25,4,0.1396,1.773552,RL,0,34,-0.413179,-1.653576,-0.985908,0.413179,1.346424,4.014092
23,3,2,25,4,0.1396,1.773552,RL,0,35,-0.3962718,-1.639174,-0.985908,0.3962718,1.360826,4.014092
23,3,2,25,4,0.1396,1.773552,RL,0,36,-0.3848863,-1.632807,-0.985908,0.3848863,1.367193,4.014092
23,3,2,25,4,0.1396,1.773552,RL,0,37,-0.3714289,-1.626145,-0.985908,0.3714289,1.373855,4.014092
23,3,2,25,4,0.1396,1.773552,RL,0,38,-0.3593675,-1.616528,-0.985908,0.3593675,1.383472,4.014092
23,3,2,25,4,0.1396,1.773552,RL,0,39,-0.3476078,-1.605809,-0.985908,0.3476078,1.394191,4.014092
23,3,2,25,4,0.1396,1.773552,RL,0,40,-0.3393187,-1.594662,-0.985908,0.3393187,1.405338,4.014092
23,3,2,25,4,0.1396,1.773552,RL,0,41,-0.3312871,-1.585682,-0.985908,0.3312871,1.414318,4.014092
23,3,2,25,4,0.1396,1.773552,RL,0,42,-0.3218057,-1.57393,-0.985908,0.3218057,1.42607,4.014092
23,3,2,25,4,0.1396,1.773552,RL,0,43,-0.3070826,-1.563586,-0.985908,0.3070826,1.436414,4.014092
23,3,2,25,4,0.1396,1.773552,RL,0,44,-0.289605,-1.552314,-0.985908,0.289605,1.447686,4.014092
23,3,2,25,4,0.1396,1.773552,RL,0,45,-0.2750546,-1.543507,-0.985908,0.2750546,1.456493,4.014092
23,3,2,25,4,0.1396,1.773552,RL,0,46,-0.2603375,-1.536867,-0.985908,0.2603375,1.463133,4.014092
23,3,2,25,4,0.1396,1.773552,RL,0,47,-0.246427,-1.532854,-0.985908,0.246427,1.467146,4.014092
23,3,2,25,4,0.1396,1.773552,RL,0,48,-0.2341631,-1.527366,-0.985908,0.2341631,1.472634,4.014092
23,3,2,25,4,0.1396,1.773552,RL,0,49,-0.2221397,-1.520545,-0.985908,0.2221397,1.479455,4.014092
23,3,2,25,4,0.1396,1.773552,RL,0,50,-0.2054272,-1.505389,-0.985908,0.2054272,1.494611,4.014092
23,3,2,25,4,0.1396,1.773552,RL,0,51,-0.1955063,-1.499097,-0.985908,0.1955063,1.500903,4.014092
23,3,2,25,4,0.1396,1.773552,RL,0,52,-0.1793357,-1.494787,-0.985908,0.1793357,1.505213,4.014092
23,3,2,25,4,0.1396,1.773552,RL,0,53,-0.1631913,-1.494455,-0.985908,0.1631913,1.505545,4.014092
23,3,2,25,4,0.1396,1.773552,RL,0,54,-0.1489657,-1.495523,-0.985908,0.1489657,1.504477,4.014092
23,3,2,25,4,0.1396,1.773552,RL,0,55,-0.1328089,-1.499148,-0.985908,0.1328089,1.500852,4.014092
23,3,2,25,4,0.1396,1.773552,RL,0,56,-0.1076552,-1.506418,-0.985908,0.1076552,1.493582,4.014092
23,3,2,25,4,0.1396,1.773552,RL,0,57,-0.09515659,-1.511359,-0.985908,0.09515659,1.488641,4.014092
23,3,2,25,4,0.1396,1.773552,RL,0,58,-0.08256957,-1.515066,-0.985908,0.08256957,1.484934,4.014092
23,3,2,25,4,0.1396,1.773552,RL,0,59,-0.06959841,-1.517425,-0.985908,0.06959841,1.482575,4.014092
23,3,2,25,4,0.1396,1.773552,RL,0,60,-0.05762188,-1.520062,-0.985908,0.05762188,1.479938,4.014092
23,3,2,25,4,0.1396,1.773552,RL,0,61,-0.04811549,-1.523565,-0.985908,0.04811549,1.476435,4.014092
23,3,2,25,4,0.1396,1.773552,RL,0,62,-0.03631068,-1.530015,-0.985908,0.03631068,1.469985,4.014092
23,3,2,25,4,0.1396,1.773552,RL,0,63,-0.02413161,-1.540038,-0.985908,0.02413161,1.459962,4.014092
23,3,2,25,4,0.1396,1.773552,RL,0,64,-0.01298194,-1.548862,-0.985908,0.01298194,1.451138,4.014092
23,3,2,25,4,0.1396,1.773552,RL,0,65,-0.001541167,-1.557324,-0.985908,0.001541167,1.442676,4.014092
23,3,2,25,4,0.1396,1.773552,RL,0,66,0.01332978,-1.564477,-0.985908,-0.01332978,1.435523,4.014092
23,3,2,25,4,0.1396,1.773552,RL,0,67,0.02743793,-1.571059,-0.985908,-0.02743793,1.428941,4.014092
23,3,2,25,4,0.1396,1.773552,RL,0,68,0.04422715,-1.578469,-0.985908,-0.04422715,1.421531,4.014092
23,3,2,25,4,0.1396,1.773552,RL,0,69,0.06080227,-1.585427,-0.985908,-0.06080227,1.414573,4.014092
23,3,2,25,4,0.1396,1.773552,RL,0,70,0.07581337,-1.59369,-0.985908,-0.07581337,1.40631,4.014092
23,3,2,25,4,0.1396,1.773552,RL,0,71,0.08751619,-1.601743,-0.985908,-0.08751619,1.398257,4.014092
23,3,2,25,4,0.1396,1.773552,RL,0,72,0.09562667,-1.609697,-0.985908,-0.09562667,1.390303,4.014092
23,3,2,25,4,0.1396,1.773552,RL,0,73,0.1101933,-1.625256,-0.985908,-0.1101933,1.374744,4.014092
23,3,2,25,4,0.1396,1.773552,RL,0,74,0.1214194,-1.632229,-0.985908,-0.1214194,1.367771,4.014092
23,3,2,25,4,0.1396,1.773552,RL,0,75,0.1350836,-1.639508,-0.985908,-0.1350836,1.360492,4.014092
23,3,2,25,4,0.1396,1.773552,RL,0,76,0.1446491,-1.647695,-0.985908,-0.1446491,1.352305,4.014092
23,3,2,25,4,0.1396,1.773552,RL,0,77,0.1573337,-1.653216,-0.985908,-0.1573337,1.346784,4.014092
23,3,2,25,4,0.1396,1.773552,RL,0,78,0.1765466,-1.660044,-0.985908,-0.1765466,1.339956,4.014092
23,3,2,25,4,0.1396,1.773552,RL,0,79,0.1950613,-1.668599,-0.985908,-0.1950613,1.331401,4.014092
23,3,2,25,4,0.1396,1.773552,RL,0,80,0.2139858,-1.677687,-0.985908,-0.2139858,1.322313,4.014092
23,3,2,25,4,0.1396,1.773552,RL,0,81,0.2284225,-1.689096,-0.985908,-0.2284225,1.310904,4.014092
23,3,2,25,4,0.1396,1.773552,RL,0,82,0.2380976,-1.698652,-0.985908,-0.2380976,1.301348,4.014092
23,3,2,25,4,0.1396,1.773552,RL,0,83,0.2476661,-1.705435,-0.985908,-0.2476661,1.294565,4.014092
23,3,2,25,4,0.1396,1.773552,RL,0,84,0.2596566,-1.711354,-0.985908,-0.2596566,1.288646,4.014092
23,3,2,25,4,0.1396,1.773552,RL,0,85,0.2810328,-1.714148,-0.985908,-0.2810328,1.285852,4.014092
23,3,2,25,4,0.1396,1.773552,RL,0,86,0.3002894,-1.722388,-0.985908,-0.3002894,1.277612,4.014092
23,3,2,25,4,0.1396,1.773552,RL,0,87,0.3201089,-1.73078,-0.985908,-0.3201089,1.26922,4.014092
23,3,2,25,4,0.1396,1.773552,RL,0,88,0.3399171,-1.742461,-0.985908,-0.3399171,1.257539,4.014092
23,3,2,25,4,0.1396,1.773552,RL,0,89,0.3601145,-1.751131,-0.985908,-0.3601145,1.248869,4.014092
23,3,2,25,4,0.1396,1.773552,RL,0,90,0.3735075,-1.760773,-0.985908,-0.3735075,1.239227,4.014092
23,3,2,25,4,0.1396,1.773552,RL,0,91,0.3854219,-1.767084,-0.985908,-0.3854219,1.232916,4.014092
23,3,2,25,4,0.1396,1.773552,RL,0,92,0.4006086,-1.773386,-0.985908,-0.4006086,1.226614,4.014092
23,3,2,25,4,0.1396,1.773552,RL,0,93,0.4176189,-1.775891,-0.985908,-0.4176189,1.224109,4.014092
23,3,2,25,4,0.1396,1.773552,RL,0,94,0.4328828,-1.7798,-0.985908,-0.4328828,1.2202,4.014092
23,3,2,25,4,0.1396,1.773552,RL,0,95,0.4476484,-1.784764,-0.985908,-0.4476484,1.215236,4.014092
23,3,2,25,4,0.1396,1.773552,RL,0,96,0.4624468,-1.784379,-0.985908,-0.4624468,1.215621,4.014092
23,3,2,25,4,0.1396,1.773552,RL,0,97,0.4800874,-1.7859,-0.985908,-0.4800874,1.2141,4.014092
23,3,2,25,4,0.1396,1.773552,RL,0,98,0.5006741,-1.784747,-0.985908,-0.5006741,1.215253,4.014092
23,3,2,25,4,0.1396,1.773552,RL,0,99,0.5178533,-1.783683,-0.985908,-0.5178533,1.216317,4.014092
23,3,2,25,4,0.1396,1.773552,RL,0,100,0.5307668,-1.778208,-0.985908,-0.5307668,1.221792,4.014092
23,3,2,25,4,0.1396,1.773552,RL,0,101,0.5469952,-1.774314,-0.985908,-0.5469952,1.225686,4.014092
23,3,2,25,4,0.1396,1.773552,RL,0,102,0.564649,-1.768044,-0.985908,-0.564649,1.231956,4.014092
23,3,2,25,4,0.1396,1.773552,RL,0,103,0.5831348,-1.763748,-0.985908,-0.5831348,1.236252,4.014092
23,3,2,25,4,0.1396,1.773552,RL,0,104,0.5986507,-1.759189,-0.985908,-0.5986507,1.240811,4.014092
23,3,2,25,4,0.1396,1.773552,RL,0,105,0.6188388,-1.749847,-0.985908,-0.6188388,1.250153,4.014092
23,3,2,25,4,0.1396,1.773552,RL,0,106,0.6379449,-1.735867,-0.985908,-0.6379449,1.264133,4.014092
23,3,2,25,4,0.1396,1.773552,LR,0,0,-0.663736,-1.683269,-0.8208327,-0.663736,1.316731,4.179167
23,3,2,25,4,0.1396,1.773552,LR,0,1,-0.6558542,-1.691438,-0.8208327,-0.6558542,1.308562,4.179167
23,3,2,25,4,0.1396,1.773552,LR,0,2,-0.6500525,-1.702766,-0.8208327,-0.6500525,1.297234,4.179167
23,3,2,25,4,0.1396,1.773552,LR,0,3,-0.6391551,-1.722759,-0.8208327,-0.6391551,1.277241,4.179167
23,3,2,25,4,0.1396,1.773552,LR,0,4,-0.6329137,-1.733356,-0.8208327,-0.6329137,1.266644,4.179167
23,3,2,25,4,0.1396,1.773552,LR,0,5,-0.6160948,-1.7396,-0.8208327,-0.6160948,1.2604,4.179167
23,3,2,25,4,0.1396,1.773552,LR,0,6,-0.6004927,-1.743271,-0.8208327,-0.6004927,1.256729,4.179167
23,3,2,25,4,0.1396,1.773552,LR,0,7,-0.5907629,-1.749521,-0.8208327,-0.5907629,1.250479,4.179167
23,3,2,25,4,0.1396,1.773552,LR,0,8,-0.5781962,-1.749446,-0.8208327,-0.5781962,1.250554,4.179167
23,3,2,25,4,0.1396,1.773552,LR,0,9,-0.5627589,-1.760639,-0.8208327,-0.5627589,1.239361,4.179167
23,3,2,25,4,0.1396,1.773552,LR,0,10,-0.5537898,-1.769017,-0.8208327,-0.5537898,1.230983,4.179167
23,3,2,25,4,0.1396,1.773552,LR,0,11,-0.5418102,-1.778204,-0.8208327,-0.5418102,1.221796,4.179167
23,3,2,25,4,0.1396,1.773552,LR,0,12,-0.5289968,-1.785921,-0.8208327,-0.5289968,1.214079,4.179167
23,3,2,25,4,0.1396,1.773552,LR,0,13,-0.5103608,-1.787567,-0.8208327,-0.5103608,1.212433,4.179167
23,3,2,25,4,0.1396,1.773552,LR,0,14,-0.499057,-1.787814,-0.8208327,-0.499057,1.212186,4.179167
23,3,2,25,4,0.1396,1.773552,LR,0,15,-0.4797374,-1.788496,-0.8208327,-0.4797374,1.211504,4.179167
23,3,2,25,4,0.1396,1.773552,LR,0,16,-0.4671563,-1.793264,-0.8208327,-0.4671563,1.206736,4.179167
23,3,2,25,4,0.1396,1.773552,LR,0,17,-0.450903,-1.796797,-0.8208327,-0.450903,1.203203,4.179167
23,3,2,25,4,0.1396,1.773552,LR,0,18,-0.4395751,-1.794778,-0.8208327,-0.4395751,1.205222,4.179167
23,3,2,25,4,0.1396,1.773552,LR,0,19,-0.4289427,-1.789847,-0.8208327,-0.4289427,1.210153,4.179167
23,3,2,25,4,0.1396,1.773552,LR,0,20,-0.4181228,-1.7854,-0.8208327,-0.4181228,1.2146,4.179167
23,3,2,25,4,0.1396,1.773552,LR,0,21,-0.4070907,-1.779776,-0.8208327,-0.4070907,1.220224,4.179167
23,3,2,25,4,0.1396,1.773552,LR,0,22,-0.3974422,-1.770281,-0.8208327,-0.3974422,1.229719,4.179167
23,3,2,25,4,0.1396,1.773552,LR,0,23,-0.3780129,-1.76692,-0.8208327,-0.3780129,1.23308,4.179167
23,3,2,25,4,0.1396,1.773552,LR,0,24,-0.3564361,-1.768761,-0.8208327,-0.3564361,1.231239,4.179167
23,3,2,25,4,0.1396,1.773552,LR,0,25,-0.3316241,-1.766787,-0.8208327,-0.3316241,1.233213,4.179167
23,3,2,25,4,0.1396,1.773552,LR,0,26,-0.3191948,-1.763548,-0.8208327,-0.3191948,1.236452,4.179167
23,3,2,25,4,0.1396,1.773552,LR,0,27,-0.306965,-1.756784,-0.8208327,-0.306965,1.243216,4.179167
23,3,2,25,4,0.1396,1.773552,LR,0,28,-0.3005468,-1.744562,-0.8208327,-0.3005468,1.255438,4.179167
23,3,2,25,4,0.1396,1.773552,LR,0,29,-0.2913769,-1.73804,-0.8208327,-0.2913769,1.26196,4.179167
23,3,2,25,4,0.1396,1.773552,LR,0,30,-0.2756484,-1.729616,-0.8208327,-0.2756484,1.270384,4.179167
23,3,2,25,4,0.1396,1.773552,LR,0,31,-0.2621093,-1.722539,-0.8208327,-0.2621093,1.277461,4.179167
23,3,2,25,4,0.1396,1.773552,LR,0,32,-0.2476158,-1.71342,-0.8208327,-0.2476158,1.28658,4.179167
23,3,2,25,4,0.1396,1.773552,LR,0,33,-0.2309966,-1.711844,-0.8208327,-0.2309966,1.288156,4.179167
23,3,2,25,4,0.1396,1.773552,LR,0,34,-0.2205581,-1.713044,-0.8208327,-0.2205581,1.286956,4.179167
23,3,2,25,4,0.1396,1.773552,LR,0,35,-0.1973704,-1.713915,-0.8208327,-0.1973704,1.286085,4.179167
23,3,2,25,4,0.1396,1.773552,LR,0,36,-0.1839869,-1.702764,-0.8208327,-0.1839869,1.297236,4.179167
23,3,2,25,4,0.1396,1.773552,LR,0,37,-0.1739333,-1.697385,-0.8208327,-0.1739333,1.302615,4.179167
23,3,2,25,4,0.1396,1.773552,LR,0,38,-0.1584896,-1.688187,-0.8208327,-0.1584896,1.311813,4.179167
23,3,2,25,4,0.1396,1.773552,LR,0,39,-0.138909,-1.680128,-0.8208327,-0.138909,1.319872,4.179167
23,3,2,25,4,0.1396,1.773552,LR,0,40,-0.1258024,-1.671635,-0.8208327,-0.1258024,1.328365,4.179167
23,3,2,25,4,0.1396,1.773552,LR,0,41,-0.116574,-1.667122,-0.8208327,-0.116574,1.332878,4.179167
23,3,2,25,4,0.1396,1.773552,LR,0,42,-0.1049247,-1.654501,-0.8208327,-0.1049247,1.345499,4.179167
23,3,2,25,4,0.1396,1.773552,LR,0,43,-0.1011871,-1.644636,-0.8208327,-0.1011871,1.355364,4.179167
23,3,2,25,4,0.1396,1.773552,LR,0,44,-0.09405106,-1.634086,-0.8208327,-0.09405106,1.365914,4.179167
23,3,2,25,4,0.1396,1.773552,LR,0,45,-0.0752937,-1.625192,-0.8208327,-0.0752937,1.374808,4.179167
23,3,2,25,4,0.1396,1.773552,LR,0,46,-0.06493168,-1.61946,-0.8208327,-0.06493168,1.38054,4.179167
23,3,2,25,4,0.1396,1.773552,LR,0,47,-0.05868294,-1.605394,-0.8208327,-0.05868294,1.394606,4.179167
23,3,2,25,4,0.1396,1.773552,LR,0,48,-0.04388159,-1.58835,-0.8208327,-0.04388159,1.41165,4.179167
23,3,2,25,4,0.1396,1.773552,LR,0,49,-0.03119276,-1.580492,-0.8208327,-0.03119276,1.419508,4.179167
23,3,2,25,4,0.1396,1.773552,LR,0,50,-0.01755286,-1.57245,-0.8208327,-0.01755286,1.42755,4.179167
23,3,2,25,4,0.1396,1.773552,LR,0,51,-0.006983243,-1.565905,-0.8208327,-0.006983243,1.434095,4.179167
23,3,2,25,4,0.1396,1.773552,LR,0,52,0.008533373,-1.559508,-0.8208327,0.008533373,1.440492,4.179167
23,3,2,25,4,0.1396,1.773552,LR,0,53,0.02769766,-1.55438,-0.8208327,0.02769766,1.44562,4.179167
23,3,2,25,4,0.1396,1.773552,LR,0,54,0.04706791,-1.547375,-0.8208327,0.04706791,1.452625,4.179167
23,3,2,25,4,0.1396,1.773552,LR,0,55,0.06394801,-1.544207,-0.8208327,0.06394801,1.455793,4.179167
23,3,2,25,4,0.1396,1.773552,LR,0,56,0.0762575,-1.540094,-0.8208327,0.0762575,1.459906,4.179167
23,3,2,25,4,0.1396,1.773552,LR,0,57,0.08941538,-1.529671,-0.8208327,0.08941538,1.470329,4.179167
23,3,2,25,4,0.1396,1.773552,LR,0,58,0.1002063,-1.542983,-0.8208327,0.1002063,1.457017,4.179167
23,3,2,25,4,0.1396,1.773552,LR,0,59,0.112525,-1.552897,-0.8208327,0.112525,1.447103,4.179167
23,3,2,25,4,0.1396,1.773552,LR,0,60,0.1305493,-1.567977,-0.8208327,0.1305493,1.432023,4.179167
23,3,2,25,4,0.1396,1.773552,LR,0,61,0.1445885,-1.58078,-0.8208327,0.1445885,1.41922,4.179167
23,3,2,25,4,0.1396,1.773552,LR,0,62,0.1522478,-1.592693,-0.8208327,0.1522478,1.407307,4.179167
23,3,2,25,4,0.1396,1.773552,LR,0,63,0.1678422,-1.603044,-0.8208327,0.1678422,1.396956,4.179167
23,3,2,25,4,0.1396,1.773552,LR,0,64,0.1827161,-1.612163,-0.8208327,0.1827161,1.387837,4.179167
23,3,2,25,4,0.1396,1.773552,LR,0,65,0.2038682,-1.636087,-0.8208327,0.2038682,1.363913,4.179167
23,3,2,25,4,0.1396,1.773552,LR,0,66,0.2110574,-1.647766,-0.8208327,0.2110574,1.352234,4.179167
23,3,2,25,4,0.1396,1.773552,LR,0,67,0.2202114,-1.656528,-0.8208327,0.2202114,1.343472,4.179167
23,3,2,25,4,0.1396,1.773552,LR,0,68,0.2303827,-1.662587,-0.8208327,0.2303827,1.337413,4.179167
23,3,2,25,4,0.1396,1.773552,LR,0,69,0.2473132,-1.659112,-0.8208327,0.2473132,1.340888,4.179167
23,3,2,25,4,0.1396,1.773552,LR,0,70,0.2571669,-1.655025,-0.8208327,0.2571669,1.344975,4.179167
23,3,2,25,4,0.1396,1.773552,LR,0,71,0.2648301,-1.671808,-0.8208327,0.2648301,1.328192,4.179167
23,3,2,25,4,0.1396,1.773552,LR,0,72,0.2766765,-1.680568,-0.8208327,0.2766765,1.319432,4.179167
23,3,2,25,4,0.1396,1.773552,LR,0,73,0.2871834,-1.686073,-0.8208327,0.2871834,1.313927,4.179167
23,3,2,25,4,0.1396,1.773552,LR,0,74,0.297039,-1.693573,-0.8208327,0.297039,1.306427,4.179167
23,3,2,25,4,0.1396,1.773552,LR,0,75,0.3095393,-1.699786,-0.8208327,0.3095393,1.300214,4.179167
23,3,2,25,4,0.1396,1.773552,LR,0,76,0.3220138,-1.704232,-0.8208327,0.3220138,1.295768,4.179167
23,3,2,25,4,0.1396,1.773552,LR,0,77,0.3335118,-1.706163,-0.8208327,0.3335118,1.293837,4.179167
23,3,2,25,4,0.1396,1.773552,LR,0,78,0.3565381,-1.71433,-0.8208327,0.3565381,1.28567,4.179167
23,3,2,25,4,0.1396,1.773552,LR,0,79,0.3718521,-1.721203,-0.8208327,0.3718521,1.278797,4.179167
23,3,2,25,4,0.1396,1.773552,LR,0,80,0.389239,-1.733444,-0.8208327,0.389239,1.266556,4.179167
23,3,2,25,4,0.1396,1.773552,LR,0,81,0.4065449,-1.740677,-0.8208327,0.4065449,1.259323,4.179167
23,3,2,25,4,0.1396,1.773552,LR,0,82,0.4182602,-1.742498,-0.8208327,0.4182602,1.257502,4.179167
23,3,2,25,4,0.1396,1.773552,LR,0,83,0.4251517,-1.753854,-0.8208327,0.4251517,1.246146,4.179167
23,3,2,25,4,0.1396,1.773552,LR,0,84,0.4426864,-1.759276,-0.8208327,0.4426864,1.240724,4.179167
23,3,2,25,4,0.1396,1.773552,LR,0,85,0.4611692,-1.765681,-0.8208327,0.4611692,1.234319,4.179167
23,3,2,25,4,0.1396,1.773552,LR,0,86,0.4707823,-1.777139,-0.8208327,0.4707823,1.222861,4.179167
23,3,2,25,4,0.1396,1.773552,LR,0,87,0.4822585,-1.791391,-0.8208327,0.4822585,1.208609,4.179167
23,3,2,25,4,0.1396,1.773552,LR,0,88,0.4913041,-1.804193,-0.8208327,0.4913041,1.195807,4.179167
23,3,2,25,4,0.1396,1.773552,LR,0,89,0.5073208,-1.798063,-0.8208327,0.5073208,1.201937,4.179167
23,3,2,25,4,0.1396,1.773552,LR,0,90,0.5180426,-1.792547,-0.8208327,0.5180426,1.207453,4.179167
23,3,2,25,4,0.1396,1.773552,LR,0,91,0.5256422,-1.784548,-0.8208327,0.5256422,1.215452,4.179167
23,3,2,25,4,0.1396,1.773552,LR,0,92,0.5401224,-1.783569,-0.8208327,0.5401224,1.216431,4.179167
23,3,2,25,4,0.1396,1.773552,LR,0,93,0.5535393,-1.777687,-0.8208327,0.5535393,1.222313,4.179167
23,3,2,25,4,0.1396,1.773552,LR,0,94,0.574551,-1.76927,-0.8208327,0.574551,1.23073,4.179167
23,3,2,25,4,0.1396,1.773552,LR,0,95,0.5886092,-1.761368,-0.8208327,0.5886092,1.238632,4.179167
23,3,2,25,4,0.1396,1.773552,LR,0,96,0.6070469,-1.749161,-0.8208327,0.6070469,1.250839,4.179167
23,3,2,25,4,0.1396,1.773552,LR,0,97,0.6219134,-1.74611,-0.8208327,0.6219134,1.25389,4.179167
23,3,2,25,4,0.1396,1.773552,LR,0,98,0.6344948,-1.741421,-0.8208327,0.6344948,1.258579,4.179167
23,3,2,25,4,0.1396,1.773552,LR,0,99,0.6485372,-1.733847,-0.8208327,0.6485372,1.266153,4.179167
23,3,2,25,4,0.1396,1.773552,LR,0,100,0.6756435,-1.720329,-0.8208327,0.6756435,1.279671,4.179167
23,3,2,25,4,0.1396,1.773552,LR,0,101,0.6899164,-1.713061,-0.8208327,0.6899164,1.286939,4.179167
23,3,2,25,4,0.1396,1.773552,LR,0,102,0.7074594,-1.702914,-0.8208327,0.7074594,1.297086,4.179167
23,3,2,25,4,0.1396,1.773552,LR,0,103,0.730314,-1.687286,-0.8208327,0.730314,1.312714,4.179167
23,3,2,25,4,0.1396,1.773552,LR,0,104,0.7506154,-1.671926,-0.8208327,0.7506154,1.328074,4.179167
23,3,2,25,4,0.1396,1.773552,LR,0,105,0.7674663,-1.66294,-0.8208327,0.7674663,1.33706,4.179167
23,3,2,25,4,0.1396,1.773552,LR,0,106,0.7818301,-1.664716,-0.8208327,0.7818301,1.335284,4.179167
23,3,2,25,4,0.1396,1.773552,LR,0,107,0.7933568,-1.66939,-0.8208327,0.7933568,1.33061,4.179167
23,3,2,25,4,0.1396,1.773552,LR,0,108,0.8114427,-1.668592,-0.8208327,0.8114427,1.331408,4.179167
23,3,2,35,4,0.1396,2.522384,RL,0,0,-1.174656,-1.746846,-0.8237782,1.174656,1.253154,4.176222
23,3,2,35,4,0.1396,2.522384,RL,0,1,-1.163049,-1.745137,-0.8237782,1.163049,1.254863,4.176222
23,3,2,35,4,0.1396,2.522384,RL,0,2,-1.142522,-1.744905,-0.8237782,1.142522,1.255095,4.176222
23,3,2,35,4,0.1396,2.522384,RL,0,3,-1.13026,-1.745555,-0.8237782,1.13026,1.254445,4.176222
23,3,2,35,4,0.1396,2.522384,RL,0,4,-1.125216,-1.733904,-0.8237782,1.125216,1.266096,4.176222
23,3,2,35,4,0.1396,2.522384,RL,0,5,-1.115939,-1.727066,-0.8237782,1.115939,1.272934,4.176222
23,3,2,35,4,0.1396,2.522384,RL,0,6,-1.106306,-1.716875,-0.8237782,1.106306,1.283125,4.176222
23,3,2,35,4,0.1396,2.522384,RL,0,7,-1.090703,-1.703197,-0.8237782,1.090703,1.296803,4.176222
23,3,2,35,4,0.1396,2.522384,RL,0,8,-1.06967,-1.690724,-0.8237782,1.06967,1.309276,4.176222
23,3,2,35,4,0.1396,2.522384,RL,0,9,-1.055732,-1.679161,-0.8237782,1.055732,1.320839,4.176222
23,3,2,35,4,0.1396,2.522384,RL,0,10,-1.045593,-1.668022,-0.8237782,1.045593,1.331978,4.176222
23,3,2,35,4,0.1396,2.522384,RL,0,11,-1.031617,-1.658243,-0.8237782,1.031617,1.341757,4.176222
23,3,2,35,4,0.1396,2.522384,RL,0,12,-1.021683,-1.648937,-0.8237782,1.021683,1.351063,4.176222
23,3,2,35,4,0.1396,2.522384,RL,0,13,-1.004391,-1.647392,-0.8237782,1.004391,1.352608,4.176222
23,3,2,35,4,0.1396,2.522384,RL,0,14,-0.9923874,-1.647071,-0.8237782,0.9923874,1.352929,4.176222
23,3,2,35,4,0.1396,2.522384,RL,0,15,-0.9822619,-1.639557,-0.8237782,0.9822619,1.360443,4.176222
23,3,2,35,4,0.1396,2.522384,RL,0,16,-0.9724108,-1.623345,-0.8237782,0.9724108,1.376655,4.176222
23,3,2,35,4,0.1396,2.522384,RL,0,17,-0.9629521,-1.60397,-0.8237782,0.9629521,1.39603,4.176222
23,3,2,35,4,0.1396,2.522384,RL,0,18,-0.9505472,-1.583072,-0.8237782,0.9505472,1.416928,4.176222
23,3,2,35,4,0.1396,2.522384,RL,0,19,-0.935654,-1.57038,-0.8237782,0.935654,1.42962,4.176222
23,3,2,35,4,0.1396,2.522384,RL,0,20,-0.9217006,-1.563426,-0.8237782,0.9217006,1.436574,4.176222
23,3,2,35,4,0.1396,2.522384,RL,0,21,-0.9038278,-1.562527,-0.8237782,0.9038278,1.437473,4.176222
23,3,2,35,4,0.1396,2.522384,RL,0,22,-0.8898532,-1.562964,-0.8237782,0.8898532,1.437036,4.176222
23,3,2,35,4,0.1396,2.522384,RL,0,23,-0.8768831,-1.55983,-0.8237782,0.8768831,1.44017,4.176222
23,3,2,35,4,0.1396,2.522384,RL,0,24,-0.864617,-1.55565,-0.8237782,0.864617,1.44435,4.176222
23,3,2,35,4,0.1396,2.522384,RL,0,25,-0.8571351,-1.548291,-0.8237782,0.8571351,1.451709,4.176222
23,3,2,35,4,0.1396,2.522384,RL,0,26,-0.8512181,-1.537158,-0.8237782,0.8512181,1.462842,4.176222
23,3,2,35,4,0.1396,2.522384,RL,0,27,-0.8427516,-1.529921,-0.8237782,0.8427516,1.470079,4.176222
23,3,2,35,4,0.1396,2.522384,RL,0,28,-0.8299175,-1.526331,-0.8237782,0.8299175,1.473669,4.176222
23,3,2,35,4,0.1396,2.522384,RL,0,29,-0.8201672,-1.521351,-0.8237782,0.8201672,1.478649,4.176222
23,3,2,35,4,0.1396,2.522384,RL,0,30,-0.8070442,-1.512083,-0.8237782,0.8070442,1.487917,4.176222
23,3,2,35,4,0.1396,2.522384,RL,0,31,-0.792113,-1.510678,-0.8237782,0.792113,1.489322,4.176222
23,3,2,35,4,0.1396,2.522384,RL,0,32,-0.7788641,-1.513286,-0.8237782,0.7788641,1.486714,4.176222
23,3,2,35,4,0.1396,2.522384,RL,0,33,-0.7704958,-1.519445,-0.8237782,0.7704958,1.480555,4.176222
23,3,2,35,4,0.1396,2.522384,RL,0,34,-0.7643455,-1.530959,-0.8237782,0.7643455,1.469041,4.176222
23,3,2,35,4,0.1396,2.522384,RL,0,35,-0.7458673,-1.534521,-0.8237782,0.7458673,1.465479,4.176222
23,3,2,35,4,0.1396,2.522384,RL,0,36,-0.729422,-1.532765,-0.8237782,0.729422,1.467235,4.176222
23,3,2,35,4,0.1396,2.522384,RL,0,37,-0.7167404,-1.535403,-0.8237782,0.7167404,1.464597,4.176222
23,3,2,35,4,0.1396,2.522384,RL,0,38,-0.7054226,-1.54628,-0.8237782,0.7054226,1.45372,4.176222
23,3,2,35,4,0.1396,2.522384,RL,0,39,-0.6933481,-1.556189,-0.8237782,0.6933481,1.443811,4.176222
23,3,2,35,4,0.1396,2.522384,RL,0,40,-0.677716,-1.569788,-0.8237782,0.677716,1.430212,4.176222
23,3,2,35,4,0.1396,2.522384,RL,0,41,-0.6633266,-1.580746,-0.8237782,0.6633266,1.419254,4.176222
23,3,2,35,4,0.1396,2.522384,RL,0,42,-0.6519434,-1.591007,-0.8237782,0.6519434,1.408993,4.176222
23,3,2,35,4,0.1396,2.522384,RL,0,43,-0.6477978,-1.600816,-0.8237782,0.6477978,1.399184,4.176222
23,3,2,35,4,0.1396,2.522384,RL,0,44,-0.6390315,-1.611895,-0.8237782,0.6390315,1.388105,4.176222
23,3,2,35,4,0.1396,2.522384,RL,0,45,-0.6236992,-1.620709,-0.8237782,0.6236992,1.379291,4.176222
23,3,2,35,4,0.1396,2.522384,RL,0,46,-0.603933,-1.629333,-0.8237782,0.603933,1.370667,4.176222
23,3,2,35,4,0.1396,2.522384,RL,0,47,-0.5833559,-1.637797,-0.8237782,0.5833559,1.362203,4.176222
23,3,2,35,4,0.1396,2.522384,RL,0,48,-0.5621479,-1.64286,-0.8237782,0.5621479,1.35714,4.176222
23,3,2,35,4,0.1396,2.522384,RL,0,49,-0.5426668,-1.645362,-0.8237782,0.5426668,1.354638,4.176222
23,3,2,35,4,0.1396,2.522384,RL,0,50,-0.5312329,-1.651496,-0.8237782,0.5312329,1.348504,4.176222
23,3,2,35,4,0.1396,2.522384,RL,0,51,-0.5236672,-1.659467,-0.8237782,0.5236672,1.340533,4.176222
23,3,2,35,4,0.1396,2.522384,RL,0,52,-0.5127026,-1.672859,-0.8237782,0.5127026,1.327141,4.176222
23,3,2,35,4,0.1396,2.522384,RL,0,53,-0.5034739,-1.686457,-0.8237782,0.5034739,1.313543,4.176222
23,3,2,35,4,0.1396,2.522384,RL,0,54,-0.4869534,-1.695246,-0.8237782,0.4869534,1.304754,4.176222
23,3,2,35,4,0.1396,2.522384,RL,0,55,-0.4666577,-1.698475,-0.8237782,0.4666577,1.301525,4.176222
23,3,2,35,4,0.1396,2.522384,RL,0,56,-0.4491132,-1.699392,-0.8237782,0.4491132,1.300608,4.176222
23,3,2,35,4,0.1396,2.522384,RL,0,57,-0.4354624,-1.697914,-0.8237782,0.4354624,1.302086,4.176222
23,3,2,35,4,0.1396,2.522384,RL,0,58,-0.4205616,-1.703483,-0.8237782,0.4205616,1.296517,4.176222
23,3,2,35,4,0.1396,2.522384,RL,0,59,-0.4031376,-1.712037,-0.8237782,0.4031376,1.287963,4.176222
23,3,2,35,4,0.1396,2.522384,RL,0,60,-0.3879817,-1.719801,-0.8237782,0.3879817,1.280199,4.176222
23,3,2,35,4,0.1396,2.522384,RL,0,61,-0.3721839,-1.72675,-0.8237782,0.3721839,1.27325,4.176222
23,3,2,35,4,0.1396,2.522384,RL,0,62,-0.3608924,-1.732269,-0.8237782,0.3608924,1.267731,4.176222
23,3,2,35,4,0.1396,2.522384,RL,0,63,-0.3485171,-1.736465,-0.8237782,0.3485171,1.263535,4.176222
23,3,2,35,4,0.1396,2.522384,RL,0,64,-0.329294,-1.744045,-0.8237782,0.329294,1.255955,4.176222
23,3,2,35,4,0.1396,2.522384,RL,0,65,-0.3154008,-1.74518,-0.8237782,0.3154008,1.25482,4.176222
23,3,2,35,4,0.1396,2.522384,RL,0,66,-0.301477,-1.745167,-0.8237782,0.301477,1.254833,4.176222
23,3,2,35,4,0.1396,2.522384,RL,0,67,-0.2852491,-1.745605,-0.8237782,0.2852491,1.254395,4.176222
23,3,2,35,4,0.1396,2.522384,RL,0,68,-0.2721683,-1.74802,-0.8237782,0.2721683,1.25198,4.176222
23,3,2,35,4,0.1396,2.522384,RL,0,69,-0.2568837,-1.748992,-0.8237782,0.2568837,1.251008,4.176222
23,3,2,35,4,0.1396,2.522384,RL,0,70,-0.2466425,-1.750919,-0.8237782,0.2466425,1.249081,4.176222
23,3,2,35,4,0.1396,2.522384,RL,0,71,-0.2343369,-1.75366,-0.8237782,0.2343369,1.24634,4.176222
23,3,2,35,4,0.1396,2.522384,RL,0,72,-0.2217394,-1.755352,-0.8237782,0.2217394,1.244648,4.176222
23,3,2,35,4,0.1396,2.522384,RL,0,73,-0.2056472,-1.762498,-0.8237782,0.2056472,1.237502,4.176222
23,3,2,35,4,0.1396,2.522384,RL,0,74,-0.1899568,-1.761767,-0.8237782,0.1899568,1.238233,4.176222
23,3,2,35,4,0.1396,2.522384,RL,0,75,-0.1793787,-1.754874,-0.8237782,0.1793787,1.245126,4.176222
23,3,2,35,4,0.1396,2.522384,RL,0,76,-0.1676804,-1.750476,-0.8237782,0.1676804,1.249524,4.176222
23,3,2,35,4,0.1396,2.522384,RL,0,77,-0.1570183,-1.750362,-0.8237782,0.1570183,1.249638,4.176222
23,3,2,35,4,0.1396,2.522384,RL,0,78,-0.138071,-1.737236,-0.8237782,0.138071,1.262764,4.176222
23,3,2,35,4,0.1396,2.522384,RL,0,79,-0.129292,-1.727809,-0.8237782,0.129292,1.272191,4.176222
23,3,2,35,4,0.1396,2.522384,RL,0,80,-0.1185719,-1.718971,-0.8237782,0.1185719,1.281029,4.176222
23,3,2,35,4,0.1396,2.522384,RL,0,81,-0.1091406,-1.709406,-0.8237782,0.1091406,1.290594,4.176222
23,3,2,35,4,0.1396,2.522384,RL,0,82,-0.09653888,-1.69828,-0.8237782,0.09653888,1.30172,4.176222
23,3,2,35,4,0.1396,2.522384,RL,0,83,-0.08718661,-1.689698,-0.8237782,0.08718661,1.310302,4.176222
23,3,2,35,4,0.1396,2.522384,RL,0,84,-0.08138115,-1.679313,-0.8237782,0.08138115,1.320687,4.176222
23,3,2,35,4,0.1396,2.522384,RL,0,85,-0.07582921,-1.666851,-0.8237782,0.07582921,1.333149,4.176222
23,3,2,35,4,0.1396,2.522384,RL,0,86,-0.0671975,-1.654637,-0.8237782,0.0671975,1.345363,4.176222
23,3,2,35,4,0.1396,2.522384,RL,0,87,-0.05680236,-1.643401,-0.8237782,0.05680236,1.356599,4.176222
23,3,2,35,4,0.1396,2.522384,RL,0,88,-0.04366207,-1.634798,-0.8237782,0.04366207,1.365202,4.176222
23,3,2,35,4,0.1396,2.522384,RL,0,89,-0.03612798,-1.625798,-0.8237782,0.03612798,1.374202,4.176222
23,3,2,35,4,0.1396,2.522384,RL,0,90,-0.02750873,-1.613267,-0.8237782,0.02750873,1.386733,4.176222
23,3,2,35,4,0.1396,2.522384,RL,0,91,-0.01483528,-1.598632,-0.8237782,0.01483528,1.401368,4.176222
23,3,2,35,4,0.1396,2.522384,RL,0,92,-0.003835216,-1.582543,-0.8237782,0.003835216,1.417457,4.176222
23,3,2,35,4,0.1396,2.522384,RL,0,93,0.01172702,-1.576082,-0.8237782,-0.01172702,1.423918,4.176222
23,3,2,35,4,0.1396,2.522384,RL,0,94,0.02268739,-1.573459,-0.8237782,-0.02268739,1.426541,4.176222
23,3,2,35,4,0.1396,2.522384,RL,0,95,0.03786622,-1.564399,-0.8237782,-0.03786622,1.435601,4.176222
23,3,2,35,4,0.1396,2.522384,RL,0,96,0.05957386,-1.553472,-0.8237782,-0.05957386,1.446528,4.176222
23,3,2,35,4,0.1396,2.522384,RL,0,97,0.07264355,-1.548316,-0.8237782,-0.07264355,1.451684,4.176222
23,3,2,35,4,0.1396,2.522384,RL,0,98,0.08566257,-1.542922,-0.8237782,-0.08566257,1.457078,4.176222
23,3,2,35,4,0.1396,2.522384,RL,0,99,0.0992564,-1.539067,-0.8237782,-0.0992564,1.460933,4.176222
23,3,2,35,4,0.1396,2.522384,RL,0,100,0.1134574,-1.537902,-0.8237782,-0.1134574,1.462098,4.176222
23,3,2,35,4,0.1396,2.522384,RL,0,101,0.1289601,-1.53835,-0.8237782,-0.1289601,1.46165,4.176222
23,3,2,35,4,0.1396,2.522384,RL,0,102,0.1415425,-1.534112,-0.8237782,-0.1415425,1.465888,4.176222
23,3,2,35,4,0.1396,2.522384,RL,0,103,0.1503076,-1.528039,-0.8237782,-0.1503076,1.471961,4.176222
23,3,2,35,4,0.1396,2.522384,RL,0,104,0.1596014,-1.52177,-0.8237782,-0.1596014,1.47823,4.176222
23,3,2,35,4,0.1396,2.522384,RL,0,105,0.170674,-1.523834,-0.8237782,-0.170674,1.476166,4.176222
23,3,2,35,4,0.1396,2.522384,RL,0,106,0.1804888,-1.52852,-0.8237782,-0.1804888,1.47148,4.176222
23,3,2,35,4,0.1396,2.522384,RL,0,107,0.1905185,-1.530288,-0.8237782,-0.1905185,1.469712,4.176222
23,3,2,35,4,0.1396,2.522384,RL,0,108,0.2088002,-1.537624,-0.8237782,-0.2088002,1.462376,4.176222
23,3,2,35,4,0.1396,2.522384,RL,0,109,0.2145052,-1.546179,-0.8237782,-0.2145052,1.453821,4.176222
23,3,2,35,4,0.1396,2.522384,RL,0,110,0.2257374,-1.554862,-0.8237782,-0.2257374,1.445138,4.176222
23,3,2,35,4,0.1396,2.522384,RL,0,111,0.2380418,-1.557045,-0.8237782,-0.2380418,1.442955,4.176222
23,3,2,35,4,0.1396,2.522384,RL,0,112,0.2468304,-1.570345,-0.8237782,-0.2468304,1.429655,4.176222
23,3,2,35,4,0.1396,2.522384,RL,0,113,0.2641021,-1.594189,-0.8237782,-0.2641021,1.405811,4.176222
23,3,2,35,4,0.1396,2.522384,RL,0,114,0.2716731,-1.602762,-0.8237782,-0.2716731,1.397238,4.176222
23,3,2,35,4,0.1396,2.522384,RL,0,115,0.2787713,-1.611642,-0.8237782,-0.2787713,1.388358,4.176222
23,3,2,35,4,0.1396,2.522384,RL,0,116,0.2967023,-1.617972,-0.8237782,-0.2967023,1.382028,4.176222
23,3,2,35,4,0.1396,2.522384,RL,0,117,0.3138955,-1.623245,-0.8237782,-0.3138955,1.376755,4.176222
23,3,2,35,4,0.1396,2.522384,RL,0,118,0.331758,-1.63254,-0.8237782,-0.331758,1.36746,4.176222
23,3,2,35,4,0.1396,2.522384,RL,0,119,0.3463324,-1.643742,-0.8237782,-0.3463324,1.356258,4.176222
23,3,2,35,4,0.1396,2.522384,RL,0,120,0.3601198,-1.652007,-0.8237782,-0.3601198,1.347993,4.176222
23,3,2,35,4,0.1396,2.522384,RL,0,121,0.3731211,-1.65927,-0.8237782,-0.3731211,1.34073,4.176222
23,3,2,35,4,0.1396,2.522384,RL,0,122,0.3861058,-1.666272,-0.8237782,-0.3861058,1.333728,4.176222
23,3,2,35,4,0.1396,2.522384,RL,0,123,0.3975928,-1.672155,-0.8237782,-0.3975928,1.327845,4.176222
23,3,2,35,4,0.1396,2.522384,RL,0,124,0.4083638,-1.676692,-0.8237782,-0.4083638,1.323308,4.176222
23,3,2,35,4,0.1396,2.522384,RL,0,125,0.4230728,-1.678119,-0.8237782,-0.4230728,1.321881,4.176222
23,3,2,35,4,0.1396,2.522384,RL,0,126,0.440662,-1.679296,-0.8237782,-0.440662,1.320704,4.176222
23,3,2,35,4,0.1396,2.522384,RL,0,127,0.4620078,-1.681378,-0.8237782,-0.4620078,1.318622,4.176222
23,3,2,35,4,0.1396,2.522384,RL,0,128,0.4777883,-1.688233,-0.8237782,-0.4777883,1.311767,4.176222
23,3,2,35,4,0.1396,2.522384,RL,0,129,0.4942008,-1.694905,-0.8237782,-0.4942008,1.305095,4.176222
23,3,2,35,4,0.1396,2.522384,RL,0,130,0.5085683,-1.702093,-0.8237782,-0.5085683,1.297907,4.176222
23,3,2,35,4,0.1396,2.522384,RL,0,131,0.5247386,-1.709441,-0.8237782,-0.5247386,1.290559,4.176222
23,3,2,35,4,0.1396,2.522384,RL,0,132,0.5403935,-1.716472,-0.8237782,-0.5403935,1.283528,4.176222
23,3,2,35,4,0.1396,2.522384,RL,0,133,0.560749,-1.722329,-0.8237782,-0.560749,1.277671,4.176222
23,3,2,35,4,0.1396,2.522384,RL,0,134,0.5846178,-1.730566,-0.8237782,-0.5846178,1.269434,4.176222
23,3,2,35,4,0.1396,2.522384,RL,0,135,0.6010948,-1.738408,-0.8237782,-0.6010948,1.261592,4.176222
23,3,2,35,4,0.1396,2.522384,RL,0,136,0.6130933,-1.745245,-0.8237782,-0.6130933,1.254755,4.176222
23,3,2,35,4,0.1396,2.522384,RL,0,137,0.626608,-1.752789,-0.8237782,-0.626608,1.247211,4.176222
23,3,2,35,4,0.1396,2.522384,RL,0,138,0.6433021,-1.759938,-0.8237782,-0.6433021,1.240062,4.176222
23,3,2,35,4,0.1396,2.522384,RL,0,139,0.6584669,-1.768493,-0.8237782,-0.6584669,1.231507,4.176222
23,3,2,35,4,0.1396,2.522384,RL,0,140,0.6720839,-1.777225,-0.8237782,-0.6720839,1.222775,4.176222
23,3,2,35,4,0.1396,2.522384,RL,0,141,0.6880524,-1.784307,-0.8237782,-0.6880524,1.215693,4.176222
23,3,2,35,4,0.1396,2.522384,RL,0,142,0.703346,-1.791472,-0.8237782,-0.703346,1.208528,4.176222
23,3,2,35,4,0.1396,2.522384,RL,0,143,0.7165354,-1.796555,-0.8237782,-0.7165354,1.203445,4.176222
23,3,2,35,4,0.1396,2.522384,RL,0,144,0.73462,-1.800238,-0.8237782,-0.73462,1.199762,4.176222
23,3,2,35,4,0.1396,2.522384,RL,0,145,0.7537616,-1.804162,-0.8237782,-0.7537616,1.195838,4.176222
23,3,2,35,4,0.1396,2.522384,RL,0,146,0.7694541,-1.803794,-0.8237782,-0.7694541,1.196206,4.176222
23,3,2,35,4,0.1396,2.522384,RL,0,147,0.7813278,-1.801518,-0.8237782,-0.7813278,1.198482,4.176222
23,3,2,35,4,0.1396,2.522384,RL,0,148,0.7918563,-1.797617,-0.8237782,-0.7918563,1.202383,4.176222
23,3,2,35,4,0.1396,2.522384,RL,0,149,0.8028221,-1.794129,-0.8237782,-0.8028221,1.205871,4.176222
23,3,2,35,4,0.1396,2.522384,RL,0,150,0.814086,-1.787075,-0.8237782,-0.814086,1.212925,4.176222
23,3,2,35,4,0.1396,2.522384,RL,0,151,0.824986,-1.779766,-0.8237782,-0.824986,1.220234,4.176222
23,3,2,35,4,0.1396,2.522384,RL,0,152,0.8402851,-1.763831,-0.8237782,-0.8402851,1.236169,4.176222
23,3,2,35,4,0.1396,2.522384,RL,0,153,0.8461673,-1.755356,-0.8237782,-0.8461673,1.244644,4.176222
23,3,2,35,4,0.1396,2.522384,RL,0,154,0.8650738,-1.741909,-0.8237782,-0.8650738,1.258091,4.176222
23,3,2,35,4,0.1396,2.522384,RL,0,155,0.8791562,-1.72762,-0.8237782,-0.8791562,1.27238,4.176222
23,3,2,35,4,0.1396,2.522384,RL,0,156,0.8944707,-1.715064,-0.8237782,-0.8944707,1.284936,4.176222
23,3,2,35,4,0.1396,2.522384,LR,0,0,-0.915575,-1.700305,-0.823844,-0.915575,1.299695,4.176156
23,3,2,35,4,0.1396,2.522384,LR,0,1,-0.9161225,-1.71089,-0.823844,-0.9161225,1.28911,4.176156
23,3,2,35,4,0.1396,2.522384,LR,0,2,-0.914352,-1.721033,-0.823844,-0.914352,1.278967,4.176156
23,3,2,35,4,0.1396,2.522384,LR,0,3,-0.9088134,-1.731373,-0.823844,-0.9088134,1.268627,4.176156
23,3,2,35,4,0.1396,2.522384,LR,0,4,-0.8999671,-1.738937,-0.823844,-0.8999671,1.261063,4.176156
23,3,2,35,4,0.1396,2.522384,LR,0,5,-0.8888767,-1.744258,-0.823844,-0.8888767,1.255742,4.176156
23,3,2,35,4,0.1396,2.522384,LR,0,6,-0.8800085,-1.754156,-0.823844,-0.8800085,1.245844,4.176156
23,3,2,35,4,0.1396,2.522384,LR,0,7,-0.870568,-1.759755,-0.823844,-0.870568,1.240245,4.176156
23,3,2,35,4,0.1396,2.522384,LR,0,8,-0.8586658,-1.760177,-0.823844,-0.8586658,1.239823,4.176156
23,3,2,35,4,0.1396,2.522384,LR,0,9,-0.8457142,-1.769894,-0.823844,-0.8457142,1.230106,4.176156
23,3,2,35,4,0.1396,2.522384,LR,0,10,-0.8392795,-1.77937,-0.823844,-0.8392795,1.22063,4.176156
23,3,2,35,4,0.1396,2.522384,LR,0,11,-0.8281432,-1.787916,-0.823844,-0.8281432,1.212084,4.176156
23,3,2,35,4,0.1396,2.522384,LR,0,12,-0.8196638,-1.795649,-0.823844,-0.8196638,1.204351,4.176156
23,3,2,35,4,0.1396,2.522384,LR,0,13,-0.8104028,-1.805674,-0.823844,-0.8104028,1.194326,4.176156
23,3,2,35,4,0.1396,2.522384,LR,0,14,-0.7897946,-1.798523,-0.823844,-0.7897946,1.201477,4.176156
23,3,2,35,4,0.1396,2.522384,LR,0,15,-0.7730598,-1.788592,-0.823844,-0.7730598,1.211408,4.176156
23,3,2,35,4,0.1396,2.522384,LR,0,16,-0.7619493,-1.792907,-0.823844,-0.7619493,1.207093,4.176156
23,3,2,35,4,0.1396,2.522384,LR,0,17,-0.751979,-1.795172,-0.823844,-0.751979,1.204828,4.176156
23,3,2,35,4,0.1396,2.522384,LR,0,18,-0.7391463,-1.796273,-0.823844,-0.7391463,1.203727,4.176156
23,3,2,35,4,0.1396,2.522384,LR,0,19,-0.7256518,-1.79689,-0.823844,-0.7256518,1.20311,4.176156
23,3,2,35,4,0.1396,2.522384,LR,0,20,-0.7072374,-1.79378,-0.823844,-0.7072374,1.20622,4.176156
23,3,2,35,4,0.1396,2.522384,LR,0,21,-0.6964561,-1.777387,-0.823844,-0.6964561,1.222613,4.176156
23,3,2,35,4,0.1396,2.522384,LR,0,22,-0.6839136,-1.7675,-0.823844,-0.6839136,1.2325,4.176156
23,3,2,35,4,0.1396,2.522384,LR,0,23,-0.6714152,-1.764673,-0.823844,-0.6714152,1.235327,4.176156
23,3,2,35,4,0.1396,2.522384,LR,0,24,-0.6528773,-1.763285,-0.823844,-0.6528773,1.236715,4.176156
23,3,2,35,4,0.1396,2.522384,LR,0,25,-0.6364968,-1.760345,-0.823844,-0.6364968,1.239655,4.176156
23,3,2,35,4,0.1396,2.522384,LR,0,26,-0.6273513,-1.755737,-0.823844,-0.6273513,1.244263,4.176156
23,3,2,35,4,0.1396,2.522384,LR,0,27,-0.6122628,-1.746484,-0.823844,-0.6122628,1.253516,4.176156
23,3,2,35,4,0.1396,2.522384,LR,0,28,-0.5999727,-1.735863,-0.823844,-0.5999727,1.264137,4.176156
23,3,2,35,4,0.1396,2.522384,LR,0,29,-0.5912074,-1.72703,-0.823844,-0.5912074,1.27297,4.176156
23,3,2,35,4,0.1396,2.522384,LR,0,30,-0.5793585,-1.718906,-0.823844,-0.5793585,1.281094,4.176156
23,3,2,35,4,0.1396,2.522384,LR,0,31,-0.5648522,-1.710394,-0.823844,-0.5648522,1.289606,4.176156
23,3,2,35,4,0.1396,2.522384,LR,0,32,-0.5528141,-1.705281,-0.823844,-0.5528141,1.294719,4.176156
23,3,2,35,4,0.1396,2.522384,LR,0,33,-0.543564,-1.699667,-0.823844,-0.543564,1.300333,4.176156
23,3,2,35,4,0.1396,2.522384,LR,0,34,-0.5349767,-1.691864,-0.823844,-0.5349767,1.308136,4.176156
23,3,2,35,4,0.1396,2.522384,LR,0,35,-0.5216445,-1.689809,-0.823844,-0.5216445,1.310191,4.176156
23,3,2,35,4,0.1396,2.522384,LR,0,36,-0.5011948,-1.687141,-0.823844,-0.5011948,1.312859,4.176156
23,3,2,35,4,0.1396,2.522384,LR,0,37,-0.4817695,-1.681775,-0.823844,-0.4817695,1.318225,4.176156
23,3,2,35,4,0.1396,2.522384,LR,0,38,-0.4672373,-1.676619,-0.823844,-0.4672373,1.323381,4.176156
23,3,2,35,4,0.1396,2.522384,LR,0,39,-0.4572063,-1.670281,-0.823844,-0.4572063,1.329719,4.176156
23,3,2,35,4,0.1396,2.522384,LR,0,40,-0.449654,-1.660829,-0.823844,-0.449654,1.339171,4.176156
23,3,2,35,4,0.1396,2.522384,LR,0,41,-0.4432145,-1.651486,-0.823844,-0.4432145,1.348514,4.176156
23,3,2,35,4,0.1396,2.522384,LR,0,42,-0.4354449,-1.641807,-0.823844,-0.4354449,1.358193,4.176156
23,3,2,35,4,0.1396,2.522384,LR,0,43,-0.4152926,-1.633087,-0.823844,-0.4152926,1.366913,4.176156
23,3,2,35,4,0.1396,2.522384,LR,0,44,-0.3947009,-1.635919,-0.823844,-0.3947009,1.364081,4.176156
23,3,2,35,4,0.1396,2.522384,LR,0,45,-0.3757141,-1.635473,-0.823844,-0.3757141,1.364527,4.176156
23,3,2,35,4,0.1396,2.522384,LR,0,46,-0.3583242,-1.630678,-0.823844,-0.3583242,1.369322,4.176156
23,3,2,35,4,0.1396,2.522384,LR,0,47,-0.34615,-1.6239,-0.823844,-0.34615,1.3761,4.176156
23,3,2,35,4,0.1396,2.522384,LR,0,48,-0.3326134,-1.615033,-0.823844,-0.3326134,1.384967,4.176156
23,3,2,35,4,0.1396,2.522384,LR,0,49,-0.3181944,-1.609626,-0.823844,-0.3181944,1.390374,4.176156
23,3,2,35,4,0.1396,2.522384,LR,0,50,-0.3082006,-1.605127,-0.823844,-0.3082006,1.394873,4.176156
23,3,2,35,4,0.1396,2.522384,LR,0,51,-0.2963106,-1.599746,-0.823844,-0.2963106,1.400254,4.176156
23,3,2,35,4,0.1396,2.522384,LR,0,52,-0.2826565,-1.594673,-0.823844,-0.2826565,1.405327,4.176156
23,3,2,35,4,0.1396,2.522384,LR,0,53,-0.2696809,-1.590707,-0.823844,-0.2696809,1.409293,4.176156
23,3,2,35,4,0.1396,2.522384,LR,0,54,-0.2571144,-1.586173,-0.823844,-0.2571144,1.413827,4.176156
23,3,2,35,4,0.1396,2.522384,LR,0,55,-0.2466285,-1.583062,-0.823844,-0.2466285,1.416938,4.176156
23,3,2,35,4,0.1396,2.522384,LR,0,56,-0.2310877,-1.583723,-0.823844,-0.2310877,1.416277,4.176156
23,3,2,35,4,0.1396,2.522384,LR,0,57,-0.2184381,-1.584018,-0.823844,-0.2184381,1.415982,4.176156
23,3,2,35,4,0.1396,2.522384,LR,0,58,-0.2051775,-1.580888,-0.823844,-0.2051775,1.419112,4.176156
23,3,2,35,4,0.1396,2.522384,LR,0,59,-0.1877626,-1.572398,-0.823844,-0.1877626,1.427602,4.176156
23,3,2,35,4,0.1396,2.522384,LR,0,60,-0.1755195,-1.565003,-0.823844,-0.1755195,1.434997,4.176156
23,3,2,35,4,0.1396,2.522384,LR,0,61,-0.1664582,-1.558529,-0.823844,-0.1664582,1.441471,4.176156
23,3,2,35,4,0.1396,2.522384,LR,0,62,-0.1532735,-1.560543,-0.823844,-0.1532735,1.439457,4.176156
23,3,2,35,4,0.1396,2.522384,LR,0,63,-0.1386786,-1.561316,-0.823844,-0.1386786,1.438684,4.176156
23,3,2,35,4,0.1396,2.522384,LR,0,64,-0.1279482,-1.564799,-0.823844,-0.1279482,1.435201,4.176156
23,3,2,35,4,0.1396,2.522384,LR,0,65,-0.1125183,-1.564752,-0.823844,-0.1125183,1.435248,4.176156
23,3,2,35,4,0.1396,2.522384,LR,0,66,-0.1000596,-1.577499,-0.823844,-0.1000596,1.422501,4.176156
23,3,2,35,4,0.1396,2.522384,LR,0,67,-0.09110844,-1.582493,-0.823844,-0.09110844,1.417507,4.176156
23,3,2,35,4,0.1396,2.522384,LR,0,68,-0.07951312,-1.59263,-0.823844,-0.07951312,1.40737,4.176156
23,3,2,35,4,0.1396,2.522384,LR,0,69,-0.06780897,-1.609461,-0.823844,-0.06780897,1.390539,4.176156
23,3,2,35,4,0.1396,2.522384,LR,0,70,-0.05838542,-1.616597,-0.823844,-0.05838542,1.383403,4.176156
23,3,2,35,4,0.1396,2.522384,LR,0,71,-0.04459694,-1.622832,-0.823844,-0.04459694,1.377168,4.176156
23,3,2,35,4,0.1396,2.522384,LR,0,72,-0.03093491,-1.625413,-0.823844,-0.03093491,1.374587,4.176156
23,3,2,35,4,0.1396,2.522384,LR,0,73,-0.01620771,-1.638347,-0.823844,-0.01620771,1.361653,4.176156
23,3,2,35,4,0.1396,2.522384,LR,0,74,-0.003599524,-1.643205,-0.823844,-0.003599524,1.356795,4.176156
23,3,2,35,4,0.1396,2.522384,LR,0,75,0.01145308,-1.640877,-0.823844,0.01145308,1.359123,4.176156
23,3,2,35,4,0.1396,2.522384,LR,0,76,0.02174391,-1.648059,-0.823844,0.02174391,1.351941,4.176156
23,3,2,35,4,0.1396,2.522384,LR,0,77,0.04943851,-1.665276,-0.823844,0.04943851,1.334724,4.176156
23,3,2,35,4,0.1396,2.522384,LR,0,78,0.06610762,-1.667387,-0.823844,0.06610762,1.332613,4.176156
23,3,2,35,4,0.1396,2.522384,LR,0,79,0.08036543,-1.667887,-0.823844,0.08036543,1.332113,4.176156
23,3,2,35,4,0.1396,2.522384,LR,0,80,0.09242016,-1.673132,-0.823844,0.09242016,1.326868,4.176156
23,3,2,35,4,0.1396,2.522384,LR,0,81,0.1078507,-1.68332,-0.823844,0.1078507,1.31668,4.176156
23,3,2,35,4,0.1396,2.522384,LR,0,82,0.1223948,-1.6926,-0.823844,0.1223948,1.3074,4.176156
23,3,2,35,4,0.1396,2.522384,LR,0,83,0.1262369,-1.703425,-0.823844,0.1262369,1.296575,4.176156
23,3,2,35,4,0.1396,2.522384,LR,0,84,0.143075,-1.717332,-0.823844,0.143075,1.282668,4.176156
23,3,2,35,4,0.1396,2.522384,LR,0,85,0.1551467,-1.722694,-0.823844,0.1551467,1.277306,4.176156
23,3,2,35,4,0.1396,2.522384,LR,0,86,0.1690241,-1.727362,-0.823844,0.1690241,1.272638,4.176156
23,3,2,35,4,0.1396,2.522384,LR,0,87,0.1838273,-1.736626,-0.823844,0.1838273,1.263374,4.176156
23,3,2,35,4,0.1396,2.522384,LR,0,88,0.1965108,-1.745443,-0.823844,0.1965108,1.254557,4.176156
23,3,2,35,4,0.1396,2.522384,LR,0,89,0.2077443,-1.749503,-0.823844,0.2077443,1.250497,4.176156
23,3,2,35,4,0.1396,2.522384,LR,0,90,0.2181131,-1.751722,-0.823844,0.2181131,1.248278,4.176156
23,3,2,35,4,0.1396,2.522384,LR,0,91,0.2355853,-1.763901,-0.823844,0.2355853,1.236099,4.176156
23,3,2,35,4,0.1396,2.522384,LR,0,92,0.2498315,-1.774014,-0.823844,0.2498315,1.225986,4.176156
23,3,2,35,4,0.1396,2.522384,LR,0,93,0.2599129,-1.779087,-0.823844,0.2599129,1.220913,4.176156
23,3,2,35,4,0.1396,2.522384,LR,0,94,0.272208,-1.784143,-0.823844,0.272208,1.215857,4.176156
23,3,2,35,4,0.1396,2.522384,LR,0,95,0.2870899,-1.78909,-0.823844,0.2870899,1.21091,4.176156
23,3,2,35,4,0.1396,2.522384,LR,0,96,0.3050303,-1.789959,-0.823844,0.3050303,1.210041,4.176156
23,3,2,35,4,0.1396,2.522384,LR,0,97,0.316436,-1.793787,-0.823844,0.316436,1.206213,4.176156
23,3,2,35,4,0.1396,2.522384,LR,0,98,0.3284867,-1.796805,-0.823844,0.3284867,1.203195,4.176156
23,3,2,35,4,0.1396,2.522384,LR,0,99,0.3498809,-1.791355,-0.823844,0.3498809,1.208645,4.176156
23,3,2,35,4,0.1396,2.522384,LR,0,100,0.3567173,-1.783602,-0.823844,0.3567173,1.216398,4.176156
23,3,2,35,4,0.1396,2.522384,LR,0,101,0.3689451,-1.773317,-0.823844,0.3689451,1.226683,4.176156
23,3,2,35,4,0.1396,2.522384,LR,0,102,0.3821116,-1.765678,-0.823844,0.3821116,1.234322,4.176156
23,3,2,35,4,0.1396,2.522384,LR,0,103,0.4004565,-1.756287,-0.823844,0.4004565,1.243713,4.176156
23,3,2,35,4,0.1396,2.522384,LR,0,104,0.4163725,-1.750281,-0.823844,0.4163725,1.249719,4.176156
23,3,2,35,4,0.1396,2.522384,LR,0,105,0.4348987,-1.742349,-0.823844,0.4348987,1.257651,4.176156
23,3,2,35,4,0.1396,2.522384,LR,0,106,0.4493299,-1.734808,-0.823844,0.4493299,1.265192,4.176156
23,3,2,35,4,0.1396,2.522384,LR,0,107,0.4610453,-1.725208,-0.823844,0.4610453,1.274792,4.176156
23,3,2,35,4,0.1396,2.522384,LR,0,108,0.4774624,-1.714399,-0.823844,0.4774624,1.285601,4.176156
23,3,2,35,4,0.1396,2.522384,LR,0,109,0.4946327,-1.709351,-0.823844,0.4946327,1.290649,4.176156
23,3,2,35,4,0.1396,2.522384,LR,0,110,0.5135884,-1.709653,-0.823844,0.5135884,1.290347,4.176156
23,3,2,35,4,0.1396,2.522384,LR,0,111,0.5325102,-1.711674,-0.823844,0.5325102,1.288326,4.176156
23,3,2,35,4,0.1396,2.522384,LR,0,112,0.5526596,-1.707998,-0.823844,0.5526596,1.292002,4.176156
23,3,2,35,4,0.1396,2.522384,LR,0,113,0.5693346,-1.702193,-0.823844,0.5693346,1.297807,4.176156
23,3,2,35,4,0.1396,2.522384,LR,0,114,0.5854799,-1.690558,-0.823844,0.5854799,1.309442,4.176156
23,3,2,35,4,0.1396,2.522384,LR,0,115,0.5994626,-1.679988,-0.823844,0.5994626,1.320012,4.176156
23,3,2,35,4,0.1396,2.522384,LR,0,116,0.6146997,-1.672142,-0.823844,0.6146997,1.327858,4.176156
23,3,2,35,4,0.1396,2.522384,LR,0,117,0.6372868,-1.662758,-0.823844,0.6372868,1.337242,4.176156
23,3,2,35,4,0.1396,2.522384,LR,0,118,0.6558874,-1.650909,-0.823844,0.6558874,1.349091,4.176156
23,3,2,35,4,0.1396,2.522384,LR,0,119,0.6696059,-1.64093,-0.823844,0.6696059,1.35907,4.176156
23,3,2,35,4,0.1396,2.522384,LR,0,120,0.6833279,-1.632217,-0.823844,0.6833279,1.367783,4.176156
23,3,2,35,4,0.1396,2.522384,LR,0,121,0.6956161,-1.620526,-0.823844,0.6956161,1.379474,4.176156
23,3,2,35,4,0.1396,2.522384,LR,0,122,0.702526,-1.611225,-0.823844,0.702526,1.388775,4.176156
23,3,2,35,4,0.1396,2.522384,LR,0,123,0.710358,-1.604815,-0.823844,0.710358,1.395185,4.176156
23,3,2,35,4,0.1396,2.522384,LR,0,124,0.7222074,-1.596559,-0.823844,0.7222074,1.403441,4.176156
23,3,2,35,4,0.1396,2.522384,LR,0,125,0.7388111,-1.585551,-0.823844,0.7388111,1.414449,4.176156
23,3,2,35,4,0.1396,2.522384,LR,0,126,0.7485196,-1.573885,-0.823844,0.7485196,1.426115,4.176156
23,3,2,35,4,0.1396,2.522384,LR,0,127,0.7620134,-1.556306,-0.823844,0.7620134,1.443694,4.176156
23,3,2,35,4,0.1396,2.522384,LR,0,128,0.7754607,-1.547541,-0.823844,0.7754607,1.452459,4.176156
23,3,2,35,4,0.1396,2.522384,LR,0,129,0.7874992,-1.543275,-0.823844,0.7874992,1.456725,4.176156
23,3,2,35,4,0.1396,2.522384,LR,0,130,0.7994628,-1.539302,-0.823844,0.7994628,1.460698,4.176156
23,3,2,35,4,0.1396,2.522384,LR,0,131,0.8121689,-1.535341,-0.823844,0.8121689,1.464659,4.176156
23,3,2,35,4,0.1396,2.522384,LR,0,132,0.8326453,-1.533431,-0.823844,0.8326453,1.466569,4.176156
23,3,2,35,4,0.1396,2.522384,LR,0,133,0.8490726,-1.532703,-0.823844,0.8490726,1.467297,4.176156
23,3,2,35,4,0.1396,2.522384,LR,0,134,0.8690403,-1.541112,-0.823844,0.8690403,1.458888,4.176156
23,3,2,35,4,0.1396,2.522384,LR,0,135,0.8810861,-1.544465,-0.823844,0.8810861,1.455535,4.176156
23,3,2,35,4,0.1396,2.522384,LR,0,136,0.8975817,-1.54765,-0.823844,0.8975817,1.45235,4.176156
23,3,2,35,4,0.1396,2.522384,LR,0,137,0.9163681,-1.551375,-0.823844,0.9163681,1.448625,4.176156
23,3,2,35,4,0.1396,2.522384,LR,0,138,0.9272638,-1.557927,-0.823844,0.9272638,1.442073,4.176156
23,3,2,35,4,0.1396,2.522384,LR,0,139,0.938509,-1.564879,-0.823844,0.938509,1.435121,4.176156
23,3,2,35,4,0.1396,2.522384,LR,0,140,0.9504673,-1.574973,-0.823844,0.9504673,1.425027,4.176156
23,3,2,35,4,0.1396,2.522384,LR,0,141,0.9669813,-1.572311,-0.823844,0.9669813,1.427689,4.176156
23,3,2,35,4,0.1396,2.522384,LR,0,142,0.9842597,-1.575279,-0.823844,0.9842597,1.424721,4.176156
23,3,2,35,4,0.1396,2.522384,LR,0,143,0.9981496,-1.580322,-0.823844,0.9981496,1.419678,4.176156
23,3,2,35,4,0.1396,2.522384,LR,0,144,1.009923,-1.585072,-0.823844,1.009923,1.414928,4.176156
23,3,2,35,4,0.1396,2.522384,LR,0,145,1.013948,-1.595705,-0.823844,1.013948,1.404295,4.176156
23,3,2,35,4,0.1396,2.522384,LR,0,146,1.016849,-1.609082,-0.823844,1.016849,1.390918,4.176156
23,3,2,35,4,0.1396,2.522384,LR,0,147,1.023811,-1.623769,-0.823844,1.023811,1.376231,4.176156
23,3,2,35,4,0.1396,2.522384,LR,0,148,1.034352,-1.636842,-0.823844,1.034352,1.363158,4.176156
23,3,2,35,4,0.1396,2.522384,LR,0,149,1.049359,-1.645322,-0.823844,1.049359,1.354678,4.176156
23,3,2,35,4,0.1396,2.522384,LR,0,150,1.065499,-1.647781,-0.823844,1.065499,1.352219,4.176156
23,3,2,35,4,0.1396,2.522384,LR,0,151,1.086247,-1.644699,-0.823844,1.086247,1.355301,4.176156
23,3,2,35,4,0.1396,2.522384,LR,0,152,1.097084,-1.64485,-0.823844,1.097084,1.35515,4.176156
23,3,2,35,4,0.1396,2.522384,LR,0,153,1.115027,-1.659797,-0.823844,1.115027,1.340203,4.176156
23,3,2,35,4,0.1396,2.522384,LR,0,154,1.123964,-1.664495,-0.823844,1.123964,1.335505,4.176156
23,3,2,35,4,0.1396,2.522384,LR,0,155,1.144438,-1.674679,-0.823844,1.144438,1.325321,4.176156
23,3,2,35,4,0.1396,2.522384,LR,0,156,1.160364,-1.680581,-0.823844,1.160364,1.319419,4.176156
23,3,2,25,1,0.0349,0.443388,RL,0,0,0.1029613,-2.163887,-3.584267,-0.1029613,0.836113,1.415733
23,3,2,25,1,0.0349,0.443388,RL,0,1,0.1100069,-2.171056,-3.584267,-0.1100069,0.8289441,1.415733
23,3,2,25,1,0.0349,0.443388,RL,0,2,0.1209069,-2.178443,-3.584267,-0.1209069,0.8215566,1.415733
23,3,2,25,1,0.0349,0.443388,RL,0,3,0.1327756,-2.181288,-3.584267,-0.1327756,0.8187122,1.415733
23,3,2,25,1,0.0349,0.443388,RL,0,4,0.1504743,-2.184386,-3.584267,-0.1504743,0.8156145,1.415733
23,3,2,25,1,0.0349,0.443388,RL,0,5,0.1627363,-2.182732,-3.584267,-0.1627363,0.8172682,1.415733
23,3,2,25,1,0.0349,0.443388,RL,0,6,0.1708853,-2.174741,-3.584267,-0.1708853,0.8252591,1.415733
23,3,2,25,1,0.0349,0.443388,RL,0,7,0.182613,-2.172701,-3.584267,-0.182613,0.8272993,1.415733
23,3,2,25,1,0.0349,0.443388,RL,0,8,0.1927566,-2.162459,-3.584267,-0.1927566,0.8375411,1.415733
23,3,2,25,1,0.0349,0.443388,RL,0,9,0.2023045,-2.156569,-3.584267,-0.2023045,0.8434308,1.415733
23,3,2,25,1,0.0349,0.443388,RL,0,10,0.212336,-2.156452,-3.584267,-0.212336,0.8435484,1.415733
23,3,2,25,1,0.0349,0.443388,RL,0,11,0.224049,-2.149608,-3.584267,-0.224049,0.8503922,1.415733
23,3,2,25,1,0.0349,0.443388,RL,0,12,0.2349731,-2.145893,-3.584267,-0.2349731,0.8541073,1.415733
23,3,2,25,1,0.0349,0.443388,RL,0,13,0.2473462,-2.137336,-3.584267,-0.2473462,0.8626645,1.415733
23,3,2,25,1,0.0349,0.443388,RL,0,14,0.2597533,-2.129989,-3.584267,-0.2597533,0.8700107,1.415733
23,3,2,25,1,0.0349,0.443388,RL,0,15,0.2737073,-2.119206,-3.584267,-0.2737073,0.880794,1.415733
23,3,2,25,1,0.0349,0.443388,RL,0,16,0.2860607,-2.120353,-3.584267,-0.2860607,0.8796475,1.415733
23,3,2,25,1,0.0349,0.443388,RL,0,17,0.2975613,-2.115236,-3.584267,-0.2975613,0.8847637,1.415733
23,3,2,25,1,0.0349,0.443388,RL,0,18,0.3079269,-2.120122,-3.584267,-0.3079269,0.8798776,1.415733
23,3,2,25,1,0.0349,0.443388,RL,0,19,0.3193469,-2.127219,-3.584267,-0.3193469,0.8727812,1.415733
23,3,2,25,1,0.0349,0.443388,RL,0,20,0.3296847,-2.142766,-3.584267,-0.3296847,0.8572345,1.415733
23,3,2,25,1,0.0349,0.443388,RL,0,21,0.3415391,-2.146739,-3.584267,-0.3415391,0.8532608,1.415733
23,3,2,25,1,0.0349,0.443388,RL,0,22,0.3519624,-2.153889,-3.584267,-0.3519624,0.8461108,1.415733
23,3,2,25,1,0.0349,0.443388,RL,0,23,0.362648,-2.162656,-3.584267,-0.362648,0.8373442,1.415733
23,3,2,25,1,0.0349,0.443388,RL,0,24,0.3696352,-2.169869,-3.584267,-0.3696352,0.8301309,1.415733
23,3,2,25,1,0.0349,0.443388,RL,0,25,0.3790706,-2.173905,-3.584267,-0.3790706,0.8260945,1.415733
23,3,2,25,1,0.0349,0.443388,RL,0,26,0.3962134,-2.178075,-3.584267,-0.3962134,0.8219247,1.415733
23,3,2,25,1,0.0349,0.443388,RL,0,27,0.4078397,-2.178132,-3.584267,-0.4078397,0.8218678,1.415733
23,3,2,25,1,0.0349,0.443388,RL,0,28,0.4206588,-2.178475,-3.584267,-0.4206588,0.8215253,1.415733
23,3,2,25,1,0.0349,0.443388,RL,0,29,0.4344255,-2.177512,-3.584267,-0.4344255,0.8224881,1.415733
23,3,2,25,1,0.0349,0.443388,RL,0,30,0.4581698,-2.167745,-3.584267,-0.4581698,0.8322553,1.415733
23,3,2,25,1,0.0349,0.443388,LR,0,0,-0.4738195,-2.148211,-3.584282,-0.4738195,0.8517888,1.415718
23,3,2,25,1,0.0349,0.443388,LR,0,1,-0.4683195,-2.159203,-3.584282,-0.4683195,0.840797,1.415718
23,3,2,25,1,0.0349,0.443388,LR,0,2,-0.4616709,-2.168946,-3.584282,-0.4616709,0.8310538,1.415718
23,3,2,25,1,0.0349,0.443388,LR,0,3,-0.4531692,-2.175021,-3.584282,-0.4531692,0.8249792,1.415718
23,3,2,25,1,0.0349,0.443388,LR,0,4,-0.4389465,-2.183118,-3.584282,-0.4389465,0.8168816,1.415718
23,3,2,25,1,0.0349,0.443388,LR,0,5,-0.429313,-2.188696,-3.584282,-0.429313,0.8113036,1.415718
23,3,2,25,1,0.0349,0.443388,LR,0,6,-0.4162466,-2.191838,-3.584282,-0.4162466,0.808162,1.415718
23,3,2,25,1,0.0349,0.443388,LR,0,7,-0.3978037,-2.196349,-3.584282,-0.3978037,0.803651,1.415718
23,3,2,25,1,0.0349,0.443388,LR,0,8,-0.3835819,-2.191278,-3.584282,-0.3835819,0.8087225,1.415718
23,3,2,25,1,0.0349,0.443388,LR,0,9,-0.3782971,-2.181291,-3.584282,-0.3782971,0.8187091,1.415718
23,3,2,25,1,0.0349,0.443388,LR,0,10,-0.3694311,-2.170567,-3.584282,-0.3694311,0.8294327,1.415718
23,3,2,25,1,0.0349,0.443388,LR,0,11,-0.3670703,-2.159024,-3.584282,-0.3670703,0.8409762,1.415718
23,3,2,25,1,0.0349,0.443388,LR,0,12,-0.3582328,-2.153101,-3.584282,-0.3582328,0.8468986,1.415718
23,3,2,25,1,0.0349,0.443388,LR,0,13,-0.3420961,-2.143788,-3.584282,-0.3420961,0.856212,1.415718
23,3,2,25,1,0.0349,0.443388,LR,0,14,-0.3331435,-2.135907,-3.584282,-0.3331435,0.8640925,1.415718
23,3,2,25,1,0.0349,0.443388,LR,0,15,-0.3241438,-2.128013,-3.584282,-0.3241438,0.871987,1.415718
23,3,2,25,1,0.0349,0.443388,LR,0,16,-0.3120684,-2.12164,-3.584282,-0.3120684,0.87836,1.415718
23,3,2,25,1,0.0349,0.443388,LR,0,17,-0.2915286,-2.125243,-3.584282,-0.2915286,0.8747571,1.415718
23,3,2,25,1,0.0349,0.443388,LR,0,18,-0.278167,-2.129118,-3.584282,-0.278167,0.8708814,1.415718
23,3,2,25,1,0.0349,0.443388,LR,0,19,-0.2668965,-2.133117,-3.584282,-0.2668965,0.8668826,1.415718
23,3,2,25,1,0.0349,0.443388,LR,0,20,-0.2559638,-2.140606,-3.584282,-0.2559638,0.8593941,1.415718
23,3,2,25,1,0.0349,0.443388,LR,0,21,-0.2405418,-2.150178,-3.584282,-0.2405418,0.8498223,1.415718
23,3,2,25,1,0.0349,0.443388,LR,0,22,-0.2323597,-2.160982,-3.584282,-0.2323597,0.839018,1.415718
23,3,2,25,1,0.0349,0.443388,LR,0,23,-0.2243553,-2.167299,-3.584282,-0.2243553,0.8327013,1.415718
23,3,2,25,1,0.0349,0.443388,LR,0,24,-0.2074048,-2.176202,-3.584282,-0.2074048,0.8237978,1.415718
23,3,2,25,1,0.0349,0.443388,LR,0,25,-0.1941169,-2.180182,-3.584282,-0.1941169,0.8198174,1.415718
23,3,2,25,1,0.0349,0.443388,LR,0,26,-0.1787623,-2.186234,-3.584282,-0.1787623,0.8137665,1.415718
23,3,2,25,1,0.0349,0.443388,LR,0,27,-0.1605825,-2.187464,-3.584282,-0.1605825,0.8125359,1.415718
23,3,2,25,1,0.0349,0.443388,LR,0,28,-0.1506992,-2.185725,-3.584282,-0.1506992,0.8142749,1.415718
23,3,2,25,1,0.0349,0.443388,LR,0,29,-0.1400504,-2.184245,-3.584282,-0.1400504,0.8157549,1.415718
23,3,2,25,1,0.0349,0.443388,LR,0,30,-0.1267547,-2.178642,-3.584282,-0.1267547,0.821358,1.415718
23,3,2,25,1,0.0349,0.443388,LR,0,31,-0.1180555,-2.169034,-3.584282,-0.1180555,0.8309661,1.415718
23,3,2,25,1,0.0349,0.443388,LR,0,32,-0.1102775,-2.160703,-3.584282,-0.1102775,0.8392968,1.415718
23,3,2,25,1,0.0349,0.443388,RL,0,0,0.1051531,-2.159761,-3.584276,-0.1051531,0.8402387,1.415724
23,3,2,25,1,0.0349,0.443388,RL,0,1,0.1154797,-2.165241,-3.584276,-0.1154797,0.8347595,1.415724
23,3,2,25,1,0.0349,0.443388,RL,0,2,0.1257717,-2.171295,-3.584276,-0.1257717,0.8287047,1.415724
23,3,2,25,1,0.0349,0.443388,RL,0,3,0.139393,-2.177292,-3.584276,-0.139393,0.8227075,1.415724
23,3,2,25,1,0.0349,0.443388,RL,0,4,0.150804,-2.178956,-3.584276,-0.150804,0.821044,1.415724
23,3,2,25,1,0.0349,0.443388,RL,0,5,0.1642256,-2.179426,-3.584276,-0.1642256,0.8205738,1.415724
23,3,2,25,1,0.0349,0.443388,RL,0,6,0.1791548,-2.17628,-3.584276,-0.1791548,0.8237202,1.415724
23,3,2,25,1,0.0349,0.443388,RL,0,7,0.1912234,-2.174014,-3.584276,-0.1912234,0.8259859,1.415724
23,3,2,25,1,0.0349,0.443388,RL,0,8,0.2049658,-2.167482,-3.584276,-0.2049658,0.8325177,1.415724
23,3,2,25,1,0.0349,0.443388,RL,0,9,0.2144027,-2.162875,-3.584276,-0.2144027,0.8371248,1.415724
23,3,2,25,1,0.0349,0.443388,RL,0,10,0.2302256,-2.155309,-3.584276,-0.2302256,0.8446906,1.415724
23,3,2,25,1,0.0349,0.443388,RL,0,11,0.2392711,-2.148782,-3.584276,-0.2392711,0.851218,1.415724
23,3,2,25,1,0.0349,0.443388,RL,0,12,0.246483,-2.141783,-3.584276,-0.246483,0.8582168,1.415724
23,3,2,25,1,0.0349,0.443388,RL,0,13,0.2553231,-2.133076,-3.584276,-0.2553231,0.8669241,1.415724
23,3,2,25,1,0.0349,0.443388,RL,0,14,0.2641421,-2.128285,-3.584276,-0.2641421,0.8717153,1.415724
23,3,2,25,1,0.0349,0.443388,RL,0,15,0.2757201,-2.121366,-3.584276,-0.2757201,0.8786343,1.415724
23,3,2,25,1,0.0349,0.443388,RL,0,16,0.2878016,-2.121575,-3.584276,-0.2878016,0.8784254,1.415724
23,3,2,25,1,0.0349,0.443388,RL,0,17,0.299253,-2.121436,-3.584276,-0.299253,0.8785638,1.415724
23,3,2,25,1,0.0349,0.443388,RL,0,18,0.312545,-2.125112,-3.584276,-0.312545,0.8748877,1.415724
23,3,2,25,1,0.0349,0.443388,RL,0,19,0.3223768,-2.132117,-3.584276,-0.3223768,0.8678831,1.415724
23,3,2,25,1,0.0349,0.443388,RL,0,20,0.3324474,-2.135802,-3.584276,-0.3324474,0.8641984,1.415724
23,3,2,25,1,0.0349,0.443388,RL,0,21,0.3425805,-2.14461,-3.584276,-0.3425805,0.8553903,1.415724
23,3,2,25,1,0.0349,0.443388,RL,0,22,0.3577336,-2.15766,-3.584276,-0.3577336,0.8423395,1.415724
23,3,2,25,1,0.0349,0.443388,RL,0,23,0.3645864,-2.166105,-3.584276,-0.3645864,0.833895,1.415724
23,3,2,25,1,0.0349,0.443388,RL,0,24,0.3756439,-2.173689,-3.584276,-0.3756439,0.8263112,1.415724
23,3,2,25,1,0.0349,0.443388,RL,0,25,0.3854391,-2.179249,-3.584276,-0.3854391,0.8207511,1.415724
23,3,2,25,1,0.0349,0.443388,RL,0,26,0.3997291,-2.180459,-3.584276,-0.3997291,0.8195404,1.415724
23,3,2,25,1,0.0349,0.443388,RL,0,27,0.4124632,-2.18144,-3.584276,-0.4124632,0.8185598,1.415724
23,3,2,25,1,0.0349,0.443388,RL,0,28,0.4276051,-2.179472,-3.584276,-0.4276051,0.8205276,1.415724
23,3,2,25,1,0.0349,0.443388,RL,0,29,0.4444131,-2.175425,-3.584276,-0.4444131,0.8245747,1.415724
23,3,2,25,1,0.0349,0.443388,RL,0,30,0.4576384,-2.169383,-3.584276,-0.4576384,0.8306169,1.415724
23,3,2,25,1,0.0349,0.443388,LR,0,0,-0.4748669,-2.150459,-3.584332,-0.4748669,0.8495412,1.415668
23,3,2,25,1,0.0349,0.443388,LR,0,1,-0.4647482,-2.156793,-3.584332,-0.4647482,0.8432072,1.415668
23,3,2,25,1,0.0349,0.443388,LR,0,2,-0.4554975,-2.164703,-3.584332,-0.4554975,0.8352971,1.415668
23,3,2,25,1,0.0349,0.443388,LR,0,3,-0.4460892,-2.172395,-3.584332,-0.4460892,0.8276054,1.415668
23,3,2,25,1,0.0349,0.443388,LR,0,4,-0.4321274,-2.179513,-3.584332,-0.4321274,0.8204867,1.415668
23,3,2,25,1,0.0349,0.443388,LR,0,5,-0.4203298,-2.182889,-3.584332,-0.4203298,0.817111,1.415668
23,3,2,25,1,0.0349,0.443388,LR,0,6,-0.4081667,-2.183426,-3.584332,-0.4081667,0.8165738,1.415668
23,3,2,25,1,0.0349,0.443388,LR,0,7,-0.3979921,-2.179964,-3.584332,-0.3979921,0.8200357,1.415668
23,3,2,25,1,0.0349,0.443388,LR,0,8,-0.3903442,-2.17219,-3.584332,-0.3903442,0.8278102,1.415668
23,3,2,25,1,0.0349,0.443388,LR,0,9,-0.380623,-2.165232,-3.584332,-0.380623,0.8347682,1.415668
23,3,2,25,1,0.0349,0.443388,LR,0,10,-0.3711624,-2.159202,-3.584332,-0.3711624,0.8407985,1.415668
23,3,2,25,1,0.0349,0.443388,LR,0,11,-0.3539008,-2.150208,-3.584332,-0.3539008,0.8497919,1.415668
23,3,2,25,1,0.0349,0.443388,LR,0,12,-0.3418573,-2.144509,-3.584332,-0.3418573,0.8554912,1.415668
23,3,2,25,1,0.0349,0.443388,LR,0,13,-0.3321832,-2.140227,-3.584332,-0.3321832,0.8597734,1.415668
23,3,2,25,1,0.0349,0.443388,LR,0,14,-0.3196607,-2.135881,-3.584332,-0.3196607,0.8641189,1.415668
23,3,2,25,1,0.0349,0.443388,LR,0,15,-0.3057994,-2.131589,-3.584332,-0.3057994,0.8684107,1.415668
23,3,2,25,1,0.0349,0.443388,LR,0,16,-0.290997,-2.130505,-3.584332,-0.290997,0.8694953,1.415668
23,3,2,25,1,0.0349,0.443388,LR,0,17,-0.2774512,-2.131361,-3.584332,-0.2774512,0.8686386,1.415668
23,3,2,25,1,0.0349,0.443388,LR,0,18,-0.2635397,-2.132937,-3.584332,-0.2635397,0.8670625,1.415668
23,3,2,25,1,0.0349,0.443388,LR,0,19,-0.2463935,-2.14111,-3.584332,-0.2463935,0.8588899,1.415668
23,3,2,25,1,0.0349,0.443388,LR,0,20,-0.234716,-2.149775,-3.584332,-0.234716,0.850225,1.415668
23,3,2,25,1,0.0349,0.443388,LR,0,21,-0.2224731,-2.15616,-3.584332,-0.2224731,0.8438402,1.415668
23,3,2,25,1,0.0349,0.443388,LR,0,22,-0.2115099,-2.164016,-3.584332,-0.2115099,0.8359839,1.415668
23,3,2,25,1,0.0349,0.443388,LR,0,23,-0.1968518,-2.170783,-3.584332,-0.1968518,0.8292174,1.415668
23,3,2,25,1,0.0349,0.443388,LR,0,24,-0.1761277,-2.179513,-3.584332,-0.1761277,0.8204865,1.415668
23,3,2,25,1,0.0349,0.443388,LR,0,25,-0.1605918,-2.185595,-3.584332,-0.1605918,0.8144047,1.415668
23,3,2,25,1,0.0349,0.443388,LR,0,26,-0.1496221,-2.184323,-3.584332,-0.1496221,0.815677,1.415668
23,3,2,25,1,0.0349,0.443388,LR,0,27,-0.1410163,-2.178487,-3.584332,-0.1410163,0.8215127,1.415668
23,3,2,25,1,0.0349,0.443388,LR,0,28,-0.1280771,-2.1729,-3.584332,-0.1280771,0.8271,1.415668
23,3,2,35,1,0.0349,0.630596,RL,0,0,0.03640381,-2.163276,-3.584338,-0.03640381,0.8367236,1.415662
23,3,2,35,1,0.0349,0.630596,RL,0,1,0.04751627,-2.157575,-3.584338,-0.04751627,0.8424248,1.415662
23,3,2,35,1,0.0349,0.630596,RL,0,2,0.06151924,-2.1517,-3.584338,-0.06151924,0.8483005,1.415662
23,3,2,35,1,0.0349,0.630596,RL,0,3,0.07346694,-2.146847,-3.584338,-0.07346694,0.8531528,1.415662
23,3,2,35,1,0.0349,0.630596,RL,0,4,0.08653134,-2.137894,-3.584338,-0.08653134,0.8621064,1.415662
23,3,2,35,1,0.0349,0.630596,RL,0,5,0.101779,-2.127862,-3.584338,-0.101779,0.8721383,1.415662
23,3,2,35,1,0.0349,0.630596,RL,0,6,0.118808,-2.124397,-3.584338,-0.118808,0.8756027,1.415662
23,3,2,35,1,0.0349,0.630596,RL,0,7,0.1331764,-2.122623,-3.584338,-0.1331764,0.8773767,1.415662
23,3,2,35,1,0.0349,0.630596,RL,0,8,0.1441704,-2.125518,-3.584338,-0.1441704,0.8744819,1.415662
23,3,2,35,1,0.0349,0.630596,RL,0,9,0.1541598,-2.130541,-3.584338,-0.1541598,0.8694593,1.415662
23,3,2,35,1,0.0349,0.630596,RL,0,10,0.1645668,-2.134883,-3.584338,-0.1645668,0.8651174,1.415662
23,3,2,35,1,0.0349,0.630596,RL,0,11,0.1777877,-2.145135,-3.584338,-0.1777877,0.8548648,1.415662
23,3,2,35,1,0.0349,0.630596,RL,0,12,0.1902862,-2.152903,-3.584338,-0.1902862,0.8470971,1.415662
23,3,2,35,1,0.0349,0.630596,RL,0,13,0.1997335,-2.159827,-3.584338,-0.1997335,0.8401735,1.415662
23,3,2,35,1,0.0349,0.630596,RL,0,14,0.2106637,-2.166421,-3.584338,-0.2106637,0.833579,1.415662
23,3,2,35,1,0.0349,0.630596,RL,0,15,0.2222711,-2.173316,-3.584338,-0.2222711,0.8266837,1.415662
23,3,2,35,1,0.0349,0.630596,RL,0,16,0.2353432,-2.174127,-3.584338,-0.2353432,0.825873,1.415662
23,3,2,35,1,0.0349,0.630596,RL,0,17,0.2493627,-2.169803,-3.584338,-0.2493627,0.830197,1.415662
23,3,2,35,1,0.0349,0.630596,RL,0,18,0.2638293,-2.167328,-3.584338,-0.2638293,0.8326722,1.415662
23,3,2,35,1,0.0349,0.630596,RL,0,19,0.278347,-2.162164,-3.584338,-0.278347,0.8378358,1.415662
23,3,2,35,1,0.0349,0.630596,RL,0,20,0.2910503,-2.157949,-3.584338,-0.2910503,0.8420506,1.415662
23,3,2,35,1,0.0349,0.630596,RL,0,21,0.3001367,-2.153409,-3.584338,-0.3001367,0.8465912,1.415662
23,3,2,35,1,0.0349,0.630596,RL,0,22,0.312244,-2.147826,-3.584338,-0.312244,0.8521738,1.415662
23,3,2,35,1,0.0349,0.630596,RL,0,23,0.3256007,-2.139432,-3.584338,-0.3256007,0.8605681,1.415662
23,3,2,35,1,0.0349,0.630596,RL,0,24,0.3389695,-2.131377,-3.584338,-0.3389695,0.8686231,1.415662
23,3,2,35,1,0.0349,0.630596,RL,0,25,0.3504944,-2.127882,-3.584338,-0.3504944,0.8721176,1.415662
23,3,2,35,1,0.0349,0.630596,RL,0,26,0.3614624,-2.128152,-3.584338,-0.3614624,0.8718483,1.415662
23,3,2,35,1,0.0349,0.630596,RL,0,27,0.3738186,-2.127601,-3.584338,-0.3738186,0.8723991,1.415662
23,3,2,35,1,0.0349,0.630596,RL,0,28,0.3851669,-2.128425,-3.584338,-0.3851669,0.8715746,1.415662
23,3,2,35,1,0.0349,0.630596,RL,0,29,0.3976372,-2.133799,-3.584338,-0.3976372,0.8662014,1.415662
23,3,2,35,1,0.0349,0.630596,RL,0,30,0.4129344,-2.140084,-3.584338,-0.4129344,0.8599159,1.415662
23,3,2,35,1,0.0349,0.630596,RL,0,31,0.4275454,-2.145932,-3.584338,-0.4275454,0.8540675,1.415662
23,3,2,35,1,0.0349,0.630596,RL,0,32,0.4374965,-2.149425,-3.584338,-0.4374965,0.8505751,1.415662
23,3,2,35,1,0.0349,0.630596,RL,0,33,0.4473731,-2.153569,-3.584338,-0.4473731,0.8464311,1.415662
23,3,2,35,1,0.0349,0.630596,RL,0,34,0.4561162,-2.159022,-3.584338,-0.4561162,0.8409784,1.415662
23,3,2,35,1,0.0349,0.630596,RL,0,35,0.462137,-2.168991,-3.584338,-0.462137,0.8310089,1.415662
23,3,2,35,1,0.0349,0.630596,RL,0,36,0.4710903,-2.179905,-3.584338,-0.4710903,0.8200945,1.415662
23,3,2,35,1,0.0349,0.630596,RL,0,37,0.483143,-2.182741,-3.584338,-0.483143,0.8172593,1.415662
23,3,2,35,1,0.0349,0.630596,RL,0,38,0.5058612,-2.184203,-3.584338,-0.5058612,0.8157968,1.415662
23,3,2,35,1,0.0349,0.630596,RL,0,39,0.5185747,-2.184841,-3.584338,-0.5185747,0.8151593,1.415662
23,3,2,35,1,0.0349,0.630596,RL,0,40,0.5323524,-2.182542,-3.584338,-0.5323524,0.8174585,1.415662
23,3,2,25,1,0.0349,0.443388,RL,0,0,-0.5758502,-1.75081,-4.491404,0.5758502,1.24919,0.508596
23,3,2,25,1,0.0349,0.443388,RL,0,1,-0.5650853,-1.755569,-4.491404,0.5650853,1.244431,0.508596
23,3,2,25,1,0.0349,0.443388,RL,0,2,-0.5480828,-1.762133,-4.491404,0.5480828,1.237867,0.508596
23,3,2,25,1,0.0349,0.443388,RL,0,3,-0.537737,-1.767823,-4.491404,0.537737,1.232177,0.508596
23,3,2,25,1,0.0349,0.443388,RL,0,4,-0.5237132,-1.774408,-4.491404,0.5237132,1.225592,0.508596
23,3,2,25,1,0.0349,0.443388,RL,0,5,-0.5129294,-1.777285,-4.491404,0.5129294,1.222715,0.508596
23,3,2,25,1,0.0349,0.443388,RL,0,6,-0.4945664,-1.775408,-4.491404,0.4945664,1.224592,0.508596
23,3,2,25,1,0.0349,0.443388,RL,0,7,-0.4847564,-1.769609,-4.491404,0.4847564,1.230391,0.508596
23,3,2,25,1,0.0349,0.443388,RL,0,8,-0.4725167,-1.764013,-4.491404,0.4725167,1.235987,0.508596
23,3,2,25,1,0.0349,0.443388,RL,0,9,-0.4572895,-1.746308,-4.491404,0.4572895,1.253692,0.508596
23,3,2,25,1,0.0349,0.443388,RL,0,10,-0.4464881,-1.740263,-4.491404,0.4464881,1.259737,0.508596
23,3,2,25,1,0.0349,0.443388,RL,0,11,-0.4345719,-1.730342,-4.491404,0.4345719,1.269658,0.508596
23,3,2,25,1,0.0349,0.443388,RL,0,12,-0.4248553,-1.718499,-4.491404,0.4248553,1.281501,0.508596
23,3,2,25,1,0.0349,0.443388,RL,0,13,-0.4133491,-1.715701,-4.491404,0.4133491,1.284299,0.508596
23,3,2,25,1,0.0349,0.443388,RL,0,14,-0.401087,-1.71074,-4.491404,0.401087,1.28926,0.508596
23,3,2,25,1,0.0349,0.443388,RL,0,15,-0.3902853,-1.713997,-4.491404,0.3902853,1.286003,0.508596
23,3,2,25,1,0.0349,0.443388,RL,0,16,-0.378734,-1.718682,-4.491404,0.378734,1.281318,0.508596
23,3,2,25,1,0.0349,0.443388,RL,0,17,-0.3684022,-1.724808,-4.491404,0.3684022,1.275192,0.508596
23,3,2,25,1,0.0349,0.443388,RL,0,18,-0.3576458,-1.731386,-4.491404,0.3576458,1.268614,0.508596
23,3,2,25,1,0.0349,0.443388,RL,0,19,-0.3469648,-1.742072,-4.491404,0.3469648,1.257928,0.508596
23,3,2,25,1,0.0349,0.443388,RL,0,20,-0.3335012,-1.751989,-4.491404,0.3335012,1.248011,0.508596
23,3,2,25,1,0.0349,0.443388,RL,0,21,-0.3195433,-1.762196,-4.491404,0.3195433,1.237804,0.508596
23,3,2,25,1,0.0349,0.443388,RL,0,22,-0.3073601,-1.768031,-4.491404,0.3073601,1.231969,0.508596
23,3,2,25,1,0.0349,0.443388,RL,0,23,-0.2927516,-1.775155,-4.491404,0.2927516,1.224845,0.508596
23,3,2,25,1,0.0349,0.443388,RL,0,24,-0.2816788,-1.781067,-4.491404,0.2816788,1.218933,0.508596
23,3,2,25,1,0.0349,0.443388,RL,0,25,-0.2620486,-1.785415,-4.491404,0.2620486,1.214585,0.508596
23,3,2,25,1,0.0349,0.443388,RL,0,26,-0.2485631,-1.784177,-4.491404,0.2485631,1.215823,0.508596
23,3,2,25,1,0.0349,0.443388,RL,0,27,-0.2329716,-1.779566,-4.491404,0.2329716,1.220434,0.508596
23,3,2,25,1,0.0349,0.443388,LR,0,0,0.2265727,-1.765066,-4.48811,0.2265727,1.234934,0.5118901
23,3,2,25,1,0.0349,0.443388,LR,0,1,0.2415589,-1.777088,-4.48811,0.2415589,1.222912,0.5118901
23,3,2,25,1,0.0349,0.443388,LR,0,2,0.2816891,-1.800504,-4.48811,0.2816891,1.199496,0.5118901
23,3,2,25,1,0.0349,0.443388,LR,0,3,0.2948851,-1.798355,-4.48811,0.2948851,1.201645,0.5118901
23,3,2,25,1,0.0349,0.443388,LR,0,4,0.30377,-1.791279,-4.48811,0.30377,1.208721,0.5118901
23,3,2,25,1,0.0349,0.443388,LR,0,5,0.3193997,-1.783591,-4.48811,0.3193997,1.216409,0.5118901
23,3,2,25,1,0.0349,0.443388,LR,0,6,0.330288,-1.777007,-4.48811,0.330288,1.222993,0.5118901
23,3,2,25,1,0.0349,0.443388,LR,0,7,0.3428484,-1.7673,-4.48811,0.3428484,1.2327,0.5118901
23,3,2,25,1,0.0349,0.443388,LR,0,8,0.3550433,-1.756051,-4.48811,0.3550433,1.243949,0.5118901
23,3,2,25,1,0.0349,0.443388,LR,0,9,0.3703214,-1.744164,-4.48811,0.3703214,1.255836,0.5118901
23,3,2,25,1,0.0349,0.443388,LR,0,10,0.3901883,-1.728336,-4.48811,0.3901883,1.271664,0.5118901
23,3,2,25,1,0.0349,0.443388,LR,0,11,0.4020175,-1.719496,-4.48811,0.4020175,1.280504,0.5118901
23,3,2,25,1,0.0349,0.443388,LR,0,12,0.412314,-1.715517,-4.48811,0.412314,1.284483,0.5118901
23,3,2,25,1,0.0349,0.443388,LR,0,13,0.4262187,-1.717585,-4.48811,0.4262187,1.282415,0.5118901
23,3,2,25,1,0.0349,0.443388,LR,0,14,0.4402829,-1.725861,-4.48811,0.4402829,1.274139,0.5118901
23,3,2,25,1,0.0349,0.443388,LR,0,15,0.4515084,-1.732748,-4.48811,0.4515084,1.267252,0.5118901
23,3,2,25,1,0.0349,0.443388,LR,0,16,0.4615416,-1.738316,-4.48811,0.4615416,1.261684,0.5118901
23,3,2,25,1,0.0349,0.443388,LR,0,17,0.4659731,-1.750259,-4.48811,0.4659731,1.249741,0.5118901
23,3,2,25,1,0.0349,0.443388,LR,0,18,0.4710829,-1.764051,-4.48811,0.4710829,1.235949,0.5118901
23,3,2,25,1,0.0349,0.443388,LR,0,19,0.4944588,-1.783435,-4.48811,0.4944588,1.216565,0.5118901
23,3,2,25,1,0.0349,0.443388,LR,0,20,0.5092947,-1.7879,-4.48811,0.5092947,1.2121,0.5118901
23,3,2,25,1,0.0349,0.443388,LR,0,21,0.5283713,-1.791339,-4.48811,0.5283713,1.208661,0.5118901
23,3,2,25,1,0.0349,0.443388,LR,0,22,0.545185,-1.78127,-4.48811,0.545185,1.21873,0.5118901
23,3,2,25,1,0.0349,0.443388,LR,0,23,0.563465,-1.772566,-4.48811,0.563465,1.227434,0.5118901
23,3,2,25,1,0.0349,0.443388,RL,0,0,-0.5658379,-1.761967,-4.451721,0.5658379,1.238033,0.5482789
23,3,2,25,1,0.0349,0.443388,RL,0,1,-0.5560191,-1.765909,-4.451721,0.5560191,1.234091,0.5482789
23,3,2,25,1,0.0349,0.443388,RL,0,2,-0.5468648,-1.770604,-4.451721,0.5468648,1.229396,0.5482789
23,3,2,25,1,0.0349,0.443388,RL,0,3,-0.5384136,-1.775973,-4.451721,0.5384136,1.224027,0.5482789
23,3,2,25,1,0.0349,0.443388,RL,0,4,-0.529416,-1.781146,-4.451721,0.529416,1.218854,0.5482789
23,3,2,25,1,0.0349,0.443388,RL,0,5,-0.5190253,-1.782406,-4.451721,0.5190253,1.217594,0.5482789
23,3,2,25,1,0.0349,0.443388,RL,0,6,-0.5064228,-1.784064,-4.451721,0.5064228,1.215936,0.5482789
23,3,2,25,1,0.0349,0.443388,RL,0,7,-0.4952749,-1.784241,-4.451721,0.4952749,1.215759,0.5482789
23,3,2,25,1,0.0349,0.443388,RL,0,8,-0.4837451,-1.77816,-4.451721,0.4837451,1.22184,0.5482789
23,3,2,25,1,0.0349,0.443388,RL,0,9,-0.4741653,-1.774256,-4.451721,0.4741653,1.225744,0.5482789
23,3,2,25,1,0.0349,0.443388,RL,0,10,-0.4655395,-1.768298,-4.451721,0.4655395,1.231702,0.5482789
23,3,2,25,1,0.0349,0.443388,RL,0,11,-0.4543416,-1.764101,-4.451721,0.4543416,1.235899,0.5482789
23,3,2,25,1,0.0349,0.443388,RL,0,12,-0.4441387,-1.755371,-4.451721,0.4441387,1.244629,0.5482789
23,3,2,25,1,0.0349,0.443388,RL,0,13,-0.4342224,-1.749076,-4.451721,0.4342224,1.250924,0.5482789
23,3,2,25,1,0.0349,0.443388,RL,0,14,-0.4247719,-1.739852,-4.451721,0.4247719,1.260148,0.5482789
23,3,2,25,1,0.0349,0.443388,RL,0,15,-0.4151537,-1.732384,-4.451721,0.4151537,1.267616,0.5482789
23,3,2,25,1,0.0349,0.443388,RL,0,16,-0.4062675,-1.725916,-4.451721,0.4062675,1.274084,0.5482789
23,3,2,25,1,0.0349,0.443388,RL,0,17,-0.3952629,-1.723826,-4.451721,0.3952629,1.276174,0.5482789
23,3,2,25,1,0.0349,0.443388,RL,0,18,-0.3854425,-1.726961,-4.451721,0.3854425,1.273039,0.5482789
23,3,2,25,1,0.0349,0.443388,RL,0,19,-0.3753845,-1.728609,-4.451721,0.3753845,1.271391,0.5482789
23,3,2,25,1,0.0349,0.443388,RL,0,20,-0.3656437,-1.732416,-4.451721,0.3656437,1.267584,0.5482789
23,3,2,25,1,0.0349,0.443388,RL,0,21,-0.3544476,-1.738425,-4.451721,0.3544476,1.261575,0.5482789
23,3,2,25,1,0.0349,0.443388,RL,0,22,-0.3444894,-1.746301,-4.451721,0.3444894,1.253699,0.5482789
23,3,2,25,1,0.0349,0.443388,RL,0,23,-0.3367125,-1.754476,-4.451721,0.3367125,1.245524,0.5482789
23,3,2,25,1,0.0349,0.443388,RL,0,24,-0.3276441,-1.760699,-4.451721,0.3276441,1.239301,0.5482789
23,3,2,25,1,0.0349,0.443388,RL,0,25,-0.317855,-1.767107,-4.451721,0.317855,1.232893,0.5482789
23,3,2,25,1,0.0349,0.443388,RL,0,26,-0.3074072,-1.773707,-4.451721,0.3074072,1.226293,0.5482789
23,3,2,25,1,0.0349,0.443388,RL,0,27,-0.2967446,-1.777713,-4.451721,0.2967446,1.222287,0.5482789
23,3,2,25,1,0.0349,0.443388,RL,0,28,-0.2869878,-1.781444,-4.451721,0.2869878,1.218556,0.5482789
23,3,2,25,1,0.0349,0.443388,RL,0,29,-0.2752077,-1.781929,-4.451721,0.2752077,1.218071,0.5482789
23,3,2,25,1,0.0349,0.443388,RL,0,30,-0.2651207,-1.784536,-4.451721,0.2651207,1.215464,0.5482789
23,3,2,25,1,0.0349,0.443388,RL,0,31,-0.2518677,-1.785339,-4.451721,0.2518677,1.214661,0.5482789
23,3,2,25,1,0.0349,0.443388,RL,0,32,-0.2398795,-1.785138,-4.451721,0.2398795,1.214862,0.5482789
23,3,2,25,1,0.0349,0.443388,RL,0,33,-0.2288807,-1.78631,-4.451721,0.2288807,1.21369,0.5482789
23,3,2,25,1,0.0349,0.443388,RL,0,34,-0.215196,-1.783335,-4.451721,0.215196,1.216665,0.5482789
23,3,2,25,1,0.0349,0.443388,RL,0,35,-0.2027878,-1.780454,-4.451721,0.2027878,1.219546,0.5482789
23,3,2,25,1,0.0349,0.443388,LR,0,0,0.1956621,-1.778211,-4.45134,0.1956621,1.221789,0.5486599
23,3,2,25,1,0.0349,0.443388,LR,0,1,0.2081914,-1.781686,-4.45134,0.2081914,1.218314,0.5486599
23,3,2,25,1,0.0349,0.443388,LR,0,2,0.2235563,-1.785949,-4.45134,0.2235563,1.214051,0.5486599
23,3,2,25,1,0.0349,0.443388,LR,0,3,0.2353955,-1.789141,-4.45134,0.2353955,1.210859,0.5486599
23,3,2,25,1,0.0349,0.443388,LR,0,4,0.2466925,-1.792418,-4.45134,0.2466925,1.207582,0.5486599
23,3,2,25,1,0.0349,0.443388,LR,0,5,0.2594667,-1.794424,-4.45134,0.2594667,1.205576,0.5486599
23,3,2,25,1,0.0349,0.443388,LR,0,6,0.2702257,-1.789961,-4.45134,0.2702257,1.210039,0.5486599
23,3,2,25,1,0.0349,0.443388,LR,0,7,0.280391,-1.781826,-4.45134,0.280391,1.218174,0.5486599
23,3,2,25,1,0.0349,0.443388,LR,0,8,0.2880341,-1.775317,-4.45134,0.2880341,1.224683,0.5486599
23,3,2,25,1,0.0349,0.443388,LR,0,9,0.2973267,-1.770132,-4.45134,0.2973267,1.229868,0.5486599
23,3,2,25,1,0.0349,0.443388,LR,0,10,0.3073121,-1.76475,-4.45134,0.3073121,1.23525,0.5486599
23,3,2,25,1,0.0349,0.443388,LR,0,11,0.3189419,-1.75772,-4.45134,0.3189419,1.24228,0.5486599
23,3,2,25,1,0.0349,0.443388,LR,0,12,0.3280155,-1.750132,-4.45134,0.3280155,1.249868,0.5486599
23,3,2,25,1,0.0349,0.443388,LR,0,13,0.3387473,-1.741931,-4.45134,0.3387473,1.258069,0.5486599
23,3,2,25,1,0.0349,0.443388,LR,0,14,0.3507182,-1.737096,-4.45134,0.3507182,1.262904,0.5486599
23,3,2,25,1,0.0349,0.443388,LR,0,15,0.3596057,-1.731001,-4.45134,0.3596057,1.268999,0.5486599
23,3,2,25,1,0.0349,0.443388,LR,0,16,0.36991,-1.729427,-4.45134,0.36991,1.270573,0.5486599
23,3,2,25,1,0.0349,0.443388,LR,0,17,0.3853649,-1.730886,-4.45134,0.3853649,1.269114,0.5486599
23,3,2,25,1,0.0349,0.443388,LR,0,18,0.3958378,-1.735918,-4.45134,0.3958378,1.264082,0.5486599
23,3,2,25,1,0.0349,0.443388,LR,0,19,0.4078824,-1.743336,-4.45134,0.4078824,1.256664,0.5486599
23,3,2,25,1,0.0349,0.443388,LR,0,20,0.4199851,-1.748349,-4.45134,0.4199851,1.251651,0.5486599
23,3,2,25,1,0.0349,0.443388,LR,0,21,0.4338923,-1.749739,-4.45134,0.4338923,1.250261,0.5486599
23,3,2,25,1,0.0349,0.443388,LR,0,22,0.4478521,-1.755968,-4.45134,0.4478521,1.244032,0.5486599
23,3,2,25,1,0.0349,0.443388,LR,0,23,0.4561638,-1.762832,-4.45134,0.4561638,1.237168,0.5486599
23,3,2,25,1,0.0349,0.443388,LR,0,24,0.4643497,-1.769942,-4.45134,0.4643497,1.230058,0.5486599
23,3,2,25,1,0.0349,0.443388,LR,0,25,0.4761053,-1.777406,-4.45134,0.4761053,1.222594,0.5486599
23,3,2,25,1,0.0349,0.443388,LR,0,26,0.4868057,-1.781791,-4.45134,0.4868057,1.218209,0.5486599
23,3,2,25,1,0.0349,0.443388,LR,0,27,0.4942856,-1.791212,-4.45134,0.4942856,1.208788,0.5486599
23,3,2,25,1,0.0349,0.443388,LR,0,28,0.4996422,-1.800087,-4.45134,0.4996422,1.199913,0.5486599
23,3,2,25,1,0.0349,0.443388,LR,0,29,0.5112963,-1.802693,-4.45134,0.5112963,1.197307,0.5486599
23,3,2,25,1,0.0349,0.443388,LR,0,30,0.521173,-1.804986,-4.45134,0.521173,1.195014,0.5486599
23,3,2,25,1,0.0349,0.443388,LR,0,31,0.5313866,-1.802151,-4.45134,0.5313866,1.197849,0.5486599
23,3,2,25,1,0.0349,0.443388,LR,0,32,0.5448673,-1.795041,-4.45134,0.5448673,1.204959,0.5486599
23,3,2,25,1,0.0349,0.443388,LR,0,33,0.5538727,-1.787332,-4.45134,0.5538727,1.212668,0.5486599
23,3,2,35,1,0.0349,0.630596,RL,0,0,-0.6492597,-1.778402,-4.45075,0.6492597,1.221598,0.5492497
23,3,2,35,1,0.0349,0.630596,RL,0,1,-0.6406118,-1.767503,-4.45075,0.6406118,1.232497,0.5492497
23,3,2,35,1,0.0349,0.630596,RL,0,2,-0.631825,-1.760221,-4.45075,0.631825,1.239779,0.5492497
23,3,2,35,1,0.0349,0.630596,RL,0,3,-0.6230484,-1.755403,-4.45075,0.6230484,1.244597,0.5492497
23,3,2,35,1,0.0349,0.630596,RL,0,4,-0.6131843,-1.748575,-4.45075,0.6131843,1.251425,0.5492497
23,3,2,35,1,0.0349,0.630596,RL,0,5,-0.6017794,-1.742736,-4.45075,0.6017794,1.257264,0.5492497
23,3,2,35,1,0.0349,0.630596,RL,0,6,-0.5909982,-1.736478,-4.45075,0.5909982,1.263522,0.5492497
23,3,2,35,1,0.0349,0.630596,RL,0,7,-0.5836545,-1.727307,-4.45075,0.5836545,1.272693,0.5492497
23,3,2,35,1,0.0349,0.630596,RL,0,8,-0.5732479,-1.727529,-4.45075,0.5732479,1.272471,0.5492497
23,3,2,35,1,0.0349,0.630596,RL,0,9,-0.5618142,-1.727474,-4.45075,0.5618142,1.272526,0.5492497
23,3,2,35,1,0.0349,0.630596,RL,0,10,-0.5502706,-1.729117,-4.45075,0.5502706,1.270883,0.5492497
23,3,2,35,1,0.0349,0.630596,RL,0,11,-0.5409291,-1.734214,-4.45075,0.5409291,1.265786,0.5492497
23,3,2,35,1,0.0349,0.630596,RL,0,12,-0.5323972,-1.740182,-4.45075,0.5323972,1.259818,0.5492497
23,3,2,35,1,0.0349,0.630596,RL,0,13,-0.5209997,-1.746271,-4.45075,0.5209997,1.253729,0.5492497
23,3,2,35,1,0.0349,0.630596,RL,0,14,-0.5088269,-1.752579,-4.45075,0.5088269,1.247421,0.5492497
23,3,2,35,1,0.0349,0.630596,RL,0,15,-0.4983943,-1.761261,-4.45075,0.4983943,1.238739,0.5492497
23,3,2,35,1,0.0349,0.630596,RL,0,16,-0.4903665,-1.770193,-4.45075,0.4903665,1.229807,0.5492497
23,3,2,35,1,0.0349,0.630596,RL,0,17,-0.4819252,-1.781409,-4.45075,0.4819252,1.218591,0.5492497
23,3,2,35,1,0.0349,0.630596,RL,0,18,-0.4721192,-1.791385,-4.45075,0.4721192,1.208615,0.5492497
23,3,2,35,1,0.0349,0.630596,RL,0,19,-0.4636008,-1.797951,-4.45075,0.4636008,1.202049,0.5492497
23,3,2,35,1,0.0349,0.630596,RL,0,20,-0.4522378,-1.803306,-4.45075,0.4522378,1.196694,0.5492497
23,3,2,35,1,0.0349,0.630596,RL,0,21,-0.4391832,-1.80389,-4.45075,0.4391832,1.19611,0.5492497
23,3,2,35,1,0.0349,0.630596,RL,0,22,-0.4275841,-1.801484,-4.45075,0.4275841,1.198516,0.5492497
23,3,2,35,1,0.0349,0.630596,RL,0,23,-0.4177232,-1.797551,-4.45075,0.4177232,1.202449,0.5492497
23,3,2,35,1,0.0349,0.630596,RL,0,24,-0.4054672,-1.794842,-4.45075,0.4054672,1.205158,0.5492497
23,3,2,35,1,0.0349,0.630596,RL,0,25,-0.3934084,-1.792125,-4.45075,0.3934084,1.207875,0.5492497
23,3,2,35,1,0.0349,0.630596,RL,0,26,-0.38162,-1.784899,-4.45075,0.38162,1.215101,0.5492497
23,3,2,35,1,0.0349,0.630596,RL,0,27,-0.3717436,-1.776258,-4.45075,0.3717436,1.223742,0.5492497
23,3,2,35,1,0.0349,0.630596,RL,0,28,-0.3638368,-1.766408,-4.45075,0.3638368,1.233592,0.5492497
23,3,2,35,1,0.0349,0.630596,RL,0,29,-0.3567081,-1.755385,-4.45075,0.3567081,1.244615,0.5492497
23,3,2,35,1,0.0349,0.630596,RL,0,30,-0.3467205,-1.748024,-4.45075,0.3467205,1.251976,0.5492497
23,3,2,35,1,0.0349,0.630596,RL,0,31,-0.3359914,-1.741848,-4.45075,0.3359914,1.258152,0.5492497
23,3,2,35,1,0.0349,0.630596,RL,0,32,-0.3257085,-1.73441,-4.45075,0.3257085,1.26559,0.5492497
23,3,2,35,1,0.0349,0.630596,RL,0,33,-0.3141969,-1.735568,-4.45075,0.3141969,1.264432,0.5492497
23,3,2,35,1,0.0349,0.630596,RL,0,34,-0.3026935,-1.735964,-4.45075,0.3026935,1.264036,0.5492497
23,3,2,35,1,0.0349,0.630596,RL,0,35,-0.2904514,-1.737466,-4.45075,0.2904514,1.262534,0.5492497
23,3,2,35,1,0.0349,0.630596,RL,0,36,-0.2813455,-1.744164,-4.45075,0.2813455,1.255836,0.5492497
23,3,2,35,1,0.0349,0.630596,RL,0,37,-0.2713005,-1.750697,-4.45075,0.2713005,1.249303,0.5492497
23,3,2,35,1,0.0349,0.630596,RL,0,38,-0.2583942,-1.756323,-4.45075,0.2583942,1.243677,0.5492497
23,3,2,35,1,0.0349,0.630596,RL,0,39,-0.2473242,-1.764876,-4.45075,0.2473242,1.235124,0.5492497
23,3,2,35,1,0.0349,0.630596,RL,0,40,-0.2396286,-1.774367,-4.45075,0.2396286,1.225633,0.5492497
23,3,2,35,1,0.0349,0.630596,RL,0,41,-0.2301991,-1.782754,-4.45075,0.2301991,1.217246,0.5492497
23,3,2,35,1,0.0349,0.630596,RL,0,42,-0.2212839,-1.78805,-4.45075,0.2212839,1.21195,0.5492497
23,3,2,35,1,0.0349,0.630596,RL,0,43,-0.2093893,-1.795593,-4.45075,0.2093893,1.204407,0.5492497
23,3,2,35,1,0.0349,0.630596,RL,0,44,-0.1984158,-1.800923,-4.45075,0.1984158,1.199077,0.5492497
23,3,2,35,1,0.0349,0.630596,RL,0,45,-0.1881808,-1.800091,-4.45075,0.1881808,1.199909,0.5492497
23,3,2,35,1,0.0349,0.630596,RL,0,46,-0.1734191,-1.797008,-4.45075,0.1734191,1.202992,0.5492497
23,3,2,35,1,0.0349,0.630596,RL,0,47,-0.1592909,-1.795659,-4.45075,0.1592909,1.204341,0.5492497
23,3,2,35,1,0.0349,0.630596,RL,0,48,-0.1476442,-1.792712,-4.45075,0.1476442,1.207288,0.5492497
23,3,2,35,1,0.0349,0.630596,RL,0,49,-0.1355088,-1.787558,-4.45075,0.1355088,1.212442,0.5492497
23,3,2,35,1,0.0349,0.630596,LR,0,0,0.1211087,-1.764708,-4.449762,0.1211087,1.235292,0.5502383
23,3,2,35,1,0.0349,0.630596,LR,0,1,0.1268943,-1.773367,-4.449762,0.1268943,1.226633,0.5502383
23,3,2,35,1,0.0349,0.630596,LR,0,2,0.1330373,-1.782116,-4.449762,0.1330373,1.217884,0.5502383
23,3,2,35,1,0.0349,0.630596,LR,0,3,0.144101,-1.785394,-4.449762,0.144101,1.214606,0.5502383
23,3,2,35,1,0.0349,0.630596,LR,0,4,0.154511,-1.791343,-4.449762,0.154511,1.208657,0.5502383
23,3,2,35,1,0.0349,0.630596,LR,0,5,0.1638445,-1.803533,-4.449762,0.1638445,1.196467,0.5502383
23,3,2,35,1,0.0349,0.630596,LR,0,6,0.1736697,-1.805876,-4.449762,0.1736697,1.194124,0.5502383
23,3,2,35,1,0.0349,0.630596,LR,0,7,0.1840378,-1.807725,-4.449762,0.1840378,1.192275,0.5502383
23,3,2,35,1,0.0349,0.630596,LR,0,8,0.1930439,-1.812948,-4.449762,0.1930439,1.187052,0.5502383
23,3,2,35,1,0.0349,0.630596,LR,0,9,0.2051002,-1.812365,-4.449762,0.2051002,1.187635,0.5502383
23,3,2,35,1,0.0349,0.630596,LR,0,10,0.2148925,-1.809295,-4.449762,0.2148925,1.190705,0.5502383
23,3,2,35,1,0.0349,0.630596,LR,0,11,0.2260221,-1.801769,-4.449762,0.2260221,1.198231,0.5502383
23,3,2,35,1,0.0349,0.630596,LR,0,12,0.2351665,-1.793938,-4.449762,0.2351665,1.206062,0.5502383
23,3,2,35,1,0.0349,0.630596,LR,0,13,0.2414176,-1.78403,-4.449762,0.2414176,1.21597,0.5502383
23,3,2,35,1,0.0349,0.630596,LR,0,14,0.2495635,-1.777953,-4.449762,0.2495635,1.222047,0.5502383
23,3,2,35,1,0.0349,0.630596,LR,0,15,0.2591586,-1.769819,-4.449762,0.2591586,1.230181,0.5502383
23,3,2,35,1,0.0349,0.630596,LR,0,16,0.2686214,-1.763909,-4.449762,0.2686214,1.236091,0.5502383
23,3,2,35,1,0.0349,0.630596,LR,0,17,0.2773479,-1.757001,-4.449762,0.2773479,1.242999,0.5502383
23,3,2,35,1,0.0349,0.630596,LR,0,18,0.2890306,-1.751852,-4.449762,0.2890306,1.248148,0.5502383
23,3,2,35,1,0.0349,0.630596,LR,0,19,0.2994218,-1.746693,-4.449762,0.2994218,1.253307,0.5502383
23,3,2,35,1,0.0349,0.630596,LR,0,20,0.3116453,-1.745239,-4.449762,0.3116453,1.254761,0.5502383
23,3,2,35,1,0.0349,0.630596,LR,0,21,0.3237121,-1.747243,-4.449762,0.3237121,1.252757,0.5502383
23,3,2,35,1,0.0349,0.630596,LR,0,22,0.3359263,-1.749526,-4.449762,0.3359263,1.250474,0.5502383
23,3,2,35,1,0.0349,0.630596,LR,0,23,0.3475758,-1.754497,-4.449762,0.3475758,1.245503,0.5502383
23,3,2,35,1,0.0349,0.630596,LR,0,24,0.3579693,-1.759456,-4.449762,0.3579693,1.240544,0.5502383
23,3,2,35,1,0.0349,0.630596,LR,0,25,0.3690045,-1.765393,-4.449762,0.3690045,1.234607,0.5502383
23,3,2,35,1,0.0349,0.630596,LR,0,26,0.3795138,-1.772612,-4.449762,0.3795138,1.227388,0.5502383
23,3,2,35,1,0.0349,0.630596,LR,0,27,0.3866792,-1.781614,-4.449762,0.3866792,1.218386,0.5502383
23,3,2,35,1,0.0349,0.630596,LR,0,28,0.3946124,-1.791023,-4.449762,0.3946124,1.208977,0.5502383
23,3,2,35,1,0.0349,0.630596,LR,0,29,0.4026663,-1.798364,-4.449762,0.4026663,1.201636,0.5502383
23,3,2,35,1,0.0349,0.630596,LR,0,30,0.4124554,-1.809581,-4.449762,0.4124554,1.190419,0.5502383
23,3,2,35,1,0.0349,0.630596,LR,0,31,0.422825,-1.817835,-4.449762,0.422825,1.182165,0.5502383
23,3,2,35,1,0.0349,0.630596,LR,0,32,0.4325287,-1.822169,-4.449762,0.4325287,1.177831,0.5502383
23,3,2,35,1,0.0349,0.630596,LR,0,33,0.4433147,-1.823462,-4.449762,0.4433147,1.176538,0.5502383
23,3,2,35,1,0.0349,0.630596,LR,0,34,0.4533864,-1.820548,-4.449762,0.4533864,1.179452,0.5502383
23,3,2,35,1,0.0349,0.630596,LR,0,35,0.4624706,-1.812805,-4.449762,0.4624706,1.187195,0.5502383
23,3,2,35,1,0.0349,0.630596,LR,0,36,0.4714863,-1.804439,-4.449762,0.4714863,1.195561,0.5502383
23,3,2,35,1,0.0349,0.630596,LR,0,37,0.4796897,-1.795171,-4.449762,0.4796897,1.204829,0.5502383
23,3,2,35,1,0.0349,0.630596,LR,0,38,0.4891302,-1.785433,-4.449762,0.4891302,1.214567,0.5502383
23,3,2,35,1,0.0349,0.630596,LR,0,39,0.5002381,-1.777657,-4.449762,0.5002381,1.222343,0.5502383
23,3,2,35,1,0.0349,0.630596,LR,0,40,0.5113252,-1.768306,-4.449762,0.5113252,1.231694,0.5502383
23,3,2,35,1,0.0349,0.630596,LR,0,41,0.5198873,-1.758779,-4.449762,0.5198873,1.241221,0.5502383
23,3,2,35,1,0.0349,0.630596,LR,0,42,0.5277017,-1.752341,-4.449762,0.5277017,1.247659,0.5502383
23,3,2,35,1,0.0349,0.630596,LR,0,43,0.5355128,-1.745295,-4.449762,0.5355128,1.254705,0.5502383
23,3,2,35,1,0.0349,0.630596,LR,0,44,0.5466703,-1.737639,-4.449762,0.5466703,1.262361,0.5502383
23,3,2,35,1,0.0349,0.630596,LR,0,45,0.5584522,-1.732369,-4.449762,0.5584522,1.267631,0.5502383
23,3,2,35,1,0.0349,0.630596,LR,0,46,0.5724497,-1.732884,-4.449762,0.5724497,1.267116,0.5502383
23,3,2,35,1,0.0349,0.630596,LR,0,47,0.5854594,-1.738959,-4.449762,0.5854594,1.261041,0.5502383
23,3,2,35,1,0.0349,0.630596,LR,0,48,0.5975745,-1.747854,-4.449762,0.5975745,1.252146,0.5502383
23,3,2,35,1,0.0349,0.630596,LR,0,49,0.6086168,-1.755463,-4.449762,0.6086168,1.244537,0.5502383
23,3,2,35,1,0.0349,0.630596,LR,0,50,0.6197422,-1.76144,-4.449762,0.6197422,1.23856,0.5502383
23,3,2,35,1,0.0349,0.630596,LR,0,51,0.6289591,-1.766739,-4.449762,0.6289591,1.233261,0.5502383
23,3,2,35,1,0.0349,0.630596,LR,0,52,0.6379856,-1.774905,-4.449762,0.6379856,1.225095,0.5502383
23,3,2,25,1,0.0349,0.443388,RL,0,0,-0.5382382,-1.805556,-4.450695,0.5382382,1.194444,0.5493051
23,3,2,25,1,0.0349,0.443388,RL,0,1,-0.5277392,-1.812078,-4.450695,0.5277392,1.187922,0.5493051
23,3,2,25,1,0.0349,0.443388,RL,0,2,-0.5157455,-1.816884,-4.450695,0.5157455,1.183116,0.5493051
23,3,2,25,1,0.0349,0.443388,RL,0,3,-0.5064135,-1.820542,-4.450695,0.5064135,1.179458,0.5493051
23,3,2,25,1,0.0349,0.443388,RL,0,4,-0.4960616,-1.82561,-4.450695,0.4960616,1.17439,0.5493051
23,3,2,25,1,0.0349,0.443388,RL,0,5,-0.4840401,-1.829228,-4.450695,0.4840401,1.170772,0.5493051
23,3,2,25,1,0.0349,0.443388,RL,0,6,-0.4733125,-1.830503,-4.450695,0.4733125,1.169497,0.5493051
23,3,2,25,1,0.0349,0.443388,RL,0,7,-0.4570917,-1.823031,-4.450695,0.4570917,1.176969,0.5493051
23,3,2,25,1,0.0349,0.443388,RL,0,8,-0.443921,-1.817561,-4.450695,0.443921,1.182439,0.5493051
23,3,2,25,1,0.0349,0.443388,RL,0,9,-0.432666,-1.811146,-4.450695,0.432666,1.188854,0.5493051
23,3,2,25,1,0.0349,0.443388,RL,0,10,-0.4187658,-1.798039,-4.450695,0.4187658,1.201961,0.5493051
23,3,2,25,1,0.0349,0.443388,RL,0,11,-0.4046855,-1.787394,-4.450695,0.4046855,1.212606,0.5493051
23,3,2,25,1,0.0349,0.443388,RL,0,12,-0.3973417,-1.777755,-4.450695,0.3973417,1.222245,0.5493051
23,3,2,25,1,0.0349,0.443388,RL,0,13,-0.3892927,-1.770373,-4.450695,0.3892927,1.229627,0.5493051
23,3,2,25,1,0.0349,0.443388,RL,0,14,-0.3747419,-1.770165,-4.450695,0.3747419,1.229835,0.5493051
23,3,2,25,1,0.0349,0.443388,RL,0,15,-0.3538929,-1.776043,-4.450695,0.3538929,1.223957,0.5493051
23,3,2,25,1,0.0349,0.443388,RL,0,16,-0.3388318,-1.785202,-4.450695,0.3388318,1.214798,0.5493051
23,3,2,25,1,0.0349,0.443388,RL,0,17,-0.3251581,-1.791166,-4.450695,0.3251581,1.208834,0.5493051
23,3,2,25,1,0.0349,0.443388,RL,0,18,-0.3142033,-1.798821,-4.450695,0.3142033,1.201179,0.5493051
23,3,2,25,1,0.0349,0.443388,RL,0,19,-0.2963367,-1.809421,-4.450695,0.2963367,1.190579,0.5493051
23,3,2,25,1,0.0349,0.443388,RL,0,20,-0.2842818,-1.815557,-4.450695,0.2842818,1.184443,0.5493051
23,3,2,25,1,0.0349,0.443388,RL,0,21,-0.2681294,-1.82434,-4.450695,0.2681294,1.17566,0.5493051
23,3,2,25,1,0.0349,0.443388,RL,0,22,-0.2540185,-1.829778,-4.450695,0.2540185,1.170222,0.5493051
23,3,2,25,1,0.0349,0.443388,RL,0,23,-0.2391096,-1.832025,-4.450695,0.2391096,1.167975,0.5493051
23,3,2,25,1,0.0349,0.443388,RL,0,24,-0.2241123,-1.830916,-4.450695,0.2241123,1.169084,0.5493051
23,3,2,25,1,0.0349,0.443388,RL,0,25,-0.2139276,-1.828739,-4.450695,0.2139276,1.171261,0.5493051
23,3,2,25,1,0.0349,0.443388,RL,0,26,-0.2032438,-1.82554,-4.450695,0.2032438,1.17446,0.5493051
23,3,2,25,1,0.0349,0.443388,RL,0,27,-0.1953898,-1.817383,-4.450695,0.1953898,1.182617,0.5493051
23,3,2,25,1,0.0349,0.443388,LR,0,0,0.1837133,-1.810307,-4.449947,0.1837133,1.189693,0.5500527
23,3,2,25,1,0.0349,0.443388,LR,0,1,0.1934808,-1.81472,-4.449947,0.1934808,1.18528,0.5500527
23,3,2,25,1,0.0349,0.443388,LR,0,2,0.2074629,-1.82353,-4.449947,0.2074629,1.17647,0.5500527
23,3,2,25,1,0.0349,0.443388,LR,0,3,0.2175736,-1.826264,-4.449947,0.2175736,1.173736,0.5500527
23,3,2,25,1,0.0349,0.443388,LR,0,4,0.2288386,-1.834056,-4.449947,0.2288386,1.165944,0.5500527
23,3,2,25,1,0.0349,0.443388,LR,0,5,0.2413362,-1.835342,-4.449947,0.2413362,1.164658,0.5500527
23,3,2,25,1,0.0349,0.443388,LR,0,6,0.256439,-1.828644,-4.449947,0.256439,1.171356,0.5500527
23,3,2,25,1,0.0349,0.443388,LR,0,7,0.2716876,-1.818909,-4.449947,0.2716876,1.181091,0.5500527
23,3,2,25,1,0.0349,0.443388,LR,0,8,0.2874217,-1.809629,-4.449947,0.2874217,1.190371,0.5500527
23,3,2,25,1,0.0349,0.443388,LR,0,9,0.3009162,-1.796993,-4.449947,0.3009162,1.203007,0.5500527
23,3,2,25,1,0.0349,0.443388,LR,0,10,0.3103826,-1.790104,-4.449947,0.3103826,1.209896,0.5500527
23,3,2,25,1,0.0349,0.443388,LR,0,11,0.3240834,-1.781524,-4.449947,0.3240834,1.218476,0.5500527
23,3,2,25,1,0.0349,0.443388,LR,0,12,0.3385589,-1.771863,-4.449947,0.3385589,1.228137,0.5500527
23,3,2,25,1,0.0349,0.443388,LR,0,13,0.3505403,-1.761474,-4.449947,0.3505403,1.238526,0.5500527
23,3,2,25,1,0.0349,0.443388,LR,0,14,0.3650286,-1.757268,-4.449947,0.3650286,1.242732,0.5500527
23,3,2,25,1,0.0349,0.443388,LR,0,15,0.3752827,-1.763405,-4.449947,0.3752827,1.236595,0.5500527
23,3,2,25,1,0.0349,0.443388,LR,0,16,0.3858317,-1.772524,-4.449947,0.3858317,1.227476,0.5500527
23,3,2,25,1,0.0349,0.443388,LR,0,17,0.4002483,-1.785304,-4.449947,0.4002483,1.214696,0.5500527
23,3,2,25,1,0.0349,0.443388,LR,0,18,0.4130286,-1.798184,-4.449947,0.4130286,1.201816,0.5500527
23,3,2,25,1,0.0349,0.443388,LR,0,19,0.422491,-1.805317,-4.449947,0.422491,1.194683,0.5500527
23,3,2,25,1,0.0349,0.443388,LR,0,20,0.436905,-1.811258,-4.449947,0.436905,1.188742,0.5500527
23,3,2,25,1,0.0349,0.443388,LR,0,21,0.4470704,-1.813645,-4.449947,0.4470704,1.186355,0.5500527
23,3,2,25,1,0.0349,0.443388,LR,0,22,0.458883,-1.820133,-4.449947,0.458883,1.179867,0.5500527
23,3,2,25,1,0.0349,0.443388,LR,0,23,0.4677463,-1.826009,-4.449947,0.4677463,1.173991,0.5500527
23,3,2,25,1,0.0349,0.443388,LR,0,24,0.4828809,-1.829615,-4.449947,0.4828809,1.170385,0.5500527
23,3,2,25,1,0.0349,0.443388,LR,0,25,0.4965593,-1.828866,-4.449947,0.4965593,1.171134,0.5500527
23,3,2,25,1,0.0349,0.443388,LR,0,26,0.5138786,-1.821683,-4.449947,0.5138786,1.178317,0.5500527
23,3,2,25,1,0.0349,0.443388,LR,0,27,0.5318918,-1.812443,-4.449947,0.5318918,1.187557,0.5500527
23,3,2,35,1,0.0349,0.630596,RL,0,0,-0.6249689,-1.807336,-4.450766,0.6249689,1.192664,0.5492339
23,3,2,35,1,0.0349,0.630596,RL,0,1,-0.614966,-1.798535,-4.450766,0.614966,1.201465,0.5492339
23,3,2,35,1,0.0349,0.630596,RL,0,2,-0.6005575,-1.793247,-4.450766,0.6005575,1.206753,0.5492339
23,3,2,35,1,0.0349,0.630596,RL,0,3,-0.587983,-1.781716,-4.450766,0.587983,1.218284,0.5492339
23,3,2,35,1,0.0349,0.630596,RL,0,4,-0.5715431,-1.772557,-4.450766,0.5715431,1.227443,0.5492339
23,3,2,35,1,0.0349,0.630596,RL,0,5,-0.5617219,-1.767117,-4.450766,0.5617219,1.232883,0.5492339
23,3,2,35,1,0.0349,0.630596,RL,0,6,-0.5449843,-1.761897,-4.450766,0.5449843,1.238103,0.5492339
23,3,2,35,1,0.0349,0.630596,RL,0,7,-0.5246671,-1.762292,-4.450766,0.5246671,1.237708,0.5492339
23,3,2,35,1,0.0349,0.630596,RL,0,8,-0.5137486,-1.762022,-4.450766,0.5137486,1.237978,0.5492339
23,3,2,35,1,0.0349,0.630596,RL,0,9,-0.5040635,-1.770373,-4.450766,0.5040635,1.229627,0.5492339
23,3,2,35,1,0.0349,0.630596,RL,0,10,-0.4953638,-1.778095,-4.450766,0.4953638,1.221905,0.5492339
23,3,2,35,1,0.0349,0.630596,RL,0,11,-0.4753558,-1.79299,-4.450766,0.4753558,1.20701,0.5492339
23,3,2,35,1,0.0349,0.630596,RL,0,12,-0.4652312,-1.807225,-4.450766,0.4652312,1.192775,0.5492339
23,3,2,35,1,0.0349,0.630596,RL,0,13,-0.4544015,-1.818674,-4.450766,0.4544015,1.181326,0.5492339
23,3,2,35,1,0.0349,0.630596,RL,0,14,-0.4493715,-1.827921,-4.450766,0.4493715,1.172079,0.5492339
23,3,2,35,1,0.0349,0.630596,RL,0,15,-0.4291126,-1.837956,-4.450766,0.4291126,1.162044,0.5492339
23,3,2,35,1,0.0349,0.630596,RL,0,16,-0.4181056,-1.841714,-4.450766,0.4181056,1.158286,0.5492339
23,3,2,35,1,0.0349,0.630596,RL,0,17,-0.4038206,-1.839962,-4.450766,0.4038206,1.160038,0.5492339
23,3,2,35,1,0.0349,0.630596,RL,0,18,-0.3937479,-1.832906,-4.450766,0.3937479,1.167094,0.5492339
23,3,2,35,1,0.0349,0.630596,RL,0,19,-0.3819782,-1.822086,-4.450766,0.3819782,1.177914,0.5492339
23,3,2,35,1,0.0349,0.630596,RL,0,20,-0.3725648,-1.814231,-4.450766,0.3725648,1.185769,0.5492339
23,3,2,35,1,0.0349,0.630596,RL,0,21,-0.3566851,-1.800773,-4.450766,0.3566851,1.199227,0.5492339
23,3,2,35,1,0.0349,0.630596,RL,0,22,-0.3409729,-1.79134,-4.450766,0.3409729,1.20866,0.5492339
23,3,2,35,1,0.0349,0.630596,RL,0,23,-0.3337929,-1.78432,-4.450766,0.3337929,1.21568,0.5492339
23,3,2,35,1,0.0349,0.630596,RL,0,24,-0.3220116,-1.7733,-4.450766,0.3220116,1.2267,0.5492339
23,3,2,35,1,0.0349,0.630596,RL,0,25,-0.3080752,-1.762552,-4.450766,0.3080752,1.237448,0.5492339
23,3,2,35,1,0.0349,0.630596,RL,0,26,-0.2964334,-1.757388,-4.450766,0.2964334,1.242612,0.5492339
23,3,2,35,1,0.0349,0.630596,RL,0,27,-0.2696429,-1.765969,-4.450766,0.2696429,1.234031,0.5492339
23,3,2,35,1,0.0349,0.630596,RL,0,28,-0.2599148,-1.771975,-4.450766,0.2599148,1.228025,0.5492339
23,3,2,35,1,0.0349,0.630596,RL,0,29,-0.2488917,-1.777803,-4.450766,0.2488917,1.222197,0.5492339
23,3,2,35,1,0.0349,0.630596,RL,0,30,-0.2369635,-1.78382,-4.450766,0.2369635,1.21618,0.5492339
23,3,2,35,1,0.0349,0.630596,RL,0,31,-0.2233194,-1.793013,-4.450766,0.2233194,1.206987,0.5492339
23,3,2,35,1,0.0349,0.630596,RL,0,32,-0.2161918,-1.800311,-4.450766,0.2161918,1.199689,0.5492339
23,3,2,35,1,0.0349,0.630596,RL,0,33,-0.2065663,-1.809864,-4.450766,0.2065663,1.190136,0.5492339
23,3,2,35,1,0.0349,0.630596,RL,0,34,-0.1953378,-1.818153,-4.450766,0.1953378,1.181847,0.5492339
23,3,2,35,1,0.0349,0.630596,RL,0,35,-0.1805693,-1.824097,-4.450766,0.1805693,1.175903,0.5492339
23,3,2,35,1,0.0349,0.630596,RL,0,36,-0.1669785,-1.828771,-4.450766,0.1669785,1.171229,0.5492339
23,3,2,35,1,0.0349,0.630596,RL,0,37,-0.1560125,-1.826136,-4.450766,0.1560125,1.173864,0.5492339
23,3,2,35,1,0.0349,0.630596,RL,0,38,-0.1411096,-1.825764,-4.450766,0.1411096,1.174236,0.5492339
23,3,2,35,1,0.0349,0.630596,RL,0,39,-0.1205766,-1.821746,-4.450766,0.1205766,1.178254,0.5492339
23,3,2,25,1,0.0349,0.443388,RL,0,0,-0.08408029,-1.897654,-4.911572,0.08408029,1.102346,0.08842759
23,3,2,25,1,0.0349,0.443388,RL,0,1,-0.07462807,-1.902815,-4.911572,0.07462807,1.097185,0.08842759
23,3,2,25,1,0.0349,0.443388,RL,0,2,-0.06926292,-1.911953,-4.911572,0.06926292,1.088047,0.08842759
23,3,2,25,1,0.0349,0.443388,RL,0,3,-0.06109515,-1.919296,-4.911572,0.06109515,1.080704,0.08842759
23,3,2,25,1,0.0349,0.443388,RL,0,4,-0.05111022,-1.924861,-4.911572,0.05111022,1.075139,0.08842759
23,3,2,25,1,0.0349,0.443388,RL,0,5,-0.0421057,-1.929462,-4.911572,0.0421057,1.070538,0.0884276
23,3,2,25,1,0.0349,0.443388,RL,0,6,-0.03115392,-1.929402,-4.911572,0.03115392,1.070598,0.0884276
23,3,2,25,1,0.0349,0.443388,RL,0,7,-0.02057412,-1.928757,-4.911572,0.02057412,1.071243,0.0884276
23,3,2,25,1,0.0349,0.443388,RL,0,8,-0.008522898,-1.929414,-4.911572,0.008522898,1.070586,0.0884276
23,3,2,25,1,0.0349,0.443388,RL,0,9,0.003233135,-1.926233,-4.911572,-0.003233135,1.073767,0.08842759
23,3,2,25,1,0.0349,0.443388,RL,0,10,0.01174714,-1.916365,-4.911572,-0.01174714,1.083635,0.08842759
23,3,2,25,1,0.0349,0.443388,RL,0,11,0.02269116,-1.916503,-4.911572,-0.02269116,1.083497,0.08842759
23,3,2,25,1,0.0349,0.443388,RL,0,12,0.03203398,-1.908942,-4.911572,-0.03203398,1.091058,0.08842759
23,3,2,25,1,0.0349,0.443388,RL,0,13,0.03852563,-1.900949,-4.911572,-0.03852563,1.099051,0.08842759
23,3,2,25,1,0.0349,0.443388,RL,0,14,0.04546122,-1.890538,-4.911572,-0.04546122,1.109462,0.08842759
23,3,2,25,1,0.0349,0.443388,RL,0,15,0.05387041,-1.88427,-4.911572,-0.05387041,1.11573,0.08842759
23,3,2,25,1,0.0349,0.443388,RL,0,16,0.05912092,-1.875367,-4.911572,-0.05912092,1.124633,0.08842759
23,3,2,25,1,0.0349,0.443388,RL,0,17,0.0698353,-1.86761,-4.911572,-0.0698353,1.13239,0.08842759
23,3,2,25,1,0.0349,0.443388,RL,0,18,0.08211447,-1.865854,-4.911572,-0.08211447,1.134146,0.08842759
23,3,2,25,1,0.0349,0.443388,RL,0,19,0.09241889,-1.864898,-4.911572,-0.09241889,1.135102,0.08842759
23,3,2,25,1,0.0349,0.443388,RL,0,20,0.1049854,-1.86229,-4.911572,-0.1049854,1.13771,0.08842758
23,3,2,25,1,0.0349,0.443388,RL,0,21,0.1151723,-1.862963,-4.911572,-0.1151723,1.137037,0.08842758
23,3,2,25,1,0.0349,0.443388,RL,0,22,0.1256115,-1.869356,-4.911572,-0.1256115,1.130644,0.08842759
23,3,2,25,1,0.0349,0.443388,RL,0,23,0.1399975,-1.874348,-4.911572,-0.1399975,1.125652,0.08842759
23,3,2,25,1,0.0349,0.443388,RL,0,24,0.145493,-1.883886,-4.911572,-0.145493,1.116114,0.08842759
23,3,2,25,1,0.0349,0.443388,RL,0,25,0.1539554,-1.890677,-4.911572,-0.1539554,1.109323,0.08842759
23,3,2,25,1,0.0349,0.443388,RL,0,26,0.1608678,-1.898607,-4.911572,-0.1608678,1.101393,0.08842759
23,3,2,25,1,0.0349,0.443388,RL,0,27,0.1699448,-1.904235,-4.911572,-0.1699448,1.095765,0.08842759
23,3,2,25,1,0.0349,0.443388,RL,0,28,0.1708668,-1.915509,-4.911572,-0.1708668,1.084491,0.08842759
23,3,2,25,1,0.0349,0.443388,RL,0,29,0.1827389,-1.921558,-4.911572,-0.1827389,1.078442,0.08842759
23,3,2,25,1,0.0349,0.443388,RL,0,30,0.1935463,-1.922867,-4.911572,-0.1935463,1.077133,0.08842759
23,3,2,25,1,0.0349,0.443388,RL,0,31,0.2044734,-1.927449,-4.911572,-0.2044734,1.072551,0.0884276
23,3,2,25,1,0.0349,0.443388,RL,0,32,0.2144209,-1.925857,-4.911572,-0.2144209,1.074143,0.08842759
23,3,2,25,1,0.0349,0.443388,RL,0,33,0.2254402,-1.926253,-4.911572,-0.2254402,1.073747,0.08842759
23,3,2,25,1,0.0349,0.443388,RL,0,34,0.2358509,-1.926192,-4.911572,-0.2358509,1.073808,0.08842759
23,3,2,25,1,0.0349,0.443388,RL,0,35,0.2464978,-1.92746,-4.911572,-0.2464978,1.07254,0.0884276
23,3,2,25,1,0.0349,0.443388,RL,0,36,0.2585948,-1.92585,-4.911572,-0.2585948,1.07415,0.08842759
23,3,2,25,1,0.0349,0.443388,RL,0,37,0.2701396,-1.926356,-4.911572,-0.2701396,1.073644,0.08842759
23,3,2,25,1,0.0349,0.443388,LR,0,0,-0.2854181,-1.904862,-4.911605,-0.2854181,1.095138,0.08839492
23,3,2,25,1,0.0349,0.443388,LR,0,1,-0.2783446,-1.912238,-4.911605,-0.2783446,1.087762,0.08839492
23,3,2,25,1,0.0349,0.443388,LR,0,2,-0.2669533,-1.913734,-4.911605,-0.2669533,1.086266,0.08839492
23,3,2,25,1,0.0349,0.443388,LR,0,3,-0.2571727,-1.916417,-4.911605,-0.2571727,1.083583,0.08839492
23,3,2,25,1,0.0349,0.443388,LR,0,4,-0.243783,-1.918626,-4.911605,-0.243783,1.081374,0.08839492
23,3,2,25,1,0.0349,0.443388,LR,0,5,-0.2320337,-1.916321,-4.911605,-0.2320337,1.083679,0.08839492
23,3,2,25,1,0.0349,0.443388,LR,0,6,-0.2185032,-1.911541,-4.911605,-0.2185032,1.088459,0.08839492
23,3,2,25,1,0.0349,0.443388,LR,0,7,-0.2062138,-1.910144,-4.911605,-0.2062138,1.089856,0.08839492
23,3,2,25,1,0.0349,0.443388,LR,0,8,-0.1954309,-1.905436,-4.911605,-0.1954309,1.094564,0.08839492
23,3,2,25,1,0.0349,0.443388,LR,0,9,-0.1851242,-1.899148,-4.911605,-0.1851242,1.100852,0.08839492
23,3,2,25,1,0.0349,0.443388,LR,0,10,-0.1723163,-1.893986,-4.911605,-0.1723163,1.106014,0.08839492
23,3,2,25,1,0.0349,0.443388,LR,0,11,-0.1614411,-1.89274,-4.911605,-0.1614411,1.10726,0.08839492
23,3,2,25,1,0.0349,0.443388,LR,0,12,-0.1516141,-1.885223,-4.911605,-0.1516141,1.114777,0.08839492
23,3,2,25,1,0.0349,0.443388,LR,0,13,-0.1403457,-1.88369,-4.911605,-0.1403457,1.11631,0.08839492
23,3,2,25,1,0.0349,0.443388,LR,0,14,-0.12876,-1.879231,-4.911605,-0.12876,1.120769,0.08839492
23,3,2,25,1,0.0349,0.443388,LR,0,15,-0.1198355,-1.873494,-4.911605,-0.1198355,1.126506,0.08839492
23,3,2,25,1,0.0349,0.443388,LR,0,16,-0.1089019,-1.869332,-4.911605,-0.1089019,1.130668,0.08839492
23,3,2,25,1,0.0349,0.443388,LR,0,17,-0.09981159,-1.864429,-4.911605,-0.09981159,1.135571,0.08839492
23,3,2,25,1,0.0349,0.443388,LR,0,18,-0.08881778,-1.866948,-4.911605,-0.08881778,1.133052,0.08839492
23,3,2,25,1,0.0349,0.443388,LR,0,19,-0.08020031,-1.874258,-4.911605,-0.08020031,1.125742,0.08839492
23,3,2,25,1,0.0349,0.443388,LR,0,20,-0.0729619,-1.882959,-4.911605,-0.0729619,1.117041,0.08839492
23,3,2,25,1,0.0349,0.443388,LR,0,21,-0.06691474,-1.892802,-4.911605,-0.06691474,1.107198,0.08839492
23,3,2,25,1,0.0349,0.443388,LR,0,22,-0.05664244,-1.897617,-4.911605,-0.05664244,1.102383,0.08839492
23,3,2,25,1,0.0349,0.443388,LR,0,23,-0.04509931,-1.901761,-4.911605,-0.04509931,1.098239,0.08839492
23,3,2,25,1,0.0349,0.443388,LR,0,24,-0.03413042,-1.904224,-4.911605,-0.03413042,1.095776,0.08839492
23,3,2,25,1,0.0349,0.443388,LR,0,25,-0.02225538,-1.909937,-4.911605,-0.02225538,1.090063,0.08839492
23,3,2,25,1,0.0349,0.443388,LR,0,26,-0.009846918,-1.913257,-4.911605,-0.009846918,1.086743,0.08839492
23,3,2,25,1,0.0349,0.443388,LR,0,27,0.003107034,-1.91553,-4.911605,0.003107034,1.08447,0.08839492
23,3,2,25,1,0.0349,0.443388,LR,0,28,0.01361064,-1.91967,-4.911605,0.01361064,1.08033,0.08839492
23,3,2,25,1,0.0349,0.443388,LR,0,29,0.02407274,-1.92023,-4.911605,0.02407274,1.07977,0.08839492
23,3,2,25,1,0.0349,0.443388,LR,0,30,0.03731687,-1.918652,-4.911605,0.03731687,1.081348,0.08839492
23,3,2,25,1,0.0349,0.443388,LR,0,31,0.0474231,-1.914067,-4.911605,0.0474231,1.085933,0.08839492
23,3,2,25,1,0.0349,0.443388,LR,0,32,0.05789409,-1.91145,-4.911605,0.05789409,1.08855,0.08839492
23,3,2,25,1,0.0349,0.443388,LR,0,33,0.07003687,-1.903824,-4.911605,0.07003687,1.096176,0.08839492
23,3,2,25,1,0.0349,0.443388,RL,0,0,-0.08497849,-1.903676,-4.910737,0.08497849,1.096324,0.08926301
23,3,2,25,1,0.0349,0.443388,RL,0,1,-0.07360426,-1.910151,-4.910737,0.07360426,1.089849,0.08926301
23,3,2,25,1,0.0349,0.443388,RL,0,2,-0.0601704,-1.916267,-4.910737,0.0601704,1.083733,0.08926301
23,3,2,25,1,0.0349,0.443388,RL,0,3,-0.04775828,-1.917551,-4.910737,0.04775828,1.082449,0.08926301
23,3,2,25,1,0.0349,0.443388,RL,0,4,-0.03396966,-1.920486,-4.910737,0.03396966,1.079514,0.08926301
23,3,2,25,1,0.0349,0.443388,RL,0,5,-0.02289127,-1.918989,-4.910737,0.02289127,1.081011,0.08926301
23,3,2,25,1,0.0349,0.443388,RL,0,6,-0.006995611,-1.916377,-4.910737,0.006995611,1.083623,0.08926301
23,3,2,25,1,0.0349,0.443388,RL,0,7,0.009085745,-1.909986,-4.910737,-0.009085745,1.090014,0.08926301
23,3,2,25,1,0.0349,0.443388,RL,0,8,0.0294216,-1.9034,-4.910737,-0.0294216,1.0966,0.08926301
23,3,2,25,1,0.0349,0.443388,RL,0,9,0.04269433,-1.899015,-4.910737,-0.04269433,1.100985,0.08926301
23,3,2,25,1,0.0349,0.443388,RL,0,10,0.06008894,-1.888103,-4.910737,-0.06008894,1.111897,0.08926301
23,3,2,25,1,0.0349,0.443388,RL,0,11,0.07065753,-1.87846,-4.910737,-0.07065753,1.12154,0.08926301
23,3,2,25,1,0.0349,0.443388,RL,0,12,0.07982455,-1.872447,-4.910737,-0.07982455,1.127553,0.08926301
23,3,2,25,1,0.0349,0.443388,RL,0,13,0.0896744,-1.866597,-4.910737,-0.0896744,1.133403,0.08926301
23,3,2,25,1,0.0349,0.443388,RL,0,14,0.1019241,-1.861897,-4.910737,-0.1019241,1.138103,0.089263
23,3,2,25,1,0.0349,0.443388,RL,0,15,0.1153657,-1.860425,-4.910737,-0.1153657,1.139575,0.089263
23,3,2,25,1,0.0349,0.443388,RL,0,16,0.1257657,-1.861602,-4.910737,-0.1257657,1.138398,0.089263
23,3,2,25,1,0.0349,0.443388,RL,0,17,0.1362703,-1.87391,-4.910737,-0.1362703,1.12609,0.08926301
23,3,2,25,1,0.0349,0.443388,RL,0,18,0.1415235,-1.887233,-4.910737,-0.1415235,1.112767,0.08926301
23,3,2,25,1,0.0349,0.443388,RL,0,19,0.1531934,-1.896515,-4.910737,-0.1531934,1.103485,0.08926301
23,3,2,25,1,0.0349,0.443388,RL,0,20,0.164186,-1.905241,-4.910737,-0.164186,1.094759,0.08926301
23,3,2,25,1,0.0349,0.443388,RL,0,21,0.1748762,-1.910005,-4.910737,-0.1748762,1.089995,0.08926301
23,3,2,25,1,0.0349,0.443388,RL,0,22,0.1857438,-1.916354,-4.910737,-0.1857438,1.083646,0.08926301
23,3,2,25,1,0.0349,0.443388,RL,0,23,0.1974017,-1.920756,-4.910737,-0.1974017,1.079244,0.08926301
23,3,2,25,1,0.0349,0.443388,RL,0,24,0.210012,-1.925987,-4.910737,-0.210012,1.074013,0.08926301
23,3,2,25,1,0.0349,0.443388,RL,0,25,0.231261,-1.92947,-4.910737,-0.231261,1.07053,0.08926301
23,3,2,25,1,0.0349,0.443388,RL,0,26,0.2471195,-1.928254,-4.910737,-0.2471195,1.071746,0.08926301
23,3,2,25,1,0.0349,0.443388,RL,0,27,0.2643434,-1.925016,-4.910737,-0.2643434,1.074984,0.08926301
23,3,2,25,1,0.0349,0.443388,RL,0,0,-0.1486509,-1.910903,-4.048224,0.1486509,1.089097,0.9517755
23,3,2,25,1,0.0349,0.443388,RL,0,1,-0.1373322,-1.917443,-4.048224,0.1373322,1.082557,0.9517755
23,3,2,25,1,0.0349,0.443388,RL,0,2,-0.1242666,-1.927537,-4.048224,0.1242666,1.072463,0.9517755
23,3,2,25,1,0.0349,0.443388,RL,0,3,-0.1141255,-1.931702,-4.048224,0.1141255,1.068298,0.9517755
23,3,2,25,1,0.0349,0.443388,RL,0,4,-0.09887858,-1.932972,-4.048224,0.09887858,1.067028,0.9517755
23,3,2,25,1,0.0349,0.443388,RL,0,5,-0.08713993,-1.935384,-4.048224,0.08713993,1.064616,0.9517755
23,3,2,25,1,0.0349,0.443388,RL,0,6,-0.07647826,-1.937142,-4.048224,0.07647826,1.062858,0.9517755
23,3,2,25,1,0.0349,0.443388,RL,0,7,-0.06545293,-1.941696,-4.048224,0.06545293,1.058304,0.9517755
23,3,2,25,1,0.0349,0.443388,RL,0,8,-0.05329014,-1.938687,-4.048224,0.05329014,1.061313,0.9517755
23,3,2,25,1,0.0349,0.443388,RL,0,9,-0.04262152,-1.932278,-4.048224,0.04262152,1.067722,0.9517755
23,3,2,25,1,0.0349,0.443388,RL,0,10,-0.03020238,-1.919978,-4.048224,0.03020238,1.080022,0.9517755
23,3,2,25,1,0.0349,0.443388,RL,0,11,-0.02107186,-1.905603,-4.048224,0.02107186,1.094397,0.9517755
23,3,2,25,1,0.0349,0.443388,RL,0,12,-0.01163513,-1.894523,-4.048224,0.01163513,1.105477,0.9517755
23,3,2,25,1,0.0349,0.443388,RL,0,13,-0.004324168,-1.88708,-4.048224,0.004324168,1.11292,0.9517755
23,3,2,25,1,0.0349,0.443388,RL,0,14,0.004067246,-1.881541,-4.048224,-0.004067246,1.118459,0.9517755
23,3,2,25,1,0.0349,0.443388,RL,0,15,0.01287884,-1.875977,-4.048224,-0.01287884,1.124023,0.9517755
23,3,2,25,1,0.0349,0.443388,RL,0,16,0.02320776,-1.871885,-4.048224,-0.02320776,1.128115,0.9517755
23,3,2,25,1,0.0349,0.443388,RL,0,17,0.033276,-1.867824,-4.048224,-0.033276,1.132176,0.9517755
23,3,2,25,1,0.0349,0.443388,RL,0,18,0.04649223,-1.865563,-4.048224,-0.04649223,1.134437,0.9517755
23,3,2,25,1,0.0349,0.443388,RL,0,19,0.059575,-1.870165,-4.048224,-0.059575,1.129835,0.9517755
23,3,2,25,1,0.0349,0.443388,RL,0,20,0.07166242,-1.875702,-4.048224,-0.07166242,1.124298,0.9517755
23,3,2,25,1,0.0349,0.443388,RL,0,21,0.08455104,-1.883783,-4.048224,-0.08455104,1.116217,0.9517755
23,3,2,25,1,0.0349,0.443388,RL,0,22,0.09768759,-1.891933,-4.048224,-0.09768759,1.108067,0.9517755
23,3,2,25,1,0.0349,0.443388,RL,0,23,0.1079323,-1.899266,-4.048224,-0.1079323,1.100734,0.9517755
23,3,2,25,1,0.0349,0.443388,RL,0,24,0.1151111,-1.912028,-4.048224,-0.1151111,1.087972,0.9517755
23,3,2,25,1,0.0349,0.443388,RL,0,25,0.1216436,-1.921171,-4.048224,-0.1216436,1.078829,0.9517755
23,3,2,25,1,0.0349,0.443388,RL,0,26,0.1286185,-1.928782,-4.048224,-0.1286185,1.071218,0.9517755
23,3,2,25,1,0.0349,0.443388,RL,0,27,0.1398189,-1.939981,-4.048224,-0.1398189,1.060019,0.9517755
23,3,2,25,1,0.0349,0.443388,RL,0,28,0.1495391,-1.94244,-4.048224,-0.1495391,1.05756,0.9517755
23,3,2,25,1,0.0349,0.443388,RL,0,29,0.1659735,-1.938854,-4.048224,-0.1659735,1.061146,0.9517755
23,3,2,25,1,0.0349,0.443388,RL,0,30,0.1771064,-1.935845,-4.048224,-0.1771064,1.064155,0.9517755
23,3,2,25,1,0.0349,0.443388,RL,0,31,0.1968493,-1.921847,-4.048224,-0.1968493,1.078153,0.9517755
23,3,2,25,1,0.0349,0.443388,RL,0,32,0.2068342,-1.913312,-4.048224,-0.2068342,1.086688,0.9517755
23,3,2,25,1,0.0349,0.443388,LR,0,0,-0.2216449,-1.907804,-4.048141,-0.2216449,1.092196,0.9518591
23,3,2,25,1,0.0349,0.443388,LR,0,1,-0.2128734,-1.91485,-4.048141,-0.2128734,1.08515,0.9518591
23,3,2,25,1,0.0349,0.443388,LR,0,2,-0.2030413,-1.919904,-4.048141,-0.2030413,1.080096,0.9518591
23,3,2,25,1,0.0349,0.443388,LR,0,3,-0.1924414,-1.923669,-4.048141,-0.1924414,1.076331,0.9518591
23,3,2,25,1,0.0349,0.443388,LR,0,4,-0.1816081,-1.923555,-4.048141,-0.1816081,1.076445,0.9518591
23,3,2,25,1,0.0349,0.443388,LR,0,5,-0.1689619,-1.92309,-4.048141,-0.1689619,1.07691,0.9518591
23,3,2,25,1,0.0349,0.443388,LR,0,6,-0.1515738,-1.923274,-4.048141,-0.1515738,1.076726,0.9518591
23,3,2,25,1,0.0349,0.443388,LR,0,7,-0.1383912,-1.921699,-4.048141,-0.1383912,1.078301,0.9518591
23,3,2,25,1,0.0349,0.443388,LR,0,8,-0.1208261,-1.916725,-4.048141,-0.1208261,1.083275,0.9518591
23,3,2,25,1,0.0349,0.443388,LR,0,9,-0.1086029,-1.908248,-4.048141,-0.1086029,1.091752,0.9518591
23,3,2,25,1,0.0349,0.443388,LR,0,10,-0.09930266,-1.90279,-4.048141,-0.09930266,1.09721,0.9518591
23,3,2,25,1,0.0349,0.443388,LR,0,11,-0.09084417,-1.89409,-4.048141,-0.09084417,1.10591,0.9518591
23,3,2,25,1,0.0349,0.443388,LR,0,12,-0.08267017,-1.884365,-4.048141,-0.08267017,1.115635,0.9518591
23,3,2,25,1,0.0349,0.443388,LR,0,13,-0.06794951,-1.875081,-4.048141,-0.06794951,1.124919,0.9518591
23,3,2,25,1,0.0349,0.443388,LR,0,14,-0.0579157,-1.870874,-4.048141,-0.0579157,1.129126,0.9518591
23,3,2,25,1,0.0349,0.443388,LR,0,15,-0.04306674,-1.866224,-4.048141,-0.04306674,1.133776,0.9518591
23,3,2,25,1,0.0349,0.443388,LR,0,16,-0.02327403,-1.871229,-4.048141,-0.02327403,1.128771,0.9518591
23,3,2,25,1,0.0349,0.443388,LR,0,17,-0.01348587,-1.882276,-4.048141,-0.01348587,1.117724,0.9518591
23,3,2,25,1,0.0349,0.443388,LR,0,18,-0.003581785,-1.894202,-4.048141,-0.003581785,1.105798,0.9518591
23,3,2,25,1,0.0349,0.443388,LR,0,19,0.003589399,-1.901248,-4.048141,0.003589399,1.098752,0.9518591
23,3,2,25,1,0.0349,0.443388,LR,0,20,0.01869135,-1.908249,-4.048141,0.01869135,1.091751,0.9518591
23,3,2,25,1,0.0349,0.443388,LR,0,21,0.03037058,-1.912197,-4.048141,0.03037058,1.087803,0.9518591
23,3,2,25,1,0.0349,0.443388,LR,0,22,0.04375514,-1.91589,-4.048141,0.04375514,1.08411,0.9518591
23,3,2,25,1,0.0349,0.443388,LR,0,23,0.05515971,-1.918091,-4.048141,0.05515971,1.081909,0.9518591
23,3,2,25,1,0.0349,0.443388,LR,0,24,0.06991822,-1.919418,-4.048141,0.06991822,1.080582,0.9518591
23,3,2,25,1,0.0349,0.443388,LR,0,25,0.08590642,-1.919263,-4.048141,0.08590642,1.080737,0.9518591
23,3,2,25,1,0.0349,0.443388,LR,0,26,0.1016817,-1.916714,-4.048141,0.1016817,1.083286,0.9518591
23,3,2,25,1,0.0349,0.443388,LR,0,27,0.1153584,-1.911504,-4.048141,0.1153584,1.088496,0.9518591
23,3,2,25,1,0.0349,0.443388,LR,0,28,0.1274251,-1.906374,-4.048141,0.1274251,1.093626,0.9518591
23,3,2,35,1,0.0349,0.630596,RL,0,0,-0.2181335,-1.921443,-4.048277,0.2181335,1.078557,0.9517228
23,3,2,35,1,0.0349,0.630596,RL,0,1,-0.2043317,-1.911126,-4.048277,0.2043317,1.088874,0.9517228
23,3,2,35,1,0.0349,0.630596,RL,0,2,-0.1963099,-1.902936,-4.048277,0.1963099,1.097064,0.9517228
23,3,2,35,1,0.0349,0.630596,RL,0,3,-0.1899867,-1.894437,-4.048277,0.1899867,1.105563,0.9517228
23,3,2,35,1,0.0349,0.630596,RL,0,4,-0.1802686,-1.886624,-4.048277,0.1802686,1.113376,0.9517228
23,3,2,35,1,0.0349,0.630596,RL,0,5,-0.1708698,-1.879758,-4.048277,0.1708698,1.120242,0.9517228
23,3,2,35,1,0.0349,0.630596,RL,0,6,-0.1609564,-1.877459,-4.048277,0.1609564,1.122541,0.9517228
23,3,2,35,1,0.0349,0.630596,RL,0,7,-0.1446286,-1.872035,-4.048277,0.1446286,1.127965,0.9517228
23,3,2,35,1,0.0349,0.630596,RL,0,8,-0.1332509,-1.873149,-4.048277,0.1332509,1.126851,0.9517228
23,3,2,35,1,0.0349,0.630596,RL,0,9,-0.1187436,-1.874053,-4.048277,0.1187436,1.125947,0.9517228
23,3,2,35,1,0.0349,0.630596,RL,0,10,-0.1036982,-1.879367,-4.048277,0.1036982,1.120633,0.9517228
23,3,2,35,1,0.0349,0.630596,RL,0,11,-0.09468232,-1.884565,-4.048277,0.09468232,1.115435,0.9517228
23,3,2,35,1,0.0349,0.630596,RL,0,12,-0.0855362,-1.89068,-4.048277,0.0855362,1.10932,0.9517228
23,3,2,35,1,0.0349,0.630596,RL,0,13,-0.07633466,-1.900513,-4.048277,0.07633466,1.099487,0.9517228
23,3,2,35,1,0.0349,0.630596,RL,0,14,-0.06550498,-1.909468,-4.048277,0.06550498,1.090532,0.9517228
23,3,2,35,1,0.0349,0.630596,RL,0,15,-0.05613566,-1.916857,-4.048277,0.05613566,1.083143,0.9517228
23,3,2,35,1,0.0349,0.630596,RL,0,16,-0.04418927,-1.92158,-4.048277,0.04418927,1.07842,0.9517228
23,3,2,35,1,0.0349,0.630596,RL,0,17,-0.03078166,-1.921067,-4.048277,0.03078166,1.078933,0.9517228
23,3,2,35,1,0.0349,0.630596,RL,0,18,-0.0208078,-1.919913,-4.048277,0.0208078,1.080087,0.9517228
23,3,2,35,1,0.0349,0.630596,RL,0,19,-0.007067528,-1.919932,-4.048277,0.007067528,1.080068,0.9517228
23,3,2,35,1,0.0349,0.630596,RL,0,20,0.003298171,-1.922657,-4.048277,-0.003298171,1.077343,0.9517228
23,3,2,35,1,0.0349,0.630596,RL,0,21,0.01340542,-1.922564,-4.048277,-0.01340542,1.077436,0.9517228
23,3,2,35,1,0.0349,0.630596,RL,0,22,0.02349577,-1.921988,-4.048277,-0.02349577,1.078012,0.9517228
23,3,2,35,1,0.0349,0.630596,RL,0,23,0.03248774,-1.916936,-4.048277,-0.03248774,1.083064,0.9517228
23,3,2,35,1,0.0349,0.630596,RL,0,24,0.0452828,-1.901596,-4.048277,-0.0452828,1.098404,0.9517228
23,3,2,35,1,0.0349,0.630596,RL,0,25,0.05857631,-1.889212,-4.048277,-0.05857631,1.110788,0.9517228
23,3,2,35,1,0.0349,0.630596,RL,0,26,0.07013022,-1.881565,-4.048277,-0.07013022,1.118435,0.9517228
23,3,2,35,1,0.0349,0.630596,RL,0,27,0.07913524,-1.876043,-4.048277,-0.07913524,1.123957,0.9517228
23,3,2,35,1,0.0349,0.630596,RL,0,28,0.09628147,-1.871266,-4.048277,-0.09628147,1.128734,0.9517228
23,3,2,35,1,0.0349,0.630596,RL,0,29,0.110058,-1.868106,-4.048277,-0.110058,1.131894,0.9517228
23,3,2,35,1,0.0349,0.630596,RL,0,30,0.123034,-1.86751,-4.048277,-0.123034,1.13249,0.9517228
23,3,2,35,1,0.0349,0.630596,RL,0,31,0.1350381,-1.870211,-4.048277,-0.1350381,1.129789,0.9517228
23,3,2,35,1,0.0349,0.630596,RL,0,32,0.1470761,-1.873248,-4.048277,-0.1470761,1.126752,0.9517228
23,3,2,35,1,0.0349,0.630596,RL,0,33,0.1583572,-1.877941,-4.048277,-0.1583572,1.122059,0.9517228
23,3,2,35,1,0.0349,0.630596,RL,0,34,0.1655836,-1.886551,-4.048277,-0.1655836,1.113449,0.9517228
23,3,2,35,1,0.0349,0.630596,RL,0,35,0.1809989,-1.897775,-4.048277,-0.1809989,1.102225,0.9517228
23,3,2,35,1,0.0349,0.630596,RL,0,36,0.1904727,-1.902075,-4.048277,-0.1904727,1.097925,0.9517228
23,3,2,35,1,0.0349,0.630596,RL,0,37,0.1983223,-1.91121,-4.048277,-0.1983223,1.08879,0.9517228
23,3,2,35,1,0.0349,0.630596,RL,0,38,0.2076924,-1.918948,-4.048277,-0.2076924,1.081052,0.9517228
23,3,2,35,1,0.0349,0.630596,RL,0,39,0.2176844,-1.925097,-4.048277,-0.2176844,1.074903,0.9517228
23,3,2,35,1,0.0349,0.630596,RL,0,40,0.2321152,-1.930745,-4.048277,-0.2321152,1.069255,0.9517228
23,3,2,35,1,0.0349,0.630596,RL,0,41,0.2475825,-1.929622,-4.048277,-0.2475825,1.070378,0.9517228
23,3,2,35,1,0.0349,0.630596,RL,0,42,0.2607682,-1.927792,-4.048277,-0.2607682,1.072208,0.9517228
23,3,2,35,1,0.0349,0.630596,RL,0,43,0.2773054,-1.923656,-4.048277,-0.2773054,1.076344,0.9517228
23,3,2,35,1,0.0349,0.630596,RL,0,44,0.2908151,-1.918948,-4.048277,-0.2908151,1.081052,0.9517228
23,3,2,35,1,0.0349,0.630596,LR,0,0,-0.2956409,-1.902006,-4.04824,-0.2956409,1.097994,0.9517599
23,3,2,35,1,0.0349,0.630596,LR,0,1,-0.2809326,-1.909005,-4.04824,-0.2809326,1.090995,0.9517599
23,3,2,35,1,0.0349,0.630596,LR,0,2,-0.2626758,-1.921275,-4.04824,-0.2626758,1.078725,0.9517599
23,3,2,35,1,0.0349,0.630596,LR,0,3,-0.2492395,-1.924419,-4.04824,-0.2492395,1.075581,0.9517599
23,3,2,35,1,0.0349,0.630596,LR,0,4,-0.2331461,-1.92264,-4.04824,-0.2331461,1.07736,0.9517599
23,3,2,35,1,0.0349,0.630596,LR,0,5,-0.223038,-1.923141,-4.04824,-0.223038,1.076859,0.9517599
23,3,2,35,1,0.0349,0.630596,LR,0,6,-0.211302,-1.91974,-4.04824,-0.211302,1.08026,0.9517599
23,3,2,35,1,0.0349,0.630596,LR,0,7,-0.2029117,-1.914234,-4.04824,-0.2029117,1.085766,0.9517599
23,3,2,35,1,0.0349,0.630596,LR,0,8,-0.1903166,-1.905798,-4.04824,-0.1903166,1.094202,0.9517599
23,3,2,35,1,0.0349,0.630596,LR,0,9,-0.1792883,-1.896593,-4.04824,-0.1792883,1.103407,0.9517599
23,3,2,35,1,0.0349,0.630596,LR,0,10,-0.1716656,-1.887224,-4.04824,-0.1716656,1.112776,0.9517599
23,3,2,35,1,0.0349,0.630596,LR,0,11,-0.1594795,-1.880856,-4.04824,-0.1594795,1.119144,0.9517599
23,3,2,35,1,0.0349,0.630596,LR,0,12,-0.1474931,-1.872206,-4.04824,-0.1474931,1.127794,0.9517599
23,3,2,35,1,0.0349,0.630596,LR,0,13,-0.1299878,-1.86808,-4.04824,-0.1299878,1.13192,0.9517599
23,3,2,35,1,0.0349,0.630596,LR,0,14,-0.1201511,-1.863579,-4.04824,-0.1201511,1.136421,0.9517599
23,3,2,35,1,0.0349,0.630596,LR,0,15,-0.1046809,-1.866566,-4.04824,-0.1046809,1.133434,0.9517599
23,3,2,35,1,0.0349,0.630596,LR,0,16,-0.09573129,-1.873373,-4.04824,-0.09573129,1.126627,0.9517599
23,3,2,35,1,0.0349,0.630596,LR,0,17,-0.08768424,-1.883546,-4.04824,-0.08768424,1.116454,0.9517599
23,3,2,35,1,0.0349,0.630596,LR,0,18,-0.07843678,-1.894349,-4.04824,-0.07843678,1.105651,0.9517599
23,3,2,35,1,0.0349,0.630596,LR,0,19,-0.06960072,-1.903161,-4.04824,-0.06960072,1.096839,0.9517599
23,3,2,35,1,0.0349,0.630596,LR,0,20,-0.05772769,-1.91007,-4.04824,-0.05772769,1.08993,0.9517599
23,3,2,35,1,0.0349,0.630596,LR,0,21,-0.04274489,-1.915545,-4.04824,-0.04274489,1.084455,0.9517599
23,3,2,35,1,0.0349,0.630596,LR,0,22,-0.0297056,-1.921284,-4.04824,-0.0297056,1.078716,0.9517599
23,3,2,35,1,0.0349,0.630596,LR,0,23,-0.006422795,-1.926907,-4.04824,-0.006422795,1.073093,0.9517599
23,3,2,35,1,0.0349,0.630596,LR,0,24,0.01759913,-1.925493,-4.04824,0.01759913,1.074507,0.9517599
23,3,2,35,1,0.0349,0.630596,LR,0,25,0.03565744,-1.92075,-4.04824,0.03565744,1.07925,0.9517599
23,3,2,35,1,0.0349,0.630596,LR,0,26,0.04404974,-1.91388,-4.04824,0.04404974,1.08612,0.9517599
23,3,2,35,1,0.0349,0.630596,LR,0,27,0.05081499,-1.904325,-4.04824,0.05081499,1.095675,0.9517599
23,3,2,35,1,0.0349,0.630596,LR,0,28,0.06085886,-1.895963,-4.04824,0.06085886,1.104037,0.9517599
23,3,2,35,1,0.0349,0.630596,LR,0,29,0.07331197,-1.885193,-4.04824,0.07331197,1.114807,0.9517599
23,3,2,35,1,0.0349,0.630596,LR,0,30,0.08591052,-1.877592,-4.04824,0.08591052,1.122408,0.9517599
23,3,2,35,1,0.0349,0.630596,LR,0,31,0.09983613,-1.871785,-4.04824,0.09983613,1.128215,0.9517599
23,3,2,35,1,0.0349,0.630596,LR,0,32,0.1139311,-1.867086,-4.04824,0.1139311,1.132914,0.9517599
23,3,2,35,1,0.0349,0.630596,LR,0,33,0.1245079,-1.865007,-4.04824,0.1245079,1.134993,0.9517599
23,3,2,35,1,0.0349,0.630596,LR,0,34,0.1353807,-1.86675,-4.04824,0.1353807,1.13325,0.9517599
23,3,2,35,1,0.0349,0.630596,LR,0,35,0.1497884,-1.869226,-4.04824,0.1497884,1.130774,0.9517599
23,3,2,35,1,0.0349,0.630596,LR,0,36,0.1595022,-1.874325,-4.04824,0.1595022,1.125675,0.9517599
23,3,2,35,1,0.0349,0.630596,LR,0,37,0.1705563,-1.876879,-4.04824,0.1705563,1.123121,0.9517599
23,3,2,35,1,0.0349,0.630596,LR,0,38,0.1805203,-1.882414,-4.04824,0.1805203,1.117586,0.9517599
23,3,2,35,1,0.0349,0.630596,LR,0,39,0.1924571,-1.890414,-4.04824,0.1924571,1.109586,0.9517599
23,3,2,35,1,0.0349,0.630596,LR,0,40,0.2006754,-1.898527,-4.04824,0.2006754,1.101473,0.9517599
23,3,2,35,1,0.0349,0.630596,LR,0,41,0.2087639,-1.905277,-4.04824,0.2087639,1.094723,0.9517599
23,3,2,35,1,0.0349,0.630596,LR,0,42,0.2199804,-1.918097,-4.04824,0.2199804,1.081903,0.9517599
23,3,2,25,1,0.0349,0.443388,RL,0,0,-0.1511596,-1.908143,-4.048141,0.1511596,1.091857,0.9518592
23,3,2,25,1,0.0349,0.443388,RL,0,1,-0.1421903,-1.913432,-4.048141,0.1421903,1.086568,0.9518592
23,3,2,25,1,0.0349,0.443388,RL,0,2,-0.1332712,-1.919765,-4.048141,0.1332712,1.080235,0.9518592
23,3,2,25,1,0.0349,0.443388,RL,0,3,-0.1186046,-1.925689,-4.048141,0.1186046,1.074311,0.9518592
23,3,2,25,1,0.0349,0.443388,RL,0,4,-0.107666,-1.927361,-4.048141,0.107666,1.072639,0.9518592
23,3,2,25,1,0.0349,0.443388,RL,0,5,-0.09312131,-1.928967,-4.048141,0.09312131,1.071033,0.9518592
23,3,2,25,1,0.0349,0.443388,RL,0,6,-0.07968936,-1.926014,-4.048141,0.07968936,1.073986,0.9518592
23,3,2,25,1,0.0349,0.443388,RL,0,7,-0.06830766,-1.920775,-4.048141,0.06830766,1.079225,0.9518592
23,3,2,25,1,0.0349,0.443388,RL,0,8,-0.0558444,-1.915029,-4.048141,0.0558444,1.084971,0.9518592
23,3,2,25,1,0.0349,0.443388,RL,0,9,-0.04509595,-1.9119,-4.048141,0.04509595,1.0881,0.9518592
23,3,2,25,1,0.0349,0.443388,RL,0,10,-0.02787141,-1.905493,-4.048141,0.02787141,1.094507,0.9518592
23,3,2,25,1,0.0349,0.443388,RL,0,11,-0.01475317,-1.896343,-4.048141,0.01475317,1.103657,0.9518592
23,3,2,25,1,0.0349,0.443388,RL,0,12,-0.002668828,-1.887806,-4.048141,0.002668828,1.112194,0.9518592
23,3,2,25,1,0.0349,0.443388,RL,0,13,0.007833928,-1.881819,-4.048141,-0.007833928,1.118181,0.9518592
23,3,2,25,1,0.0349,0.443388,RL,0,14,0.01925153,-1.876929,-4.048141,-0.01925153,1.123071,0.9518592
23,3,2,25,1,0.0349,0.443388,RL,0,15,0.03767589,-1.872323,-4.048141,-0.03767589,1.127677,0.9518592
23,3,2,25,1,0.0349,0.443388,RL,0,16,0.05645857,-1.879345,-4.048141,-0.05645857,1.120655,0.9518592
23,3,2,25,1,0.0349,0.443388,RL,0,17,0.06766631,-1.883196,-4.048141,-0.06766631,1.116804,0.9518592
23,3,2,25,1,0.0349,0.443388,RL,0,18,0.08345072,-1.889666,-4.048141,-0.08345072,1.110334,0.9518592
23,3,2,25,1,0.0349,0.443388,RL,0,19,0.09450561,-1.893171,-4.048141,-0.09450561,1.106829,0.9518592
23,3,2,25,1,0.0349,0.443388,RL,0,20,0.104152,-1.901192,-4.048141,-0.104152,1.098808,0.9518592
23,3,2,25,1,0.0349,0.443388,RL,0,21,0.1169899,-1.913376,-4.048141,-0.1169899,1.086624,0.9518592
23,3,2,25,1,0.0349,0.443388,RL,0,22,0.1290715,-1.926685,-4.048141,-0.1290715,1.073315,0.9518592
23,3,2,25,1,0.0349,0.443388,RL,0,23,0.1371988,-1.932542,-4.048141,-0.1371988,1.067458,0.9518592
23,3,2,25,1,0.0349,0.443388,RL,0,24,0.1504559,-1.934594,-4.048141,-0.1504559,1.065406,0.9518592
23,3,2,25,1,0.0349,0.443388,RL,0,25,0.1719739,-1.927846,-4.048141,-0.1719739,1.072154,0.9518592
23,3,2,25,1,0.0349,0.443388,RL,0,26,0.1860276,-1.92027,-4.048141,-0.1860276,1.07973,0.9518592
23,3,2,25,1,0.0349,0.443388,RL,0,27,0.1998077,-1.913302,-4.048141,-0.1998077,1.086698,0.9518592
23,3,2,25,1,0.0349,0.443388,LR,0,0,-0.2143154,-1.904768,-4.048051,-0.2143154,1.095232,0.9519494
23,3,2,25,1,0.0349,0.443388,LR,0,1,-0.2049851,-1.911823,-4.048051,-0.2049851,1.088177,0.9519494
23,3,2,25,1,0.0349,0.443388,LR,0,2,-0.1856547,-1.926094,-4.048051,-0.1856547,1.073906,0.9519494
23,3,2,25,1,0.0349,0.443388,LR,0,3,-0.1763214,-1.932201,-4.048051,-0.1763214,1.067799,0.9519494
23,3,2,25,1,0.0349,0.443388,LR,0,4,-0.1645394,-1.937307,-4.048051,-0.1645394,1.062693,0.9519494
23,3,2,25,1,0.0349,0.443388,LR,0,5,-0.1542575,-1.937104,-4.048051,-0.1542575,1.062896,0.9519494
23,3,2,25,1,0.0349,0.443388,LR,0,6,-0.1398163,-1.933112,-4.048051,-0.1398163,1.066888,0.9519494
23,3,2,25,1,0.0349,0.443388,LR,0,7,-0.1252156,-1.920496,-4.048051,-0.1252156,1.079504,0.9519494
23,3,2,25,1,0.0349,0.443388,LR,0,8,-0.114523,-1.912346,-4.048051,-0.114523,1.087654,0.9519494
23,3,2,25,1,0.0349,0.443388,LR,0,9,-0.09313426,-1.901266,-4.048051,-0.09313426,1.098734,0.9519494
23,3,2,25,1,0.0349,0.443388,LR,0,10,-0.08043236,-1.891879,-4.048051,-0.08043236,1.108121,0.9519494
23,3,2,25,1,0.0349,0.443388,LR,0,11,-0.07308954,-1.880964,-4.048051,-0.07308954,1.119036,0.9519494
23,3,2,25,1,0.0349,0.443388,LR,0,12,-0.06488904,-1.875049,-4.048051,-0.06488904,1.124951,0.9519494
23,3,2,25,1,0.0349,0.443388,LR,0,13,-0.05478307,-1.872536,-4.048051,-0.05478307,1.127464,0.9519494
23,3,2,25,1,0.0349,0.443388,LR,0,14,-0.04457044,-1.871367,-4.048051,-0.04457044,1.128633,0.9519494
23,3,2,25,1,0.0349,0.443388,LR,0,15,-0.03160857,-1.876371,-4.048051,-0.03160857,1.123629,0.9519494
23,3,2,25,1,0.0349,0.443388,LR,0,16,-0.01779963,-1.884993,-4.048051,-0.01779963,1.115007,0.9519494
23,3,2,25,1,0.0349,0.443388,LR,0,17,-0.003272574,-1.891434,-4.048051,-0.003272574,1.108566,0.9519494
23,3,2,25,1,0.0349,0.443388,LR,0,18,0.007806677,-1.899076,-4.048051,0.007806677,1.100924,0.9519494
23,3,2,25,1,0.0349,0.443388,LR,0,19,0.01795068,-1.904663,-4.048051,0.01795068,1.095337,0.9519494
23,3,2,25,1,0.0349,0.443388,LR,0,20,0.02670323,-1.91089,-4.048051,0.02670323,1.08911,0.9519494
23,3,2,25,1,0.0349,0.443388,LR,0,21,0.04132081,-1.921853,-4.048051,0.04132081,1.078147,0.9519494
23,3,2,25,1,0.0349,0.443388,LR,0,22,0.05168619,-1.924992,-4.048051,0.05168619,1.075008,0.9519494
23,3,2,25,1,0.0349,0.443388,LR,0,23,0.06076685,-1.93131,-4.048051,0.06076685,1.06869,0.9519494
23,3,2,25,1,0.0349,0.443388,LR,0,24,0.07493105,-1.937267,-4.048051,0.07493105,1.062733,0.9519494
23,3,2,25,1,0.0349,0.443388,LR,0,25,0.0873385,-1.937318,-4.048051,0.0873385,1.062682,0.9519494
23,3,2,25,1,0.0349,0.443388,LR,0,26,0.09815025,-1.934919,-4.048051,0.09815025,1.065081,0.9519494
23,3,2,25,1,0.0349,0.443388,LR,0,27,0.1143104,-1.927434,-4.048051,0.1143104,1.072566,0.9519494
23,3,2,25,1,0.0349,0.443388,LR,0,28,0.1245409,-1.922083,-4.048051,0.1245409,1.077917,0.9519494
23,3,2,25,1,0.0349,0.443388,LR,0,29,0.1381759,-1.914144,-4.048051,0.1381759,1.085856,0.9519494
23,3,2,25,1,0.0349,0.443388,RL,0,0,0.279073,-1.899892,-3.984735,-0.279073,1.100108,1.015265
23,3,2,25,1,0.0349,0.443388,RL,0,1,0.286899,-1.906247,-3.984735,-0.286899,1.093753,1.015265
23,3,2,25,1,0.0349,0.443388,RL,0,2,0.2976649,-1.914576,-3.984735,-0.2976649,1.085424,1.015265
23,3,2,25,1,0.0349,0.443388,RL,0,3,0.3081122,-1.920849,-3.984735,-0.3081122,1.079151,1.015265
23,3,2,25,1,0.0349,0.443388,RL,0,4,0.3198311,-1.922045,-3.984735,-0.3198311,1.077955,1.015265
23,3,2,25,1,0.0349,0.443388,RL,0,5,0.3306473,-1.923105,-3.984735,-0.3306473,1.076895,1.015265
23,3,2,25,1,0.0349,0.443388,RL,0,6,0.3442416,-1.91885,-3.984735,-0.3442416,1.08115,1.015265
23,3,2,25,1,0.0349,0.443388,RL,0,7,0.3542095,-1.913392,-3.984735,-0.3542095,1.086608,1.015265
23,3,2,25,1,0.0349,0.443388,RL,0,8,0.3703348,-1.904148,-3.984735,-0.3703348,1.095852,1.015265
23,3,2,25,1,0.0349,0.443388,RL,0,9,0.3800116,-1.897933,-3.984735,-0.3800116,1.102067,1.015265
23,3,2,25,1,0.0349,0.443388,RL,0,10,0.3947867,-1.893904,-3.984735,-0.3947867,1.106096,1.015265
23,3,2,25,1,0.0349,0.443388,RL,0,11,0.4042302,-1.889157,-3.984735,-0.4042302,1.110843,1.015265
23,3,2,25,1,0.0349,0.443388,RL,0,12,0.4202517,-1.883003,-3.984735,-0.4202517,1.116997,1.015265
23,3,2,25,1,0.0349,0.443388,RL,0,13,0.4314218,-1.876375,-3.984735,-0.4314218,1.123625,1.015265
23,3,2,25,1,0.0349,0.443388,RL,0,14,0.4416493,-1.868515,-3.984735,-0.4416493,1.131485,1.015265
23,3,2,25,1,0.0349,0.443388,RL,0,15,0.4530341,-1.862912,-3.984735,-0.4530341,1.137088,1.015265
23,3,2,25,1,0.0349,0.443388,RL,0,16,0.4663359,-1.863955,-3.984735,-0.4663359,1.136045,1.015265
23,3,2,25,1,0.0349,0.443388,RL,0,17,0.4864696,-1.867592,-3.984735,-0.4864696,1.132408,1.015265
23,3,2,25,1,0.0349,0.443388,RL,0,18,0.4963408,-1.870414,-3.984735,-0.4963408,1.129586,1.015265
23,3,2,25,1,0.0349,0.443388,RL,0,19,0.5099053,-1.875275,-3.984735,-0.5099053,1.124725,1.015265
23,3,2,25,1,0.0349,0.443388,RL,0,20,0.5181916,-1.882794,-3.984735,-0.5181916,1.117206,1.015265
23,3,2,25,1,0.0349,0.443388,RL,0,21,0.5248774,-1.892009,-3.984735,-0.5248774,1.107991,1.015265
23,3,2,25,1,0.0349,0.443388,RL,0,22,0.5298547,-1.903668,-3.984735,-0.5298547,1.096332,1.015265
23,3,2,25,1,0.0349,0.443388,RL,0,23,0.5379972,-1.912091,-3.984735,-0.5379972,1.087909,1.015265
23,3,2,25,1,0.0349,0.443388,RL,0,24,0.5499049,-1.917714,-3.984735,-0.5499049,1.082286,1.015265
23,3,2,25,1,0.0349,0.443388,RL,0,25,0.5646465,-1.920612,-3.984735,-0.5646465,1.079388,1.015265
23,3,2,25,1,0.0349,0.443388,RL,0,26,0.5751214,-1.920751,-3.984735,-0.5751214,1.079249,1.015265
23,3,2,25,1,0.0349,0.443388,RL,0,27,0.5867481,-1.921431,-3.984735,-0.5867481,1.078569,1.015265
23,3,2,25,1,0.0349,0.443388,RL,0,28,0.6051548,-1.915878,-3.984735,-0.6051548,1.084122,1.015265
23,3,2,25,1,0.0349,0.443388,RL,0,29,0.6203677,-1.907135,-3.984735,-0.6203677,1.092865,1.015265
23,3,2,25,1,0.0349,0.443388,RL,0,0,0.2760316,-1.90651,-3.984867,-0.2760316,1.09349,1.015133
23,3,2,25,1,0.0349,0.443388,RL,0,1,0.2873161,-1.913425,-3.984867,-0.2873161,1.086575,1.015133
23,3,2,25,1,0.0349,0.443388,RL,0,2,0.2959854,-1.918458,-3.984867,-0.2959854,1.081542,1.015133
23,3,2,25,1,0.0349,0.443388,RL,0,3,0.3086827,-1.922926,-3.984867,-0.3086827,1.077074,1.015133
23,3,2,25,1,0.0349,0.443388,RL,0,4,0.3211572,-1.92326,-3.984867,-0.3211572,1.07674,1.015133
23,3,2,25,1,0.0349,0.443388,RL,0,5,0.3324041,-1.927272,-3.984867,-0.3324041,1.072728,1.015133
23,3,2,25,1,0.0349,0.443388,RL,0,6,0.3463874,-1.92499,-3.984867,-0.3463874,1.07501,1.015133
23,3,2,25,1,0.0349,0.443388,RL,0,7,0.3568299,-1.921666,-3.984867,-0.3568299,1.078334,1.015133
23,3,2,25,1,0.0349,0.443388,RL,0,8,0.3688748,-1.91617,-3.984867,-0.3688748,1.08383,1.015133
23,3,2,25,1,0.0349,0.443388,RL,0,9,0.3815699,-1.905337,-3.984867,-0.3815699,1.094663,1.015133
23,3,2,25,1,0.0349,0.443388,RL,0,10,0.4032068,-1.889883,-3.984867,-0.4032068,1.110117,1.015133
23,3,2,25,1,0.0349,0.443388,RL,0,11,0.4229425,-1.880163,-3.984867,-0.4229425,1.119837,1.015133
23,3,2,25,1,0.0349,0.443388,RL,0,12,0.4356117,-1.877278,-3.984867,-0.4356117,1.122722,1.015133
23,3,2,25,1,0.0349,0.443388,RL,0,13,0.4453058,-1.871676,-3.984867,-0.4453058,1.128324,1.015133
23,3,2,25,1,0.0349,0.443388,RL,0,14,0.4612194,-1.866655,-3.984867,-0.4612194,1.133345,1.015133
23,3,2,25,1,0.0349,0.443388,RL,0,15,0.4716215,-1.867366,-3.984867,-0.4716215,1.132634,1.015133
23,3,2,25,1,0.0349,0.443388,RL,0,16,0.4835471,-1.870667,-3.984867,-0.4835471,1.129333,1.015133
23,3,2,25,1,0.0349,0.443388,RL,0,17,0.4955398,-1.878264,-3.984867,-0.4955398,1.121736,1.015133
23,3,2,25,1,0.0349,0.443388,RL,0,18,0.5045435,-1.886945,-3.984867,-0.5045435,1.113055,1.015133
23,3,2,25,1,0.0349,0.443388,RL,0,19,0.5187824,-1.896835,-3.984867,-0.5187824,1.103165,1.015133
23,3,2,25,1,0.0349,0.443388,RL,0,20,0.5268835,-1.905215,-3.984867,-0.5268835,1.094785,1.015133
23,3,2,25,1,0.0349,0.443388,RL,0,21,0.5391663,-1.912612,-3.984867,-0.5391663,1.087388,1.015133
23,3,2,25,1,0.0349,0.443388,RL,0,22,0.5496481,-1.919007,-3.984867,-0.5496481,1.080993,1.015133
23,3,2,25,1,0.0349,0.443388,RL,0,23,0.5604936,-1.922765,-3.984867,-0.5604936,1.077235,1.015133
23,3,2,25,1,0.0349,0.443388,RL,0,24,0.571758,-1.922501,-3.984867,-0.571758,1.077499,1.015133
23,3,2,25,1,0.0349,0.443388,RL,0,25,0.5855435,-1.924631,-3.984867,-0.5855435,1.075369,1.015133
23,3,2,25,1,0.0349,0.443388,RL,0,26,0.6107668,-1.922274,-3.984867,-0.6107668,1.077726,1.015133
23,3,2,25,1,0.0349,0.443388,RL,0,27,0.6305647,-1.918065,-3.984867,-0.6305647,1.081935,1.015133
23,3,2,25,1,0.0349,0.443388,RL,0,0,0.2804235,-1.902536,-3.984899,-0.2804235,1.097464,1.015101
23,3,2,25,1,0.0349,0.443388,RL,0,1,0.2935199,-1.906354,-3.984899,-0.2935199,1.093646,1.015101
23,3,2,25,1,0.0349,0.443388,RL,0,2,0.3077689,-1.909756,-3.984899,-0.3077689,1.090244,1.015101
23,3,2,25,1,0.0349,0.443388,RL,0,3,0.3211603,-1.916174,-3.984899,-0.3211603,1.083826,1.015101
23,3,2,25,1,0.0349,0.443388,RL,0,4,0.3306422,-1.924295,-3.984899,-0.3306422,1.075705,1.015101
23,3,2,25,1,0.0349,0.443388,RL,0,5,0.3415505,-1.926416,-3.984899,-0.3415505,1.073584,1.015101
23,3,2,25,1,0.0349,0.443388,RL,0,6,0.352392,-1.925208,-3.984899,-0.352392,1.074792,1.015101
23,3,2,25,1,0.0349,0.443388,RL,0,7,0.3615069,-1.920003,-3.984899,-0.3615069,1.079997,1.015101
23,3,2,25,1,0.0349,0.443388,RL,0,8,0.3726934,-1.912334,-3.984899,-0.3726934,1.087666,1.015101
23,3,2,25,1,0.0349,0.443388,RL,0,9,0.3836806,-1.905186,-3.984899,-0.3836806,1.094814,1.015101
23,3,2,25,1,0.0349,0.443388,RL,0,10,0.3952459,-1.896008,-3.984899,-0.3952459,1.103992,1.015101
23,3,2,25,1,0.0349,0.443388,RL,0,11,0.406391,-1.890488,-3.984899,-0.406391,1.109512,1.015101
23,3,2,25,1,0.0349,0.443388,RL,0,12,0.4167715,-1.88364,-3.984899,-0.4167715,1.11636,1.015101
23,3,2,25,1,0.0349,0.443388,RL,0,13,0.4279006,-1.877954,-3.984899,-0.4279006,1.122046,1.015101
23,3,2,25,1,0.0349,0.443388,RL,0,14,0.4398379,-1.870878,-3.984899,-0.4398379,1.129122,1.015101
23,3,2,25,1,0.0349,0.443388,RL,0,15,0.4566467,-1.862244,-3.984899,-0.4566467,1.137756,1.015101
23,3,2,25,1,0.0349,0.443388,RL,0,16,0.4723053,-1.860889,-3.984899,-0.4723053,1.139111,1.015101
23,3,2,25,1,0.0349,0.443388,RL,0,17,0.4837612,-1.866236,-3.984899,-0.4837612,1.133764,1.015101
23,3,2,25,1,0.0349,0.443388,RL,0,18,0.4894942,-1.87744,-3.984899,-0.4894942,1.12256,1.015101
23,3,2,25,1,0.0349,0.443388,RL,0,19,0.4976035,-1.883934,-3.984899,-0.4976035,1.116066,1.015101
23,3,2,25,1,0.0349,0.443388,RL,0,20,0.512112,-1.892999,-3.984899,-0.512112,1.107001,1.015101
23,3,2,25,1,0.0349,0.443388,RL,0,21,0.5186377,-1.902249,-3.984899,-0.5186377,1.097751,1.015101
23,3,2,25,1,0.0349,0.443388,RL,0,22,0.5275461,-1.909929,-3.984899,-0.5275461,1.090071,1.015101
23,3,2,25,1,0.0349,0.443388,RL,0,23,0.5392429,-1.91628,-3.984899,-0.5392429,1.08372,1.015101
23,3,2,25,1,0.0349,0.443388,RL,0,24,0.5532842,-1.920439,-3.984899,-0.5532842,1.079561,1.015101
23,3,2,25,1,0.0349,0.443388,RL,0,25,0.5727571,-1.921609,-3.984899,-0.5727571,1.078391,1.015101
23,3,2,25,1,0.0349,0.443388,RL,0,26,0.5828476,-1.921924,-3.984899,-0.5828476,1.078076,1.015101
23,3,2,25,1,0.0349,0.443388,RL,0,27,0.5988883,-1.919538,-3.984899,-0.5988883,1.080462,1.015101
23,3,2,25,1,0.0349,0.443388,RL,0,28,0.6115429,-1.917746,-3.984899,-0.6115429,1.082254,1.015101
23,3,2,25,1,0.0349,0.443388,RL,0,29,0.6247732,-1.912446,-3.984899,-0.6247732,1.087554,1.015101
23,3,2,25,1,0.0349,0.443388,RL,0,30,0.6407565,-1.906931,-3.984899,-0.6407565,1.093069,1.015101
23,3,2,25,1,0.0349,0.443388,LR,0,0,-0.6446609,-1.901694,-3.984842,-0.6446609,1.098306,1.015158
23,3,2,25,1,0.0349,0.443388,LR,0,1,-0.633702,-1.910087,-3.984842,-0.633702,1.089913,1.015158
23,3,2,25,1,0.0349,0.443388,LR,0,2,-0.6218271,-1.918033,-3.984842,-0.6218271,1.081967,1.015158
23,3,2,25,1,0.0349,0.443388,LR,0,3,-0.610213,-1.921866,-3.984842,-0.610213,1.078134,1.015158
23,3,2,25,1,0.0349,0.443388,LR,0,4,-0.5983834,-1.926802,-3.984842,-0.5983834,1.073198,1.015158
23,3,2,25,1,0.0349,0.443388,LR,0,5,-0.5828969,-1.928887,-3.984842,-0.5828969,1.071113,1.015158
23,3,2,25,1,0.0349,0.443388,LR,0,6,-0.5697176,-1.929073,-3.984842,-0.5697176,1.070927,1.015158
23,3,2,25,1,0.0349,0.443388,LR,0,7,-0.5586519,-1.924771,-3.984842,-0.5586519,1.075229,1.015158
23,3,2,25,1,0.0349,0.443388,LR,0,8,-0.5493092,-1.912242,-3.984842,-0.5493092,1.087758,1.015158
23,3,2,25,1,0.0349,0.443388,LR,0,9,-0.5366142,-1.901275,-3.984842,-0.5366142,1.098725,1.015158
23,3,2,25,1,0.0349,0.443388,LR,0,10,-0.5248603,-1.884777,-3.984842,-0.5248603,1.115223,1.015158
23,3,2,25,1,0.0349,0.443388,LR,0,11,-0.5143545,-1.876507,-3.984842,-0.5143545,1.123493,1.015158
23,3,2,25,1,0.0349,0.443388,LR,0,12,-0.5004584,-1.869046,-3.984842,-0.5004584,1.130954,1.015158
23,3,2,25,1,0.0349,0.443388,LR,0,13,-0.4891011,-1.86336,-3.984842,-0.4891011,1.13664,1.015158
23,3,2,25,1,0.0349,0.443388,LR,0,14,-0.4786625,-1.857494,-3.984842,-0.4786625,1.142506,1.015158
23,3,2,25,1,0.0349,0.443388,LR,0,15,-0.4607557,-1.86035,-3.984842,-0.4607557,1.13965,1.015158
23,3,2,25,1,0.0349,0.443388,LR,0,16,-0.451075,-1.866613,-3.984842,-0.451075,1.133387,1.015158
23,3,2,25,1,0.0349,0.443388,LR,0,17,-0.4406682,-1.876232,-3.984842,-0.4406682,1.123768,1.015158
23,3,2,25,1,0.0349,0.443388,LR,0,18,-0.4321712,-1.886325,-3.984842,-0.4321712,1.113675,1.015158
23,3,2,25,1,0.0349,0.443388,LR,0,19,-0.4160247,-1.896183,-3.984842,-0.4160247,1.103817,1.015158
23,3,2,25,1,0.0349,0.443388,LR,0,20,-0.4058743,-1.903367,-3.984842,-0.4058743,1.096633,1.015158
23,3,2,25,1,0.0349,0.443388,LR,0,21,-0.3958531,-1.908281,-3.984842,-0.3958531,1.091719,1.015158
23,3,2,25,1,0.0349,0.443388,LR,0,22,-0.378765,-1.913696,-3.984842,-0.378765,1.086304,1.015158
23,3,2,25,1,0.0349,0.443388,LR,0,23,-0.3691977,-1.918172,-3.984842,-0.3691977,1.081828,1.015158
23,3,2,25,1,0.0349,0.443388,LR,0,24,-0.3575647,-1.924041,-3.984842,-0.3575647,1.075959,1.015158
23,3,2,25,1,0.0349,0.443388,LR,0,25,-0.3391956,-1.926876,-3.984842,-0.3391956,1.073124,1.015158
23,3,2,25,1,0.0349,0.443388,LR,0,26,-0.3254369,-1.926971,-3.984842,-0.3254369,1.073029,1.015158
23,3,2,25,1,0.0349,0.443388,LR,0,27,-0.3058912,-1.917512,-3.984842,-0.3058912,1.082488,1.015158
23,3,2,25,1,0.0349,0.443388,LR,0,28,-0.2942811,-1.911917,-3.984842,-0.2942811,1.088083,1.015158
23,3,2,25,1,0.0349,0.443388,LR,0,29,-0.2859265,-1.90561,-3.984842,-0.2859265,1.09439,1.015158
23,3,2,35,1,0.0349,0.630596,RL,0,0,0.2015332,-1.914536,-3.984696,-0.2015332,1.085464,1.015304
23,3,2,35,1,0.0349,0.630596,RL,0,1,0.2105676,-1.908561,-3.984696,-0.2105676,1.091439,1.015304
23,3,2,35,1,0.0349,0.630596,RL,0,2,0.227753,-1.899033,-3.984696,-0.227753,1.100967,1.015304
23,3,2,35,1,0.0349,0.630596,RL,0,3,0.2418745,-1.892435,-3.984696,-0.2418745,1.107565,1.015304
23,3,2,35,1,0.0349,0.630596,RL,0,4,0.2541176,-1.883885,-3.984696,-0.2541176,1.116115,1.015304
23,3,2,35,1,0.0349,0.630596,RL,0,5,0.262919,-1.876269,-3.984696,-0.262919,1.123731,1.015304
23,3,2,35,1,0.0349,0.630596,RL,0,6,0.2735559,-1.869891,-3.984696,-0.2735559,1.130109,1.015304
23,3,2,35,1,0.0349,0.630596,RL,0,7,0.2836326,-1.867458,-3.984696,-0.2836326,1.132542,1.015304
23,3,2,35,1,0.0349,0.630596,RL,0,8,0.2948796,-1.865412,-3.984696,-0.2948796,1.134588,1.015304
23,3,2,35,1,0.0349,0.630596,RL,0,9,0.3050351,-1.864672,-3.984696,-0.3050351,1.135328,1.015304
23,3,2,35,1,0.0349,0.630596,RL,0,10,0.3187127,-1.866452,-3.984696,-0.3187127,1.133548,1.015304
23,3,2,35,1,0.0349,0.630596,RL,0,11,0.3323002,-1.872058,-3.984696,-0.3323002,1.127942,1.015304
23,3,2,35,1,0.0349,0.630596,RL,0,12,0.3418007,-1.882229,-3.984696,-0.3418007,1.117771,1.015304
23,3,2,35,1,0.0349,0.630596,RL,0,13,0.3497087,-1.89413,-3.984696,-0.3497087,1.10587,1.015304
23,3,2,35,1,0.0349,0.630596,RL,0,14,0.3552213,-1.905661,-3.984696,-0.3552213,1.094339,1.015304
23,3,2,35,1,0.0349,0.630596,RL,0,15,0.3668422,-1.917056,-3.984696,-0.3668422,1.082944,1.015304
23,3,2,35,1,0.0349,0.630596,RL,0,16,0.3790647,-1.920259,-3.984696,-0.3790647,1.079741,1.015304
23,3,2,35,1,0.0349,0.630596,RL,0,17,0.3952565,-1.921058,-3.984696,-0.3952565,1.078942,1.015304
23,3,2,35,1,0.0349,0.630596,RL,0,18,0.4058689,-1.920528,-3.984696,-0.4058689,1.079472,1.015304
23,3,2,35,1,0.0349,0.630596,RL,0,19,0.4231896,-1.916839,-3.984696,-0.4231896,1.083161,1.015304
23,3,2,35,1,0.0349,0.630596,RL,0,20,0.4346631,-1.915257,-3.984696,-0.4346631,1.084743,1.015304
23,3,2,35,1,0.0349,0.630596,RL,0,21,0.4500194,-1.910901,-3.984696,-0.4500194,1.089099,1.015304
23,3,2,35,1,0.0349,0.630596,RL,0,22,0.4599753,-1.905554,-3.984696,-0.4599753,1.094446,1.015304
23,3,2,35,1,0.0349,0.630596,RL,0,23,0.4690329,-1.897463,-3.984696,-0.4690329,1.102537,1.015304
23,3,2,35,1,0.0349,0.630596,RL,0,24,0.4798439,-1.885542,-3.984696,-0.4798439,1.114458,1.015304
23,3,2,35,1,0.0349,0.630596,RL,0,25,0.4939788,-1.876337,-3.984696,-0.4939788,1.123663,1.015304
23,3,2,35,1,0.0349,0.630596,RL,0,26,0.5103971,-1.869209,-3.984696,-0.5103971,1.130791,1.015304
23,3,2,35,1,0.0349,0.630596,RL,0,27,0.520101,-1.8641,-3.984696,-0.520101,1.1359,1.015304
23,3,2,35,1,0.0349,0.630596,RL,0,28,0.5309045,-1.86077,-3.984696,-0.5309045,1.13923,1.015304
23,3,2,35,1,0.0349,0.630596,RL,0,29,0.5430027,-1.859556,-3.984696,-0.5430027,1.140444,1.015304
23,3,2,35,1,0.0349,0.630596,RL,0,30,0.5575488,-1.860597,-3.984696,-0.5575488,1.139403,1.015304
23,3,2,35,1,0.0349,0.630596,RL,0,31,0.5685539,-1.863972,-3.984696,-0.5685539,1.136028,1.015304
23,3,2,35,1,0.0349,0.630596,RL,0,32,0.5784615,-1.874246,-3.984696,-0.5784615,1.125754,1.015304
23,3,2,35,1,0.0349,0.630596,RL,0,33,0.5857444,-1.885339,-3.984696,-0.5857444,1.114661,1.015304
23,3,2,35,1,0.0349,0.630596,RL,0,34,0.600117,-1.890975,-3.984696,-0.600117,1.109025,1.015304
23,3,2,35,1,0.0349,0.630596,RL,0,35,0.6128162,-1.898567,-3.984696,-0.6128162,1.101433,1.015304
23,3,2,35,1,0.0349,0.630596,RL,0,36,0.6360022,-1.906057,-3.984696,-0.6360022,1.093943,1.015304
23,3,2,35,1,0.0349,0.630596,RL,0,37,0.6483085,-1.911176,-3.984696,-0.6483085,1.088824,1.015304
23,3,2,35,1,0.0349,0.630596,RL,0,38,0.6603845,-1.915982,-3.984696,-0.6603845,1.084018,1.015304
23,3,2,35,1,0.0349,0.630596,RL,0,39,0.6714174,-1.918923,-3.984696,-0.6714174,1.081077,1.015304
23,3,2,35,1,0.0349,0.630596,RL,0,40,0.684253,-1.92341,-3.984696,-0.684253,1.07659,1.015304
23,3,2,35,1,0.0349,0.630596,RL,0,41,0.6982347,-1.925035,-3.984696,-0.6982347,1.074965,1.015304
23,3,2,35,1,0.0349,0.630596,RL,0,42,0.7182271,-1.921281,-3.984696,-0.7182271,1.078719,1.015304
23,3,2,25,1,0.0349,0.443388,RL,0,0,-0.1591619,-1.898018,-4.005294,0.1591619,1.101982,0.9947056
23,3,2,25,1,0.0349,0.443388,RL,0,1,-0.1511138,-1.904152,-4.005294,0.1511138,1.095848,0.9947056
23,3,2,25,1,0.0349,0.443388,RL,0,2,-0.1365098,-1.910233,-4.005294,0.1365098,1.089767,0.9947056
23,3,2,25,1,0.0349,0.443388,RL,0,3,-0.1257178,-1.915928,-4.005294,0.1257178,1.084072,0.9947056
23,3,2,25,1,0.0349,0.443388,RL,0,4,-0.1129478,-1.919701,-4.005294,0.1129478,1.080299,0.9947056
23,3,2,25,1,0.0349,0.443388,RL,0,5,-0.09894092,-1.921,-4.005294,0.09894092,1.079,0.9947056
23,3,2,25,1,0.0349,0.443388,RL,0,6,-0.08136812,-1.920281,-4.005294,0.08136812,1.079719,0.9947056
23,3,2,25,1,0.0349,0.443388,RL,0,7,-0.06337143,-1.909706,-4.005294,0.06337143,1.090294,0.9947056
23,3,2,25,1,0.0349,0.443388,RL,0,8,-0.05345998,-1.898846,-4.005294,0.05345998,1.101154,0.9947056
23,3,2,25,1,0.0349,0.443388,RL,0,9,-0.04222078,-1.892068,-4.005294,0.04222078,1.107932,0.9947056
23,3,2,25,1,0.0349,0.443388,RL,0,10,-0.02703355,-1.881369,-4.005294,0.02703355,1.118631,0.9947056
23,3,2,25,1,0.0349,0.443388,RL,0,11,-0.01483164,-1.875847,-4.005294,0.01483164,1.124153,0.9947056
23,3,2,25,1,0.0349,0.443388,RL,0,12,-0.003125999,-1.871808,-4.005294,0.003125999,1.128192,0.9947056
23,3,2,25,1,0.0349,0.443388,RL,0,13,0.01002374,-1.866868,-4.005294,-0.01002374,1.133132,0.9947056
23,3,2,25,1,0.0349,0.443388,RL,0,14,0.02388305,-1.864723,-4.005294,-0.02388305,1.135277,0.9947056
23,3,2,25,1,0.0349,0.443388,RL,0,15,0.03480674,-1.867468,-4.005294,-0.03480674,1.132532,0.9947056
23,3,2,25,1,0.0349,0.443388,RL,0,16,0.0449366,-1.871381,-4.005294,-0.0449366,1.128619,0.9947056
23,3,2,25,1,0.0349,0.443388,RL,0,17,0.05859492,-1.87724,-4.005294,-0.05859492,1.12276,0.9947056
23,3,2,25,1,0.0349,0.443388,RL,0,18,0.06719823,-1.884717,-4.005294,-0.06719823,1.115283,0.9947056
23,3,2,25,1,0.0349,0.443388,RL,0,19,0.07580505,-1.892306,-4.005294,-0.07580505,1.107694,0.9947056
23,3,2,25,1,0.0349,0.443388,RL,0,20,0.08350136,-1.899267,-4.005294,-0.08350136,1.100733,0.9947056
23,3,2,25,1,0.0349,0.443388,RL,0,21,0.09857558,-1.90754,-4.005294,-0.09857558,1.09246,0.9947056
23,3,2,25,1,0.0349,0.443388,RL,0,22,0.1078829,-1.912635,-4.005294,-0.1078829,1.087365,0.9947056
23,3,2,25,1,0.0349,0.443388,RL,0,23,0.1168126,-1.917212,-4.005294,-0.1168126,1.082788,0.9947056
23,3,2,25,1,0.0349,0.443388,RL,0,24,0.1317773,-1.920603,-4.005294,-0.1317773,1.079397,0.9947056
23,3,2,25,1,0.0349,0.443388,RL,0,25,0.1429203,-1.925548,-4.005294,-0.1429203,1.074452,0.9947056
23,3,2,25,1,0.0349,0.443388,RL,0,26,0.1599674,-1.928471,-4.005294,-0.1599674,1.071529,0.9947056
23,3,2,25,1,0.0349,0.443388,RL,0,27,0.1695628,-1.924607,-4.005294,-0.1695628,1.075393,0.9947056
23,3,2,25,1,0.0349,0.443388,RL,0,28,0.18611,-1.916934,-4.005294,-0.18611,1.083066,0.9947056
23,3,2,25,1,0.0349,0.443388,LR,0,0,-0.2067305,-1.897884,-4.005355,-0.2067305,1.102116,0.9946452
23,3,2,25,1,0.0349,0.443388,LR,0,1,-0.194867,-1.905435,-4.005355,-0.194867,1.094565,0.9946452
23,3,2,25,1,0.0349,0.443388,LR,0,2,-0.1861304,-1.911465,-4.005355,-0.1861304,1.088535,0.9946452
23,3,2,25,1,0.0349,0.443388,LR,0,3,-0.1763633,-1.91629,-4.005355,-0.1763633,1.08371,0.9946452
23,3,2,25,1,0.0349,0.443388,LR,0,4,-0.165949,-1.919217,-4.005355,-0.165949,1.080783,0.9946452
23,3,2,25,1,0.0349,0.443388,LR,0,5,-0.1433693,-1.922498,-4.005355,-0.1433693,1.077502,0.9946452
23,3,2,25,1,0.0349,0.443388,LR,0,6,-0.129353,-1.918025,-4.005355,-0.129353,1.081975,0.9946452
23,3,2,25,1,0.0349,0.443388,LR,0,7,-0.1203289,-1.912662,-4.005355,-0.1203289,1.087338,0.9946452
23,3,2,25,1,0.0349,0.443388,LR,0,8,-0.1104226,-1.909286,-4.005355,-0.1104226,1.090714,0.9946452
23,3,2,25,1,0.0349,0.443388,LR,0,9,-0.09855313,-1.907258,-4.005355,-0.09855313,1.092742,0.9946452
23,3,2,25,1,0.0349,0.443388,LR,0,10,-0.08823283,-1.901553,-4.005355,-0.08823283,1.098447,0.9946452
23,3,2,25,1,0.0349,0.443388,LR,0,11,-0.07878584,-1.894461,-4.005355,-0.07878584,1.105539,0.9946452
23,3,2,25,1,0.0349,0.443388,LR,0,12,-0.06532902,-1.885738,-4.005355,-0.06532902,1.114262,0.9946452
23,3,2,25,1,0.0349,0.443388,LR,0,13,-0.05635557,-1.879079,-4.005355,-0.05635557,1.120921,0.9946452
23,3,2,25,1,0.0349,0.443388,LR,0,14,-0.04824593,-1.87161,-4.005355,-0.04824593,1.12839,0.9946452
23,3,2,25,1,0.0349,0.443388,LR,0,15,-0.03868308,-1.863318,-4.005355,-0.03868308,1.136682,0.9946452
23,3,2,25,1,0.0349,0.443388,LR,0,16,-0.02692293,-1.857825,-4.005355,-0.02692293,1.142175,0.9946452
23,3,2,25,1,0.0349,0.443388,LR,0,17,-0.01220887,-1.856566,-4.005355,-0.01220887,1.143434,0.9946452
23,3,2,25,1,0.0349,0.443388,LR,0,18,-0.002694862,-1.863724,-4.005355,-0.002694862,1.136276,0.9946452
23,3,2,25,1,0.0349,0.443388,LR,0,19,0.01141171,-1.878962,-4.005355,0.01141171,1.121038,0.9946452
23,3,2,25,1,0.0349,0.443388,LR,0,20,0.02090787,-1.890071,-4.005355,0.02090787,1.109929,0.9946452
23,3,2,25,1,0.0349,0.443388,LR,0,21,0.03127404,-1.899476,-4.005355,0.03127404,1.100524,0.9946452
23,3,2,25,1,0.0349,0.443388,LR,0,22,0.04781917,-1.911498,-4.005355,0.04781917,1.088502,0.9946452
23,3,2,25,1,0.0349,0.443388,LR,0,23,0.05883371,-1.915721,-4.005355,0.05883371,1.084279,0.9946452
23,3,2,25,1,0.0349,0.443388,LR,0,24,0.07090456,-1.917237,-4.005355,0.07090456,1.082763,0.9946452
23,3,2,25,1,0.0349,0.443388,LR,0,25,0.08674967,-1.921021,-4.005355,0.08674967,1.078979,0.9946452
23,3,2,25,1,0.0349,0.443388,LR,0,26,0.09851653,-1.922724,-4.005355,0.09851653,1.077276,0.9946452
23,3,2,25,1,0.0349,0.443388,LR,0,27,0.1149346,-1.919627,-4.005355,0.1149346,1.080373,0.9946452
23,3,2,25,1,0.0349,0.443388,LR,0,28,0.1253779,-1.917135,-4.005355,0.1253779,1.082865,0.9946452
23,3,2,25,1,0.0349,0.443388,LR,0,29,0.1408592,-1.908412,-4.005355,0.1408592,1.091588,0.9946452
23,3,2,35,1,0.0349,0.630596,RL,0,0,-0.230937,-1.908084,-4.005357,0.230937,1.091916,0.9946426
23,3,2,35,1,0.0349,0.630596,RL,0,1,-0.2162202,-1.898978,-4.005357,0.2162202,1.101022,0.9946426
23,3,2,35,1,0.0349,0.630596,RL,0,2,-0.2065554,-1.892996,-4.005357,0.2065554,1.107004,0.9946426
23,3,2,35,1,0.0349,0.630596,RL,0,3,-0.1971365,-1.885127,-4.005357,0.1971365,1.114873,0.9946426
23,3,2,35,1,0.0349,0.630596,RL,0,4,-0.1882389,-1.878317,-4.005357,0.1882389,1.121683,0.9946426
23,3,2,35,1,0.0349,0.630596,RL,0,5,-0.1770969,-1.870458,-4.005357,0.1770969,1.129542,0.9946426
23,3,2,35,1,0.0349,0.630596,RL,0,6,-0.1589263,-1.864682,-4.005357,0.1589263,1.135318,0.9946426
23,3,2,35,1,0.0349,0.630596,RL,0,7,-0.1450766,-1.864221,-4.005357,0.1450766,1.135779,0.9946426
23,3,2,35,1,0.0349,0.630596,RL,0,8,-0.1314698,-1.866309,-4.005357,0.1314698,1.133691,0.9946426
23,3,2,35,1,0.0349,0.630596,RL,0,9,-0.1185891,-1.869044,-4.005357,0.1185891,1.130956,0.9946426
23,3,2,35,1,0.0349,0.630596,RL,0,10,-0.1074712,-1.873857,-4.005357,0.1074712,1.126143,0.9946426
23,3,2,35,1,0.0349,0.630596,RL,0,11,-0.1015317,-1.882562,-4.005357,0.1015317,1.117438,0.9946426
23,3,2,35,1,0.0349,0.630596,RL,0,12,-0.09407285,-1.890911,-4.005357,0.09407285,1.109089,0.9946426
23,3,2,35,1,0.0349,0.630596,RL,0,13,-0.08757678,-1.899889,-4.005357,0.08757678,1.100111,0.9946426
23,3,2,35,1,0.0349,0.630596,RL,0,14,-0.08014069,-1.908792,-4.005357,0.08014069,1.091208,0.9946426
23,3,2,35,1,0.0349,0.630596,RL,0,15,-0.06951086,-1.914429,-4.005357,0.06951086,1.085571,0.9946426
23,3,2,35,1,0.0349,0.630596,RL,0,16,-0.06000776,-1.918824,-4.005357,0.06000776,1.081176,0.9946426
23,3,2,35,1,0.0349,0.630596,RL,0,17,-0.04523841,-1.921281,-4.005357,0.04523841,1.078719,0.9946426
23,3,2,35,1,0.0349,0.630596,RL,0,18,-0.02478707,-1.920718,-4.005357,0.02478707,1.079282,0.9946426
23,3,2,35,1,0.0349,0.630596,RL,0,19,-0.006832238,-1.916745,-4.005357,0.006832238,1.083255,0.9946426
23,3,2,35,1,0.0349,0.630596,RL,0,20,0.003432758,-1.912644,-4.005357,-0.003432758,1.087356,0.9946426
23,3,2,35,1,0.0349,0.630596,RL,0,21,0.01550598,-1.903386,-4.005357,-0.01550598,1.096614,0.9946426
23,3,2,35,1,0.0349,0.630596,RL,0,22,0.02713771,-1.89852,-4.005357,-0.02713771,1.10148,0.9946426
23,3,2,35,1,0.0349,0.630596,RL,0,23,0.03747286,-1.892177,-4.005357,-0.03747286,1.107823,0.9946426
23,3,2,35,1,0.0349,0.630596,RL,0,24,0.05833926,-1.882342,-4.005357,-0.05833926,1.117658,0.9946426
23,3,2,35,1,0.0349,0.630596,RL,0,25,0.07447803,-1.877728,-4.005357,-0.07447803,1.122272,0.9946426
23,3,2,35,1,0.0349,0.630596,RL,0,26,0.0901849,-1.87522,-4.005357,-0.0901849,1.12478,0.9946426
23,3,2,35,1,0.0349,0.630596,RL,0,27,0.1032291,-1.871084,-4.005357,-0.1032291,1.128916,0.9946426
23,3,2,35,1,0.0349,0.630596,RL,0,28,0.1132461,-1.869231,-4.005357,-0.1132461,1.130769,0.9946426
23,3,2,35,1,0.0349,0.630596,RL,0,29,0.1252352,-1.866752,-4.005357,-0.1252352,1.133248,0.9946426
23,3,2,35,1,0.0349,0.630596,RL,0,30,0.1355933,-1.865265,-4.005357,-0.1355933,1.134735,0.9946426
23,3,2,35,1,0.0349,0.630596,RL,0,31,0.1520127,-1.869903,-4.005357,-0.1520127,1.130097,0.9946426
23,3,2,35,1,0.0349,0.630596,RL,0,32,0.1629018,-1.876444,-4.005357,-0.1629018,1.123556,0.9946426
23,3,2,35,1,0.0349,0.630596,RL,0,33,0.1721009,-1.882083,-4.005357,-0.1721009,1.117917,0.9946426
23,3,2,35,1,0.0349,0.630596,RL,0,34,0.1806964,-1.893264,-4.005357,-0.1806964,1.106736,0.9946426
23,3,2,35,1,0.0349,0.630596,RL,0,35,0.1876661,-1.901686,-4.005357,-0.1876661,1.098314,0.9946426
23,3,2,35,1,0.0349,0.630596,RL,0,36,0.1943759,-1.909123,-4.005357,-0.1943759,1.090877,0.9946426
23,3,2,35,1,0.0349,0.630596,RL,0,37,0.2019009,-1.923573,-4.005357,-0.2019009,1.076427,0.9946426
23,3,2,35,1,0.0349,0.630596,RL,0,38,0.2142889,-1.92764,-4.005357,-0.2142889,1.07236,0.9946426
23,3,2,35,1,0.0349,0.630596,RL,0,39,0.224535,-1.926406,-4.005357,-0.224535,1.073594,0.9946426
23,3,2,35,1,0.0349,0.630596,RL,0,40,0.2400173,-1.921539,-4.005357,-0.2400173,1.078461,0.9946426
23,3,2,35,1,0.0349,0.630596,RL,0,41,0.2545129,-1.917795,-4.005357,-0.2545129,1.082205,0.9946426
23,3,2,35,1,0.0349,0.630596,RL,0,42,0.2689683,-1.912721,-4.005357,-0.2689683,1.087279,0.9946426
23,3,2,35,1,0.0349,0.630596,RL,0,43,0.2811205,-1.906254,-4.005357,-0.2811205,1.093746,0.9946426
23,3,2,35,1,0.0349,0.630596,LR,0,0,-0.2729183,-1.903162,-4.005335,-0.2729183,1.096838,0.9946653
23,3,2,35,1,0.0349,0.630596,LR,0,1,-0.2650056,-1.909874,-4.005335,-0.2650056,1.090126,0.9946653
23,3,2,35,1,0.0349,0.630596,LR,0,2,-0.2512595,-1.915698,-4.005335,-0.2512595,1.084302,0.9946653
23,3,2,35,1,0.0349,0.630596,LR,0,3,-0.2376473,-1.921475,-4.005335,-0.2376473,1.078525,0.9946653
23,3,2,35,1,0.0349,0.630596,LR,0,4,-0.2248531,-1.922687,-4.005335,-0.2248531,1.077313,0.9946653
23,3,2,35,1,0.0349,0.630596,LR,0,5,-0.2087277,-1.919513,-4.005335,-0.2087277,1.080487,0.9946653
23,3,2,35,1,0.0349,0.630596,LR,0,6,-0.1934588,-1.917913,-4.005335,-0.1934588,1.082087,0.9946653
23,3,2,35,1,0.0349,0.630596,LR,0,7,-0.1835857,-1.913337,-4.005335,-0.1835857,1.086663,0.9946653
23,3,2,35,1,0.0349,0.630596,LR,0,8,-0.1732408,-1.907395,-4.005335,-0.1732408,1.092605,0.9946653
23,3,2,35,1,0.0349,0.630596,LR,0,9,-0.1577428,-1.895005,-4.005335,-0.1577428,1.104995,0.9946653
23,3,2,35,1,0.0349,0.630596,LR,0,10,-0.1484848,-1.886738,-4.005335,-0.1484848,1.113262,0.9946653
23,3,2,35,1,0.0349,0.630596,LR,0,11,-0.1405064,-1.878495,-4.005335,-0.1405064,1.121505,0.9946653
23,3,2,35,1,0.0349,0.630596,LR,0,12,-0.1278942,-1.872872,-4.005335,-0.1278942,1.127128,0.9946653
23,3,2,35,1,0.0349,0.630596,LR,0,13,-0.1099165,-1.868993,-4.005335,-0.1099165,1.131007,0.9946653
23,3,2,35,1,0.0349,0.630596,LR,0,14,-0.09487054,-1.868035,-4.005335,-0.09487054,1.131965,0.9946653
23,3,2,35,1,0.0349,0.630596,LR,0,15,-0.07245681,-1.885184,-4.005335,-0.07245681,1.114816,0.9946653
23,3,2,35,1,0.0349,0.630596,LR,0,16,-0.06000799,-1.894656,-4.005335,-0.06000799,1.105344,0.9946653
23,3,2,35,1,0.0349,0.630596,LR,0,17,-0.05338722,-1.90604,-4.005335,-0.05338722,1.09396,0.9946653
23,3,2,35,1,0.0349,0.630596,LR,0,18,-0.04281839,-1.913155,-4.005335,-0.04281839,1.086845,0.9946653
23,3,2,35,1,0.0349,0.630596,LR,0,19,-0.02893536,-1.914339,-4.005335,-0.02893536,1.085661,0.9946653
23,3,2,35,1,0.0349,0.630596,LR,0,20,-0.01630391,-1.916466,-4.005335,-0.01630391,1.083534,0.9946653
23,3,2,35,1,0.0349,0.630596,LR,0,21,-0.005064202,-1.918394,-4.005335,-0.005064202,1.081606,0.9946653
23,3,2,35,1,0.0349,0.630596,LR,0,22,0.01330094,-1.922643,-4.005335,0.01330094,1.077357,0.9946653
23,3,2,35,1,0.0349,0.630596,LR,0,23,0.02684661,-1.919861,-4.005335,0.02684661,1.080139,0.9946653
23,3,2,35,1,0.0349,0.630596,LR,0,24,0.03637913,-1.915499,-4.005335,0.03637913,1.084501,0.9946653
23,3,2,35,1,0.0349,0.630596,LR,0,25,0.0525355,-1.904082,-4.005335,0.0525355,1.095918,0.9946653
23,3,2,35,1,0.0349,0.630596,LR,0,26,0.06153214,-1.896735,-4.005335,0.06153214,1.103265,0.9946653
23,3,2,35,1,0.0349,0.630596,LR,0,27,0.07143062,-1.891627,-4.005335,0.07143062,1.108373,0.9946653
23,3,2,35,1,0.0349,0.630596,LR,0,28,0.08109285,-1.886668,-4.005335,0.08109285,1.113332,0.9946653
23,3,2,35,1,0.0349,0.630596,LR,0,29,0.09085013,-1.882898,-4.005335,0.09085013,1.117102,0.9946653
23,3,2,35,1,0.0349,0.630596,LR,0,30,0.1005182,-1.875865,-4.005335,0.1005182,1.124135,0.9946653
23,3,2,35,1,0.0349,0.630596,LR,0,31,0.1126347,-1.873499,-4.005335,0.1126347,1.126501,0.9946653
23,3,2,35,1,0.0349,0.630596,LR,0,32,0.1303347,-1.869791,-4.005335,0.1303347,1.130209,0.9946653
23,3,2,35,1,0.0349,0.630596,LR,0,33,0.1418887,-1.867668,-4.005335,0.1418887,1.132332,0.9946653
23,3,2,35,1,0.0349,0.630596,LR,0,34,0.1546489,-1.865215,-4.005335,0.1546489,1.134785,0.9946653
23,3,2,35,1,0.0349,0.630596,LR,0,35,0.1659644,-1.866214,-4.005335,0.1659644,1.133786,0.9946653
23,3,2,35,1,0.0349,0.630596,LR,0,36,0.1767329,-1.869448,-4.005335,0.1767329,1.130552,0.9946653
23,3,2,35,1,0.0349,0.630596,LR,0,37,0.1864592,-1.872929,-4.005335,0.1864592,1.127071,0.9946653
23,3,2,35,1,0.0349,0.630596,LR,0,38,0.199058,-1.883378,-4.005335,0.199058,1.116622,0.9946653
23,3,2,35,1,0.0349,0.630596,LR,0,39,0.2193799,-1.88975,-4.005335,0.2193799,1.11025,0.9946653
23,3,2,35,1,0.0349,0.630596,LR,0,40,0.2294966,-1.895394,-4.005335,0.2294966,1.104606,0.9946653
23,3,2,25,1,0.0349,0.443388,RL,0,0,-0.1762612,-1.898684,-4.003083,0.1762612,1.101316,0.9969168
23,3,2,25,1,0.0349,0.443388,RL,0,1,-0.1667131,-1.902972,-4.003083,0.1667131,1.097028,0.9969168
23,3,2,25,1,0.0349,0.443388,RL,0,2,-0.155721,-1.908635,-4.003083,0.155721,1.091365,0.9969168
23,3,2,25,1,0.0349,0.443388,RL,0,3,-0.1433827,-1.916211,-4.003083,0.1433827,1.083789,0.9969168
23,3,2,25,1,0.0349,0.443388,RL,0,4,-0.1314178,-1.919249,-4.003083,0.1314178,1.080751,0.9969168
23,3,2,25,1,0.0349,0.443388,RL,0,5,-0.1204409,-1.921296,-4.003083,0.1204409,1.078704,0.9969168
23,3,2,25,1,0.0349,0.443388,RL,0,6,-0.1092893,-1.919856,-4.003083,0.1092893,1.080144,0.9969168
23,3,2,25,1,0.0349,0.443388,RL,0,7,-0.09925215,-1.917651,-4.003083,0.09925215,1.082349,0.9969168
23,3,2,25,1,0.0349,0.443388,RL,0,8,-0.08726811,-1.914621,-4.003083,0.08726811,1.085379,0.9969168
23,3,2,25,1,0.0349,0.443388,RL,0,9,-0.07589141,-1.908692,-4.003083,0.07589141,1.091308,0.9969168
23,3,2,25,1,0.0349,0.443388,RL,0,10,-0.06141625,-1.896386,-4.003083,0.06141625,1.103614,0.9969168
23,3,2,25,1,0.0349,0.443388,RL,0,11,-0.05086512,-1.886487,-4.003083,0.05086512,1.113513,0.9969168
23,3,2,25,1,0.0349,0.443388,RL,0,12,-0.04217405,-1.878332,-4.003083,0.04217405,1.121668,0.9969168
23,3,2,25,1,0.0349,0.443388,RL,0,13,-0.03282639,-1.871279,-4.003083,0.03282639,1.128721,0.9969168
23,3,2,25,1,0.0349,0.443388,RL,0,14,-0.02499134,-1.863828,-4.003083,0.02499134,1.136172,0.9969168
23,3,2,25,1,0.0349,0.443388,RL,0,15,-0.01100245,-1.856386,-4.003083,0.01100245,1.143614,0.9969168
23,3,2,25,1,0.0349,0.443388,RL,0,16,0.0003375448,-1.855559,-4.003083,-0.0003375448,1.144441,0.9969168
23,3,2,25,1,0.0349,0.443388,RL,0,17,0.01474494,-1.863827,-4.003083,-0.01474494,1.136173,0.9969168
23,3,2,25,1,0.0349,0.443388,RL,0,18,0.02762098,-1.867957,-4.003083,-0.02762098,1.132043,0.9969168
23,3,2,25,1,0.0349,0.443388,RL,0,19,0.03872333,-1.874236,-4.003083,-0.03872333,1.125764,0.9969168
23,3,2,25,1,0.0349,0.443388,RL,0,20,0.05139293,-1.882103,-4.003083,-0.05139293,1.117897,0.9969168
23,3,2,25,1,0.0349,0.443388,RL,0,21,0.05946996,-1.88903,-4.003083,-0.05946996,1.11097,0.9969168
23,3,2,25,1,0.0349,0.443388,RL,0,22,0.07074171,-1.898672,-4.003083,-0.07074171,1.101328,0.9969168
23,3,2,25,1,0.0349,0.443388,RL,0,23,0.08250496,-1.905737,-4.003083,-0.08250496,1.094263,0.9969168
23,3,2,25,1,0.0349,0.443388,RL,0,24,0.09332156,-1.915277,-4.003083,-0.09332156,1.084723,0.9969168
23,3,2,25,1,0.0349,0.443388,RL,0,25,0.1058361,-1.916965,-4.003083,-0.1058361,1.083035,0.9969168
23,3,2,25,1,0.0349,0.443388,RL,0,26,0.118035,-1.917339,-4.003083,-0.118035,1.082661,0.9969168
23,3,2,25,1,0.0349,0.443388,RL,0,27,0.1374751,-1.912758,-4.003083,-0.1374751,1.087242,0.9969168
23,3,2,25,1,0.0349,0.443388,RL,0,28,0.1478586,-1.910346,-4.003083,-0.1478586,1.089654,0.9969168
23,3,2,25,1,0.0349,0.443388,RL,0,29,0.1604653,-1.906252,-4.003083,-0.1604653,1.093748,0.9969168
23,3,2,25,1,0.0349,0.443388,RL,0,30,0.1709211,-1.904261,-4.003083,-0.1709211,1.095739,0.9969168
23,3,2,25,1,0.0349,0.443388,RL,0,31,0.1819866,-1.909386,-4.003083,-0.1819866,1.090614,0.9969168
23,3,2,25,1,0.0349,0.443388,RL,0,0,-0.176324,-1.888993,-4.002183,0.176324,1.111007,0.9978167
23,3,2,25,1,0.0349,0.443388,RL,0,1,-0.1698814,-1.89667,-4.002183,0.1698814,1.10333,0.9978167
23,3,2,25,1,0.0349,0.443388,RL,0,2,-0.1628803,-1.904621,-4.002183,0.1628803,1.095379,0.9978167
23,3,2,25,1,0.0349,0.443388,RL,0,3,-0.1534464,-1.914552,-4.002183,0.1534464,1.085448,0.9978167
23,3,2,25,1,0.0349,0.443388,RL,0,4,-0.142172,-1.917859,-4.002183,0.142172,1.082141,0.9978167
23,3,2,25,1,0.0349,0.443388,RL,0,5,-0.1271628,-1.926617,-4.002183,0.1271628,1.073383,0.9978167
23,3,2,25,1,0.0349,0.443388,RL,0,6,-0.1164234,-1.928387,-4.002183,0.1164234,1.071613,0.9978167
23,3,2,25,1,0.0349,0.443388,RL,0,7,-0.1047611,-1.926832,-4.002183,0.1047611,1.073168,0.9978167
23,3,2,25,1,0.0349,0.443388,RL,0,8,-0.09066004,-1.921193,-4.002183,0.09066004,1.078807,0.9978167
23,3,2,25,1,0.0349,0.443388,RL,0,9,-0.07978863,-1.915149,-4.002183,0.07978863,1.084851,0.9978167
23,3,2,25,1,0.0349,0.443388,RL,0,10,-0.07086378,-1.907705,-4.002183,0.07086378,1.092295,0.9978167
23,3,2,25,1,0.0349,0.443388,RL,0,11,-0.05800544,-1.898769,-4.002183,0.05800544,1.101231,0.9978167
23,3,2,25,1,0.0349,0.443388,RL,0,12,-0.04982187,-1.890885,-4.002183,0.04982187,1.109115,0.9978167
23,3,2,25,1,0.0349,0.443388,RL,0,13,-0.04070939,-1.88265,-4.002183,0.04070939,1.11735,0.9978167
23,3,2,25,1,0.0349,0.443388,RL,0,14,-0.03240742,-1.876123,-4.002183,0.03240742,1.123877,0.9978167
23,3,2,25,1,0.0349,0.443388,RL,0,15,-0.02304403,-1.870526,-4.002183,0.02304403,1.129474,0.9978167
23,3,2,25,1,0.0349,0.443388,RL,0,16,-0.006754559,-1.868479,-4.002183,0.006754559,1.131521,0.9978167
23,3,2,25,1,0.0349,0.443388,RL,0,17,0.005922399,-1.867332,-4.002183,-0.005922399,1.132668,0.9978167
23,3,2,25,1,0.0349,0.443388,RL,0,18,0.02057567,-1.867767,-4.002183,-0.02057567,1.132233,0.9978167
23,3,2,25,1,0.0349,0.443388,RL,0,19,0.03026858,-1.870509,-4.002183,-0.03026858,1.129491,0.9978167
23,3,2,25,1,0.0349,0.443388,RL,0,20,0.04455468,-1.880533,-4.002183,-0.04455468,1.119467,0.9978167
23,3,2,25,1,0.0349,0.443388,RL,0,21,0.06403396,-1.893816,-4.002183,-0.06403396,1.106184,0.9978167
23,3,2,25,1,0.0349,0.443388,RL,0,22,0.07368059,-1.897413,-4.002183,-0.07368059,1.102587,0.9978167
23,3,2,25,1,0.0349,0.443388,RL,0,23,0.08375708,-1.900733,-4.002183,-0.08375708,1.099267,0.9978167
23,3,2,25,1,0.0349,0.443388,RL,0,24,0.09432308,-1.906722,-4.002183,-0.09432308,1.093278,0.9978167
23,3,2,25,1,0.0349,0.443388,RL,0,25,0.1030565,-1.914194,-4.002183,-0.1030565,1.085806,0.9978167
23,3,2,25,1,0.0349,0.443388,RL,0,26,0.1116499,-1.919738,-4.002183,-0.1116499,1.080262,0.9978167
23,3,2,25,1,0.0349,0.443388,RL,0,27,0.1205726,-1.924698,-4.002183,-0.1205726,1.075302,0.9978167
23,3,2,25,1,0.0349,0.443388,RL,0,28,0.1349467,-1.928646,-4.002183,-0.1349467,1.071354,0.9978167
23,3,2,25,1,0.0349,0.443388,RL,0,29,0.1453612,-1.927729,-4.002183,-0.1453612,1.072271,0.9978167
23,3,2,25,1,0.0349,0.443388,RL,0,30,0.1593174,-1.926449,-4.002183,-0.1593174,1.073551,0.9978167
23,3,2,25,1,0.0349,0.443388,RL,0,31,0.1710672,-1.919996,-4.002183,-0.1710672,1.080004,0.9978167
23,3,2,25,1,0.0349,0.443388,LR,0,0,-0.1849542,-1.901201,-4.002314,-0.1849542,1.098799,0.9976864
23,3,2,25,1,0.0349,0.443388,LR,0,1,-0.17608,-1.907553,-4.002314,-0.17608,1.092447,0.9976864
23,3,2,25,1,0.0349,0.443388,LR,0,2,-0.1634151,-1.915228,-4.002314,-0.1634151,1.084772,0.9976864
23,3,2,25,1,0.0349,0.443388,LR,0,3,-0.1525526,-1.920669,-4.002314,-0.1525526,1.079331,0.9976864
23,3,2,25,1,0.0349,0.443388,LR,0,4,-0.1376718,-1.924146,-4.002314,-0.1376718,1.075854,0.9976864
23,3,2,25,1,0.0349,0.443388,LR,0,5,-0.1252433,-1.923978,-4.002314,-0.1252433,1.076022,0.9976864
23,3,2,25,1,0.0349,0.443388,LR,0,6,-0.1143949,-1.923712,-4.002314,-0.1143949,1.076288,0.9976864
23,3,2,25,1,0.0349,0.443388,LR,0,7,-0.0997954,-1.917932,-4.002314,-0.0997954,1.082068,0.9976864
23,3,2,25,1,0.0349,0.443388,LR,0,8,-0.08936603,-1.913769,-4.002314,-0.08936603,1.086231,0.9976864
23,3,2,25,1,0.0349,0.443388,LR,0,9,-0.08076634,-1.905856,-4.002314,-0.08076634,1.094144,0.9976864
23,3,2,25,1,0.0349,0.443388,LR,0,10,-0.07263164,-1.894725,-4.002314,-0.07263164,1.105275,0.9976864
23,3,2,25,1,0.0349,0.443388,LR,0,11,-0.06237929,-1.881313,-4.002314,-0.06237929,1.118687,0.9976864
23,3,2,25,1,0.0349,0.443388,LR,0,12,-0.05091796,-1.871161,-4.002314,-0.05091796,1.128839,0.9976864
23,3,2,25,1,0.0349,0.443388,LR,0,13,-0.0402893,-1.864029,-4.002314,-0.0402893,1.135971,0.9976864
23,3,2,25,1,0.0349,0.443388,LR,0,14,-0.02970908,-1.8577,-4.002314,-0.02970908,1.1423,0.9976864
23,3,2,25,1,0.0349,0.443388,LR,0,15,-0.01945043,-1.856789,-4.002314,-0.01945043,1.143211,0.9976864
23,3,2,25,1,0.0349,0.443388,LR,0,16,-0.005004707,-1.858638,-4.002314,-0.005004707,1.141362,0.9976864
23,3,2,25,1,0.0349,0.443388,LR,0,17,0.005755216,-1.862854,-4.002314,0.005755216,1.137146,0.9976864
23,3,2,25,1,0.0349,0.443388,LR,0,18,0.01521859,-1.866409,-4.002314,0.01521859,1.133591,0.9976864
23,3,2,25,1,0.0349,0.443388,LR,0,19,0.02509737,-1.875086,-4.002314,0.02509737,1.124914,0.9976864
23,3,2,25,1,0.0349,0.443388,LR,0,20,0.0347676,-1.884025,-4.002314,0.0347676,1.115975,0.9976864
23,3,2,25,1,0.0349,0.443388,LR,0,21,0.04537965,-1.897231,-4.002314,0.04537965,1.102769,0.9976864
23,3,2,25,1,0.0349,0.443388,LR,0,22,0.05870364,-1.906184,-4.002314,0.05870364,1.093816,0.9976864
23,3,2,25,1,0.0349,0.443388,LR,0,23,0.07098074,-1.918078,-4.002314,0.07098074,1.081922,0.9976864
23,3,2,25,1,0.0349,0.443388,LR,0,24,0.08351292,-1.921252,-4.002314,0.08351292,1.078748,0.9976864
23,3,2,25,1,0.0349,0.443388,LR,0,25,0.0979456,-1.922129,-4.002314,0.0979456,1.077871,0.9976864
23,3,2,25,1,0.0349,0.443388,LR,0,26,0.1151386,-1.923122,-4.002314,0.1151386,1.076878,0.9976864
23,3,2,25,1,0.0349,0.443388,LR,0,27,0.1299972,-1.91961,-4.002314,0.1299972,1.08039,0.9976864
23,3,2,25,1,0.0349,0.443388,LR,0,28,0.1403554,-1.917036,-4.002314,0.1403554,1.082964,0.9976864
23,3,2,25,1,0.0349,0.443388,LR,0,29,0.1536318,-1.911018,-4.002314,0.1536318,1.088982,0.9976864
23,3,2,25,1,0.0349,0.443388,LR,0,30,0.1662729,-1.903806,-4.002314,0.1662729,1.096194,0.9976864
23,3,2,35,1,0.0349,0.630596,RL,0,0,-0.2546965,-1.906856,-4.002401,0.2546965,1.093144,0.9975988
23,3,2,35,1,0.0349,0.630596,RL,0,1,-0.2446035,-1.903079,-4.002401,0.2446035,1.096921,0.9975988
23,3,2,35,1,0.0349,0.630596,RL,0,2,-0.2305559,-1.895827,-4.002401,0.2305559,1.104173,0.9975988
23,3,2,35,1,0.0349,0.630596,RL,0,3,-0.2192795,-1.888847,-4.002401,0.2192795,1.111153,0.9975988
23,3,2,35,1,0.0349,0.630596,RL,0,4,-0.2077284,-1.881103,-4.002401,0.2077284,1.118897,0.9975988
23,3,2,35,1,0.0349,0.630596,RL,0,5,-0.1943576,-1.87112,-4.002401,0.1943576,1.12888,0.9975988
23,3,2,35,1,0.0349,0.630596,RL,0,6,-0.1839492,-1.867363,-4.002401,0.1839492,1.132637,0.9975988
23,3,2,35,1,0.0349,0.630596,RL,0,7,-0.1730463,-1.866947,-4.002401,0.1730463,1.133053,0.9975988
23,3,2,35,1,0.0349,0.630596,RL,0,8,-0.1590431,-1.870942,-4.002401,0.1590431,1.129058,0.9975988
23,3,2,35,1,0.0349,0.630596,RL,0,9,-0.1505527,-1.877833,-4.002401,0.1505527,1.122167,0.9975988
23,3,2,35,1,0.0349,0.630596,RL,0,10,-0.1390827,-1.883554,-4.002401,0.1390827,1.116446,0.9975988
23,3,2,35,1,0.0349,0.630596,RL,0,11,-0.1276886,-1.890349,-4.002401,0.1276886,1.109651,0.9975988
23,3,2,35,1,0.0349,0.630596,RL,0,12,-0.1174237,-1.893895,-4.002401,0.1174237,1.106105,0.9975988
23,3,2,35,1,0.0349,0.630596,RL,0,13,-0.1010124,-1.902064,-4.002401,0.1010124,1.097936,0.9975988
23,3,2,35,1,0.0349,0.630596,RL,0,14,-0.09219587,-1.90934,-4.002401,0.09219587,1.09066,0.9975988
23,3,2,35,1,0.0349,0.630596,RL,0,15,-0.07683843,-1.917223,-4.002401,0.07683843,1.082777,0.9975988
23,3,2,35,1,0.0349,0.630596,RL,0,16,-0.05735102,-1.921278,-4.002401,0.05735102,1.078722,0.9975988
23,3,2,35,1,0.0349,0.630596,RL,0,17,-0.04552518,-1.91805,-4.002401,0.04552518,1.08195,0.9975988
23,3,2,35,1,0.0349,0.630596,RL,0,18,-0.0282271,-1.911328,-4.002401,0.0282271,1.088672,0.9975988
23,3,2,35,1,0.0349,0.630596,RL,0,19,-0.01928557,-1.905138,-4.002401,0.01928557,1.094862,0.9975988
23,3,2,35,1,0.0349,0.630596,RL,0,20,-0.01066843,-1.898266,-4.002401,0.01066843,1.101734,0.9975988
23,3,2,35,1,0.0349,0.630596,RL,0,21,0.001391347,-1.893191,-4.002401,-0.001391347,1.106809,0.9975988
23,3,2,35,1,0.0349,0.630596,RL,0,22,0.02403927,-1.880769,-4.002401,-0.02403927,1.119231,0.9975988
23,3,2,35,1,0.0349,0.630596,RL,0,23,0.03874851,-1.873373,-4.002401,-0.03874851,1.126627,0.9975988
23,3,2,35,1,0.0349,0.630596,RL,0,24,0.04939804,-1.868896,-4.002401,-0.04939804,1.131104,0.9975988
23,3,2,35,1,0.0349,0.630596,RL,0,25,0.06047572,-1.86332,-4.002401,-0.06047572,1.13668,0.9975988
23,3,2,35,1,0.0349,0.630596,RL,0,26,0.07181074,-1.86055,-4.002401,-0.07181074,1.13945,0.9975988
23,3,2,35,1,0.0349,0.630596,RL,0,27,0.0853992,-1.856053,-4.002401,-0.0853992,1.143947,0.9975988
23,3,2,35,1,0.0349,0.630596,RL,0,28,0.09617048,-1.86008,-4.002401,-0.09617048,1.13992,0.9975988
23,3,2,35,1,0.0349,0.630596,RL,0,29,0.1109164,-1.872607,-4.002401,-0.1109164,1.127393,0.9975988
23,3,2,35,1,0.0349,0.630596,RL,0,30,0.1227139,-1.880682,-4.002401,-0.1227139,1.119318,0.9975988
23,3,2,35,1,0.0349,0.630596,RL,0,31,0.1349274,-1.885741,-4.002401,-0.1349274,1.114259,0.9975988
23,3,2,35,1,0.0349,0.630596,RL,0,32,0.1554451,-1.890899,-4.002401,-0.1554451,1.109101,0.9975988
23,3,2,35,1,0.0349,0.630596,RL,0,33,0.1655809,-1.893327,-4.002401,-0.1655809,1.106673,0.9975988
23,3,2,35,1,0.0349,0.630596,RL,0,34,0.1824467,-1.9011,-4.002401,-0.1824467,1.0989,0.9975988
23,3,2,35,1,0.0349,0.630596,RL,0,35,0.1923976,-1.906635,-4.002401,-0.1923976,1.093365,0.9975988
23,3,2,35,1,0.0349,0.630596,RL,0,36,0.2020188,-1.911428,-4.002401,-0.2020188,1.088572,0.9975988
23,3,2,35,1,0.0349,0.630596,RL,0,37,0.2126146,-1.916571,-4.002401,-0.2126146,1.083429,0.9975988
23,3,2,35,1,0.0349,0.630596,RL,0,38,0.231267,-1.919147,-4.002401,-0.231267,1.080853,0.9975988
23,3,2,35,1,0.0349,0.630596,RL,0,39,0.2469336,-1.919279,-4.002401,-0.2469336,1.080721,0.9975988
23,3,2,35,1,0.0349,0.630596,RL,0,40,0.2593028,-1.918487,-4.002401,-0.2593028,1.081513,0.9975988
23,3,2,25,1,0.0349,0.443388,RL,0,0,-0.185859,-1.895344,-4.002469,0.185859,1.104656,0.9975308
23,3,2,25,1,0.0349,0.443388,RL,0,1,-0.1756803,-1.90261,-4.002469,0.1756803,1.09739,0.9975308
23,3,2,25,1,0.0349,0.443388,RL,0,2,-0.1651582,-1.909315,-4.002469,0.1651582,1.090685,0.9975308
23,3,2,25,1,0.0349,0.443388,RL,0,3,-0.1555325,-1.914435,-4.002469,0.1555325,1.085565,0.9975308
23,3,2,25,1,0.0349,0.443388,RL,0,4,-0.145874,-1.917373,-4.002469,0.145874,1.082627,0.9975308
23,3,2,25,1,0.0349,0.443388,RL,0,5,-0.1360902,-1.921106,-4.002469,0.1360902,1.078894,0.9975308
23,3,2,25,1,0.0349,0.443388,RL,0,6,-0.1258218,-1.920918,-4.002469,0.1258218,1.079082,0.9975308
23,3,2,25,1,0.0349,0.443388,RL,0,7,-0.1160635,-1.917743,-4.002469,0.1160635,1.082257,0.9975308
23,3,2,25,1,0.0349,0.443388,RL,0,8,-0.1035985,-1.911534,-4.002469,0.1035985,1.088466,0.9975308
23,3,2,25,1,0.0349,0.443388,RL,0,9,-0.09422576,-1.904398,-4.002469,0.09422576,1.095602,0.9975308
23,3,2,25,1,0.0349,0.443388,RL,0,10,-0.08483717,-1.897542,-4.002469,0.08483717,1.102458,0.9975308
23,3,2,25,1,0.0349,0.443388,RL,0,11,-0.07136533,-1.888685,-4.002469,0.07136533,1.111315,0.9975308
23,3,2,25,1,0.0349,0.443388,RL,0,12,-0.06114051,-1.880697,-4.002469,0.06114051,1.119303,0.9975308
23,3,2,25,1,0.0349,0.443388,RL,0,13,-0.05174157,-1.874134,-4.002469,0.05174157,1.125866,0.9975308
23,3,2,25,1,0.0349,0.443388,RL,0,14,-0.04021543,-1.867676,-4.002469,0.04021543,1.132324,0.9975308
23,3,2,25,1,0.0349,0.443388,RL,0,15,-0.02924728,-1.862141,-4.002469,0.02924728,1.137859,0.9975308
23,3,2,25,1,0.0349,0.443388,RL,0,16,-0.01655041,-1.858075,-4.002469,0.01655041,1.141925,0.9975308
23,3,2,25,1,0.0349,0.443388,RL,0,17,0.003861978,-1.855969,-4.002469,-0.003861978,1.144031,0.9975308
23,3,2,25,1,0.0349,0.443388,RL,0,18,0.01833268,-1.862408,-4.002469,-0.01833268,1.137592,0.9975308
23,3,2,25,1,0.0349,0.443388,RL,0,19,0.02648281,-1.872169,-4.002469,-0.02648281,1.127831,0.9975308
23,3,2,25,1,0.0349,0.443388,RL,0,20,0.03826606,-1.888811,-4.002469,-0.03826606,1.111189,0.9975308
23,3,2,25,1,0.0349,0.443388,RL,0,21,0.0506449,-1.896474,-4.002469,-0.0506449,1.103526,0.9975308
23,3,2,25,1,0.0349,0.443388,RL,0,22,0.05822801,-1.903001,-4.002469,-0.05822801,1.096999,0.9975308
23,3,2,25,1,0.0349,0.443388,RL,0,23,0.06846967,-1.908824,-4.002469,-0.06846967,1.091176,0.9975308
23,3,2,25,1,0.0349,0.443388,RL,0,24,0.07826889,-1.911174,-4.002469,-0.07826889,1.088826,0.9975308
23,3,2,25,1,0.0349,0.443388,RL,0,25,0.09820892,-1.914921,-4.002469,-0.09820892,1.085079,0.9975308
23,3,2,25,1,0.0349,0.443388,RL,0,26,0.1100872,-1.915274,-4.002469,-0.1100872,1.084726,0.9975308
23,3,2,25,1,0.0349,0.443388,RL,0,27,0.1224279,-1.914234,-4.002469,-0.1224279,1.085766,0.9975308
23,3,2,25,1,0.0349,0.443388,RL,0,28,0.140557,-1.909937,-4.002469,-0.140557,1.090063,0.9975308
23,3,2,25,1,0.0349,0.443388,RL,0,29,0.1532309,-1.909001,-4.002469,-0.1532309,1.090999,0.9975308
23,3,2,25,1,0.0349,0.443388,RL,0,30,0.1663619,-1.905226,-4.002469,-0.1663619,1.094774,0.9975308
23,3,2,25,1,0.0349,0.443388,LR,0,0,-0.1782093,-1.898715,-4.002585,-0.1782093,1.101285,0.9974151
23,3,2,25,1,0.0349,0.443388,LR,0,1,-0.1684201,-1.901972,-4.002585,-0.1684201,1.098028,0.9974151
23,3,2,25,1,0.0349,0.443388,LR,0,2,-0.156494,-1.906592,-4.002585,-0.156494,1.093408,0.9974151
23,3,2,25,1,0.0349,0.443388,LR,0,3,-0.142672,-1.910411,-4.002585,-0.142672,1.089589,0.9974151
23,3,2,25,1,0.0349,0.443388,LR,0,4,-0.1261019,-1.914338,-4.002585,-0.1261019,1.085662,0.9974151
23,3,2,25,1,0.0349,0.443388,LR,0,5,-0.1141585,-1.916137,-4.002585,-0.1141585,1.083863,0.9974151
23,3,2,25,1,0.0349,0.443388,LR,0,6,-0.1000311,-1.915853,-4.002585,-0.1000311,1.084147,0.9974151
23,3,2,25,1,0.0349,0.443388,LR,0,7,-0.08664876,-1.912813,-4.002585,-0.08664876,1.087187,0.9974151
23,3,2,25,1,0.0349,0.443388,LR,0,8,-0.07703,-1.90737,-4.002585,-0.07703,1.09263,0.9974151
23,3,2,25,1,0.0349,0.443388,LR,0,9,-0.0673238,-1.902509,-4.002585,-0.0673238,1.097491,0.9974151
23,3,2,25,1,0.0349,0.443388,LR,0,10,-0.060187,-1.895253,-4.002585,-0.060187,1.104747,0.9974151
23,3,2,25,1,0.0349,0.443388,LR,0,11,-0.05038168,-1.888094,-4.002585,-0.05038168,1.111906,0.9974151
23,3,2,25,1,0.0349,0.443388,LR,0,12,-0.04236858,-1.880612,-4.002585,-0.04236858,1.119388,0.9974151
23,3,2,25,1,0.0349,0.443388,LR,0,13,-0.0326101,-1.870319,-4.002585,-0.0326101,1.129681,0.9974151
23,3,2,25,1,0.0349,0.443388,LR,0,14,-0.02254147,-1.863993,-4.002585,-0.02254147,1.136007,0.9974151
23,3,2,25,1,0.0349,0.443388,LR,0,15,-0.01078735,-1.855604,-4.002585,-0.01078735,1.144396,0.9974151
23,3,2,25,1,0.0349,0.443388,LR,0,16,0.003012951,-1.856709,-4.002585,0.003012951,1.143291,0.9974151
23,3,2,25,1,0.0349,0.443388,LR,0,17,0.01488787,-1.859985,-4.002585,0.01488787,1.140015,0.9974151
23,3,2,25,1,0.0349,0.443388,LR,0,18,0.02640838,-1.866836,-4.002585,0.02640838,1.133164,0.9974151
23,3,2,25,1,0.0349,0.443388,LR,0,19,0.0403637,-1.872453,-4.002585,0.0403637,1.127547,0.9974151
23,3,2,25,1,0.0349,0.443388,LR,0,20,0.05118404,-1.878519,-4.002585,0.05118404,1.121481,0.9974151
23,3,2,25,1,0.0349,0.443388,LR,0,21,0.06227137,-1.887362,-4.002585,0.06227137,1.112638,0.9974151
23,3,2,25,1,0.0349,0.443388,LR,0,22,0.07063489,-1.895414,-4.002585,0.07063489,1.104586,0.9974151
23,3,2,25,1,0.0349,0.443388,LR,0,23,0.0789739,-1.902698,-4.002585,0.0789739,1.097302,0.9974151
23,3,2,25,1,0.0349,0.443388,LR,0,24,0.08747156,-1.909638,-4.002585,0.08747156,1.090362,0.9974151
23,3,2,25,1,0.0349,0.443388,LR,0,25,0.1004086,-1.914427,-4.002585,0.1004086,1.085573,0.9974151
23,3,2,25,1,0.0349,0.443388,LR,0,26,0.1191325,-1.916564,-4.002585,0.1191325,1.083436,0.9974151
23,3,2,25,1,0.0349,0.443388,LR,0,27,0.1335224,-1.9153,-4.002585,0.1335224,1.0847,0.9974151
23,3,2,25,1,0.0349,0.443388,LR,0,28,0.1456039,-1.915083,-4.002585,0.1456039,1.084917,0.9974151
23,3,2,25,1,0.0349,0.443388,LR,0,29,0.1593219,-1.913497,-4.002585,0.1593219,1.086503,0.9974151
23,3,2,25,1,0.0349,0.443388,LR,0,30,0.1743329,-1.911501,-4.002585,0.1743329,1.088499,0.9974151
23,3,2,35,1,0.0349,0.630596,RL,0,0,-0.2577846,-1.907343,-4.002778,0.2577846,1.092657,0.9972224
23,3,2,35,1,0.0349,0.630596,RL,0,1,-0.2472963,-1.900201,-4.002778,0.2472963,1.099799,0.9972224
23,3,2,35,1,0.0349,0.630596,RL,0,2,-0.2380411,-1.892899,-4.002778,0.2380411,1.107101,0.9972224
23,3,2,35,1,0.0349,0.630596,RL,0,3,-0.221659,-1.883713,-4.002778,0.221659,1.116287,0.9972224
23,3,2,35,1,0.0349,0.630596,RL,0,4,-0.2050809,-1.878167,-4.002778,0.2050809,1.121833,0.9972224
23,3,2,35,1,0.0349,0.630596,RL,0,5,-0.1906783,-1.871773,-4.002778,0.1906783,1.128227,0.9972224
23,3,2,35,1,0.0349,0.630596,RL,0,6,-0.1794344,-1.868794,-4.002778,0.1794344,1.131206,0.9972224
23,3,2,35,1,0.0349,0.630596,RL,0,7,-0.1681882,-1.867126,-4.002778,0.1681882,1.132874,0.9972224
23,3,2,35,1,0.0349,0.630596,RL,0,8,-0.1560087,-1.869996,-4.002778,0.1560087,1.130004,0.9972224
23,3,2,35,1,0.0349,0.630596,RL,0,9,-0.1437557,-1.87771,-4.002778,0.1437557,1.12229,0.9972224
23,3,2,35,1,0.0349,0.630596,RL,0,10,-0.1341467,-1.882355,-4.002778,0.1341467,1.117645,0.9972224
23,3,2,35,1,0.0349,0.630596,RL,0,11,-0.1228139,-1.890209,-4.002778,0.1228139,1.109791,0.9972224
23,3,2,35,1,0.0349,0.630596,RL,0,12,-0.1118439,-1.895826,-4.002778,0.1118439,1.104174,0.9972224
23,3,2,35,1,0.0349,0.630596,RL,0,13,-0.09745589,-1.9005,-4.002778,0.09745589,1.0995,0.9972224
23,3,2,35,1,0.0349,0.630596,RL,0,14,-0.08694987,-1.906641,-4.002778,0.08694987,1.093359,0.9972224
23,3,2,35,1,0.0349,0.630596,RL,0,15,-0.07451218,-1.909448,-4.002778,0.07451218,1.090552,0.9972224
23,3,2,35,1,0.0349,0.630596,RL,0,16,-0.06175416,-1.910396,-4.002778,0.06175416,1.089604,0.9972224
23,3,2,35,1,0.0349,0.630596,RL,0,17,-0.04870848,-1.911722,-4.002778,0.04870848,1.088278,0.9972224
23,3,2,35,1,0.0349,0.630596,RL,0,18,-0.0359631,-1.911125,-4.002778,0.0359631,1.088875,0.9972224
23,3,2,35,1,0.0349,0.630596,RL,0,19,-0.01980601,-1.909612,-4.002778,0.01980601,1.090388,0.9972224
23,3,2,35,1,0.0349,0.630596,RL,0,20,-0.00568894,-1.903148,-4.002778,0.00568894,1.096852,0.9972224
23,3,2,35,1,0.0349,0.630596,RL,0,21,0.01030976,-1.886023,-4.002778,-0.01030976,1.113977,0.9972224
23,3,2,35,1,0.0349,0.630596,RL,0,22,0.02201152,-1.875077,-4.002778,-0.02201152,1.124923,0.9972224
23,3,2,35,1,0.0349,0.630596,RL,0,23,0.03089387,-1.86896,-4.002778,-0.03089387,1.13104,0.9972224
23,3,2,35,1,0.0349,0.630596,RL,0,24,0.04175088,-1.863841,-4.002778,-0.04175088,1.136159,0.9972224
23,3,2,35,1,0.0349,0.630596,RL,0,25,0.05193553,-1.860629,-4.002778,-0.05193553,1.139371,0.9972224
23,3,2,35,1,0.0349,0.630596,RL,0,26,0.06228737,-1.85794,-4.002778,-0.06228737,1.14206,0.9972224
23,3,2,35,1,0.0349,0.630596,RL,0,27,0.07355349,-1.8557,-4.002778,-0.07355349,1.1443,0.9972224
23,3,2,35,1,0.0349,0.630596,RL,0,28,0.08469616,-1.854857,-4.002778,-0.08469616,1.145143,0.9972224
23,3,2,35,1,0.0349,0.630596,RL,0,29,0.09536998,-1.855524,-4.002778,-0.09536998,1.144476,0.9972224
23,3,2,35,1,0.0349,0.630596,RL,0,30,0.1053883,-1.859668,-4.002778,-0.1053883,1.140332,0.9972224
23,3,2,35,1,0.0349,0.630596,RL,0,31,0.1149124,-1.863094,-4.002778,-0.1149124,1.136906,0.9972224
23,3,2,35,1,0.0349,0.630596,RL,0,32,0.1250186,-1.878703,-4.002778,-0.1250186,1.121297,0.9972224
23,3,2,35,1,0.0349,0.630596,RL,0,33,0.1325746,-1.888141,-4.002778,-0.1325746,1.111859,0.9972224
23,3,2,35,1,0.0349,0.630596,RL,0,34,0.1409215,-1.896658,-4.002778,-0.1409215,1.103342,0.9972224
23,3,2,35,1,0.0349,0.630596,RL,0,35,0.1506759,-1.90348,-4.002778,-0.1506759,1.09652,0.9972224
23,3,2,35,1,0.0349,0.630596,RL,0,36,0.1632818,-1.910028,-4.002778,-0.1632818,1.089972,0.9972224
23,3,2,35,1,0.0349,0.630596,RL,0,37,0.1871491,-1.913477,-4.002778,-0.1871491,1.086523,0.9972224
23,3,2,35,1,0.0349,0.630596,RL,0,38,0.206918,-1.919015,-4.002778,-0.206918,1.080985,0.9972224
23,3,2,35,1,0.0349,0.630596,RL,0,39,0.2170607,-1.917771,-4.002778,-0.2170607,1.082229,0.9972224
23,3,2,35,1,0.0349,0.630596,RL,0,40,0.2281977,-1.918915,-4.002778,-0.2281977,1.081085,0.9972224
23,3,2,35,1,0.0349,0.630596,RL,0,41,0.2478491,-1.915704,-4.002778,-0.2478491,1.084296,0.9972224
23,3,2,25,1,0.0349,0.443388,RL,0,0,-0.1989889,-1.894532,-4.002239,0.1989889,1.105468,0.9977608
23,3,2,25,1,0.0349,0.443388,RL,0,1,-0.1889396,-1.901346,-4.002239,0.1889396,1.098654,0.9977608
23,3,2,25,1,0.0349,0.443388,RL,0,2,-0.1798209,-1.906227,-4.002239,0.1798209,1.093773,0.9977608
23,3,2,25,1,0.0349,0.443388,RL,0,3,-0.169108,-1.913904,-4.002239,0.169108,1.086096,0.9977608
23,3,2,25,1,0.0349,0.443388,RL,0,4,-0.1563956,-1.916721,-4.002239,0.1563956,1.083279,0.9977608
23,3,2,25,1,0.0349,0.443388,RL,0,5,-0.1431436,-1.919719,-4.002239,0.1431436,1.080281,0.9977608
23,3,2,25,1,0.0349,0.443388,RL,0,6,-0.1270008,-1.9192,-4.002239,0.1270008,1.0808,0.9977608
23,3,2,25,1,0.0349,0.443388,RL,0,7,-0.1107141,-1.914117,-4.002239,0.1107141,1.085883,0.9977608
23,3,2,25,1,0.0349,0.443388,RL,0,8,-0.1010792,-1.908278,-4.002239,0.1010792,1.091722,0.9977608
23,3,2,25,1,0.0349,0.443388,RL,0,9,-0.08972563,-1.90039,-4.002239,0.08972563,1.09961,0.9977608
23,3,2,25,1,0.0349,0.443388,RL,0,10,-0.08160396,-1.894154,-4.002239,0.08160396,1.105846,0.9977608
23,3,2,25,1,0.0349,0.443388,RL,0,11,-0.07205288,-1.886914,-4.002239,0.07205288,1.113086,0.9977608
23,3,2,25,1,0.0349,0.443388,RL,0,12,-0.05903573,-1.878738,-4.002239,0.05903573,1.121262,0.9977608
23,3,2,25,1,0.0349,0.443388,RL,0,13,-0.04702039,-1.871822,-4.002239,0.04702039,1.128178,0.9977608
23,3,2,25,1,0.0349,0.443388,RL,0,14,-0.03800581,-1.867307,-4.002239,0.03800581,1.132693,0.9977608
23,3,2,25,1,0.0349,0.443388,RL,0,15,-0.02417168,-1.863159,-4.002239,0.02417168,1.136841,0.9977608
23,3,2,25,1,0.0349,0.443388,RL,0,16,-0.006115885,-1.858272,-4.002239,0.006115885,1.141728,0.9977608
23,3,2,25,1,0.0349,0.443388,RL,0,17,0.006251964,-1.85836,-4.002239,-0.006251964,1.14164,0.9977608
23,3,2,25,1,0.0349,0.443388,RL,0,18,0.01563195,-1.861859,-4.002239,-0.01563195,1.138141,0.9977608
23,3,2,25,1,0.0349,0.443388,RL,0,19,0.02566925,-1.869079,-4.002239,-0.02566925,1.130921,0.9977608
23,3,2,25,1,0.0349,0.443388,RL,0,20,0.03578712,-1.878462,-4.002239,-0.03578712,1.121538,0.9977608
23,3,2,25,1,0.0349,0.443388,RL,0,21,0.04560284,-1.886003,-4.002239,-0.04560284,1.113997,0.9977608
23,3,2,25,1,0.0349,0.443388,RL,0,22,0.06218888,-1.896108,-4.002239,-0.06218888,1.103892,0.9977608
23,3,2,25,1,0.0349,0.443388,RL,0,23,0.0722052,-1.901215,-4.002239,-0.0722052,1.098785,0.9977608
23,3,2,25,1,0.0349,0.443388,RL,0,24,0.08203802,-1.909761,-4.002239,-0.08203802,1.090239,0.9977608
23,3,2,25,1,0.0349,0.443388,RL,0,25,0.09582964,-1.914663,-4.002239,-0.09582964,1.085337,0.9977608
23,3,2,25,1,0.0349,0.443388,RL,0,26,0.1082599,-1.91697,-4.002239,-0.1082599,1.08303,0.9977608
23,3,2,25,1,0.0349,0.443388,RL,0,27,0.1219029,-1.916559,-4.002239,-0.1219029,1.083441,0.9977608
23,3,2,25,1,0.0349,0.443388,RL,0,28,0.1326585,-1.914315,-4.002239,-0.1326585,1.085685,0.9977608
23,3,2,25,1,0.0349,0.443388,RL,0,29,0.1445053,-1.911197,-4.002239,-0.1445053,1.088803,0.9977608
23,3,2,25,1,0.0349,0.443388,RL,0,30,0.1568165,-1.906776,-4.002239,-0.1568165,1.093224,0.9977608
23,3,2,25,1,0.0349,0.443388,LR,0,0,-0.1705035,-1.902531,-4.002333,-0.1705035,1.097469,0.9976676
23,3,2,25,1,0.0349,0.443388,LR,0,1,-0.1549499,-1.908749,-4.002333,-0.1549499,1.091251,0.9976676
23,3,2,25,1,0.0349,0.443388,LR,0,2,-0.1423109,-1.913039,-4.002333,-0.1423109,1.086961,0.9976676
23,3,2,25,1,0.0349,0.443388,LR,0,3,-0.1271782,-1.918445,-4.002333,-0.1271782,1.081555,0.9976676
23,3,2,25,1,0.0349,0.443388,LR,0,4,-0.1140183,-1.921302,-4.002333,-0.1140183,1.078698,0.9976676
23,3,2,25,1,0.0349,0.443388,LR,0,5,-0.1023975,-1.923079,-4.002333,-0.1023975,1.076921,0.9976676
23,3,2,25,1,0.0349,0.443388,LR,0,6,-0.09217698,-1.92047,-4.002333,-0.09217698,1.07953,0.9976676
23,3,2,25,1,0.0349,0.443388,LR,0,7,-0.07705453,-1.915352,-4.002333,-0.07705453,1.084648,0.9976676
23,3,2,25,1,0.0349,0.443388,LR,0,8,-0.06720522,-1.90994,-4.002333,-0.06720522,1.09006,0.9976676
23,3,2,25,1,0.0349,0.443388,LR,0,9,-0.05596428,-1.89977,-4.002333,-0.05596428,1.10023,0.9976676
23,3,2,25,1,0.0349,0.443388,LR,0,10,-0.04474431,-1.889096,-4.002333,-0.04474431,1.110904,0.9976676
23,3,2,25,1,0.0349,0.443388,LR,0,11,-0.02752344,-1.878579,-4.002333,-0.02752344,1.121421,0.9976676
23,3,2,25,1,0.0349,0.443388,LR,0,12,-0.01944668,-1.871394,-4.002333,-0.01944668,1.128606,0.9976676
23,3,2,25,1,0.0349,0.443388,LR,0,13,-0.009699626,-1.866579,-4.002333,-0.009699626,1.133421,0.9976676
23,3,2,25,1,0.0349,0.443388,LR,0,14,-0.0001898501,-1.861343,-4.002333,-0.0001898501,1.138657,0.9976676
23,3,2,25,1,0.0349,0.443388,LR,0,15,0.01013633,-1.859092,-4.002333,0.01013633,1.140908,0.9976676
23,3,2,25,1,0.0349,0.443388,LR,0,16,0.02003401,-1.861761,-4.002333,0.02003401,1.138239,0.9976676
23,3,2,25,1,0.0349,0.443388,LR,0,17,0.03552514,-1.876155,-4.002333,0.03552514,1.123845,0.9976676
23,3,2,25,1,0.0349,0.443388,LR,0,18,0.04299107,-1.883735,-4.002333,0.04299107,1.116265,0.9976676
23,3,2,25,1,0.0349,0.443388,LR,0,19,0.05064843,-1.892554,-4.002333,0.05064843,1.107446,0.9976676
23,3,2,25,1,0.0349,0.443388,LR,0,20,0.05928892,-1.899009,-4.002333,0.05928892,1.100991,0.9976676
23,3,2,25,1,0.0349,0.443388,LR,0,21,0.07128266,-1.90835,-4.002333,0.07128266,1.09165,0.9976676
23,3,2,25,1,0.0349,0.443388,LR,0,22,0.0903229,-1.917375,-4.002333,0.0903229,1.082625,0.9976676
23,3,2,25,1,0.0349,0.443388,LR,0,23,0.1036884,-1.919867,-4.002333,0.1036884,1.080133,0.9976676
23,3,2,25,1,0.0349,0.443388,LR,0,24,0.1179252,-1.920682,-4.002333,0.1179252,1.079318,0.9976676
23,3,2,25,1,0.0349,0.443388,LR,0,25,0.1318224,-1.921118,-4.002333,0.1318224,1.078882,0.9976676
23,3,2,25,1,0.0349,0.443388,LR,0,26,0.1425303,-1.921545,-4.002333,0.1425303,1.078455,0.9976676
23,3,2,25,1,0.0349,0.443388,LR,0,27,0.153594,-1.921719,-4.002333,0.153594,1.078281,0.9976676
23,3,2,25,1,0.0349,0.443388,LR,0,28,0.1646792,-1.92116,-4.002333,0.1646792,1.07884,0.9976676
23,3,2,25,1,0.0349,0.443388,LR,0,29,0.1832526,-1.913292,-4.002333,0.1832526,1.086708,0.9976676
23,3,2,35,1,0.0349,0.630596,RL,0,0,-0.2718124,-1.905605,-4.002384,0.2718124,1.094395,0.9976157
23,3,2,35,1,0.0349,0.630596,RL,0,1,-0.2574292,-1.899492,-4.002384,0.2574292,1.100508,0.9976157
23,3,2,35,1,0.0349,0.630596,RL,0,2,-0.244805,-1.891964,-4.002384,0.244805,1.108036,0.9976157
23,3,2,35,1,0.0349,0.630596,RL,0,3,-0.2341386,-1.887183,-4.002384,0.2341386,1.112817,0.9976157
23,3,2,35,1,0.0349,0.630596,RL,0,4,-0.2211754,-1.882003,-4.002384,0.2211754,1.117997,0.9976157
23,3,2,35,1,0.0349,0.630596,RL,0,5,-0.2115044,-1.879203,-4.002384,0.2115044,1.120797,0.9976157
23,3,2,35,1,0.0349,0.630596,RL,0,6,-0.1988408,-1.876907,-4.002384,0.1988408,1.123093,0.9976157
23,3,2,35,1,0.0349,0.630596,RL,0,7,-0.1849105,-1.873715,-4.002384,0.1849105,1.126285,0.9976157
23,3,2,35,1,0.0349,0.630596,RL,0,8,-0.1731992,-1.87035,-4.002384,0.1731992,1.12965,0.9976157
23,3,2,35,1,0.0349,0.630596,RL,0,9,-0.1576384,-1.867287,-4.002384,0.1576384,1.132713,0.9976157
23,3,2,35,1,0.0349,0.630596,RL,0,10,-0.1453053,-1.866728,-4.002384,0.1453053,1.133272,0.9976157
23,3,2,35,1,0.0349,0.630596,RL,0,11,-0.1359244,-1.87051,-4.002384,0.1359244,1.12949,0.9976157
23,3,2,35,1,0.0349,0.630596,RL,0,12,-0.1257204,-1.878055,-4.002384,0.1257204,1.121945,0.9976157
23,3,2,35,1,0.0349,0.630596,RL,0,13,-0.1093227,-1.891124,-4.002384,0.1093227,1.108876,0.9976157
23,3,2,35,1,0.0349,0.630596,RL,0,14,-0.1002787,-1.901243,-4.002384,0.1002787,1.098757,0.9976157
23,3,2,35,1,0.0349,0.630596,RL,0,15,-0.08327572,-1.908943,-4.002384,0.08327572,1.091057,0.9976157
23,3,2,35,1,0.0349,0.630596,RL,0,16,-0.07468919,-1.914475,-4.002384,0.07468919,1.085525,0.9976157
23,3,2,35,1,0.0349,0.630596,RL,0,17,-0.06332867,-1.918638,-4.002384,0.06332867,1.081362,0.9976157
23,3,2,35,1,0.0349,0.630596,RL,0,18,-0.05313815,-1.920232,-4.002384,0.05313815,1.079768,0.9976157
23,3,2,35,1,0.0349,0.630596,RL,0,19,-0.04166526,-1.917748,-4.002384,0.04166526,1.082252,0.9976157
23,3,2,35,1,0.0349,0.630596,RL,0,20,-0.02918825,-1.91202,-4.002384,0.02918825,1.08798,0.9976157
23,3,2,35,1,0.0349,0.630596,RL,0,21,-0.02020449,-1.906326,-4.002384,0.02020449,1.093674,0.9976157
23,3,2,35,1,0.0349,0.630596,RL,0,22,-0.01100224,-1.897167,-4.002384,0.01100224,1.102833,0.9976157
23,3,2,35,1,0.0349,0.630596,RL,0,23,-0.002890584,-1.889031,-4.002384,0.002890584,1.110969,0.9976157
23,3,2,35,1,0.0349,0.630596,RL,0,24,0.007127259,-1.881884,-4.002384,-0.007127259,1.118116,0.9976157
23,3,2,35,1,0.0349,0.630596,RL,0,25,0.02594814,-1.869655,-4.002384,-0.02594814,1.130345,0.9976157
23,3,2,35,1,0.0349,0.630596,RL,0,26,0.03964759,-1.863861,-4.002384,-0.03964759,1.136139,0.9976157
23,3,2,35,1,0.0349,0.630596,RL,0,27,0.05493046,-1.863291,-4.002384,-0.05493046,1.136709,0.9976157
23,3,2,35,1,0.0349,0.630596,RL,0,28,0.0673696,-1.861535,-4.002384,-0.0673696,1.138465,0.9976157
23,3,2,35,1,0.0349,0.630596,RL,0,29,0.07946198,-1.859997,-4.002384,-0.07946198,1.140003,0.9976157
23,3,2,35,1,0.0349,0.630596,RL,0,30,0.09024519,-1.860184,-4.002384,-0.09024519,1.139816,0.9976157
23,3,2,35,1,0.0349,0.630596,RL,0,31,0.1007828,-1.864519,-4.002384,-0.1007828,1.135481,0.9976157
23,3,2,35,1,0.0349,0.630596,RL,0,32,0.111595,-1.872782,-4.002384,-0.111595,1.127218,0.9976157
23,3,2,35,1,0.0349,0.630596,RL,0,33,0.1236743,-1.880527,-4.002384,-0.1236743,1.119473,0.9976157
23,3,2,35,1,0.0349,0.630596,RL,0,34,0.1328793,-1.887874,-4.002384,-0.1328793,1.112126,0.9976157
23,3,2,35,1,0.0349,0.630596,RL,0,35,0.1409115,-1.895672,-4.002384,-0.1409115,1.104328,0.9976157
23,3,2,35,1,0.0349,0.630596,RL,0,36,0.1498747,-1.900953,-4.002384,-0.1498747,1.099047,0.9976157
23,3,2,35,1,0.0349,0.630596,RL,0,37,0.1648365,-1.908242,-4.002384,-0.1648365,1.091758,0.9976157
23,3,2,35,1,0.0349,0.630596,RL,0,38,0.1798166,-1.914303,-4.002384,-0.1798166,1.085697,0.9976157
23,3,2,35,1,0.0349,0.630596,RL,0,39,0.1944305,-1.91508,-4.002384,-0.1944305,1.08492,0.9976157
23,3,2,35,1,0.0349,0.630596,RL,0,40,0.2082019,-1.912752,-4.002384,-0.2082019,1.087248,0.9976157
23,3,2,35,1,0.0349,0.630596,RL,0,41,0.2244079,-1.907974,-4.002384,-0.2244079,1.092026,0.9976157
23,3,2,35,1,0.0349,0.630596,RL,0,42,0.2368053,-1.904037,-4.002384,-0.2368053,1.095963,0.9976157
23,2,2,25,1,0.0349,0.443388,LR,0,0,0.005241276,-0.001000114,0.06662524,0.007184509,1.091464,0.9964312
23,2,2,25,1,0.0349,0.443388,LR,0,1,0.01750997,-0.001000114,0.06514847,0.01945321,1.089987,0.9964312
23,2,2,25,1,0.0349,0.443388,LR,0,2,0.03055418,-0.001000114,0.06101692,0.03249742,1.085855,0.9964312
23,2,2,25,1,0.0349,0.443388,LR,0,3,0.0433952,-0.001000113,0.05297542,0.04533843,1.077814,0.9964312
23,2,2,25,1,0.0349,0.443388,LR,0,4,0.05445488,-0.001000111,0.0400604,0.05639811,1.064899,0.9964312
23,2,2,25,1,0.0349,0.443388,LR,0,5,0.06206245,-0.00100011,0.03085709,0.06400569,1.055695,0.9964312
23,2,2,25,1,0.0349,0.443388,LR,0,6,0.06592597,-0.001000108,0.017627,0.0678692,1.042465,0.9964312
23,2,2,25,1,0.0349,0.443388,LR,0,7,0.06842799,-0.001000107,0.004739404,0.07037123,1.029578,0.9964312
23,2,2,25,1,0.0349,0.443388,LR,0,8,0.06848289,-0.001000106,-0.006397963,0.07042612,1.01844,0.9964312
23,2,2,25,1,0.0349,0.443388,LR,0,9,0.07168033,-0.001000104,-0.01732278,0.07362356,1.007516,0.9964312
23,2,2,25,1,0.0349,0.443388,LR,0,10,0.06894885,-0.001000103,-0.02833933,0.07089208,0.996499,0.9964312
23,2,2,25,1,0.0349,0.443388,LR,0,11,0.06223429,-0.001000102,-0.03648418,0.06417753,0.9883541,0.9964312
23,2,2,25,1,0.0349,0.443388,LR,0,12,0.05749105,-0.001000101,-0.04599619,0.05943428,0.9788421,0.9964312
23,2,2,25,1,0.0349,0.443388,LR,0,13,0.04799221,-0.0010001,-0.05534083,0.04993545,0.9694975,0.9964312
23,2,2,25,1,0.0349,0.443388,LR,0,14,0.04068745,-0.001000099,-0.06280416,0.04263069,0.9620342,0.9964312
23,2,2,25,1,0.0349,0.443388,LR,0,15,0.03094561,-0.001000099,-0.06569946,0.03288884,0.9591389,0.9964312
23,2,2,25,1,0.0349,0.443388,LR,0,16,0.01851529,-0.001000098,-0.06644499,0.02045853,0.9583933,0.9964312
23,2,2,25,1,0.0349,0.443388,LR,0,17,0.003172547,-0.001000098,-0.06759816,0.005115781,0.9572402,0.9964312
23,2,2,25,1,0.0349,0.443388,LR,0,18,-0.006838949,-0.001000098,-0.06671518,-0.004895716,0.9581231,0.9964312
23,2,2,25,1,0.0349,0.443388,LR,0,19,-0.016581,-0.001000099,-0.06443185,-0.01463777,0.9604065,0.9964312
23,2,2,25,1,0.0349,0.443388,LR,0,20,-0.02915997,-0.001000099,-0.05967188,-0.02721674,0.9651664,0.9964312
23,2,2,25,1,0.0349,0.443388,LR,0,21,-0.0384791,-0.0010001,-0.05180484,-0.03653587,0.9730335,0.9964312
23,2,2,25,1,0.0349,0.443388,LR,0,22,-0.05408104,-0.001000102,-0.04019016,-0.05213781,0.9846482,0.9964312
23,2,2,25,1,0.0349,0.443388,LR,0,23,-0.06478478,-0.001000104,-0.02389169,-0.06284155,1.000947,0.9964312
23,2,2,25,1,0.0349,0.443388,LR,0,24,-0.06636788,-0.001000105,-0.01270592,-0.06442465,1.012132,0.9964312
23,2,2,25,1,0.0349,0.443388,LR,0,25,-0.07550355,-0.001000106,-0.001103997,-0.07356032,1.023734,0.9964312
23,2,2,25,1,0.0349,0.443388,LR,0,26,-0.07776751,-0.001000107,0.01011217,-0.07582428,1.03495,0.9964312
23,2,2,25,1,0.0349,0.443388,LR,0,27,-0.07925122,-0.001000109,0.02095163,-0.07730799,1.04579,0.9964312
23,2,2,25,1,0.0349,0.443388,LR,0,28,-0.06975342,-0.00100011,0.02809632,-0.06781019,1.052935,0.9964312
23,2,2,25,1,0.0349,0.443388,LR,0,29,-0.0590394,-0.001000111,0.03582954,-0.05709617,1.060668,0.9964312
23,2,2,25,1,0.0349,0.443388,LR,0,30,-0.05096228,-0.001000112,0.04381752,-0.04901905,1.068656,0.9964312
23,2,2,25,1,0.0349,0.443388,LR,0,31,-0.03917004,-0.001000113,0.05133533,-0.0372268,1.076174,0.9964312
23,2,2,25,1,0.0349,0.443388,LR,0,32,-0.02746216,-0.001000114,0.06127667,-0.02551893,1.086115,0.9964312
23,2,2,25,1,0.0349,0.443388,LR,0,33,-0.01743949,-0.001000114,0.0637567,-0.01549625,1.088595,0.9964312
23,2,2,25,1,0.0349,0.443388,LR,0,34,-0.006516071,-0.001000114,0.06812072,-0.004572838,1.092959,0.9964312
23,2,2,25,1,0.0349,0.443388,LR,0,0,0.005904557,-0.001000115,0.07237589,0.006591541,1.098973,0.9960072
23,2,2,25,1,0.0349,0.443388,LR,0,1,0.01817075,-0.001000115,0.0692625,0.01885773,1.09586,0.9960072
23,2,2,25,1,0.0349,0.443388,LR,0,2,0.03134153,-0.001000113,0.05990946,0.03202851,1.086507,0.9960072
23,2,2,25,1,0.0349,0.443388,LR,0,3,0.03923319,-0.001000113,0.05145741,0.03992017,1.078055,0.9960072
23,2,2,25,1,0.0349,0.443388,LR,0,4,0.04817538,-0.001000112,0.04420757,0.04886236,1.070805,0.9960072
23,2,2,25,1,0.0349,0.443388,LR,0,5,0.05718251,-0.001000111,0.03685844,0.05786949,1.063456,0.9960072
23,2,2,25,1,0.0349,0.443388,LR,0,6,0.06544444,-0.00100011,0.02869844,0.06613142,1.055296,0.9960072
23,2,2,25,1,0.0349,0.443388,LR,0,7,0.07507599,-0.001000108,0.01802349,0.07576297,1.044621,0.9960072
23,2,2,25,1,0.0349,0.443388,LR,0,8,0.07816504,-0.001000107,0.0040555,0.07885202,1.030653,0.9960072
23,2,2,25,1,0.0349,0.443388,LR,0,9,0.07777679,-0.001000105,-0.0100714,0.07846377,1.016526,0.9960072
23,2,2,25,1,0.0349,0.443388,LR,0,10,0.07550336,-0.001000103,-0.02752119,0.07619034,0.9990761,0.9960072
23,2,2,25,1,0.0349,0.443388,LR,0,11,0.06889281,-0.001000102,-0.03899676,0.06957979,0.9876005,0.9960072
23,2,2,25,1,0.0349,0.443388,LR,0,12,0.06120529,-0.001000101,-0.04697376,0.06189227,0.9796235,0.9960072
23,2,2,25,1,0.0349,0.443388,LR,0,13,0.05400072,-0.0010001,-0.05446082,0.0546877,0.9721364,0.9960072
23,2,2,25,1,0.0349,0.443388,LR,0,14,0.04514492,-0.001000099,-0.06328309,0.04583191,0.9633142,0.9960072
23,2,2,25,1,0.0349,0.443388,LR,0,15,0.03451604,-0.001000098,-0.06859326,0.03520303,0.958004,0.9960072
23,2,2,25,1,0.0349,0.443388,LR,0,16,0.0238424,-0.001000098,-0.06938833,0.02452939,0.9572089,0.9960072
23,2,2,25,1,0.0349,0.443388,LR,0,17,0.009552273,-0.001000098,-0.06872219,0.01023926,0.9578751,0.9960072
23,2,2,25,1,0.0349,0.443388,LR,0,18,-0.004771859,-0.001000098,-0.06730443,-0.004084875,0.9592928,0.9960072
23,2,2,25,1,0.0349,0.443388,LR,0,19,-0.02202646,-0.001000099,-0.06255066,-0.02133947,0.9640466,0.9960072
23,2,2,25,1,0.0349,0.443388,LR,0,20,-0.03574321,-0.001000099,-0.05812085,-0.03505623,0.9684764,0.9960072
23,2,2,25,1,0.0349,0.443388,LR,0,21,-0.04973672,-0.0010001,-0.05339104,-0.04904974,0.9732062,0.9960072
23,2,2,25,1,0.0349,0.443388,LR,0,22,-0.05514087,-0.001000101,-0.04471529,-0.05445389,0.981882,0.9960072
23,2,2,25,1,0.0349,0.443388,LR,0,23,-0.05951975,-0.001000102,-0.03443843,-0.05883277,0.9921588,0.9960072
23,2,2,25,1,0.0349,0.443388,LR,0,24,-0.06457303,-0.001000104,-0.022928,-0.06388605,1.003669,0.9960072
23,2,2,25,1,0.0349,0.443388,LR,0,25,-0.06684534,-0.001000105,-0.01033258,-0.06615836,1.016265,0.9960072
23,2,2,25,1,0.0349,0.443388,LR,0,26,-0.07175268,-0.001000107,0.006174803,-0.0710657,1.032772,0.9960072
23,2,2,25,1,0.0349,0.443388,LR,0,27,-0.0701422,-0.001000109,0.02027297,-0.06945522,1.04687,0.9960072
23,2,2,25,1,0.0349,0.443388,LR,0,28,-0.06418626,-0.001000111,0.03760779,-0.06349928,1.064205,0.9960072
23,2,2,25,1,0.0349,0.443388,LR,0,29,-0.05932377,-0.001000112,0.04710805,-0.05863679,1.073705,0.9960072
23,2,2,25,1,0.0349,0.443388,LR,0,30,-0.05037151,-0.001000113,0.05735672,-0.04968453,1.083954,0.9960072
23,2,2,25,1,0.0349,0.443388,LR,0,31,-0.03913415,-0.001000114,0.06564939,-0.03844717,1.092247,0.9960072
23,2,2,25,1,0.0349,0.443388,LR,0,32,-0.02928758,-0.001000115,0.06947529,-0.0286006,1.096073,0.9960072
23,2,2,25,1,0.0349,0.443388,LR,0,33,-0.01437739,-0.001000115,0.07191229,-0.0136904,1.09851,0.9960072
23,2,2,25,1,0.0349,0.443388,RL,0,0,0.008352311,-0.001000115,0.07253242,-0.007570996,1.099136,0.9960021
23,2,2,25,1,0.0349,0.443388,RL,0,1,0.01997471,-0.001000115,0.07228899,-0.0191934,1.098893,0.9960021
23,2,2,25,1,0.0349,0.443388,RL,0,2,0.03082965,-0.001000115,0.06944072,-0.03004833,1.096044,0.9960021
23,2,2,25,1,0.0349,0.443388,RL,0,3,0.03938875,-0.001000114,0.06244349,-0.03860744,1.089047,0.9960021
23,2,2,25,1,0.0349,0.443388,RL,0,4,0.04910614,-0.001000113,0.05413258,-0.04832482,1.080736,0.9960021
23,2,2,25,1,0.0349,0.443388,RL,0,5,0.06060468,-0.001000111,0.03621924,-0.05982336,1.062823,0.9960021
23,2,2,25,1,0.0349,0.443388,RL,0,6,0.06122412,-0.001000109,0.0261364,-0.06044281,1.05274,0.9960021
23,2,2,25,1,0.0349,0.443388,RL,0,7,0.06246082,-0.001000108,0.01174593,-0.06167951,1.03835,0.9960021
23,2,2,25,1,0.0349,0.443388,RL,0,8,0.06298022,-0.001000105,-0.008099675,-0.0621989,1.018504,0.9960021
23,2,2,25,1,0.0349,0.443388,RL,0,9,0.06236182,-0.001000104,-0.01874173,-0.06158051,1.007862,0.9960021
23,2,2,25,1,0.0349,0.443388,RL,0,10,0.06355728,-0.001000103,-0.02923864,-0.06277597,0.9973649,0.9960021
23,2,2,25,1,0.0349,0.443388,RL,0,11,0.06223525,-0.001000102,-0.0392102,-0.06145394,0.9873934,0.9960021
23,2,2,25,1,0.0349,0.443388,RL,0,12,0.05557052,-0.001000101,-0.04878688,-0.05478921,0.9778167,0.9960021
23,2,2,25,1,0.0349,0.443388,RL,0,13,0.04670734,-0.0010001,-0.05597872,-0.04592603,0.9706249,0.9960021
23,2,2,25,1,0.0349,0.443388,RL,0,14,0.03667215,-0.001000099,-0.05799508,-0.03589084,0.9686085,0.9960021
23,2,2,25,1,0.0349,0.443388,RL,0,15,0.02084011,-0.001000099,-0.06278992,-0.0200588,0.9638137,0.9960021
23,2,2,25,1,0.0349,0.443388,RL,0,16,0.01091269,-0.001000099,-0.06403798,-0.01013137,0.9625656,0.9960021
23,2,2,25,1,0.0349,0.443388,RL,0,17,-0.001677871,-0.001000098,-0.06746346,0.002459187,0.9591401,0.9960021
23,2,2,25,1,0.0349,0.443388,RL,0,18,-0.01272479,-0.001000099,-0.0658446,0.01350611,0.960759,0.9960021
23,2,2,25,1,0.0349,0.443388,RL,0,19,-0.02622504,-0.001000099,-0.06376839,0.02700635,0.9628352,0.9960021
23,2,2,25,1,0.0349,0.443388,RL,0,20,-0.04198418,-0.0010001,-0.05459005,0.04276549,0.9720135,0.9960021
23,2,2,25,1,0.0349,0.443388,RL,0,21,-0.05316333,-0.001000101,-0.04649657,0.05394465,0.980107,0.9960021
23,2,2,25,1,0.0349,0.443388,RL,0,22,-0.06222571,-0.001000102,-0.03720272,0.06300703,0.9894009,0.9960021
23,2,2,25,1,0.0349,0.443388,RL,0,23,-0.06806719,-0.001000103,-0.02648151,0.06884851,1.000122,0.9960021
23,2,2,25,1,0.0349,0.443388,RL,0,24,-0.06773569,-0.001000104,-0.01611173,0.068517,1.010492,0.9960021
23,2,2,25,1,0.0349,0.443388,RL,0,25,-0.06681915,-0.001000106,-0.001231909,0.06760046,1.025372,0.9960021
23,2,2,25,1,0.0349,0.443388,RL,0,26,-0.06515884,-0.001000107,0.008647919,0.06594016,1.035251,0.9960021
23,2,2,25,1,0.0349,0.443388,RL,0,27,-0.06494676,-0.001000109,0.02010131,0.06572807,1.046705,0.9960021
23,2,2,25,1,0.0349,0.443388,RL,0,28,-0.06333145,-0.00100011,0.03281677,0.06411277,1.05942,0.9960021
23,2,2,25,1,0.0349,0.443388,RL,0,29,-0.05684723,-0.001000111,0.0427376,0.05762854,1.069341,0.9960021
23,2,2,25,1,0.0349,0.443388,RL,0,30,-0.05064334,-0.001000113,0.05184352,0.05142465,1.078447,0.9960021
23,2,2,25,1,0.0349,0.443388,RL,0,31,-0.03975938,-0.001000114,0.06772232,0.04054069,1.094326,0.9960021
23,2,2,25,1,0.0349,0.443388,RL,0,32,-0.02297152,-0.001000115,0.07597411,0.02375283,1.102578,0.9960021
23,2,2,25,1,0.0349,0.443388,RL,0,33,-0.01070085,-0.001000115,0.07655919,0.01148217,1.103163,0.9960021
23,2,2,35,1,0.0349,0.630596,LR,0,0,0.01095569,-0.001000118,0.09427834,0.0116656,1.120801,0.9960176
23,2,2,35,1,0.0349,0.630596,LR,0,1,0.02157051,-0.001000117,0.09184003,0.02228042,1.118363,0.9960176
23,2,2,35,1,0.0349,0.630596,LR,0,2,0.0350774,-0.001000117,0.09049881,0.03578731,1.117021,0.9960176
23,2,2,35,1,0.0349,0.630596,LR,0,3,0.05075927,-0.001000117,0.08585989,0.05146918,1.112383,0.9960176
23,2,2,35,1,0.0349,0.630596,LR,0,4,0.0602458,-0.001000116,0.08041584,0.06095571,1.106938,0.9960176
23,2,2,35,1,0.0349,0.630596,LR,0,5,0.06991436,-0.001000115,0.07056296,0.07062427,1.097086,0.9960176
23,2,2,35,1,0.0349,0.630596,LR,0,6,0.07877219,-0.001000114,0.06134486,0.0794821,1.087867,0.9960176
23,2,2,35,1,0.0349,0.630596,LR,0,7,0.08500989,-0.001000113,0.05344033,0.0857198,1.079963,0.9960176
23,2,2,35,1,0.0349,0.630596,LR,0,8,0.09927467,-0.001000111,0.04239213,0.09998458,1.068915,0.9960176
23,2,2,35,1,0.0349,0.630596,LR,0,9,0.1037568,-0.00100011,0.03200948,0.1044667,1.058532,0.9960176
23,2,2,35,1,0.0349,0.630596,LR,0,10,0.105766,-0.001000109,0.02091706,0.1064759,1.04744,0.9960176
23,2,2,35,1,0.0349,0.630596,LR,0,11,0.107039,-0.001000107,0.006718278,0.1077489,1.033241,0.9960176
23,2,2,35,1,0.0349,0.630596,LR,0,12,0.1060602,-0.001000106,-0.006181836,0.1067702,1.020341,0.9960176
23,2,2,35,1,0.0349,0.630596,LR,0,13,0.1048186,-0.001000104,-0.01697052,0.1055285,1.009552,0.9960176
23,2,2,35,1,0.0349,0.630596,LR,0,14,0.1055311,-0.001000103,-0.03110749,0.106241,0.9954152,0.9960176
23,2,2,35,1,0.0349,0.630596,LR,0,15,0.09837752,-0.001000101,-0.04490268,0.09908743,0.98162,0.9960176
23,2,2,35,1,0.0349,0.630596,LR,0,16,0.09297232,-0.0010001,-0.05588907,0.09368224,0.9706336,0.9960176
23,2,2,35,1,0.0349,0.630596,LR,0,17,0.0835171,-0.001000098,-0.06766599,0.08422702,0.9588566,0.9960176
23,2,2,35,1,0.0349,0.630596,LR,0,18,0.07649821,-0.001000097,-0.07543969,0.07720812,0.9510829,0.9960176
23,2,2,35,1,0.0349,0.630596,LR,0,19,0.07015814,-0.001000096,-0.08387089,0.07086805,0.9426517,0.9960176
23,2,2,35,1,0.0349,0.630596,LR,0,20,0.05736989,-0.001000095,-0.09240878,0.0580798,0.9341139,0.9960176
23,2,2,35,1,0.0349,0.630596,LR,0,21,0.04213212,-0.001000095,-0.09542978,0.04284203,0.9310929,0.9960176
23,2,2,35,1,0.0349,0.630596,LR,0,22,0.02227095,-0.001000095,-0.09562987,0.02298086,0.9308928,0.9960176
23,2,2,35,1,0.0349,0.630596,LR,0,23,0.008576484,-0.001000095,-0.09493399,0.009286394,0.9315886,0.9960176
23,2,2,35,1,0.0349,0.630596,LR,0,24,-0.003514052,-0.001000095,-0.09354281,-0.002804142,0.9329798,0.9960176
23,2,2,35,1,0.0349,0.630596,LR,0,25,-0.02375609,-0.001000096,-0.0903995,-0.02304618,0.9361231,0.9960176
23,2,2,35,1,0.0349,0.630596,LR,0,26,-0.03410737,-0.001000096,-0.08939338,-0.03339746,0.9371293,0.9960176
23,2,2,35,1,0.0349,0.630596,LR,0,27,-0.04756524,-0.001000096,-0.08388865,-0.04685533,0.942634,0.9960176
23,2,2,35,1,0.0349,0.630596,LR,0,28,-0.05710809,-0.001000097,-0.07868326,-0.05639818,0.9478394,0.9960176
23,2,2,35,1,0.0349,0.630596,LR,0,29,-0.07131709,-0.001000098,-0.06737858,-0.07060718,0.9591441,0.9960176
23,2,2,35,1,0.0349,0.630596,LR,0,30,-0.07807977,-0.001000099,-0.05981898,-0.07736986,0.9667037,0.9960176
23,2,2,35,1,0.0349,0.630596,LR,0,31,-0.08643665,-0.001000101,-0.0492577,-0.08572674,0.9772649,0.9960176
23,2,2,35,1,0.0349,0.630596,LR,0,32,-0.09521437,-0.001000102,-0.03902429,-0.09450445,0.9874983,0.9960176
23,2,2,35,1,0.0349,0.630596,LR,0,33,-0.09980139,-0.001000103,-0.02886862,-0.09909148,0.997654,0.9960176
23,2,2,35,1,0.0349,0.630596,LR,0,34,-0.1021054,-0.001000104,-0.01656735,-0.1013955,1.009955,0.9960176
23,2,2,35,1,0.0349,0.630596,LR,0,35,-0.1023903,-0.001000107,0.002644419,-0.1016803,1.029167,0.9960176
23,2,2,35,1,0.0349,0.630596,LR,0,36,-0.1004799,-0.001000108,0.01580215,-0.09976996,1.042325,0.9960176
23,2,2,35,1,0.0349,0.630596,LR,0,37,-0.09554934,-0.00100011,0.03062963,-0.09483942,1.057152,0.9960176
23,2,2,35,1,0.0349,0.630596,LR,0,38,-0.0950242,-0.001000111,0.04272854,-0.09431428,1.069251,0.9960176
23,2,2,35,1,0.0349,0.630596,LR,0,39,-0.09162943,-0.001000113,0.05233955,-0.09091952,1.078862,0.9960176
23,2,2,35,1,0.0349,0.630596,LR,0,40,-0.08467861,-0.001000114,0.06404853,-0.0839687,1.090571,0.9960176
23,2,2,35,1,0.0349,0.630596,LR,0,41,-0.0745071,-0.001000115,0.0733273,-0.07379719,1.09985,0.9960176
23,2,2,35,1,0.0349,0.630596,LR,0,42,-0.06047245,-0.001000116,0.08055258,-0.05976254,1.107075,0.9960176
23,2,2,35,1,0.0349,0.630596,LR,0,43,-0.03872598,-0.001000117,0.08983338,-0.03801607,1.116356,0.9960176
23,2,2,35,1,0.0349,0.630596,LR,0,44,-0.02085823,-0.001000118,0.09724331,-0.02014832,1.123766,0.9960176
23,2,2,35,1,0.0349,0.630596,LR,0,45,-0.008826347,-0.001000118,0.09966803,-0.008116437,1.126191,0.9960176
