PID,taskType,rightHanded,width,length,rotation,execType,trialRep,PositionX,PositionY,PositionZ,Movement,Speed,Timestamp
17,True,False,0.02,0.25,Rot6,2,0,-0.001792983,-0.003650718,0.001275443,0,0,0.0051

17,True,False,0.02,0.25,Rot6,2,0,-0.0009491447,-0.003358935,0.003391512,0.002296726,0.186032944067143,12.3509

17,True,False,0.02,0.25,Rot6,2,0,-0.0009494501,-0.003359104,0.003391825,4.6867E-07,3.34682992020747E-05,26.3543

17,True,False,0.02,0.25,Rot6,2,0,-0.0003931097,-0.003423968,0.0055281,0.002208482,0.136207513291396,42.5684

17,True,False,0.02,0.25,Rot6,2,0,-3.161213E-06,-0.003540167,0.00733424,0.001851406,0.139570737428208,55.8334

17,True,False,0.02,0.25,Rot6,2,0,0.0002819874,-0.003634407,0.008679613,0.001378485,0.0511924656220946,82.7609

17,True,False,0.02,0.25,Rot6,2,0,0.0008157544,-0.003739606,0.01128744,0.002663973,0.174246838313702,98.0494

17,True,False,0.02,0.25,Rot6,2,0,0.001468261,-0.003740596,0.01639402,0.005148095,0.502846782911178,108.2873

17,True,False,0.02,0.25,Rot6,2,0,0.002113579,-0.003734211,0.02116095,0.004810419,0.322144244676376,123.2198

17,True,False,0.02,0.25,Rot6,2,0,0.002523279,-0.003739437,0.02474829,0.003610659,0.138091800610247,149.3666

17,True,False,0.02,0.25,Rot6,2,0,0.002415804,-0.00273257,0.02807601,0.003478369,0.257087559929102,162.8965

17,True,False,0.02,0.25,Rot6,2,0,0.002765372,-0.002793978,0.03224817,0.00418723,0.354498546900343,174.7082

17,True,False,0.02,0.25,Rot6,2,0,0.002765372,-0.002793978,0.03224817,0,0,201.1313

17,True,False,0.02,0.25,Rot6,2,0,0.002608858,-0.003205837,0.03735346,0.005124263,0.332915162024968,216.5234

17,True,False,0.02,0.25,Rot6,2,0,0.002466149,-0.003555529,0.04205566,0.004717347,0.415797485490537,227.8687

17,True,False,0.02,0.25,Rot6,2,0,0.00306528,-0.004146576,0.04573912,0.003778385,0.261465438979856,242.3195

17,True,False,0.02,0.25,Rot6,2,0,0.003530098,-0.004607156,0.04877692,0.003107473,0.11736367583567,268.7968

17,True,False,0.02,0.25,Rot6,2,0,0.003723248,-0.004217214,0.05114576,0.002408483,0.172777431012936,282.7366

17,True,False,0.02,0.25,Rot6,2,0,0.004136113,-0.003866341,0.05355494,0.002469351,0.0899728850515379,310.1821

17,True,False,0.02,0.25,Rot6,2,0,0.003808213,-0.002331753,0.05486929,0.002046947,0.0704551352229253,339.2353

17,True,False,0.02,0.25,Rot6,2,0,0.003631636,-0.001622865,0.0551714,0.0007905538,0.0641891691902092,351.5513

17,True,False,0.02,0.25,Rot6,2,0,0.003457194,-0.0007854068,0.05568133,0.0009958901,0.0714565631754088,365.4883

17,True,False,0.02,0.25,Rot6,2,0,0.002894854,0.0003787313,0.05611279,0.001362937,0.0958471686381082,379.7082

17,True,False,0.02,0.25,Rot6,2,0,0.002362758,0.001483084,0.05657125,0.00130878,0.0924723441659786,393.8614

17,True,False,0.02,0.25,Rot6,2,0,0.001883162,0.002544531,0.05702531,0.001250144,0.0984411936177097,406.5608

17,True,False,0.02,0.25,Rot6,2,0,0.001546381,0.003723569,0.05727385,0.001251128,0.0467728770153225,433.3098

17,True,False,0.02,0.25,Rot6,2,0,0.0009885416,0.005270863,0.05779361,0.001724951,0.0625292742580618,460.8961

17,True,False,0.02,0.25,Rot6,2,0,0.0005462026,0.006587362,0.05823027,0.001455851,0.124199225314968,472.618

17,True,False,0.02,0.25,Rot6,2,0,-6.122258E-05,0.008267484,0.05884239,0.00188851,0.146152533079634,485.5395

17,True,False,0.02,0.25,Rot6,2,0,-0.0009703404,0.01025616,0.05959142,0.002311359,0.175909217218952,498.679

17,True,False,0.02,0.25,Rot6,2,0,-0.0009703348,0.01025612,0.05959138,5.704683E-08,4.50870437974815E-06,511.3316

17,True,False,0.02,0.25,Rot6,2,0,-0.001479425,0.01110517,0.05997646,0.001062234,0.0802085252329717,524.575

17,True,False,0.02,0.25,Rot6,2,0,-0.001846597,0.01177022,0.06026813,0.0008137505,0.0579491181729186,538.6175

17,True,False,0.02,0.25,Rot6,2,0,-0.002061308,0.01203697,0.06048007,0.0004027035,0.0160138505644341,563.7647

17,True,False,0.02,0.25,Rot6,2,0,-0.002242805,0.01220103,0.06063201,0.0002879947,0.0110563505422573,589.8126

17,True,False,0.02,0.25,Rot6,2,0,-0.002185584,0.01216491,0.0606901,8.918725E-05,0.00638936633032107,603.7713

17,True,False,0.02,0.25,Rot6,2,0,-0.002230785,0.0123564,0.06086878,0.0002657809,0.0198367636845762,617.1697

17,True,False,0.02,0.25,Rot6,2,0,-0.002649666,0.0128526,0.06121346,0.0007351693,0.0549618179272665,630.5457

17,True,False,0.02,0.25,Rot6,2,0,-0.00302781,0.01323238,0.06150453,0.0006098759,0.041536194762833,645.2287

17,True,False,0.02,0.25,Rot6,2,0,-0.003378034,0.01358932,0.06177952,0.0005706891,0.0421583457821792,658.7655

17,True,False,0.02,0.25,Rot6,2,0,-0.003522531,0.0137333,0.0619579,0.0002709753,0.0215669080019621,671.3299

17,True,False,0.02,0.25,Rot6,2,0,-0.003635146,0.01384292,0.06212121,0.0002266433,0.00864064730776408,697.5598

17,True,False,0.02,0.25,Rot6,2,0,-0.00369756,0.01380552,0.06216826,8.66549E-05,0.00535693807440188,713.736

17,True,False,0.02,0.25,Rot6,2,0,-0.003741816,0.0136918,0.06220724,0.0001280958,0.0115502564841973,724.8263

17,True,False,0.02,0.25,Rot6,2,0,-0.003817291,0.01363535,0.06223978,9.971098E-05,0.00714958569132087,738.7727

17,True,False,0.02,0.25,Rot6,2,0,-0.00388141,0.01357234,0.06226313,9.28804E-05,0.00338317744079948,766.2263

17,True,False,0.02,0.25,Rot6,2,0,-0.003886782,0.01340518,0.06234934,0.0001881537,0.00692518251795024,793.3958

17,True,False,0.02,0.25,Rot6,2,0,-0.003900849,0.01301594,0.0624989,0.0004172293,0.0342412261887741,805.5808

17,True,False,0.02,0.25,Rot6,2,0,-0.003920414,0.01259015,0.06266052,0.0004558472,0.0349083512331721,818.6392

17,True,False,0.02,0.25,Rot6,2,0,-0.003964552,0.01233385,0.06277357,0.0002835778,0.0228928086705815,831.0264

17,True,False,0.02,0.25,Rot6,2,0,-0.003964738,0.01233369,0.06277374,3.040979E-07,2.24021402391936E-05,844.6009

17,True,False,0.02,0.25,Rot6,2,0,-0.004050569,0.01206496,0.06287692,0.0003003783,0.0227388758986578,857.8108

17,True,False,0.02,0.25,Rot6,2,0,-0.004142442,0.01177889,0.06298384,0.0003189204,0.0123061625753506,883.7263

17,True,False,0.02,0.25,Rot6,2,0,-0.004195743,0.01171227,0.06304096,0.0001026673,0.00752174333667511,897.3757

17,True,False,0.02,0.25,Rot6,2,0,-0.004159489,0.01134574,0.06300078,0.0003705035,0.0298988421028305,909.7676

17,True,False,0.02,0.25,Rot6,2,0,-0.00413305,0.01113669,0.06297261,0.0002125883,0.0152786272554172,923.6817

17,True,False,0.02,0.25,Rot6,2,0,-0.004101322,0.01092244,0.06293805,0.0002193305,0.01436415165451,938.951

17,True,False,0.02,0.25,Rot6,2,0,-0.004068465,0.01077967,0.06296092,0.0001482784,0.00599198885812447,963.6971

17,True,False,0.02,0.25,Rot6,2,0,-0.00395015,0.01060158,0.06297091,0.0002140439,0.00791480087145654,990.7406

17,True,False,0.02,0.25,Rot6,2,0,-0.003682264,0.01023496,0.06298517,0.0004542819,0.0325263051369675,1004.7072

17,True,False,0.02,0.25,Rot6,2,0,-0.003599816,0.009866409,0.06293641,0.000380797,0.027680840654032,1018.4639

17,True,False,0.02,0.25,Rot6,2,0,-0.003528425,0.009587375,0.06289017,0.0002917095,0.0211836553653942,1032.2344

17,True,False,0.02,0.25,Rot6,2,0,-0.003435393,0.009370972,0.06295097,0.0002432722,0.0169645892855591,1046.5744

17,True,False,0.02,0.25,Rot6,2,0,-0.003348545,0.009167762,0.0630109,0.000228974,0.017174120691004,1059.9069

17,True,False,0.02,0.25,Rot6,2,0,-0.003284448,0.00897513,0.06304993,0.0002067331,0.0136100859442907,1075.0966

17,True,False,0.02,0.25,Rot6,2,0,-0.003217125,0.00877647,0.06308863,0.000213297,0.00829104055626413,1100.8228

17,True,False,0.02,0.25,Rot6,2,0,-0.003149876,0.008654118,0.06301265,0.0001589482,0.0100229042583536,1116.6813

17,True,False,0.02,0.25,Rot6,2,0,-0.003004068,0.008403028,0.06282946,0.0003433123,0.0292086248477038,1128.4351

17,True,False,0.02,0.25,Rot6,2,0,-0.002829737,0.008166838,0.06265107,0.0003435151,0.0254143150071446,1141.9517

17,True,False,0.02,0.25,Rot6,2,0,-0.002605879,0.007889426,0.06243562,0.0004165183,0.0268351008628187,1157.4731

17,True,False,0.02,0.25,Rot6,2,0,-0.002351047,0.007590268,0.06219439,0.0004611135,0.0176597419769665,1183.5841

17,True,False,0.02,0.25,Rot6,2,0,-0.002351047,0.007590268,0.06219439,0,0,1210.7019

17,True,False,0.02,0.25,Rot6,2,0,-0.002351047,0.007590268,0.06219439,0,0,1222.7563

17,True,False,0.02,0.25,Rot6,2,0,-0.002351047,0.007590268,0.06219439,0,0,1235.66

17,True,False,0.02,0.25,Rot6,2,0,-0.002351047,0.007590268,0.06219439,0,0,1248.3233

17,True,False,0.02,0.25,Rot6,2,0,-0.002351047,0.007590268,0.06219439,0,0,1261.9887

17,True,False,0.02,0.25,Rot6,2,0,-0.002351047,0.007590268,0.06219439,0,0,1275.4045

17,True,False,0.02,0.25,Rot6,2,0,-0.002351047,0.007590268,0.06219439,0,0,1303.4088

17,True,False,0.02,0.25,Rot6,2,0,-0.002351047,0.007590268,0.06219439,0,0,1327.3443

17,True,False,0.02,0.25,Rot6,2,0,-0.002351047,0.007590268,0.06219439,0,0,1353.2673

17,True,False,0.02,0.25,Rot6,2,0,-0.002351047,0.007590268,0.06219439,0,0,1367.1583

17,True,False,0.02,0.25,Rot6,2,0,-0.002351047,0.007590268,0.06219439,0,0,1380.8315

17,True,False,0.02,0.25,Rot6,2,0,-0.002351047,0.007590268,0.06219439,0,0,1394.3104

17,True,False,0.02,0.25,Rot6,2,0,-0.002351047,0.007590268,0.06219439,0,0,1407.9976

17,True,False,0.02,0.25,Rot6,2,0,-0.002351047,0.007590268,0.06219439,0,0,1422.4009

17,True,False,0.02,0.25,Rot6,2,0,-0.002351047,0.007590268,0.06219439,0,0,1436.2881

17,True,False,0.02,0.25,Rot6,2,0,-0.002351047,0.007590268,0.06219439,0,0,1462.0551

17,True,False,0.02,0.25,Rot6,2,0,-0.002351047,0.007590268,0.06219439,0,0,1478.4312

17,True,False,0.02,0.25,Rot6,2,0,-0.002351047,0.007590268,0.06219439,0,0,1489.5482

17,True,False,0.02,0.25,Rot6,2,0,-0.002351047,0.007590268,0.06219439,0,0,1503.239

17,True,False,0.02,0.25,Rot6,2,0,-0.002351047,0.007590268,0.06219439,0,0,1518.4846

17,True,False,0.02,0.25,Rot6,2,0,-0.002351047,0.007590268,0.06219439,0,0,1543.5592

17,True,False,0.02,0.25,Rot6,2,0,-0.002351047,0.007590268,0.06219439,0,0,1559.5399

17,True,False,0.02,0.25,Rot6,2,0,-0.002351047,0.007590268,0.06219439,0,0,1571.1874

17,True,False,0.02,0.25,Rot6,2,0,-0.002351047,0.007590268,0.06219439,0,0,1585.907

17,True,False,0.02,0.25,Rot6,2,0,-0.002351047,0.007590268,0.06219439,0,0,1613.0943

17,True,False,0.02,0.25,Rot6,2,0,-0.002351047,0.007590268,0.06219439,0,0,1640.5023

17,True,False,0.02,0.25,Rot6,2,0,-0.002351047,0.007590268,0.06219439,0,0,1652.1663

17,True,False,0.02,0.25,Rot6,2,0,-0.002351047,0.007590268,0.06219439,0,0,1666.0075

17,True,False,0.02,0.25,Rot6,2,0,-0.002351047,0.007590268,0.06219439,0,0,1678.7675

17,True,False,0.02,0.25,Rot6,2,0,-0.002351047,0.007590268,0.06219439,0,0,1691.7569

17,True,False,0.02,0.25,Rot6,2,0,-0.002351047,0.007590268,0.06219439,0,0,1705.2887

17,True,False,0.02,0.25,Rot6,2,0,-0.002351047,0.007590268,0.06219439,0,0,1719.4429

17,True,False,0.02,0.25,Rot6,2,0,-0.002351047,0.007590268,0.06219439,0,0,1744.3111

17,True,False,0.02,0.25,Rot6,2,0,-0.002351047,0.007590268,0.06219439,0,0,1770.5117

17,True,False,0.02,0.25,Rot6,2,0,-0.002351047,0.007590268,0.06219439,0,0,1784.2919

17,True,False,0.02,0.25,Rot6,2,0,-0.002351047,0.007590268,0.06219439,0,0,1796.929

17,True,False,0.02,0.25,Rot6,2,0,-0.002351047,0.007590268,0.06219439,0,0,1810.8329

17,True,False,0.02,0.25,Rot6,2,0,-0.002351047,0.007590268,0.06219439,0,0,1839.0014

17,True,False,0.02,0.25,Rot6,2,0,-0.002351047,0.007590268,0.06219439,0,0,1865.8074

17,True,False,0.02,0.25,Rot6,2,0,-0.002351047,0.007590268,0.06219439,0,0,1892.844

17,True,False,0.02,0.25,Rot6,2,0,-0.002351047,0.007590268,0.06219439,0,0,1920.8381

17,True,False,0.02,0.25,Rot6,2,0,-0.002351047,0.007590268,0.06219439,0,0,1948.937

17,True,False,0.02,0.25,Rot6,2,0,-0.002351047,0.007590268,0.06219439,0,0,1976.815

17,True,False,0.02,0.25,Rot6,2,0,-0.002351047,0.007590268,0.06219439,0,0,1991.3675

17,True,False,0.02,0.25,Rot6,2,0,-0.002351047,0.007590268,0.06219439,0,0,2005.2078

17,True,False,0.02,0.25,Rot6,2,0,-0.002351047,0.007590268,0.06219439,0,0,2033.9988

17,True,False,0.02,0.25,Rot6,2,0,-0.002351047,0.007590268,0.06219439,0,0,2046.8926

17,True,False,0.02,0.25,Rot6,2,0,-0.002351047,0.007590268,0.06219439,0,0,2060.6914

17,True,False,0.02,0.25,Rot6,2,0,-0.002351047,0.007590268,0.06219439,0,0,2073.5021

17,True,False,0.02,0.25,Rot6,2,0,-0.002351047,0.007590268,0.06219439,0,0,2088.0599

17,True,False,0.02,0.25,Rot6,2,0,-0.002351047,0.007590268,0.06219439,0,0,2103.8276

17,True,False,0.02,0.25,Rot6,2,0,-0.002351047,0.007590268,0.06219439,0,0,2128.8553

17,True,False,0.02,0.25,Rot6,2,0,-0.002351047,0.007590268,0.06219439,0,0,2156.2061

17,True,False,0.02,0.25,Rot6,2,0,-0.002351047,0.007590268,0.06219439,0,0,2170.7896

17,True,False,0.02,0.25,Rot6,2,0,-0.002351047,0.007590268,0.06219439,0,0,2184.6486

17,True,False,0.02,0.25,Rot6,2,0,-0.002351047,0.007590268,0.06219439,0,0,2199.437

17,True,False,0.02,0.25,Rot6,2,0,-0.002351047,0.007590268,0.06219439,0,0,2212.832

17,True,False,0.02,0.25,Rot6,2,0,-0.002351047,0.007590268,0.06219439,0,0,2226.6077

17,True,False,0.02,0.25,Rot6,2,0,-0.002351047,0.007590268,0.06219439,0,0,2240.523

17,True,False,0.02,0.25,Rot6,2,0,-0.002351047,0.007590268,0.06219439,0,0,2254.7852

17,True,False,0.02,0.25,Rot6,2,0,-0.002351047,0.007590268,0.06219439,0,0,2269.2765

17,True,False,0.02,0.25,Rot6,2,0,-0.002351047,0.007590268,0.06219439,0,0,2295.2578

17,True,False,0.02,0.25,Rot6,2,0,-0.002351047,0.007590268,0.06219439,0,0,2322.7856

17,True,False,0.02,0.25,Rot6,2,0,-0.002351047,0.007590268,0.06219439,0,0,2337.3144

17,True,False,0.02,0.25,Rot6,2,0,-0.002351047,0.007590268,0.06219439,0,0,2351.2057

17,True,False,0.02,0.25,Rot6,2,0,-0.002351047,0.007590268,0.06219439,0,0,2365.3875

17,True,False,0.02,0.25,Rot6,2,0,-0.002351047,0.007590268,0.06219439,0,0,2379.5808

17,True,False,0.02,0.25,Rot6,2,0,-0.002351047,0.007590268,0.06219439,0,0,2392.7692

17,True,False,0.02,0.25,Rot6,2,0,-0.002351047,0.007590268,0.06219439,0,0,2407.4213

17,True,False,0.02,0.25,Rot6,2,0,-0.002351047,0.007590268,0.06219439,0,0,2434.769

17,True,False,0.02,0.25,Rot6,2,0,-0.002351047,0.007590268,0.06219439,0,0,2448.7428

17,True,False,0.02,0.25,Rot6,2,0,-0.002351047,0.007590268,0.06219439,0,0,2462.6358

17,True,False,0.02,0.25,Rot6,2,0,-0.002351047,0.007590268,0.06219439,0,0,2476.6559

17,True,False,0.02,0.25,Rot6,2,0,-0.002351047,0.007590268,0.06219439,0,0,2490.5074

17,True,False,0.02,0.25,Rot6,2,0,-0.002351047,0.007590268,0.06219439,0,0,2504.425

17,True,False,0.02,0.25,Rot6,2,0,-0.002351047,0.007590268,0.06219439,0,0,2531.5367

17,True,False,0.02,0.25,Rot6,2,0,-0.002351047,0.007590268,0.06219439,0,0,2547.3756

17,True,False,0.02,0.25,Rot6,2,0,-0.002351047,0.007590268,0.06219439,0,0,2559.4705

17,True,False,0.02,0.25,Rot6,2,0,-0.002351047,0.007590268,0.06219439,0,0,2572.9579

17,True,False,0.02,0.25,Rot6,2,0,-0.002351047,0.007590268,0.06219439,0,0,2589.9465

17,True,False,0.02,0.25,Rot6,2,0,-0.002351047,0.007590268,0.06219439,0,0,2615.287

17,True,False,0.02,0.25,Rot6,2,0,-0.002351047,0.007590268,0.06219439,0,0,2643.1445

17,True,False,0.02,0.25,Rot6,2,0,-0.002351047,0.007590268,0.06219439,0,0,2656.5346

17,True,False,0.02,0.25,Rot6,2,0,-0.002351047,0.007590268,0.06219439,0,0,2670.7978

17,True,False,0.02,0.25,Rot6,2,0,-0.002351047,0.007590268,0.06219439,0,0,2684.2337

17,True,False,0.02,0.25,Rot6,2,0,-0.002351047,0.007590268,0.06219439,0,0,2698.8133

17,True,False,0.02,0.25,Rot6,2,0,-0.002351047,0.007590268,0.06219439,0,0,2725.3446

17,True,False,0.02,0.25,Rot6,2,0,-0.002351047,0.007590268,0.06219439,0,0,2740.0201

17,True,False,0.02,0.25,Rot6,2,0,-0.002351048,0.007590205,0.06219439,6.334064E-08,4.90499367696229E-06,2752.9336

17,True,False,0.02,0.25,Rot6,2,0,-0.003047093,0.007292058,0.0628947,0.001031409,0.0821807113454997,2765.4841

17,True,False,0.02,0.25,Rot6,2,0,-0.003334566,0.007252714,0.06334738,0.0005376897,0.0373894121893902,2779.8649

17,True,False,0.02,0.25,Rot6,2,0,-0.003547571,0.007229702,0.06375524,0.0004606994,0.030879633858439,2794.7841

17,True,False,0.02,0.25,Rot6,2,0,-0.003617353,0.007275284,0.06400953,0.0002676071,0.0203068044807909,2807.9623

17,True,False,0.02,0.25,Rot6,2,0,-0.003694273,0.007341138,0.06427059,0.0002800042,0.0216406598236527,2820.9011

17,True,False,0.02,0.25,Rot6,2,0,-0.003766059,0.007416349,0.06455474,0.0003025746,0.0110750821987776,2848.2214

17,True,False,0.02,0.25,Rot6,2,0,-0.003679797,0.007516026,0.06456521,0.0001322367,0.00967066607665377,2861.8954

17,True,False,0.02,0.25,Rot6,2,0,-0.003390952,0.007294144,0.06446823,0.0003769178,0.0304005217827638,2874.2938

17,True,False,0.02,0.25,Rot6,2,0,-0.003102358,0.007348809,0.06434272,0.0003194188,0.0226356761974963,2888.4051

17,True,False,0.02,0.25,Rot6,2,0,-0.002788337,0.007396962,0.06419645,0.0003497463,0.0129866571235725,2915.3363

17,True,False,0.02,0.25,Rot6,2,0,-0.002633537,0.007492193,0.06416003,0.0001853605,0.0112937223728899,2931.749

17,True,False,0.02,0.25,Rot6,2,0,-0.002590798,0.007343014,0.06410931,0.0001632598,0.0142715839888354,2943.1885

17,True,False,0.02,0.25,Rot6,2,0,-0.002565803,0.007475039,0.06408508,0.0001365369,0.00328282450784691,2984.7798

17,True,False,0.02,0.25,Rot6,2,0,-0.002510293,0.007424905,0.06409658,7.56778E-05,0.0028666811622296,3011.1789

17,True,False,0.02,0.25,Rot6,2,0,-0.002294119,0.007026133,0.06405781,0.0004552514,0.0362539263400553,3023.7362

17,True,False,0.02,0.25,Rot6,2,0,-0.002153706,0.006744381,0.06402756,0.000316251,0.0234140358041816,3037.2431

17,True,False,0.02,0.25,Rot6,2,0,-0.002074915,0.006585719,0.0639748,0.0001848402,0.0139950960945072,3050.4506

17,True,False,0.02,0.25,Rot6,2,0,-0.002074922,0.006585719,0.0639748,7.450581E-09,5.2068463624268E-07,3064.7598

17,True,False,0.02,0.25,Rot6,2,0,-0.002076889,0.006510487,0.06395615,7.75341E-05,0.00551773409157908,3078.8116

17,True,False,0.02,0.25,Rot6,2,0,-0.002084284,0.006439596,0.06393775,7.361109E-05,0.00611321773706974,3090.8529

17,True,False,0.02,0.25,Rot6,2,0,-0.002098522,0.006375132,0.06392028,6.829029E-05,0.00255161077259757,3117.6165

17,True,False,0.02,0.25,Rot6,2,0,-0.002089253,0.006281545,0.06387019,0.0001065524,0.00399150468671428,3144.3113

17,True,False,0.02,0.25,Rot6,2,0,-0.002053081,0.006060422,0.0638708,0.0002240634,0.0163913652021338,3157.9809

17,True,False,0.02,0.25,Rot6,2,0,-0.002031422,0.005843935,0.06388372,0.0002179513,0.0159970145608847,3171.6054

17,True,False,0.02,0.25,Rot6,2,0,-0.002301613,0.005856221,0.06402953,0.0003072692,0.0228306970840024,3185.064

17,True,False,0.02,0.25,Rot6,2,0,-0.002582275,0.00585877,0.06417845,0.0003177345,0.0230153992702591,3198.8693

17,True,False,0.02,0.25,Rot6,2,0,-0.002859654,0.005746512,0.06431668,0.0003296163,0.0235473836154322,3212.8673

17,True,False,0.02,0.25,Rot6,2,0,-0.003131229,0.005623907,0.06444861,0.0003258706,0.0229476630399572,3227.0679

17,True,False,0.02,0.25,Rot6,2,0,-0.003403633,0.005492283,0.06457916,0.0003295029,0.0209432925761098,3242.801

17,True,False,0.02,0.25,Rot6,2,0,-0.003453429,0.005386051,0.06467067,0.0001487899,0.00612208554274648,3267.1048

17,True,False,0.02,0.25,Rot6,2,0,-0.003573641,0.005316636,0.06472925,0.0001506698,0.00548758227300449,3294.5613

17,True,False,0.02,0.25,Rot6,2,0,-0.003889188,0.005202797,0.06477806,0.000338986,0.0227975549131815,3309.4307

17,True,False,0.02,0.25,Rot6,2,0,-0.004238545,0.005081245,0.06482425,0.0003727727,0.0264156704326134,3323.5425

17,True,False,0.02,0.25,Rot6,2,0,-0.004438336,0.004958556,0.06485453,0.000236402,0.0173189571276618,3337.1924

17,True,False,0.02,0.25,Rot6,2,0,-0.004577606,0.00484712,0.06492433,0.0001915355,0.0146658101495624,3350.2524

17,True,False,0.02,0.25,Rot6,2,0,-0.004711288,0.004714568,0.06498948,0.0001992137,0.0139682458763528,3364.5143

17,True,False,0.02,0.25,Rot6,2,0,-0.00487348,0.00460486,0.06498721,0.0001958243,0.0142186002521871,3378.2867

17,True,False,0.02,0.25,Rot6,2,0,-0.005037795,0.004502358,0.06498148,0.0001937496,0.0138996189886932,3392.2259

17,True,False,0.02,0.25,Rot6,2,0,-0.005201336,0.004375033,0.06495984,0.0002083873,0.00804404189546008,3418.1317

17,True,False,0.02,0.25,Rot6,2,0,-0.005367182,0.004248086,0.06493437,0.0002104019,0.00740909079491356,3446.5295

17,True,False,0.02,0.25,Rot6,2,0,-0.005580388,0.004176964,0.06495786,0.0002259794,0.0208133963134557,3457.3869

17,True,False,0.02,0.25,Rot6,2,0,-0.005792178,0.00412721,0.06498243,0.0002189391,0.0167646117371432,3470.4465

17,True,False,0.02,0.25,Rot6,2,0,-0.006044495,0.004288505,0.06498234,0.0002994671,0.0221329055242941,3483.9769

17,True,False,0.02,0.25,Rot6,2,0,-0.006323646,0.004483477,0.0649948,0.0003407261,0.0258378347136897,3497.164

17,True,False,0.02,0.25,Rot6,2,0,-0.006324473,0.004484003,0.06499532,1.110555E-06,7.75808628443251E-05,3511.4788

17,True,False,0.02,0.25,Rot6,2,0,-0.006542835,0.004566717,0.06506385,0.0002433511,0.0096723337799025,3536.6383

17,True,False,0.02,0.25,Rot6,2,0,-0.006677914,0.004656574,0.06505036,0.0001627957,0.00619959269219614,3562.8974

17,True,False,0.02,0.25,Rot6,2,0,-0.007099542,0.004859933,0.06503305,0.0004684284,0.0347901401542029,3576.3618

17,True,False,0.02,0.25,Rot6,2,0,-0.007550384,0.005087863,0.06501688,0.0005054424,0.0375684701123195,3589.8157

17,True,False,0.02,0.25,Rot6,2,0,-0.007798943,0.005217949,0.06501928,0.0002805524,0.0196109596239603,3604.1216

17,True,False,0.02,0.25,Rot6,2,0,-0.007952776,0.005223744,0.06499663,0.0001555991,0.0112588139271175,3617.9418

17,True,False,0.02,0.25,Rot6,2,0,-0.008105818,0.005227895,0.06497161,0.0001551295,0.0115876365626919,3631.3293

17,True,False,0.02,0.25,Rot6,2,0,-0.008296866,0.005337688,0.06493776,0.0002229347,0.015712905343552,3645.5173

17,True,False,0.02,0.25,Rot6,2,0,-0.008490089,0.005453424,0.06490225,0.0002280151,0.0166924182464357,3659.1771

17,True,False,0.02,0.25,Rot6,2,0,-0.008685935,0.00557508,0.06486516,0.00023352,0.0086821397737191,3686.0737

17,True,False,0.02,0.25,Rot6,2,0,-0.008896466,0.005620072,0.06483006,0.0002181262,0.00823058761077494,3712.5756

17,True,False,0.02,0.25,Rot6,2,0,-0.009370226,0.005834452,0.06483923,0.0005200877,0.0379967211701461,3726.2633

17,True,False,0.02,0.25,Rot6,2,0,-0.009774331,0.005851627,0.06494622,0.0004183807,0.0308456186547114,3739.827

17,True,False,0.02,0.25,Rot6,2,0,-0.01010838,0.005938323,0.06508623,0.0003724335,0.0269510201873505,3753.6459

17,True,False,0.02,0.25,Rot6,2,0,-0.01045826,0.006029845,0.06523927,0.0003926976,0.0266441573079586,3768.3845

17,True,False,0.02,0.25,Rot6,2,0,-0.01074864,0.00616522,0.06541204,0.0003640101,0.0262132383930213,3782.271

17,True,False,0.02,0.25,Rot6,2,0,-0.01103214,0.006296108,0.06558584,0.0003573567,0.0258841617679131,3796.077

17,True,False,0.02,0.25,Rot6,2,0,-0.011278,0.006439744,0.06576438,0.0003360883,0.0276645459391107,3808.2257

17,True,False,0.02,0.25,Rot6,2,0,-0.01152572,0.006589766,0.06594993,0.0003439498,0.0122692847399747,3836.2591

17,True,False,0.02,0.25,Rot6,2,0,-0.01171498,0.006720632,0.06605671,0.000253665,0.00901935927509072,3864.3836

17,True,False,0.02,0.25,Rot6,2,0,-0.01182998,0.006582517,0.06609089,0.000182946,0.0134692398789079,3877.9661

17,True,False,0.02,0.25,Rot6,2,0,-0.0119324,0.006421516,0.0661229,0.0001934847,0.0157065803526719,3890.2848

17,True,False,0.02,0.25,Rot6,2,0,-0.01204472,0.006672711,0.06612884,0.0002752297,0.0200582776544857,3904.0063

17,True,False,0.02,0.25,Rot6,2,0,-0.0121566,0.006965905,0.06613204,0.0003138308,0.0252002106934094,3916.4598

17,True,False,0.02,0.25,Rot6,2,0,-0.01226075,0.007284388,0.066128,0.0003351044,0.0270529138100996,3928.8468

17,True,False,0.02,0.25,Rot6,2,0,-0.01226182,0.007286032,0.06612863,2.05642E-06,0.000133383034057642,3944.2642

17,True,False,0.02,0.25,Rot6,2,0,-0.01241792,0.007495797,0.06610663,0.0002624,0.0103042174990578,3969.7295

17,True,False,0.02,0.25,Rot6,2,0,-0.01240517,0.007553011,0.06606667,7.09408E-05,0.00278445986407796,3995.2069

17,True,False,0.02,0.25,Rot6,2,0,-0.01238615,0.007459171,0.06591488,0.0001794664,0.0133895153837011,4008.6104

17,True,False,0.02,0.25,Rot6,2,0,-0.01235146,0.00734215,0.06574845,0.0002063953,0.00763366696817882,4035.6479

17,True,False,0.02,0.25,Rot6,2,0,-0.01228819,0.007410238,0.06571673,9.820944E-05,0.00345224418281068,4064.0959

17,True,False,0.02,0.25,Rot6,2,0,-0.01230391,0.00738632,0.06563282,8.865579E-05,0.00707113665369574,4076.6336

17,True,False,0.02,0.25,Rot6,2,0,-0.01232774,0.007365584,0.06554951,8.909925E-05,0.00665192766342231,4090.0281

17,True,False,0.02,0.25,Rot6,2,0,-0.01236306,0.007449393,0.0655207,9.539843E-05,0.00671328232984707,4104.2385

17,True,False,0.02,0.25,Rot6,2,0,-0.01235774,0.00740299,0.06546551,7.230409E-05,0.00525847955776209,4117.9885

17,True,False,0.02,0.25,Rot6,2,0,-0.01234811,0.007342382,0.06540678,8.493952E-05,0.00631032672966777,4131.4489

17,True,False,0.02,0.25,Rot6,2,0,-0.01212773,0.00633581,0.06528646,0.001037417,0.0721841903477566,4145.8207

17,True,False,0.02,0.25,Rot6,2,0,-0.01168193,0.004867119,0.0650424,0.001554143,0.116342013220574,4159.1791

17,True,False,0.02,0.25,Rot6,2,0,-0.01177639,0.00468418,0.06499434,0.0002114246,0.00786564380387019,4186.0586

17,True,False,0.02,0.25,Rot6,2,0,-0.01186253,0.004539891,0.06496432,0.0001707034,0.00642890050721768,4212.6111

17,True,False,0.02,0.25,Rot6,2,0,-0.01177271,0.004466408,0.06477285,0.0002238939,0.0162062261373021,4226.4264

17,True,False,0.02,0.25,Rot6,2,0,-0.01173501,0.004322771,0.0647916,0.000149681,0.0107851769684535,4240.3048

17,True,False,0.02,0.25,Rot6,2,0,-0.01171764,0.00424815,0.06480651,7.805129E-05,0.00574599464082709,4253.8884

17,True,False,0.02,0.25,Rot6,2,0,-0.01170182,0.004170832,0.06482641,8.139345E-05,0.00579886476482436,4267.9245

17,True,False,0.02,0.25,Rot6,2,0,-0.01154901,0.004104767,0.06481124,0.0001671639,0.0121014013998447,4281.7381

17,True,False,0.02,0.25,Rot6,2,0,-0.01138923,0.004037142,0.06479776,0.0001740293,0.0116536172834844,4296.6716

17,True,False,0.02,0.25,Rot6,2,0,-0.01134008,0.003924905,0.06478193,0.0001235457,0.00461606272270372,4323.4359

17,True,False,0.02,0.25,Rot6,2,0,-0.01129206,0.003809085,0.06476811,0.0001261396,0.00916739037663749,4337.1955

17,True,False,0.02,0.25,Rot6,2,0,-0.01102136,0.003837956,0.0644774,0.0003982706,0.0291747672059411,4350.8467

17,True,False,0.02,0.25,Rot6,2,0,-0.010881,0.003863265,0.06432502,0.0002087186,0.0146469162580998,4365.0967

17,True,False,0.02,0.25,Rot6,2,0,-0.010881,0.003863265,0.06432502,0,0,4379.3178

17,True,False,0.02,0.25,Rot6,2,0,-0.010881,0.003863265,0.06432502,0,0,4394.4991

17,True,False,0.02,0.25,Rot6,2,0,-0.010881,0.003863265,0.06432502,0,0,4420.274

17,True,False,0.02,0.25,Rot6,2,0,-0.010881,0.003863265,0.06432502,0,0,4435.4985

17,True,False,0.02,0.25,Rot6,2,0,-0.010881,0.003863265,0.06432502,0,0,4448.0237

17,True,False,0.02,0.25,Rot6,2,0,-0.010881,0.003863265,0.06432502,0,0,4462.3264

17,True,False,0.02,0.25,Rot6,2,0,-0.010881,0.003863265,0.06432502,0,0,4477.5058

17,True,False,0.02,0.25,Rot6,2,0,-0.010881,0.003863265,0.06432502,0,0,4503.2954

17,True,False,0.02,0.25,Rot6,2,0,-0.010881,0.003863265,0.06432502,0,0,4519.2525

17,True,False,0.02,0.25,Rot6,2,0,-0.010881,0.003863265,0.06432502,0,0,4530.5356

17,True,False,0.02,0.25,Rot6,2,0,-0.010881,0.003863265,0.06432502,0,0,4544.8566

17,True,False,0.02,0.25,Rot6,2,0,-0.010881,0.003863265,0.06432502,0,0,4561.0228

17,True,False,0.02,0.25,Rot6,2,0,-0.010881,0.003863265,0.06432502,0,0,4585.9492

17,True,False,0.02,0.25,Rot6,2,0,-0.010881,0.003863265,0.06432502,0,0,4601.8564

17,True,False,0.02,0.25,Rot6,2,0,-0.010881,0.003863265,0.06432502,0,0,4613.2222

17,True,False,0.02,0.25,Rot6,2,0,-0.010881,0.003863265,0.06432502,0,0,4654.2382

17,True,False,0.02,0.25,Rot6,2,0,-0.010881,0.003863265,0.06432502,0,0,4681.9999

17,True,False,0.02,0.25,Rot6,2,0,-0.010881,0.003863265,0.06432502,0,0,4694.4843

17,True,False,0.02,0.25,Rot6,2,0,-0.010881,0.003863265,0.06432502,0,0,4706.856

17,True,False,0.02,0.25,Rot6,2,0,-0.010881,0.003863265,0.06432502,0,0,4720.903

17,True,False,0.02,0.25,Rot6,2,0,-0.010881,0.003863265,0.06432502,0,0,4733.1333

17,True,False,0.02,0.25,Rot6,2,0,-0.010881,0.003863265,0.06432502,0,0,4747.686

17,True,False,0.02,0.25,Rot6,2,0,-0.010881,0.003863265,0.06432502,0,0,4772.7945

17,True,False,0.02,0.25,Rot6,2,0,-0.010881,0.003863265,0.06432502,0,0,4798.9306

17,True,False,0.02,0.25,Rot6,2,0,-0.010881,0.003863265,0.06432502,0,0,4812.7272

17,True,False,0.02,0.25,Rot6,2,0,-0.010881,0.003863265,0.06432502,0,0,4826.5314

17,True,False,0.02,0.25,Rot6,2,0,-0.010881,0.003863265,0.06432502,0,0,4840.6081

17,True,False,0.02,0.25,Rot6,2,0,-0.010881,0.003863265,0.06432502,0,0,4853.3419

17,True,False,0.02,0.25,Rot6,2,0,-0.010881,0.003863265,0.06432502,0,0,4867.5396

17,True,False,0.02,0.25,Rot6,2,0,-0.010881,0.003863265,0.06432502,0,0,4882.9902

17,True,False,0.02,0.25,Rot6,2,0,-0.010881,0.003863265,0.06432502,0,0,4894.8892

17,True,False,0.02,0.25,Rot6,2,0,-0.010881,0.003863265,0.06432502,0,0,4921.0223

17,True,False,0.02,0.25,Rot6,2,0,-0.010881,0.003863265,0.06432502,0,0,4947.741

17,True,False,0.02,0.25,Rot6,2,0,-0.010881,0.003863265,0.06432502,0,0,4961.1803

17,True,False,0.02,0.25,Rot6,2,0,-0.01088101,0.00386335,0.06432503,8.687922E-08,6.68831601084291E-06,4974.17

17,True,False,0.02,0.25,Rot6,2,0,-0.01088995,0.00385709,0.06436232,3.884645E-05,0.00289633054117841,4987.5823

17,True,False,0.02,0.25,Rot6,2,0,-0.01095227,0.003812225,0.06461887,0.000267799,0.0215456082561609,5000.0117

17,True,False,0.02,0.25,Rot6,2,0,-0.01111945,0.003638244,0.06534413,0.0007643381,0.0578181142544125,5013.2314

17,True,False,0.02,0.25,Rot6,2,0,-0.01133586,0.003312406,0.06638254,0.001109647,0.0413764891484059,5040.0497

17,True,False,0.02,0.25,Rot6,2,0,-0.01150533,0.003025913,0.06722499,0.0009058272,0.0545055149812931,5056.6687

17,True,False,0.02,0.25,Rot6,2,0,-0.01133268,0.00280715,0.06808309,0.0009022118,0.0937772076375628,5066.2895

17,True,False,0.02,0.25,Rot6,2,0,-0.01095062,0.002838676,0.06826478,0.0004242328,0.0300388611793454,5080.4123

17,True,False,0.02,0.25,Rot6,2,0,-0.01065234,0.002864828,0.06838673,0.00032331,0.0117485235963966,5107.9315

17,True,False,0.02,0.25,Rot6,2,0,-0.01065223,0.002864406,0.06838675,4.348471E-07,1.58525133660925E-05,5135.3623

17,True,False,0.02,0.25,Rot6,2,0,-0.009584321,0.002699401,0.06858389,0.001098423,0.0888633880031088,5147.7231

17,True,False,0.02,0.25,Rot6,2,0,-0.008625679,0.002604191,0.06877988,0.0009830924,0.0708494178221514,5161.5989

17,True,False,0.02,0.25,Rot6,2,0,-0.007756603,0.002363575,0.0688275,0.0009030261,0.0674317780881641,5174.9906

17,True,False,0.02,0.25,Rot6,2,0,-0.006889848,0.002059296,0.06881016,0.0009187771,0.0710418450199734,5187.9235

17,True,False,0.02,0.25,Rot6,2,0,-0.006011486,0.001705789,0.06874059,0.0009493826,0.0676111757295675,5201.9653

17,True,False,0.02,0.25,Rot6,2,0,-0.004845642,0.001099633,0.0688659,0.00131997,0.0948997087230073,5215.8744

17,True,False,0.02,0.25,Rot6,2,0,-0.003601678,0.0004440174,0.06896151,0.001409404,0.102270047584996,5229.6556

17,True,False,0.02,0.25,Rot6,2,0,-0.002320848,-0.0003452878,0.06897518,0.001504564,0.058230224711708,5255.4938

17,True,False,0.02,0.25,Rot6,2,0,-0.001046278,-0.001137269,0.06895234,0.001500762,0.056065737982255,5282.2617

17,True,False,0.02,0.25,Rot6,2,0,0.0001342891,-0.001729201,0.06884961,0.001324641,0.096420987549137,5295.9998

17,True,False,0.02,0.25,Rot6,2,0,0.001517653,-0.002351857,0.06855532,0.001545317,0.115466929087675,5309.383

17,True,False,0.02,0.25,Rot6,2,0,0.003458159,-0.003225204,0.06808751,0.002178793,0.14888364752177,5324.0172

17,True,False,0.02,0.25,Rot6,2,0,0.004658415,-0.003587076,0.06769607,0.001313313,0.0948487243007888,5337.8636

17,True,False,0.02,0.25,Rot6,2,0,0.00564076,-0.003876626,0.06736124,0.001077476,0.0845059207357603,5350.6139

17,True,False,0.02,0.25,Rot6,2,0,0.006505087,-0.00412152,0.06706233,0.0009467718,0.0617372644611835,5365.9494

17,True,False,0.02,0.25,Rot6,2,0,0.007175862,-0.004285366,0.06695428,0.0006988993,0.0263344034971661,5392.4888

17,True,False,0.02,0.25,Rot6,2,0,0.007689686,-0.004415642,0.06696013,0.0005301138,0.0345582909268078,5407.8285

17,True,False,0.02,0.25,Rot6,2,0,0.008330034,-0.004555569,0.06706347,0.0006635545,0.053988338379465,5420.1192

17,True,False,0.02,0.25,Rot6,2,0,0.00895144,-0.004703589,0.0670791,0.0006389829,0.0477480020897162,5433.5016

17,True,False,0.02,0.25,Rot6,2,0,0.009073145,-0.004706308,0.06705989,0.0001232427,0.00785020549999837,5449.2009

17,True,False,0.02,0.25,Rot6,2,0,0.009171597,-0.004704432,0.06705082,9.888643E-05,0.00678145006568767,5463.7828

17,True,False,0.02,0.25,Rot6,2,0,0.009349547,-0.004588444,0.06699601,0.0002193725,0.00888662060926232,5488.4685

17,True,False,0.02,0.25,Rot6,2,0,0.009552188,-0.004422975,0.06692708,0.0002705456,0.0162948828801239,5505.0716

17,True,False,0.02,0.25,Rot6,2,0,0.009858534,-0.004289096,0.06689729,0.0003356463,0.0353635779698243,5514.5629

17,True,False,0.02,0.25,Rot6,2,0,0.01002155,-0.004205751,0.06687751,0.0001841487,0.0147144748701248,5527.0777

17,True,False,0.02,0.25,Rot6,2,0,0.01008862,-0.004108349,0.06681927,0.000131826,0.00469253591789283,5555.1704

17,True,False,0.02,0.25,Rot6,2,0,0.01014992,-0.004004015,0.06675887,0.0001352454,0.00482867469213666,5583.1792

17,True,False,0.02,0.25,Rot6,2,0,0.01037087,-0.004045614,0.06667513,0.0002399191,0.0192315306559561,5595.6545

17,True,False,0.02,0.25,Rot6,2,0,0.01043984,-0.004169209,0.06656013,0.0001823651,0.0143743990218849,5608.3413

17,True,False,0.02,0.25,Rot6,2,0,0.01046813,-0.004238309,0.06650148,9.494764E-05,0.00681184896547102,5622.2799

17,True,False,0.02,0.25,Rot6,2,0,0.01046815,-0.00423833,0.06650146,3.406974E-08,2.55922895603832E-06,5635.5924

17,True,False,0.02,0.25,Rot6,2,0,0.01049892,-0.004265789,0.06646156,5.738175E-05,0.00461412702831347,5648.0285

17,True,False,0.02,0.25,Rot6,2,0,0.01052412,-0.004295798,0.06642227,5.549659E-05,0.00370135178841107,5663.0221

17,True,False,0.02,0.25,Rot6,2,0,0.01055842,-0.004337312,0.06637332,7.277276E-05,0.00292917675331489,5687.8662

17,True,False,0.02,0.25,Rot6,2,0,0.01058815,-0.004380976,0.06632425,7.210027E-05,0.00274182010984671,5714.1627

17,True,False,0.02,0.25,Rot6,2,0,0.01061458,-0.004289075,0.06630795,9.70049E-05,0.00697902086072226,5728.0622

17,True,False,0.02,0.25,Rot6,2,0,0.01058846,-0.004236476,0.0662614,7.494058E-05,0.00580804166632878,5740.9651

17,True,False,0.02,0.25,Rot6,2,0,0.01057101,-0.004206615,0.06623867,4.138295E-05,0.00305648311809988,5754.5045

17,True,False,0.02,0.25,Rot6,2,0,0.01054911,-0.004173256,0.06621686,4.547773E-05,0.00327864325913847,5768.3754

17,True,False,0.02,0.25,Rot6,2,0,0.01050706,-0.004147967,0.06615891,7.593149E-05,0.00531375869219513,5782.665

17,True,False,0.02,0.25,Rot6,2,0,0.01045986,-0.004124471,0.06609934,7.955421E-05,0.00518015349711647,5798.0225

17,True,False,0.02,0.25,Rot6,2,0,0.01048522,-0.004079521,0.06597899,0.000130949,0.00527971210353552,5822.8248

17,True,False,0.02,0.25,Rot6,2,0,0.01051101,-0.004035309,0.06585381,0.0001352367,0.00868884457916662,5838.3892

17,True,False,0.02,0.25,Rot6,2,0,0.0107064,-0.004011433,0.06547476,0.000427113,0.0363633501565117,5850.1349

17,True,False,0.02,0.25,Rot6,2,0,0.01081078,-0.004003425,0.06527644,0.0002242554,0.0154387420324493,5864.6604

17,True,False,0.02,0.25,Rot6,2,0,0.01081078,-0.004003425,0.06527644,0,0,5892.305

17,True,False,0.02,0.25,Rot6,2,0,0.01081078,-0.004003425,0.06527644,0,0,5908.2818

17,True,False,0.02,0.25,Rot6,2,0,0.01081078,-0.004003425,0.06527644,0,0,5919.7855

17,True,False,0.02,0.25,Rot6,2,0,0.01081078,-0.004003425,0.06527644,0,0,5932.886

17,True,False,0.02,0.25,Rot6,2,0,0.01081078,-0.004003425,0.06527644,0,0,5961.0968

17,True,False,0.02,0.25,Rot6,2,0,0.01081078,-0.004003425,0.06527644,0,0,5975.2055

17,True,False,0.02,0.25,Rot6,2,0,0.01081078,-0.004003425,0.06527644,0,0,5987.7589

17,True,False,0.02,0.25,Rot6,2,0,0.01081078,-0.004003425,0.06527644,0,0,6001.0986

17,True,False,0.02,0.25,Rot6,2,0,0.01081078,-0.004003425,0.06527644,0,0,6015.3481

17,True,False,0.02,0.25,Rot6,2,0,0.01081078,-0.004003425,0.06527644,0,0,6027.847

17,True,False,0.02,0.25,Rot6,2,0,0.01081078,-0.004003425,0.06527644,0,0,6044.5103

17,True,False,0.02,0.25,Rot6,2,0,0.01081078,-0.004003425,0.06527644,0,0,6069.3297

17,True,False,0.02,0.25,Rot6,2,0,0.01081078,-0.004003425,0.06527644,0,0,6096.9913

17,True,False,0.02,0.25,Rot6,2,0,0.01081078,-0.004003425,0.06527644,0,0,6108.9442

17,True,False,0.02,0.25,Rot6,2,0,0.01081078,-0.004003425,0.06527644,0,0,6122.5059

17,True,False,0.02,0.25,Rot6,2,0,0.01081078,-0.004003425,0.06527644,0,0,6135.8611

17,True,False,0.02,0.25,Rot6,2,0,0.01081078,-0.004003425,0.06527644,0,0,6148.5858

17,True,False,0.02,0.25,Rot6,2,0,0.01081078,-0.004003425,0.06527644,0,0,6175.5406

17,True,False,0.02,0.25,Rot6,2,0,0.01081078,-0.004003425,0.06527644,0,0,6203.5969

17,True,False,0.02,0.25,Rot6,2,0,0.01081078,-0.004003425,0.06527644,0,0,6216.0298

17,True,False,0.02,0.25,Rot6,2,0,0.01081078,-0.004003425,0.06527644,0,0,6229.5498

17,True,False,0.02,0.25,Rot6,2,0,0.01081078,-0.004003425,0.06527644,0,0,6243.805

17,True,False,0.02,0.25,Rot6,2,0,0.01081078,-0.004003425,0.06527644,0,0,6257.0567

17,True,False,0.02,0.25,Rot6,2,0,0.01081078,-0.004003425,0.06527644,0,0,6270.6212

17,True,False,0.02,0.25,Rot6,2,0,0.01081078,-0.004003425,0.06527644,0,0,6285.0068

17,True,False,0.02,0.25,Rot6,2,0,0.01081078,-0.004003425,0.06527644,0,0,6325.4015

17,True,False,0.02,0.25,Rot6,2,0,0.01081078,-0.004003425,0.06527644,0,0,6341.0734

17,True,False,0.02,0.25,Rot6,2,0,0.01081078,-0.004003425,0.06527644,0,0,6353.2174

17,True,False,0.02,0.25,Rot6,2,0,0.01081078,-0.004003425,0.06527644,0,0,6365.8791

17,True,False,0.02,0.25,Rot6,2,0,0.01081078,-0.004003425,0.06527644,0,0,6379.8512

17,True,False,0.02,0.25,Rot6,2,0,0.01081078,-0.004003425,0.06527644,0,0,6406.403

17,True,False,0.02,0.25,Rot6,2,0,0.01081078,-0.004003425,0.06527644,0,0,6420.596

17,True,False,0.02,0.25,Rot6,2,0,0.01081078,-0.004003425,0.06527644,0,0,6434.2496

17,True,False,0.02,0.25,Rot6,2,0,0.01081078,-0.004003425,0.06527644,0,0,6448.2819

17,True,False,0.02,0.25,Rot6,2,0,0.01081078,-0.004003425,0.06527644,0,0,6462.3173

17,True,False,0.02,0.25,Rot6,2,0,0.01081078,-0.004003425,0.06527644,0,0,6488.683

17,True,False,0.02,0.25,Rot6,2,0,0.01081078,-0.004003425,0.06527644,0,0,6504.5949

17,True,False,0.02,0.25,Rot6,2,0,0.01081078,-0.004003425,0.06527644,0,0,6516.7032

17,True,False,0.02,0.25,Rot6,2,0,0.01081078,-0.004003425,0.06527644,0,0,6529.3413

17,True,False,0.02,0.25,Rot6,2,0,0.01081078,-0.004003425,0.06527644,0,0,6556.6736

17,True,False,0.02,0.25,Rot6,2,0,0.01081078,-0.004003425,0.06527644,0,0,6570.5507

17,True,False,0.02,0.25,Rot6,2,0,0.01081078,-0.004003425,0.06527644,0,0,6583.6956

17,True,False,0.02,0.25,Rot6,2,0,0.01081078,-0.004003425,0.06527644,0,0,6598.1876

17,True,False,0.02,0.25,Rot6,2,0,0.01081078,-0.004003425,0.06527644,0,0,6612.0493

17,True,False,0.02,0.25,Rot6,2,0,0.01081078,-0.004003425,0.06527644,0,0,6626.305

17,True,False,0.02,0.25,Rot6,2,0,0.01081078,-0.004003425,0.06527644,0,0,6652.1644

17,True,False,0.02,0.25,Rot6,2,0,0.01081078,-0.004003425,0.06527644,0,0,6679.7222

17,True,False,0.02,0.25,Rot6,2,0,0.01081078,-0.004003425,0.06527644,0,0,6691.6855

17,True,False,0.02,0.25,Rot6,2,0,0.01081078,-0.004003425,0.06527644,0,0,6705.292

17,True,False,0.02,0.25,Rot6,2,0,0.01081078,-0.004003425,0.06527644,0,0,6718.5158

17,True,False,0.02,0.25,Rot6,2,0,0.01081078,-0.004003425,0.06527644,0,0,6731.589

17,True,False,0.02,0.25,Rot6,2,0,0.01081078,-0.004003425,0.06527644,0,0,6758.354

17,True,False,0.02,0.25,Rot6,2,0,0.01081078,-0.004003425,0.06527644,0,0,6771.421

17,True,False,0.02,0.25,Rot6,2,0,0.01081078,-0.004003425,0.06527644,0,0,6785.1633

17,True,False,0.02,0.25,Rot6,2,0,0.01081078,-0.004003425,0.06527644,0,0,6798.8717

17,True,False,0.02,0.25,Rot6,2,0,0.01081078,-0.004003425,0.06527644,0,0,6825.5614

17,True,False,0.02,0.25,Rot6,2,0,0.01081078,-0.004003425,0.06527644,0,0,6839.2539

17,True,False,0.02,0.25,Rot6,2,0,0.01081078,-0.004003425,0.06527644,0,0,6852.6118

17,True,False,0.02,0.25,Rot6,2,0,0.01081078,-0.004003425,0.06527644,0,0,6867.2767

17,True,False,0.02,0.25,Rot6,2,0,0.01081078,-0.004003425,0.06527644,0,0,6880.2113

17,True,False,0.02,0.25,Rot6,2,0,0.01081078,-0.004003425,0.06527644,0,0,6894.1242

17,True,False,0.02,0.25,Rot6,2,0,0.01081078,-0.004003425,0.06527644,0,0,6920.5632

17,True,False,0.02,0.25,Rot6,2,0,0.01081078,-0.004003425,0.06527644,0,0,6935.571

17,True,False,0.02,0.25,Rot6,2,0,0.01081078,-0.004003425,0.06527644,0,0,6947.5154

17,True,False,0.02,0.25,Rot6,2,0,0.01081078,-0.004003425,0.06527644,0,0,6962.2177

17,True,False,0.02,0.25,Rot6,2,0,0.01081078,-0.004003425,0.06527644,0,0,6976.8026

17,True,False,0.02,0.25,Rot6,2,0,0.01081078,-0.004003425,0.06527644,0,0,7001.8532

17,True,False,0.02,0.25,Rot6,2,0,0.01081078,-0.004003425,0.06527644,0,0,7029.8482

17,True,False,0.02,0.25,Rot6,2,0,0.01081078,-0.004003425,0.06527644,0,0,7044.6798

17,True,False,0.02,0.25,Rot6,2,0,0.01081078,-0.004003425,0.06527644,0,0,7059.1728

17,True,False,0.02,0.25,Rot6,2,0,0.01081078,-0.004003425,0.06527644,0,0,7072.6887

17,True,False,0.02,0.25,Rot6,2,0,0.01081078,-0.004003425,0.06527644,0,0,7086.7046

17,True,False,0.02,0.25,Rot6,2,0,0.01081078,-0.004003425,0.06527644,0,0,7100.1554

17,True,False,0.02,0.25,Rot6,2,0,0.01081078,-0.004003425,0.06527644,0,0,7114.1217

17,True,False,0.02,0.25,Rot6,2,0,0.01081078,-0.004003425,0.06527644,0,0,7127.731

17,True,False,0.02,0.25,Rot6,2,0,0.01081078,-0.004003425,0.06527644,0,0,7143.5828

17,True,False,0.02,0.25,Rot6,2,0,0.01081078,-0.004003425,0.06527644,0,0,7168.5466

17,True,False,0.02,0.25,Rot6,2,0,0.01081078,-0.004003425,0.06527644,0,0,7195.9296

17,True,False,0.02,0.25,Rot6,2,0,0.01081078,-0.004003425,0.06527644,0,0,7208.043

17,True,False,0.02,0.25,Rot6,2,0,0.01081078,-0.004003425,0.06527644,0,0,7221.2502

17,True,False,0.02,0.25,Rot6,2,0,0.01081078,-0.004003425,0.06527644,0,0,7233.93

17,True,False,0.02,0.25,Rot6,2,0,0.01081078,-0.004003425,0.06527644,0,0,7247.2001

17,True,False,0.02,0.25,Rot6,2,0,0.01081078,-0.004003425,0.06527644,0,0,7274.0346

17,True,False,0.02,0.25,Rot6,2,0,0.01081078,-0.004003425,0.06527644,0,0,7301.8061

17,True,False,0.02,0.25,Rot6,2,0,0.01081078,-0.004003425,0.06527644,0,0,7314.1296

17,True,False,0.02,0.25,Rot6,2,0,0.01081078,-0.004003425,0.06527644,0,0,7327.3943

17,True,False,0.02,0.25,Rot6,2,0,0.01081078,-0.004003425,0.06527644,0,0,7341.3354

17,True,False,0.02,0.25,Rot6,2,0,0.01081078,-0.004003425,0.06527644,0,0,7354.9974

17,True,False,0.02,0.25,Rot6,2,0,0.01081078,-0.004003425,0.06527644,0,0,7368.2844

17,True,False,0.02,0.25,Rot6,2,0,0.01081078,-0.004003425,0.06527644,0,0,7382.5211

17,True,False,0.02,0.25,Rot6,2,0,0.01081078,-0.004003425,0.06527644,0,0,7396.6886

17,True,False,0.02,0.25,Rot6,2,0,0.01081078,-0.004003425,0.06527644,0,0,7409.9253

17,True,False,0.02,0.25,Rot6,2,0,0.01081078,-0.004003425,0.06527644,0,0,7434.8929

17,True,False,0.02,0.25,Rot6,2,0,0.01081078,-0.004003425,0.06527644,0,0,7461.6501

17,True,False,0.02,0.25,Rot6,2,0,0.01081078,-0.004003425,0.06527644,0,0,7475.6077

17,True,False,0.02,0.25,Rot6,2,0,0.01081078,-0.004003425,0.06527644,0,0,7489.1232

17,True,False,0.02,0.25,Rot6,2,0,0.01081078,-0.004003425,0.06527644,0,0,7503.9156

17,True,False,0.02,0.25,Rot6,2,0,0.01081078,-0.004003425,0.06527644,0,0,7518.1802

17,True,False,0.02,0.25,Rot6,2,0,0.01081078,-0.004003425,0.06527644,0,0,7531.6332

17,True,False,0.02,0.25,Rot6,2,0,0.01081078,-0.004003425,0.06527644,0,0,7545.3098

17,True,False,0.02,0.25,Rot6,2,0,0.01081078,-0.004003425,0.06527644,0,0,7572.2721

17,True,False,0.02,0.25,Rot6,2,0,0.01081078,-0.004003425,0.06527644,0,0,7587.8546

17,True,False,0.02,0.25,Rot6,2,0,0.01081078,-0.004003425,0.06527644,0,0,7600.0121

17,True,False,0.02,0.25,Rot6,2,0,0.01081078,-0.004003425,0.06527644,0,0,7612.797

17,True,False,0.02,0.25,Rot6,2,0,0.01081078,-0.004003425,0.06527644,0,0,7640.6066

17,True,False,0.02,0.25,Rot6,2,0,0.01081078,-0.004003425,0.06527644,0,0,7654.9954

17,True,False,0.02,0.25,Rot6,2,0,0.01081078,-0.004003425,0.06527644,0,0,7666.9392

17,True,False,0.02,0.25,Rot6,2,0,0.01081078,-0.004003425,0.06527644,0,0,7680.5669

17,True,False,0.02,0.25,Rot6,2,0,0.01081078,-0.004003425,0.06527644,0,0,7696.4707

17,True,False,0.02,0.25,Rot6,2,0,0.01081078,-0.004003425,0.06527644,0,0,7709.2111

17,True,False,0.02,0.25,Rot6,2,0,0.01081078,-0.004003425,0.06527644,0,0,7735.0238

17,True,False,0.02,0.25,Rot6,2,0,0.01081078,-0.004003425,0.06527644,0,0,7762.5917

17,True,False,0.02,0.25,Rot6,2,0,0.01081078,-0.004003425,0.06527644,0,0,7775.4676

17,True,False,0.02,0.25,Rot6,2,0,0.01081078,-0.004003425,0.06527644,0,0,7788.157

17,True,False,0.02,0.25,Rot6,2,0,0.01081078,-0.004003425,0.06527644,0,0,7802.0051

17,True,False,0.02,0.25,Rot6,2,0,0.01081078,-0.004003425,0.06527644,0,0,7815.6627

17,True,False,0.02,0.25,Rot6,2,0,0.01081078,-0.004003425,0.06527644,0,0,7841.6746

17,True,False,0.02,0.25,Rot6,2,0,0.01081078,-0.004003425,0.06527644,0,0,7854.5853

17,True,False,0.02,0.25,Rot6,2,0,0.01081078,-0.004003425,0.06527644,0,0,7867.9056

17,True,False,0.02,0.25,Rot6,2,0,0.01081078,-0.004003425,0.06527644,0,0,7882.0554

17,True,False,0.02,0.25,Rot6,2,0,0.01081078,-0.004003425,0.06527644,0,0,7897.7922

17,True,False,0.02,0.25,Rot6,2,0,0.01081078,-0.004003425,0.06527644,0,0,7922.1908

17,True,False,0.02,0.25,Rot6,2,0,0.01081078,-0.004003425,0.06527644,0,0,7937.3732

17,True,False,0.02,0.25,Rot6,2,0,0.01081078,-0.004003425,0.06527644,0,0,7948.9785

17,True,False,0.02,0.25,Rot6,2,0,0.01081078,-0.004003425,0.06527644,0,0,7989.2206

17,True,False,0.02,0.25,Rot6,2,0,0.01081078,-0.004003425,0.06527644,0,0,8004.3819

17,True,False,0.02,0.25,Rot6,2,0,0.01081078,-0.004003425,0.06527644,0,0,8014.9335

17,True,False,0.02,0.25,Rot6,2,0,0.01081078,-0.004003425,0.06527644,0,0,8030.2707

17,True,False,0.02,0.25,Rot6,2,0,0.01081078,-0.004003425,0.06527644,0,0,8056.1753

17,True,False,0.02,0.25,Rot6,2,0,0.01081078,-0.004003425,0.06527644,0,0,8083.9177

17,True,False,0.02,0.25,Rot6,2,0,0.01081078,-0.004003425,0.06527644,0,0,8096.0602

17,True,False,0.02,0.25,Rot6,2,0,0.01081078,-0.004003425,0.06527644,0,0,8108.9745

17,True,False,0.02,0.25,Rot6,2,0,0.01081078,-0.004003425,0.06527644,0,0,8122.524

17,True,False,0.02,0.25,Rot6,2,0,0.01081078,-0.004003425,0.06527644,0,0,8135.6335

17,True,False,0.02,0.25,Rot6,2,0,0.01081078,-0.004003425,0.06527644,0,0,8161.8521

17,True,False,0.02,0.25,Rot6,2,0,0.01081078,-0.004003425,0.06527644,0,0,8176.5634

17,True,False,0.02,0.25,Rot6,2,0,0.01081078,-0.004003425,0.06527644,0,0,8187.6279

17,True,False,0.02,0.25,Rot6,2,0,0.01081078,-0.004003425,0.06527644,0,0,8201.9714

17,True,False,0.02,0.25,Rot6,2,0,0.01081078,-0.004003425,0.06527644,0,0,8228.2271

17,True,False,0.02,0.25,Rot6,2,0,0.01081078,-0.004003425,0.06527644,0,0,8241.876

17,True,False,0.02,0.25,Rot6,2,0,0.01081078,-0.004003425,0.06527644,0,0,8255.7454

17,True,False,0.02,0.25,Rot6,2,0,0.01081078,-0.004003425,0.06527644,0,0,8269.063

17,True,False,0.02,0.25,Rot6,2,0,0.01081078,-0.004003425,0.06527644,0,0,8283.3021

17,True,False,0.02,0.25,Rot6,2,0,0.01081078,-0.004003425,0.06527644,0,0,8309.0466

17,True,False,0.02,0.25,Rot6,2,0,0.01081078,-0.004003425,0.06527644,0,0,8323.0872

17,True,False,0.02,0.25,Rot6,2,0,0.01081078,-0.004003425,0.06527644,0,0,8336.887

17,True,False,0.02,0.25,Rot6,2,0,0.01081078,-0.004003425,0.06527644,0,0,8350.7244

17,True,False,0.02,0.25,Rot6,2,0,0.01081078,-0.004003425,0.06527644,0,0,8364.4986

17,True,False,0.02,0.25,Rot6,2,0,0.01081078,-0.004003425,0.06527644,0,0,8391.5628

17,True,False,0.02,0.25,Rot6,2,0,0.01081078,-0.004003425,0.06527644,0,0,8418.1436

17,True,False,0.02,0.25,Rot6,2,0,0.01081078,-0.004003425,0.06527644,0,0,8444.8293

17,True,False,0.02,0.25,Rot6,2,0,0.01081078,-0.004003425,0.06527644,0,0,8456.4463

17,True,False,0.02,0.25,Rot6,2,0,0.01081078,-0.004003425,0.06527644,0,0,8468.8112

17,True,False,0.02,0.25,Rot6,2,0,0.01081078,-0.004003425,0.06527644,0,0,8483.0991

17,True,False,0.02,0.25,Rot6,2,0,0.01081078,-0.004003425,0.06527644,0,0,8508.455

17,True,False,0.02,0.25,Rot6,2,0,0.01081078,-0.004003425,0.06527644,0,0,8534.2319

17,True,False,0.02,0.25,Rot6,2,0,0.01081078,-0.004003425,0.06527644,0,0,8548.0621

17,True,False,0.02,0.25,Rot6,2,0,0.01081078,-0.004003425,0.06527644,0,0,8561.0959

17,True,False,0.02,0.25,Rot6,2,0,0.01081078,-0.004003425,0.06527644,0,0,8574.5425

17,True,False,0.02,0.25,Rot6,2,0,0.01081078,-0.004003425,0.06527644,0,0,8588.6576

17,True,False,0.02,0.25,Rot6,2,0,0.01081078,-0.004003425,0.06527644,0,0,8602.0788

17,True,False,0.02,0.25,Rot6,2,0,0.01081078,-0.004003425,0.06527644,0,0,8616.0681

17,True,False,0.02,0.25,Rot6,2,0,0.01081078,-0.004003425,0.06527644,0,0,8642.6276

17,True,False,0.02,0.25,Rot6,2,0,0.01081078,-0.004003425,0.06527644,0,0,8657.1268

17,True,False,0.02,0.25,Rot6,2,0,0.01081078,-0.004003425,0.06527644,0,0,8670.0617

17,True,False,0.02,0.25,Rot6,2,0,0.01081078,-0.004003425,0.06527644,0,0,8684.5188

17,True,False,0.02,0.25,Rot6,2,0,0.01081078,-0.004003425,0.06527644,0,0,8711.4859

17,True,False,0.02,0.25,Rot6,2,0,0.01081078,-0.004003425,0.06527644,0,0,8726.0347

17,True,False,0.02,0.25,Rot6,2,0,0.01081078,-0.004003425,0.06527644,0,0,8739.2376

17,True,False,0.02,0.25,Rot6,2,0,0.01081078,-0.004003425,0.06527644,0,0,8753.2611

17,True,False,0.02,0.25,Rot6,2,0,0.01081078,-0.004003425,0.06527644,0,0,8769.893

17,True,False,0.02,0.25,Rot6,2,0,0.01081078,-0.004003425,0.06527644,0,0,8780.0148

17,True,False,0.02,0.25,Rot6,2,0,0.01081078,-0.004003425,0.06527644,0,0,8807.5083

17,True,False,0.02,0.25,Rot6,2,0,0.01081078,-0.004003425,0.06527644,0,0,8834.8187

17,True,False,0.02,0.25,Rot6,2,0,0.01081078,-0.004003425,0.06527644,0,0,8846.9778

17,True,False,0.02,0.25,Rot6,2,0,0.01081078,-0.004003425,0.06527644,0,0,8859.6522

17,True,False,0.02,0.25,Rot6,2,0,0.01081078,-0.004003425,0.06527644,0,0,8872.4896

17,True,False,0.02,0.25,Rot6,2,0,0.01081078,-0.004003425,0.06527644,0,0,8886.0634

17,True,False,0.02,0.25,Rot6,2,0,0.01081078,-0.004003425,0.06527644,0,0,8901.0834

17,True,False,0.02,0.25,Rot6,2,0,0.01081078,-0.004003425,0.06527644,0,0,8925.1394

17,True,False,0.02,0.25,Rot6,2,0,0.01081078,-0.004003425,0.06527644,0,0,8951.1532

17,True,False,0.02,0.25,Rot6,2,0,0.01081078,-0.004003425,0.06527644,0,0,8964.5751

17,True,False,0.02,0.25,Rot6,2,0,0.01081078,-0.004003425,0.06527644,0,0,8978.6998

17,True,False,0.02,0.25,Rot6,2,0,0.01081078,-0.004003425,0.06527644,0,0,8990.8303

17,True,False,0.02,0.25,Rot6,2,0,0.01081078,-0.004003425,0.06527644,0,0,9005.0625

17,True,False,0.02,0.25,Rot6,2,0,0.01081078,-0.004003425,0.06527644,0,0,9018.3076

17,True,False,0.02,0.25,Rot6,2,0,0.01081078,-0.004003425,0.06527644,0,0,9031.5561

17,True,False,0.02,0.25,Rot6,2,0,0.01081078,-0.004003425,0.06527644,0,0,9058.5858

17,True,False,0.02,0.25,Rot6,2,0,0.01081078,-0.004003425,0.06527644,0,0,9086.3762

17,True,False,0.02,0.25,Rot6,2,0,0.01081078,-0.004003425,0.06527644,0,0,9100.6476

17,True,False,0.02,0.25,Rot6,2,0,0.01081078,-0.004003425,0.06527644,0,0,9114.7644

17,True,False,0.02,0.25,Rot6,2,0,0.01081078,-0.004003425,0.06527644,0,0,9128.9251

17,True,False,0.02,0.25,Rot6,2,0,0.01081078,-0.004003425,0.06527644,0,0,9143.2609

17,True,False,0.02,0.25,Rot6,2,0,0.01081078,-0.004003425,0.06527644,0,0,9157.1043

17,True,False,0.02,0.25,Rot6,2,0,0.01081078,-0.004003425,0.06527644,0,0,9170.6383

17,True,False,0.02,0.25,Rot6,2,0,0.01081078,-0.004003425,0.06527644,0,0,9185.3674

17,True,False,0.02,0.25,Rot6,2,0,0.01081078,-0.004003425,0.06527644,0,0,9197.8806

17,True,False,0.02,0.25,Rot6,2,0,0.01081078,-0.004003425,0.06527644,0,0,9224.3212

17,True,False,0.02,0.25,Rot6,2,0,0.01081078,-0.004003425,0.06527644,0,0,9240.7509

17,True,False,0.02,0.25,Rot6,2,0,0.01081078,-0.004003425,0.06527644,0,0,9252.5047

17,True,False,0.02,0.25,Rot6,2,0,0.01081078,-0.004003425,0.06527644,0,0,9264.2731

17,True,False,0.02,0.25,Rot6,2,0,0.01081078,-0.004003425,0.06527644,0,0,9291.9168

17,True,False,0.02,0.25,Rot6,2,0,0.01081078,-0.004003425,0.06527644,0,0,9305.9893

17,True,False,0.02,0.25,Rot6,2,0,0.01081078,-0.004003425,0.06527644,0,0,9318.184

17,True,False,0.02,0.25,Rot6,2,0,0.01081078,-0.004003425,0.06527644,0,0,9333.0151

17,True,False,0.02,0.25,Rot6,2,0,0.01081078,-0.004003425,0.06527644,0,0,9358.1713

17,True,False,0.02,0.25,Rot6,2,0,0.01081078,-0.004003425,0.06527644,0,0,9383.7966

17,True,False,0.02,0.25,Rot6,2,0,0.01081078,-0.004003425,0.06527644,0,0,9397.0643

17,True,False,0.02,0.25,Rot6,2,0,0.01081078,-0.004003425,0.06527644,0,0,9410.358

17,True,False,0.02,0.25,Rot6,2,0,0.01081078,-0.004003425,0.06527644,0,0,9424.2743

17,True,False,0.02,0.25,Rot6,2,0,0.01081078,-0.004003425,0.06527644,0,0,9437.8788

17,True,False,0.02,0.25,Rot6,2,0,0.01081078,-0.004003425,0.06527644,0,0,9451.6974

17,True,False,0.02,0.25,Rot6,2,0,0.01081078,-0.004003425,0.06527644,0,0,9465.508

17,True,False,0.02,0.25,Rot6,2,0,0.01081078,-0.004003425,0.06527644,0,0,9491.339

17,True,False,0.02,0.25,Rot6,2,0,0.01081078,-0.004003425,0.06527644,0,0,9517.479

17,True,False,0.02,0.25,Rot6,2,0,0.01081078,-0.004003425,0.06527644,0,0,9531.5804

17,True,False,0.02,0.25,Rot6,2,0,0.01081078,-0.004003425,0.06527644,0,0,9546.9405

17,True,False,0.02,0.25,Rot6,2,0,0.01081078,-0.004003425,0.06527644,0,0,9572.9798

17,True,False,0.02,0.25,Rot6,2,0,0.01081078,-0.004003425,0.06527644,0,0,9586.4988

17,True,False,0.02,0.25,Rot6,2,0,0.01081078,-0.004003425,0.06527644,0,0,9599.3718

17,True,False,0.02,0.25,Rot6,2,0,0.01081078,-0.004003425,0.06527644,0,0,9611.5414

17,True,False,0.02,0.25,Rot6,2,0,0.01081078,-0.004003425,0.06527644,0,0,9624.7638

17,True,False,0.02,0.25,Rot6,2,0,0.01081078,-0.004003425,0.06527644,0,0,9666.2422

17,True,False,0.02,0.25,Rot6,2,0,0.01081078,-0.004003425,0.06527644,0,0,9679.3791

17,True,False,0.02,0.25,Rot6,2,0,0.01081078,-0.004003425,0.06527644,0,0,9690.6404

17,True,False,0.02,0.25,Rot6,2,0,0.01081078,-0.004003425,0.06527644,0,0,9704.1641

17,True,False,0.02,0.25,Rot6,2,0,0.01081078,-0.004003425,0.06527644,0,0,9730.2115

17,True,False,0.02,0.25,Rot6,2,0,0.01081078,-0.004003425,0.06527644,0,0,9756.3287

17,True,False,0.02,0.25,Rot6,2,0,0.01081078,-0.004003425,0.06527644,0,0,9770.3838

17,True,False,0.02,0.25,Rot6,2,0,0.01081078,-0.004003425,0.06527644,0,0,9782.4861

17,True,False,0.02,0.25,Rot6,2,0,0.01081078,-0.004003425,0.06527644,0,0,9796.5285

17,True,False,0.02,0.25,Rot6,2,0,0.01081078,-0.004003425,0.06527644,0,0,9809.9871

17,True,False,0.02,0.25,Rot6,2,0,0.01081078,-0.004003425,0.06527644,0,0,9823.7153

17,True,False,0.02,0.25,Rot6,2,0,0.01081078,-0.004003425,0.06527644,0,0,9850.6366

17,True,False,0.02,0.25,Rot6,2,0,0.01081078,-0.004003425,0.06527644,0,0,9864.5333

17,True,False,0.02,0.25,Rot6,2,0,0.01081078,-0.004003425,0.06527644,0,0,9878.949

17,True,False,0.02,0.25,Rot6,2,0,0.01081078,-0.004003425,0.06527644,0,0,9892.7868

17,True,False,0.02,0.25,Rot6,2,0,0.01081078,-0.004003425,0.06527644,0,0,9905.7462

17,True,False,0.02,0.25,Rot6,2,0,0.01081078,-0.004003425,0.06527644,0,0,9920.6937

17,True,False,0.02,0.25,Rot6,2,0,0.01081078,-0.004003425,0.06527644,0,0,9945.8656

17,True,False,0.02,0.25,Rot6,2,0,0.01081078,-0.004003425,0.06527644,0,0,9960.8994

17,True,False,0.02,0.25,Rot6,2,0,0.01081078,-0.004003425,0.06527644,0,0,9973.802

17,True,False,0.02,0.25,Rot6,2,0,0.01081078,-0.004003425,0.06527644,0,0,9987.3688

17,True,False,0.02,0.25,Rot6,2,0,0.01081078,-0.004003425,0.06527644,0,0,10001.3067

17,True,False,0.02,0.25,Rot6,2,0,0.01081078,-0.004003425,0.06527644,0,0,10028.5873

17,True,False,0.02,0.25,Rot6,2,0,0.01081078,-0.004003425,0.06527644,0,0,10056.0807

17,True,False,0.02,0.25,Rot6,2,0,0.01081078,-0.004003425,0.06527644,0,0,10068.2709

17,True,False,0.02,0.25,Rot6,2,0,0.01081078,-0.004003425,0.06527644,0,0,10081.1238

17,True,False,0.02,0.25,Rot6,2,0,0.01081078,-0.004003425,0.06527644,0,0,10094.715

17,True,False,0.02,0.25,Rot6,2,0,0.01081078,-0.004003425,0.06527644,0,0,10107.0492

17,True,False,0.02,0.25,Rot6,2,0,0.01081078,-0.004003425,0.06527644,0,0,10121.5631

17,True,False,0.02,0.25,Rot6,2,0,0.01081078,-0.004003425,0.06527644,0,0,10135.4695

17,True,False,0.02,0.25,Rot6,2,0,0.01081078,-0.004003425,0.06527644,0,0,10158.854

17,True,False,0.02,0.25,Rot6,2,0,0.01081078,-0.004003425,0.06527644,0,0,10185.2009

17,True,False,0.02,0.25,Rot6,2,0,0.01081078,-0.004003425,0.06527644,0,0,10199.0497

17,True,False,0.02,0.25,Rot6,2,0,0.01081078,-0.004003425,0.06527644,0,0,10212.4993

17,True,False,0.02,0.25,Rot6,2,0,0.01081078,-0.004003425,0.06527644,0,0,10226.6711

17,True,False,0.02,0.25,Rot6,2,0,0.01081078,-0.004003425,0.06527644,0,0,10240.3951

17,True,False,0.02,0.25,Rot6,2,0,0.01081078,-0.004003425,0.06527644,0,0,10254.313

17,True,False,0.02,0.25,Rot6,2,0,0.01081078,-0.004003425,0.06527644,0,0,10268.848

17,True,False,0.02,0.25,Rot6,2,0,0.01081078,-0.004003425,0.06527644,0,0,10294.6725

17,True,False,0.02,0.25,Rot6,2,0,0.01081078,-0.004003425,0.06527644,0,0,10321.4165

17,True,False,0.02,0.25,Rot6,2,0,0.01081078,-0.004003425,0.06527644,0,0,10333.4685

17,True,False,0.02,0.25,Rot6,2,0,0.01081078,-0.004003425,0.06527644,0,0,10345.9352

17,True,False,0.02,0.25,Rot6,2,0,0.01081078,-0.004003425,0.06527644,0,0,10359.4279

17,True,False,0.02,0.25,Rot6,2,0,0.01081078,-0.004003425,0.06527644,0,0,10372.7682

17,True,False,0.02,0.25,Rot6,2,0,0.01081078,-0.004003425,0.06527644,0,0,10385.9044

17,True,False,0.02,0.25,Rot6,2,0,0.01081078,-0.004003425,0.06527644,0,0,10412.8977

17,True,False,0.02,0.25,Rot6,2,0,0.01081078,-0.004003425,0.06527644,0,0,10438.3454

17,True,False,0.02,0.25,Rot6,2,0,0.01081078,-0.004003425,0.06527644,0,0,10451.9535

17,True,False,0.02,0.25,Rot6,2,0,0.01081078,-0.004003425,0.06527644,0,0,10465.4614

17,True,False,0.02,0.25,Rot6,2,0,0.01081078,-0.004003425,0.06527644,0,0,10479.2084

17,True,False,0.02,0.25,Rot6,2,0,0.01081078,-0.004003425,0.06527644,0,0,10492.6557

17,True,False,0.02,0.25,Rot6,2,0,0.01081078,-0.004003425,0.06527644,0,0,10506.2383

17,True,False,0.02,0.25,Rot6,2,0,0.01081078,-0.004003425,0.06527644,0,0,10520.1134

17,True,False,0.02,0.25,Rot6,2,0,0.01081078,-0.004003425,0.06527644,0,0,10546.4955

17,True,False,0.02,0.25,Rot6,2,0,0.01081078,-0.004003425,0.06527644,0,0,10573.2965

17,True,False,0.02,0.25,Rot6,2,0,0.01081078,-0.004003425,0.06527644,0,0,10587.1551

17,True,False,0.02,0.25,Rot6,2,0,0.01081078,-0.004003425,0.06527644,0,0,10600.1312

17,True,False,0.02,0.25,Rot6,2,0,0.01081078,-0.004003425,0.06527644,0,0,10612.5557

17,True,False,0.02,0.25,Rot6,2,0,0.01081078,-0.004003425,0.06527644,0,0,10625.526

17,True,False,0.02,0.25,Rot6,2,0,0.01081078,-0.004003425,0.06527644,0,0,10639.7872

17,True,False,0.02,0.25,Rot6,2,0,0.01081078,-0.004003425,0.06527644,0,0,10653.9475

17,True,False,0.02,0.25,Rot6,2,0,0.01081078,-0.004003425,0.06527644,0,0,10668.4455

17,True,False,0.02,0.25,Rot6,2,0,0.01081078,-0.004003425,0.06527644,0,0,10694.1821

17,True,False,0.02,0.25,Rot6,2,0,0.01081078,-0.004003425,0.06527644,0,0,10721.5549

17,True,False,0.02,0.25,Rot6,2,0,0.01081078,-0.004003425,0.06527644,0,0,10748.3018

17,True,False,0.02,0.25,Rot6,2,0,0.01081078,-0.004003425,0.06527644,0,0,10760.3256

17,True,False,0.02,0.25,Rot6,2,0,0.01081078,-0.004003425,0.06527644,0,0,10773.3339

17,True,False,0.02,0.25,Rot6,2,0,0.01081078,-0.004003425,0.06527644,0,0,10786.6533

17,True,False,0.02,0.25,Rot6,2,0,0.01081078,-0.004003425,0.06527644,0,0,10799.9936

17,True,False,0.02,0.25,Rot6,2,0,0.01081078,-0.004003425,0.06527644,0,0,10813.2858

17,True,False,0.02,0.25,Rot6,2,0,0.01081078,-0.004003425,0.06527644,0,0,10826.866

17,True,False,0.02,0.25,Rot6,2,0,0.01081078,-0.004003425,0.06527644,0,0,10841.2837

17,True,False,0.02,0.25,Rot6,2,0,0.01081078,-0.004003425,0.06527644,0,0,10854.3602

17,True,False,0.02,0.25,Rot6,2,0,0.01081078,-0.004003425,0.06527644,0,0,10880.4769

17,True,False,0.02,0.25,Rot6,2,0,0.01081078,-0.004003425,0.06527644,0,0,10907.8661

17,True,False,0.02,0.25,Rot6,2,0,0.01081078,-0.004003425,0.06527644,0,0,10921.2625

17,True,False,0.02,0.25,Rot6,2,0,0.01081078,-0.004003425,0.06527644,0,0,10933.6286

17,True,False,0.02,0.25,Rot6,2,0,0.01081078,-0.004003425,0.06527644,0,0,10948.1433

17,True,False,0.02,0.25,Rot6,2,0,0.01081078,-0.004003425,0.06527644,0,0,10962.3825

17,True,False,0.02,0.25,Rot6,2,0,0.01081078,-0.004003425,0.06527644,0,0,10976.1928

17,True,False,0.02,0.25,Rot6,2,0,0.01081078,-0.004003425,0.06527644,0,0,10989.4633

17,True,False,0.02,0.25,Rot6,2,0,0.01081078,-0.004003425,0.06527644,0,0,11017.3411

17,True,False,0.02,0.25,Rot6,2,0,0.01081078,-0.004003425,0.06527644,0,0,11033.0299

17,True,False,0.02,0.25,Rot6,2,0,0.01081078,-0.004003425,0.06527644,0,0,11044.6429

17,True,False,0.02,0.25,Rot6,2,0,0.01081078,-0.004003425,0.06527644,0,0,11058.49

17,True,False,0.02,0.25,Rot6,2,0,0.01081078,-0.004003425,0.06527644,0,0,11071.544

17,True,False,0.02,0.25,Rot6,2,0,0.01081078,-0.004003425,0.06527644,0,0,11087.0136

17,True,False,0.02,0.25,Rot6,2,0,0.01081078,-0.004003425,0.06527644,0,0,11112.8528

17,True,False,0.02,0.25,Rot6,2,0,0.01081078,-0.004003425,0.06527644,0,0,11128.0149

17,True,False,0.02,0.25,Rot6,2,0,0.01081078,-0.004003425,0.06527644,0,0,11139.1152

17,True,False,0.02,0.25,Rot6,2,0,0.01081078,-0.004003425,0.06527644,0,0,11154.6255

17,True,False,0.02,0.25,Rot6,2,0,0.01081078,-0.004003425,0.06527644,0,0,11180.4558

17,True,False,0.02,0.25,Rot6,2,0,0.01081078,-0.004003425,0.06527644,0,0,11196.0412

17,True,False,0.02,0.25,Rot6,2,0,0.01081078,-0.004003425,0.06527644,0,0,11207.6079

17,True,False,0.02,0.25,Rot6,2,0,0.01081078,-0.004003425,0.06527644,0,0,11221.6936

17,True,False,0.02,0.25,Rot6,2,0,0.01081078,-0.004003425,0.06527644,0,0,11236.6134

17,True,False,0.02,0.25,Rot6,2,0,0.01081078,-0.004003425,0.06527644,0,0,11262.2873

17,True,False,0.02,0.25,Rot6,2,0,0.01081078,-0.004003425,0.06527644,0,0,11276.9904

17,True,False,0.02,0.25,Rot6,2,0,0.01081078,-0.004003425,0.06527644,0,0,11288.6837

17,True,False,0.02,0.25,Rot6,2,0,0.01081078,-0.004003425,0.06527644,0,0,11330.6444

17,True,False,0.02,0.25,Rot6,2,0,0.01081078,-0.004003425,0.06527644,0,0,11356.2525

17,True,False,0.02,0.25,Rot6,2,0,0.01081078,-0.004003425,0.06527644,0,0,11369.5727

17,True,False,0.02,0.25,Rot6,2,0,0.01081078,-0.004003425,0.06527644,0,0,11383.1442

17,True,False,0.02,0.25,Rot6,2,0,0.01081078,-0.004003425,0.06527644,0,0,11396.4444

17,True,False,0.02,0.25,Rot6,2,0,0.01081078,-0.004003425,0.06527644,0,0,11409.8815

17,True,False,0.02,0.25,Rot6,2,0,0.01081078,-0.004003425,0.06527644,0,0,11426.0549

17,True,False,0.02,0.25,Rot6,2,0,0.01081078,-0.004003425,0.06527644,0,0,11438.9003

17,True,False,0.02,0.25,Rot6,2,0,0.01081078,-0.004003425,0.06527644,0,0,11463.0192

17,True,False,0.02,0.25,Rot6,2,0,0.01081078,-0.004003425,0.06527644,0,0,11489.8807

17,True,False,0.02,0.25,Rot6,2,0,0.01081078,-0.004003425,0.06527644,0,0,11503.8379

17,True,False,0.02,0.25,Rot6,2,0,0.01081078,-0.004003425,0.06527644,0,0,11516.8176

17,True,False,0.02,0.25,Rot6,2,0,0.01081078,-0.004003425,0.06527644,0,0,11529.0879

17,True,False,0.02,0.25,Rot6,2,0,0.01081078,-0.004003425,0.06527644,0,0,11542.22

17,True,False,0.02,0.25,Rot6,2,0,0.01081078,-0.004003425,0.06527644,0,0,11569.8241

17,True,False,0.02,0.25,Rot6,2,0,0.01081078,-0.004003425,0.06527644,0,0,11582.2864

17,True,False,0.02,0.25,Rot6,2,0,0.01081078,-0.004003425,0.06527644,0,0,11594.7212

17,True,False,0.02,0.25,Rot6,2,0,0.01081078,-0.004003425,0.06527644,0,0,11607.3952

17,True,False,0.02,0.25,Rot6,2,0,0.01081078,-0.004003425,0.06527644,0,0,11621.4655

17,True,False,0.02,0.25,Rot6,2,0,0.01081078,-0.004003425,0.06527644,0,0,11646.6514

17,True,False,0.02,0.25,Rot6,2,0,0.01081078,-0.004003425,0.06527644,0,0,11672.6474

17,True,False,0.02,0.25,Rot6,2,0,0.01081078,-0.004003425,0.06527644,0,0,11686.5243

17,True,False,0.02,0.25,Rot6,2,0,0.01081078,-0.004003425,0.06527644,0,0,11700.1426

17,True,False,0.02,0.25,Rot6,2,0,0.01081078,-0.004003425,0.06527644,0,0,11713.4183

17,True,False,0.02,0.25,Rot6,2,0,0.01081078,-0.004003425,0.06527644,0,0,11727.4155

17,True,False,0.02,0.25,Rot6,2,0,0.01081078,-0.004003425,0.06527644,0,0,11741.5443

17,True,False,0.02,0.25,Rot6,2,0,0.01081078,-0.004003425,0.06527644,0,0,11757.0216

17,True,False,0.02,0.25,Rot6,2,0,0.01081078,-0.004003425,0.06527644,0,0,11780.2215

17,True,False,0.02,0.25,Rot6,2,0,0.01081078,-0.004003425,0.06527644,0,0,11807.5723

17,True,False,0.02,0.25,Rot6,2,0,0.01081078,-0.004003425,0.06527644,0,0,11822.5694

17,True,False,0.02,0.25,Rot6,2,0,0.01081078,-0.004003425,0.06527644,0,0,11836.4822

17,True,False,0.02,0.25,Rot6,2,0,0.01081078,-0.004003425,0.06527644,0,0,11850.1941

17,True,False,0.02,0.25,Rot6,2,0,0.01081078,-0.004003425,0.06527644,0,0,11864.98

17,True,False,0.02,0.25,Rot6,2,0,0.01081078,-0.004003425,0.06527644,0,0,11878.8085

17,True,False,0.02,0.25,Rot6,2,0,0.01081078,-0.004003425,0.06527644,0,0,11892.5637

17,True,False,0.02,0.25,Rot6,2,0,0.01081078,-0.004003425,0.06527644,0,0,11920.5871

17,True,False,0.02,0.25,Rot6,2,0,0.01081078,-0.004003425,0.06527644,0,0,11949.0609

17,True,False,0.02,0.25,Rot6,2,0,0.01081078,-0.004003425,0.06527644,0,0,11962.6077

17,True,False,0.02,0.25,Rot6,2,0,0.01081078,-0.004003425,0.06527644,0,0,11976.5658

17,True,False,0.02,0.25,Rot6,2,0,0.01081078,-0.004003425,0.06527644,0,0,11990.0245

17,True,False,0.02,0.25,Rot6,2,0,0.01081078,-0.004003425,0.06527644,0,0,12004.3619

17,True,False,0.02,0.25,Rot6,2,0,0.01081078,-0.004003425,0.06527644,0,0,12017.6659

17,True,False,0.02,0.25,Rot6,2,0,0.01081078,-0.004003425,0.06527644,0,0,12030.8882

17,True,False,0.02,0.25,Rot6,2,0,0.01081078,-0.004003425,0.06527644,0,0,12044.7293

17,True,False,0.02,0.25,Rot6,2,0,0.01081078,-0.004003425,0.06527644,0,0,12058.438

17,True,False,0.02,0.25,Rot6,2,0,0.01081078,-0.004003425,0.06527644,0,0,12072.5181

17,True,False,0.02,0.25,Rot6,2,0,0.01081078,-0.004003425,0.06527644,0,0,12098.5551

17,True,False,0.02,0.25,Rot6,2,0,0.01081078,-0.004003425,0.06527644,0,0,12126.5225

17,True,False,0.02,0.25,Rot6,2,0,0.01081078,-0.004003425,0.06527644,0,0,12138.7784

17,True,False,0.02,0.25,Rot6,2,0,0.01081078,-0.004003425,0.06527644,0,0,12151.2977

17,True,False,0.02,0.25,Rot6,2,0,0.01081078,-0.004003425,0.06527644,0,0,12164.868

17,True,False,0.02,0.25,Rot6,2,0,0.01081078,-0.004003425,0.06527644,0,0,12177.7286

17,True,False,0.02,0.25,Rot6,2,0,0.01081078,-0.004003425,0.06527644,0,0,12190.4911

17,True,False,0.02,0.25,Rot6,2,0,0.01081078,-0.004003425,0.06527644,0,0,12219.0622

17,True,False,0.02,0.25,Rot6,2,0,0.01081078,-0.004003425,0.06527644,0,0,12233.4832

17,True,False,0.02,0.25,Rot6,2,0,0.01081078,-0.004003425,0.06527644,0,0,12244.6615

17,True,False,0.02,0.25,Rot6,2,0,0.01081078,-0.004003425,0.06527644,0,0,12258.705

17,True,False,0.02,0.25,Rot6,2,0,0.01081078,-0.004003425,0.06527644,0,0,12285.0368

17,True,False,0.02,0.25,Rot6,2,0,0.01081078,-0.004003425,0.06527644,0,0,12298.9492

17,True,False,0.02,0.25,Rot6,2,0,0.01081078,-0.004003425,0.06527644,0,0,12311.8329

17,True,False,0.02,0.25,Rot6,2,0,0.01081078,-0.004003425,0.06527644,0,0,12325.9

17,True,False,0.02,0.25,Rot6,2,0,0.01081078,-0.004003425,0.06527644,0,0,12341.4452

17,True,False,0.02,0.25,Rot6,2,0,0.01081078,-0.004003425,0.06527644,0,0,12366.1022

17,True,False,0.02,0.25,Rot6,2,0,0.01081078,-0.004003425,0.06527644,0,0,12392.8669

17,True,False,0.02,0.25,Rot6,2,0,0.01081078,-0.004003425,0.06527644,0,0,12407.3374

17,True,False,0.02,0.25,Rot6,2,0,0.01081078,-0.004003425,0.06527644,0,0,12421.224

17,True,False,0.02,0.25,Rot6,2,0,0.01081078,-0.004003425,0.06527644,0,0,12434.4225

17,True,False,0.02,0.25,Rot6,2,0,0.01081078,-0.004003425,0.06527644,0,0,12447.5015

17,True,False,0.02,0.25,Rot6,2,0,0.01081078,-0.004003425,0.06527644,0,0,12461.7733

17,True,False,0.02,0.25,Rot6,2,0,0.01081078,-0.004003425,0.06527644,0,0,12476.6435

17,True,False,0.02,0.25,Rot6,2,0,0.01081078,-0.004003425,0.06527644,0,0,12488.2498

17,True,False,0.02,0.25,Rot6,2,0,0.01081078,-0.004003425,0.06527644,0,0,12515.9033

17,True,False,0.02,0.25,Rot6,2,0,0.01081078,-0.004003425,0.06527644,0,0,12530.4612

17,True,False,0.02,0.25,Rot6,2,0,0.01081078,-0.004003425,0.06527644,0,0,12541.3994

17,True,False,0.02,0.25,Rot6,2,0,0.01081078,-0.004003425,0.06527644,0,0,12555.9881

17,True,False,0.02,0.25,Rot6,2,0,0.01081078,-0.004003425,0.06527644,0,0,12570.609

17,True,False,0.02,0.25,Rot6,2,0,0.01081078,-0.004003425,0.06527644,0,0,12597.1542

17,True,False,0.02,0.25,Rot6,2,0,0.01081078,-0.004003425,0.06527644,0,0,12624.866

17,True,False,0.02,0.25,Rot6,2,0,0.01081078,-0.004003425,0.06527644,0,0,12637.3198

17,True,False,0.02,0.25,Rot6,2,0,0.01081078,-0.004003425,0.06527644,0,0,12650.2677

17,True,False,0.02,0.25,Rot6,2,0,0.01081078,-0.004003425,0.06527644,0,0,12663.9629

17,True,False,0.02,0.25,Rot6,2,0,0.01081078,-0.004003425,0.06527644,0,0,12678.0169

17,True,False,0.02,0.25,Rot6,2,0,0.01081078,-0.004003425,0.06527644,0,0,12703.5589

17,True,False,0.02,0.25,Rot6,2,0,0.01081078,-0.004003425,0.06527644,0,0,12716.576

17,True,False,0.02,0.25,Rot6,2,0,0.01081078,-0.004003425,0.06527644,0,0,12729.8824

17,True,False,0.02,0.25,Rot6,2,0,0.01081078,-0.004003425,0.06527644,0,0,12743.9332

17,True,False,0.02,0.25,Rot6,2,0,0.01081078,-0.004003425,0.06527644,0,0,12757.7053

17,True,False,0.02,0.25,Rot6,2,0,0.01081078,-0.004003425,0.06527644,0,0,12771.7166

17,True,False,0.02,0.25,Rot6,2,0,0.01081078,-0.004003425,0.06527644,0,0,12796.7398

17,True,False,0.02,0.25,Rot6,2,0,0.01081078,-0.004003425,0.06527644,0,0,12824.3504

17,True,False,0.02,0.25,Rot6,2,0,0.01081078,-0.004003425,0.06527644,0,0,12837.8149

17,True,False,0.02,0.25,Rot6,2,0,0.01081078,-0.004003425,0.06527644,0,0,12851.3542

17,True,False,0.02,0.25,Rot6,2,0,0.01081078,-0.004003425,0.06527644,0,0,12865.2921

17,True,False,0.02,0.25,Rot6,2,0,0.01081078,-0.004003425,0.06527644,0,0,12878.9083

17,True,False,0.02,0.25,Rot6,2,0,0.01081078,-0.004003425,0.06527644,0,0,12891.9654

17,True,False,0.02,0.25,Rot6,2,0,0.01081078,-0.004003425,0.06527644,0,0,12905.6542

17,True,False,0.02,0.25,Rot6,2,0,0.01081078,-0.004003425,0.06527644,0,0,12922.1

17,True,False,0.02,0.25,Rot6,2,0,0.01081078,-0.004003425,0.06527644,0,0,12946.2686

17,True,False,0.02,0.25,Rot6,2,0,0.01081078,-0.004003425,0.06527644,0,0,12973.97

17,True,False,0.02,0.25,Rot6,2,0,0.01081078,-0.004003425,0.06527644,0,0,12999.945

17,True,False,0.02,0.25,Rot6,2,0,0.01081078,-0.004003425,0.06527644,0,0,13012.5693

17,True,False,0.02,0.25,Rot6,2,0,0.01081078,-0.004003425,0.06527644,0,0,13025.522

17,True,False,0.02,0.25,Rot6,2,0,0.01081078,-0.004003425,0.06527644,0,0,13038.8361

17,True,False,0.02,0.25,Rot6,2,0,0.01081078,-0.004003425,0.06527644,0,0,13051.8053

17,True,False,0.02,0.25,Rot6,2,0,0.01081078,-0.004003425,0.06527644,0,0,13066.8811

17,True,False,0.02,0.25,Rot6,2,0,0.01081078,-0.004003425,0.06527644,0,0,13091.7196

17,True,False,0.02,0.25,Rot6,2,0,0.01081078,-0.004003425,0.06527644,0,0,13117.6658

17,True,False,0.02,0.25,Rot6,2,0,0.01081078,-0.004003425,0.06527644,0,0,13145.7276

17,True,False,0.02,0.25,Rot6,2,0,0.01081078,-0.004003425,0.06527644,0,0,13173.6953

17,True,False,0.02,0.25,Rot6,2,0,0.01081078,-0.004003425,0.06527644,0,0,13186.9006

17,True,False,0.02,0.25,Rot6,2,0,0.01081078,-0.004003425,0.06527644,0,0,13200.5745

17,True,False,0.02,0.25,Rot6,2,0,0.01081078,-0.004003425,0.06527644,0,0,13214.0123

17,True,False,0.02,0.25,Rot6,2,0,0.01081078,-0.004003425,0.06527644,0,0,13228.2025

17,True,False,0.02,0.25,Rot6,2,0,0.01081078,-0.004003425,0.06527644,0,0,13241.9226

17,True,False,0.02,0.25,Rot6,2,0,0.01081078,-0.004003425,0.06527644,0,0,13255.8416

17,True,False,0.02,0.25,Rot6,2,0,0.01081078,-0.004003425,0.06527644,0,0,13269.3981

17,True,False,0.02,0.25,Rot6,2,0,0.01081078,-0.004003425,0.06527644,0,0,13284.2494

17,True,False,0.02,0.25,Rot6,2,0,0.01081078,-0.004003425,0.06527644,0,0,13298.36

17,True,False,0.02,0.25,Rot6,2,0,0.01081078,-0.004003425,0.06527644,0,0,13323.4667

17,True,False,0.02,0.25,Rot6,2,0,0.01081078,-0.004003425,0.06527644,0,0,13338.347

17,True,False,0.02,0.25,Rot6,2,0,0.01081078,-0.004003425,0.06527644,0,0,13349.5945

17,True,False,0.02,0.25,Rot6,2,0,0.01081078,-0.004003425,0.06527644,0,0,13364.7977

17,True,False,0.02,0.25,Rot6,2,0,0.01081078,-0.004003425,0.06527644,0,0,13391.1987

17,True,False,0.02,0.25,Rot6,2,0,0.01081078,-0.004003425,0.06527644,0,0,13417.8508

17,True,False,0.02,0.25,Rot6,2,0,0.01081078,-0.004003425,0.06527644,0,0,13429.989

17,True,False,0.02,0.25,Rot6,2,0,0.01081078,-0.004003425,0.06527644,0,0,13443.0333

17,True,False,0.02,0.25,Rot6,2,0,0.01081078,-0.004003425,0.06527644,0,0,13456.6369

17,True,False,0.02,0.25,Rot6,2,0,0.01081078,-0.004003425,0.06527644,0,0,13469.1184

17,True,False,0.02,0.25,Rot6,2,0,0.01081078,-0.004003425,0.06527644,0,0,13483.5328

17,True,False,0.02,0.25,Rot6,2,0,0.01081078,-0.004003425,0.06527644,0,0,13497.5683

17,True,False,0.02,0.25,Rot6,2,0,0.01081078,-0.004003425,0.06527644,0,0,13523.5931

17,True,False,0.02,0.25,Rot6,2,0,0.01081078,-0.004003425,0.06527644,0,0,13548.983

17,True,False,0.02,0.25,Rot6,2,0,0.01081078,-0.004003425,0.06527644,0,0,13562.8228

17,True,False,0.02,0.25,Rot6,2,0,0.01081078,-0.004003425,0.06527644,0,0,13576.7343

17,True,False,0.02,0.25,Rot6,2,0,0.01081078,-0.004003425,0.06527644,0,0,13590.0512

17,True,False,0.02,0.25,Rot6,2,0,0.01081078,-0.004003425,0.06527644,0,0,13604.2884

17,True,False,0.02,0.25,Rot6,2,0,0.01081078,-0.004003425,0.06527644,0,0,13617.515

17,True,False,0.02,0.25,Rot6,2,0,0.01081078,-0.004003425,0.06527644,0,0,13631.2611

17,True,False,0.02,0.25,Rot6,2,0,0.01081078,-0.004003425,0.06527644,0,0,13657.9534

17,True,False,0.02,0.25,Rot6,2,0,0.01081078,-0.004003425,0.06527644,0,0,13672.9594

17,True,False,0.02,0.25,Rot6,2,0,0.01081078,-0.004003425,0.06527644,0,0,13684.9577

17,True,False,0.02,0.25,Rot6,2,0,0.01081078,-0.004003425,0.06527644,0,0,13699.544

17,True,False,0.02,0.25,Rot6,2,0,0.01081078,-0.004003425,0.06527644,0,0,13714.4644

17,True,False,0.02,0.25,Rot6,2,0,0.01081078,-0.004003425,0.06527644,0,0,13739.3277

17,True,False,0.02,0.25,Rot6,2,0,0.01081078,-0.004003425,0.06527644,0,0,13755.5446

17,True,False,0.02,0.25,Rot6,2,0,0.01081078,-0.004003425,0.06527644,0,0,13766.5131

17,True,False,0.02,0.25,Rot6,2,0,0.01081078,-0.004003425,0.06527644,0,0,13780.3391

17,True,False,0.02,0.25,Rot6,2,0,0.01081078,-0.004003425,0.06527644,0,0,13807.1639

17,True,False,0.02,0.25,Rot6,2,0,0.01081078,-0.004003425,0.06527644,0,0,13834.6317

17,True,False,0.02,0.25,Rot6,2,0,0.01081078,-0.004003425,0.06527644,0,0,13847.1588

17,True,False,0.02,0.25,Rot6,2,0,0.01081078,-0.004003425,0.06527644,0,0,13859.6977

17,True,False,0.02,0.25,Rot6,2,0,0.01081078,-0.004003425,0.06527644,0,0,13872.327

17,True,False,0.02,0.25,Rot6,2,0,0.01081078,-0.004003425,0.06527644,0,0,13886.0285

17,True,False,0.02,0.25,Rot6,2,0,0.01081078,-0.004003425,0.06527644,0,0,13912.4763

17,True,False,0.02,0.25,Rot6,2,0,0.01081078,-0.004003425,0.06527644,0,0,13927.6416

17,True,False,0.02,0.25,Rot6,2,0,0.01081078,-0.004003425,0.06527644,0,0,13939.947

17,True,False,0.02,0.25,Rot6,2,0,0.01081078,-0.004003425,0.06527644,0,0,13952.0447

17,True,False,0.02,0.25,Rot6,2,0,0.01081078,-0.004003425,0.06527644,0,0,13965.7503

17,True,False,0.02,0.25,Rot6,2,0,0.01081078,-0.004003425,0.06527644,0,0,13992.4011

17,True,False,0.02,0.25,Rot6,2,0,0.01081078,-0.004003425,0.06527644,0,0,14018.8546

17,True,False,0.02,0.25,Rot6,2,0,0.01081078,-0.004003425,0.06527644,0,0,14032.7222

17,True,False,0.02,0.25,Rot6,2,0,0.01081078,-0.004003425,0.06527644,0,0,14046.8451

17,True,False,0.02,0.25,Rot6,2,0,0.01081078,-0.004003425,0.06527644,0,0,14060.6011

17,True,False,0.02,0.25,Rot6,2,0,0.01081078,-0.004003425,0.06527644,0,0,14073.5937

17,True,False,0.02,0.25,Rot6,2,0,0.01081078,-0.004003425,0.06527644,0,0,14087.7765

17,True,False,0.02,0.25,Rot6,2,0,0.01081078,-0.004003425,0.06527644,0,0,14101.6588

17,True,False,0.02,0.25,Rot6,2,0,0.01081078,-0.004003425,0.06527644,0,0,14115.4722

17,True,False,0.02,0.25,Rot6,2,0,0.01081078,-0.004003425,0.06527644,0,0,14142.1316

17,True,False,0.02,0.25,Rot6,2,0,0.01081078,-0.004003425,0.06527644,0,0,14156.0814

17,True,False,0.02,0.25,Rot6,2,0,0.01081078,-0.004003425,0.06527644,0,0,14170.2178

17,True,False,0.02,0.25,Rot6,2,0,0.01081078,-0.004003425,0.06527644,0,0,14186.1725

17,True,False,0.02,0.25,Rot6,2,0,0.01081078,-0.004003425,0.06527644,0,0,14198.3004

17,True,False,0.02,0.25,Rot6,2,0,0.01081078,-0.004003425,0.06527644,0,0,14225.2346

17,True,False,0.02,0.25,Rot6,2,0,0.01081078,-0.004003425,0.06527644,0,0,14240.3702

17,True,False,0.02,0.25,Rot6,2,0,0.01081078,-0.004003425,0.06527644,0,0,14252.933

17,True,False,0.02,0.25,Rot6,2,0,0.01081078,-0.004003425,0.06527644,0,0,14267.0371

17,True,False,0.02,0.25,Rot6,2,0,0.01081078,-0.004003425,0.06527644,0,0,14282.1969

17,True,False,0.02,0.25,Rot6,2,0,0.01081078,-0.004003425,0.06527644,0,0,14308.5266

17,True,False,0.02,0.25,Rot6,2,0,0.01081078,-0.004003425,0.06527644,0,0,14322.9102

17,True,False,0.02,0.25,Rot6,2,0,0.01081078,-0.004003425,0.06527644,0,0,14335.8689

17,True,False,0.02,0.25,Rot6,2,0,0.01081078,-0.004003425,0.06527644,0,0,14351.7344

17,True,False,0.02,0.25,Rot6,2,0,0.01081078,-0.004003425,0.06527644,0,0,14377.3949

17,True,False,0.02,0.25,Rot6,2,0,0.01081078,-0.004003425,0.06527644,0,0,14403.8308

17,True,False,0.02,0.25,Rot6,2,0,0.01081078,-0.004003425,0.06527644,0,0,14415.6653

17,True,False,0.02,0.25,Rot6,2,0,0.01081078,-0.004003425,0.06527644,0,0,14427.874

17,True,False,0.02,0.25,Rot6,2,0,0.01081078,-0.004003425,0.06527644,0,0,14441.7119

17,True,False,0.02,0.25,Rot6,2,0,0.01081078,-0.004003425,0.06527644,0,0,14455.0568

17,True,False,0.02,0.25,Rot6,2,0,0.01081078,-0.004003425,0.06527644,0,0,14468.0789

17,True,False,0.02,0.25,Rot6,2,0,0.01081078,-0.004003425,0.06527644,0,0,14483.2289

17,True,False,0.02,0.25,Rot6,2,0,0.01081078,-0.004003425,0.06527644,0,0,14508.1459

17,True,False,0.02,0.25,Rot6,2,0,0.01081078,-0.004003425,0.06527644,0,0,14534.1651

17,True,False,0.02,0.25,Rot6,2,0,0.01081078,-0.004003425,0.06527644,0,0,14548.0048

17,True,False,0.02,0.25,Rot6,2,0,0.01081078,-0.004003425,0.06527644,0,0,14561.9269

17,True,False,0.02,0.25,Rot6,2,0,0.01081078,-0.004003425,0.06527644,0,0,14575.9067

17,True,False,0.02,0.25,Rot6,2,0,0.01081078,-0.004003425,0.06527644,0,0,14589.4054

17,True,False,0.02,0.25,Rot6,2,0,0.01081078,-0.004003425,0.06527644,0,0,14603.0158

17,True,False,0.02,0.25,Rot6,2,0,0.01081078,-0.004003425,0.06527644,0,0,14617.3992

17,True,False,0.02,0.25,Rot6,2,0,0.01081078,-0.004003425,0.06527644,0,0,14644.0368

17,True,False,0.02,0.25,Rot6,2,0,0.01081078,-0.004003425,0.06527644,0,0,14671.1218

17,True,False,0.02,0.25,Rot6,2,0,0.01081078,-0.004003425,0.06527644,0,0,14685.8512

17,True,False,0.02,0.25,Rot6,2,0,0.01081078,-0.004003425,0.06527644,0,0,14697.6518

17,True,False,0.02,0.25,Rot6,2,0,0.01081078,-0.004003425,0.06527644,0,0,14710.7039

17,True,False,0.02,0.25,Rot6,2,0,0.01081078,-0.004003425,0.06527644,0,0,14725.7144

17,True,False,0.02,0.25,Rot6,2,0,0.01081078,-0.004003425,0.06527644,0,0,14752.0475

17,True,False,0.02,0.25,Rot6,2,0,0.01081078,-0.004003425,0.06527644,0,0,14779.4965

17,True,False,0.02,0.25,Rot6,2,0,0.01081078,-0.004003425,0.06527644,0,0,14791.7914

17,True,False,0.02,0.25,Rot6,2,0,0.01081078,-0.004003425,0.06527644,0,0,14805.1377

17,True,False,0.02,0.25,Rot6,2,0,0.01081078,-0.004003425,0.06527644,0,0,14817.8003

17,True,False,0.02,0.25,Rot6,2,0,0.01081078,-0.004003425,0.06527644,0,0,14830.8741

17,True,False,0.02,0.25,Rot6,2,0,0.01081078,-0.004003425,0.06527644,0,0,14845.7685

17,True,False,0.02,0.25,Rot6,2,0,0.01081078,-0.004003425,0.06527644,0,0,14870.5041

17,True,False,0.02,0.25,Rot6,2,0,0.01081078,-0.004003425,0.06527644,0,0,14896.9655

17,True,False,0.02,0.25,Rot6,2,0,0.01081078,-0.004003425,0.06527644,0,0,14910.4312

17,True,False,0.02,0.25,Rot6,2,0,0.01081078,-0.004003425,0.06527644,0,0,14924.3737

17,True,False,0.02,0.25,Rot6,2,0,0.01081078,-0.004003425,0.06527644,0,0,14938.2085

17,True,False,0.02,0.25,Rot6,2,0,0.01081078,-0.004003425,0.06527644,0,0,14951.716

17,True,False,0.02,0.25,Rot6,2,0,0.01081078,-0.004003425,0.06527644,0,0,14965.9306

17,True,False,0.02,0.25,Rot6,2,0,0.01081078,-0.004003425,0.06527644,0,0,14979.9937

17,True,False,0.02,0.25,Rot6,2,0,0.01081078,-0.004003425,0.06527644,0,0,14993.4262

17,True,False,0.02,0.25,Rot6,2,0,0.01081078,-0.004003425,0.06527644,0,0,15019.8237

17,True,False,0.02,0.25,Rot6,2,0,0.01081078,-0.004003425,0.06527644,0,0,15035.5178

17,True,False,0.02,0.25,Rot6,2,0,0.01081078,-0.004003425,0.06527644,0,0,15046.801

17,True,False,0.02,0.25,Rot6,2,0,0.01081078,-0.004003425,0.06527644,0,0,15060.7568

17,True,False,0.02,0.25,Rot6,2,0,0.01081078,-0.004003425,0.06527644,0,0,15087.8714

17,True,False,0.02,0.25,Rot6,2,0,0.01081078,-0.004003425,0.06527644,0,0,15102.3442

17,True,False,0.02,0.25,Rot6,2,0,0.01081078,-0.004003425,0.06527644,0,0,15115.468

17,True,False,0.02,0.25,Rot6,2,0,0.01081078,-0.004003425,0.06527644,0,0,15128.0034

17,True,False,0.02,0.25,Rot6,2,0,0.01081078,-0.004003425,0.06527644,0,0,15144.5892

17,True,False,0.02,0.25,Rot6,2,0,0.01081078,-0.004003425,0.06527644,0,0,15168.3425

17,True,False,0.02,0.25,Rot6,2,0,0.01081078,-0.004003425,0.06527644,0,0,15196.3912

17,True,False,0.02,0.25,Rot6,2,0,0.01081078,-0.004003425,0.06527644,0,0,15207.423

17,True,False,0.02,0.25,Rot6,2,0,0.01081078,-0.004003425,0.06527644,0,0,15221.775

17,True,False,0.02,0.25,Rot6,2,0,0.01081078,-0.004003425,0.06527644,0,0,15234.0572

17,True,False,0.02,0.25,Rot6,2,0,0.01081078,-0.004003425,0.06527644,0,0,15246.5147

17,True,False,0.02,0.25,Rot6,2,0,0.01081078,-0.004003425,0.06527644,0,0,15261.4512

17,True,False,0.02,0.25,Rot6,2,0,0.01081078,-0.004003425,0.06527644,0,0,15285.5258

17,True,False,0.02,0.25,Rot6,2,0,0.01081078,-0.004003425,0.06527644,0,0,15300.8851

17,True,False,0.02,0.25,Rot6,2,0,0.01081078,-0.004003425,0.06527644,0,0,15311.9173

17,True,False,0.02,0.25,Rot6,2,0,0.01081078,-0.004003425,0.06527644,0,0,15325.5292

17,True,False,0.02,0.25,Rot6,2,0,0.01081078,-0.004003425,0.06527644,0,0,15352.4498

17,True,False,0.02,0.25,Rot6,2,0,0.01081078,-0.004003425,0.06527644,0,0,15379.2923

17,True,False,0.02,0.25,Rot6,2,0,0.01081078,-0.004003425,0.06527644,0,0,15393.4616

17,True,False,0.02,0.25,Rot6,2,0,0.01081078,-0.004003425,0.06527644,0,0,15406.3912

17,True,False,0.02,0.25,Rot6,2,0,0.01081078,-0.004003425,0.06527644,0,0,15420.4843

17,True,False,0.02,0.25,Rot6,2,0,0.01081078,-0.004003425,0.06527644,0,0,15434.1409

17,True,False,0.02,0.25,Rot6,2,0,0.01081078,-0.004003425,0.06527644,0,0,15448.369

17,True,False,0.02,0.25,Rot6,2,0,0.01081078,-0.004003425,0.06527644,0,0,15463.2742

17,True,False,0.02,0.25,Rot6,2,0,0.01081078,-0.004003425,0.06527644,0,0,15489.0344

17,True,False,0.02,0.25,Rot6,2,0,0.01081078,-0.004003425,0.06527644,0,0,15503.1032

17,True,False,0.02,0.25,Rot6,2,0,0.01081078,-0.004003425,0.06527644,0,0,15514.7239

17,True,False,0.02,0.25,Rot6,2,0,0.01081078,-0.004003425,0.06527644,0,0,15530.0812

17,True,False,0.02,0.25,Rot6,2,0,0.01081078,-0.004003425,0.06527644,0,0,15555.5224

17,True,False,0.02,0.25,Rot6,2,0,0.01081078,-0.004003425,0.06527644,0,0,15569.9885

17,True,False,0.02,0.25,Rot6,2,0,0.01081078,-0.004003425,0.06527644,0,0,15583.147

17,True,False,0.02,0.25,Rot6,2,0,0.01081078,-0.004003425,0.06527644,0,0,15595.691

17,True,False,0.02,0.25,Rot6,2,0,0.01081078,-0.004003425,0.06527644,0,0,15609.1609

17,True,False,0.02,0.25,Rot6,2,0,0.01081078,-0.004003425,0.06527644,0,0,15636.3476

17,True,False,0.02,0.25,Rot6,2,0,0.01081078,-0.004003425,0.06527644,0,0,15663.2559

17,True,False,0.02,0.25,Rot6,2,0,0.01081078,-0.004003425,0.06527644,0,0,15675.3178

17,True,False,0.02,0.25,Rot6,2,0,0.01081078,-0.004003425,0.06527644,0,0,15688.3459

17,True,False,0.02,0.25,Rot6,2,0,0.01081078,-0.004003425,0.06527644,0,0,15702.8303

17,True,False,0.02,0.25,Rot6,2,0,0.01081078,-0.004003425,0.06527644,0,0,15715.9785

17,True,False,0.02,0.25,Rot6,2,0,0.01081078,-0.004003425,0.06527644,0,0,15729.4776

17,True,False,0.02,0.25,Rot6,2,0,0.01081078,-0.004003425,0.06527644,0,0,15756.1404

17,True,False,0.02,0.25,Rot6,2,0,0.01081078,-0.004003425,0.06527644,0,0,15770.2265

17,True,False,0.02,0.25,Rot6,2,0,0.01081078,-0.004003425,0.06527644,0,0,15782.4045

17,True,False,0.02,0.25,Rot6,2,0,0.01081078,-0.004003425,0.06527644,0,0,15796.1449

17,True,False,0.02,0.25,Rot6,2,0,0.01081078,-0.004003425,0.06527644,0,0,15822.1356

17,True,False,0.02,0.25,Rot6,2,0,0.01081078,-0.004003425,0.06527644,0,0,15834.6161

17,True,False,0.02,0.25,Rot6,2,0,0.01081078,-0.004003425,0.06527644,0,0,15847.6795

17,True,False,0.02,0.25,Rot6,2,0,0.01081078,-0.004003425,0.06527644,0,0,15860.1643

17,True,False,0.02,0.25,Rot6,2,0,0.01081078,-0.004003425,0.06527644,0,0,15887.581

17,True,False,0.02,0.25,Rot6,2,0,0.01081078,-0.004003425,0.06527644,0,0,15912.3101

17,True,False,0.02,0.25,Rot6,2,0,0.01081078,-0.004003425,0.06527644,0,0,15926.165

17,True,False,0.02,0.25,Rot6,2,0,0.01081078,-0.004003425,0.06527644,0,0,15939.0357

17,True,False,0.02,0.25,Rot6,2,0,0.01081078,-0.004003425,0.06527644,0,0,15952.8486

17,True,False,0.02,0.25,Rot6,2,0,0.01081078,-0.004003425,0.06527644,0,0,15965.6204

17,True,False,0.02,0.25,Rot6,2,0,0.01081078,-0.004003425,0.06527644,0,0,15979.252

17,True,False,0.02,0.25,Rot6,2,0,0.01081078,-0.004003425,0.06527644,0,0,16006.1574

17,True,False,0.02,0.25,Rot6,2,0,0.01081078,-0.004003425,0.06527644,0,0,16020.7081

17,True,False,0.02,0.25,Rot6,2,0,0.01081078,-0.004003425,0.06527644,0,0,16032.9801

17,True,False,0.02,0.25,Rot6,2,0,0.01081078,-0.004003425,0.06527644,0,0,16045.5343

17,True,False,0.02,0.25,Rot6,2,0,0.01081078,-0.004003425,0.06527644,0,0,16061.1163

17,True,False,0.02,0.25,Rot6,2,0,0.01081078,-0.004003425,0.06527644,0,0,16086.3945

17,True,False,0.02,0.25,Rot6,2,0,0.01081078,-0.004003425,0.06527644,0,0,16101.4929

17,True,False,0.02,0.25,Rot6,2,0,0.01081078,-0.004003425,0.06527644,0,0,16113.9165

17,True,False,0.02,0.25,Rot6,2,0,0.01081078,-0.004003425,0.06527644,0,0,16129.4755

17,True,False,0.02,0.25,Rot6,2,0,0.01081078,-0.004003425,0.06527644,0,0,16155.2251

17,True,False,0.02,0.25,Rot6,2,0,0.01081078,-0.004003425,0.06527644,0,0,16169.9323

17,True,False,0.02,0.25,Rot6,2,0,0.01081078,-0.004003425,0.06527644,0,0,16181.6547

17,True,False,0.02,0.25,Rot6,2,0,0.01081078,-0.004003425,0.06527644,0,0,16194.897

17,True,False,0.02,0.25,Rot6,2,0,0.01081078,-0.004003425,0.06527644,0,0,16222.2913

17,True,False,0.02,0.25,Rot6,2,0,0.01081078,-0.004003425,0.06527644,0,0,16236.6123

17,True,False,0.02,0.25,Rot6,2,0,0.01081078,-0.004003425,0.06527644,0,0,16249.2583

17,True,False,0.02,0.25,Rot6,2,0,0.01081078,-0.004003425,0.06527644,0,0,16262.2202

17,True,False,0.02,0.25,Rot6,2,0,0.01081078,-0.004003425,0.06527644,0,0,16279.3027

17,True,False,0.02,0.25,Rot6,2,0,0.01081078,-0.004003425,0.06527644,0,0,16315.9237

17,True,False,0.02,0.25,Rot6,2,0,0.01081078,-0.004003425,0.06527644,0,0,16341.4149

17,True,False,0.02,0.25,Rot6,2,0,0.01081078,-0.004003425,0.06527644,0,0,16355.3053

17,True,False,0.02,0.25,Rot6,2,0,0.01081078,-0.004003425,0.06527644,0,0,16368.2938

17,True,False,0.02,0.25,Rot6,2,0,0.01081078,-0.004003425,0.06527644,0,0,16382.3996

17,True,False,0.02,0.25,Rot6,2,0,0.01081078,-0.004003425,0.06527644,0,0,16396.3286

17,True,False,0.02,0.25,Rot6,2,0,0.01081078,-0.004003425,0.06527644,0,0,16409.4609

17,True,False,0.02,0.25,Rot6,2,0,0.01081078,-0.004003425,0.06527644,0,0,16423.7024

17,True,False,0.02,0.25,Rot6,2,0,0.01081078,-0.004003425,0.06527644,0,0,16450.1742

17,True,False,0.02,0.25,Rot6,2,0,0.01081078,-0.004003425,0.06527644,0,0,16464.7942

17,True,False,0.02,0.25,Rot6,2,0,0.01081078,-0.004003425,0.06527644,0,0,16477.3853

17,True,False,0.02,0.25,Rot6,2,0,0.01081078,-0.004003425,0.06527644,0,0,16490.3

17,True,False,0.02,0.25,Rot6,2,0,0.01081078,-0.004003425,0.06527644,0,0,16517.5631

17,True,False,0.02,0.25,Rot6,2,0,0.01081078,-0.004003425,0.06527644,0,0,16531.8629

17,True,False,0.02,0.25,Rot6,2,0,0.01081078,-0.004003425,0.06527644,0,0,16543.9866

17,True,False,0.02,0.25,Rot6,2,0,0.01081078,-0.004003425,0.06527644,0,0,16557.3381

17,True,False,0.02,0.25,Rot6,2,0,0.01081078,-0.004003425,0.06527644,0,0,16585.0296

17,True,False,0.02,0.25,Rot6,2,0,0.01081078,-0.004003425,0.06527644,0,0,16598.7402

17,True,False,0.02,0.25,Rot6,2,0,0.01081078,-0.004003425,0.06527644,0,0,16610.9214

17,True,False,0.02,0.25,Rot6,2,0,0.01081078,-0.004003425,0.06527644,0,0,16624.177

17,True,False,0.02,0.25,Rot6,2,0,0.01081078,-0.004003425,0.06527644,0,0,16639.5925

17,True,False,0.02,0.25,Rot6,2,0,0.01081078,-0.004003425,0.06527644,0,0,16654.3052

17,True,False,0.02,0.25,Rot6,2,0,0.01081078,-0.004003425,0.06527644,0,0,16679.1722

17,True,False,0.02,0.25,Rot6,2,0,0.01081078,-0.004003425,0.06527644,0,0,16694.6678

17,True,False,0.02,0.25,Rot6,2,0,0.01081078,-0.004003425,0.06527644,0,0,16706.3652

17,True,False,0.02,0.25,Rot6,2,0,0.01081078,-0.004003425,0.06527644,0,0,16733.0668

17,True,False,0.02,0.25,Rot6,2,0,0.01081078,-0.004003425,0.06527644,0,0,16758.5465

17,True,False,0.02,0.25,Rot6,2,0,0.01081078,-0.004003425,0.06527644,0,0,16772.1838

17,True,False,0.02,0.25,Rot6,2,0,0.01081078,-0.004003425,0.06527644,0,0,16786.0491

17,True,False,0.02,0.25,Rot6,2,0,0.01081078,-0.004003425,0.06527644,0,0,16799.6386

17,True,False,0.02,0.25,Rot6,2,0,0.01081078,-0.004003425,0.06527644,0,0,16811.9591

17,True,False,0.02,0.25,Rot6,2,0,0.01081078,-0.004003425,0.06527644,0,0,16826.1523

17,True,False,0.02,0.25,Rot6,2,0,0.01081078,-0.004003425,0.06527644,0,0,16840.2451

17,True,False,0.02,0.25,Rot6,2,0,0.01081078,-0.004003425,0.06527644,0,0,16855.3826

17,True,False,0.02,0.25,Rot6,2,0,0.01081078,-0.004003425,0.06527644,0,0,16879.306

17,True,False,0.02,0.25,Rot6,2,0,0.01081078,-0.004003425,0.06527644,0,0,16907.1505

17,True,False,0.02,0.25,Rot6,2,0,0.01081078,-0.004003425,0.06527644,0,0,16920.5589

17,True,False,0.02,0.25,Rot6,2,0,0.01081078,-0.004003425,0.06527644,0,0,16935.6396

17,True,False,0.02,0.25,Rot6,2,0,0.01081078,-0.004003425,0.06527644,0,0,16961.7539

17,True,False,0.02,0.25,Rot6,2,0,0.01081078,-0.004003425,0.06527644,0,0,16974.7522

17,True,False,0.02,0.25,Rot6,2,0,0.01081078,-0.004003425,0.06527644,0,0,16986.8041

17,True,False,0.02,0.25,Rot6,2,0,0.01081078,-0.004003425,0.06527644,0,0,17000.1846

17,True,False,0.02,0.25,Rot6,2,0,0.01081078,-0.004003425,0.06527644,0,0,17012.6382

17,True,False,0.02,0.25,Rot6,2,0,0.01081078,-0.004003425,0.06527644,0,0,17025.6796

17,True,False,0.02,0.25,Rot6,2,0,0.01081078,-0.004003425,0.06527644,0,0,17040.4536

17,True,False,0.02,0.25,Rot6,2,0,0.01081078,-0.004003425,0.06527644,0,0,17064.7911

17,True,False,0.02,0.25,Rot6,2,0,0.01081078,-0.004003425,0.06527644,0,0,17090.9191

17,True,False,0.02,0.25,Rot6,2,0,0.01081078,-0.004003425,0.06527644,0,0,17104.6632

17,True,False,0.02,0.25,Rot6,2,0,0.01081078,-0.004003425,0.06527644,0,0,17118.0561

17,True,False,0.02,0.25,Rot6,2,0,0.01081078,-0.004003425,0.06527644,0,0,17131.6074

17,True,False,0.02,0.25,Rot6,2,0,0.01081078,-0.004003425,0.06527644,0,0,17146.0073

17,True,False,0.02,0.25,Rot6,2,0,0.01081078,-0.004003425,0.06527644,0,0,17159.4437

17,True,False,0.02,0.25,Rot6,2,0,0.01081078,-0.004003425,0.06527644,0,0,17173.7751

17,True,False,0.02,0.25,Rot6,2,0,0.01081078,-0.004003425,0.06527644,0,0,17187.4694

17,True,False,0.02,0.25,Rot6,2,0,0.01081078,-0.004003425,0.06527644,0,0,17213.6661

17,True,False,0.02,0.25,Rot6,2,0,0.01081078,-0.004003425,0.06527644,0,0,17240.5301

17,True,False,0.02,0.25,Rot6,2,0,0.01081078,-0.004003425,0.06527644,0,0,17254.018

17,True,False,0.02,0.25,Rot6,2,0,0.01081078,-0.004003425,0.06527644,0,0,17266.6016

17,True,False,0.02,0.25,Rot6,2,0,0.01081078,-0.004003425,0.06527644,0,0,17279.976

17,True,False,0.02,0.25,Rot6,2,0,0.01081078,-0.004003425,0.06527644,0,0,17292.0468

17,True,False,0.02,0.25,Rot6,2,0,0.01081078,-0.004003425,0.06527644,0,0,17305.3768

17,True,False,0.02,0.25,Rot6,2,0,0.01081078,-0.004003425,0.06527644,0,0,17333.0446

17,True,False,0.02,0.25,Rot6,2,0,0.01081078,-0.004003425,0.06527644,0,0,17345.4908

17,True,False,0.02,0.25,Rot6,2,0,0.01081078,-0.004003425,0.06527644,0,0,17358.5486

17,True,False,0.02,0.25,Rot6,2,0,0.01081078,-0.004003425,0.06527644,0,0,17372.5846

17,True,False,0.02,0.25,Rot6,2,0,0.01081078,-0.004003425,0.06527644,0,0,17397.4059

17,True,False,0.02,0.25,Rot6,2,0,0.01081078,-0.004003425,0.06527644,0,0,17424.155

17,True,False,0.02,0.25,Rot6,2,0,0.01081078,-0.004003425,0.06527644,0,0,17437.4662

17,True,False,0.02,0.25,Rot6,2,0,0.01081078,-0.004003425,0.06527644,0,0,17450.8926

17,True,False,0.02,0.25,Rot6,2,0,0.01081078,-0.004003425,0.06527644,0,0,17464.9855

17,True,False,0.02,0.25,Rot6,2,0,0.01081078,-0.004003425,0.06527644,0,0,17479.0252

17,True,False,0.02,0.25,Rot6,2,0,0.01081078,-0.004003425,0.06527644,0,0,17492.2633

17,True,False,0.02,0.25,Rot6,2,0,0.01081078,-0.004003425,0.06527644,0,0,17508.0736

17,True,False,0.02,0.25,Rot6,2,0,0.01081078,-0.004003425,0.06527644,0,0,17533.5092

17,True,False,0.02,0.25,Rot6,2,0,0.01081078,-0.004003425,0.06527644,0,0,17547.3006

17,True,False,0.02,0.25,Rot6,2,0,0.01081078,-0.004003425,0.06527644,0,0,17560.6079

17,True,False,0.02,0.25,Rot6,2,0,0.01081078,-0.004003425,0.06527644,0,0,17574.3357

17,True,False,0.02,0.25,Rot6,2,0,0.01081078,-0.004003425,0.06527644,0,0,17589.0166

17,True,False,0.02,0.25,Rot6,2,0,0.01081078,-0.004003425,0.06527644,0,0,17615.4559

17,True,False,0.02,0.25,Rot6,2,0,0.01081078,-0.004003425,0.06527644,0,0,17631.6009

17,True,False,0.02,0.25,Rot6,2,0,0.01081078,-0.004003425,0.06527644,0,0,17642.6388

17,True,False,0.02,0.25,Rot6,2,0,0.01081078,-0.004003425,0.06527644,0,0,17656.0111

17,True,False,0.02,0.25,Rot6,2,0,0.01081078,-0.004003425,0.06527644,0,0,17683.6256

17,True,False,0.02,0.25,Rot6,2,0,0.01081078,-0.004003425,0.06527644,0,0,17698.369

17,True,False,0.02,0.25,Rot6,2,0,0.01081078,-0.004003425,0.06527644,0,0,17709.6193

17,True,False,0.02,0.25,Rot6,2,0,0.01081078,-0.004003425,0.06527644,0,0,17723.4413

17,True,False,0.02,0.25,Rot6,2,0,0.01081078,-0.00400334,0.06527646,8.559179E-08,3.11933649803107E-06,17750.8804

17,True,False,0.02,0.25,Rot6,2,0,0.01063477,-0.004111911,0.06526268,0.0002072629,0.0152457483371447,17764.4752

17,True,False,0.02,0.25,Rot6,2,0,0.009431871,-0.005035706,0.06517291,0.001519351,0.115150339149572,17777.6697

17,True,False,0.02,0.25,Rot6,2,0,0.008863866,-0.005677729,0.06516187,0.000857289,0.0682973644192119,17790.222

17,True,False,0.02,0.25,Rot6,2,0,0.008548389,-0.006500562,0.06523649,0.000884391,0.0311035112503262,17818.6558

17,True,False,0.02,0.25,Rot6,2,0,0.008511578,-0.008047836,0.06571901,0.001621185,0.10757553013133,17833.726

17,True,False,0.02,0.25,Rot6,2,0,0.008861083,-0.008913912,0.0658946,0.0009503026,0.0811115209491672,17845.442

17,True,False,0.02,0.25,Rot6,2,0,0.009394313,-0.009671564,0.06608623,0.0009460939,0.0775258017730646,17857.6456

17,True,False,0.02,0.25,Rot6,2,0,0.009394321,-0.009671564,0.06608625,1.666E-08,6.43116796737642E-07,17883.5507

17,True,False,0.02,0.25,Rot6,2,0,0.009029089,-0.00957745,0.06641655,0.0005013518,0.0191227205566406,17909.7683

17,True,False,0.02,0.25,Rot6,2,0,0.008849326,-0.009537516,0.06643019,0.0001846502,0.0135372060678886,17923.4085

17,True,False,0.02,0.25,Rot6,2,0,0.008638102,-0.009304339,0.06651925,0.0003269835,0.0236416941424727,17937.2393

17,True,False,0.02,0.25,Rot6,2,0,0.008220556,-0.008982379,0.06674001,0.0005716098,0.0424897103200445,17950.6922

17,True,False,0.02,0.25,Rot6,2,0,0.007788673,-0.008834359,0.06687608,0.0004763931,0.0117858395394002,17991.113

17,True,False,0.02,0.25,Rot6,2,0,0.007261674,-0.00879276,0.06698054,0.0005388589,0.0359150660235747,18006.1167

17,True,False,0.02,0.25,Rot6,2,0,0.006587221,-0.009147615,0.06677994,0.0007880669,0.0672119543060711,18017.8418

17,True,False,0.02,0.25,Rot6,2,0,0.005917955,-0.009063743,0.0666577,0.0006854891,0.0514291681331528,18031.1706

17,True,False,0.02,0.25,Rot6,2,0,0.005840923,-0.008995634,0.06671957,0.0001200026,0.00739123115766875,18047.4064

17,True,False,0.02,0.25,Rot6,2,0,0.005815397,-0.008903669,0.06675382,0.0001014006,0.00410296384309899,18072.1204

17,True,False,0.02,0.25,Rot6,2,0,0.005654502,-0.009001071,0.0667724,0.0001889963,0.0127479718471428,18086.946

17,True,False,0.02,0.25,Rot6,2,0,0.005417648,-0.009283939,0.06676522,0.0003690072,0.0311125454057401,18098.8064

17,True,False,0.02,0.25,Rot6,2,0,0.005396145,-0.00930988,0.06680977,5.585453E-05,0.0036372147945852,18114.1628

17,True,False,0.02,0.25,Rot6,2,0,0.005383673,-0.009341491,0.06684858,5.158519E-05,0.00376440808809702,18127.8662

17,True,False,0.02,0.25,Rot6,2,0,0.005282196,-0.009584742,0.0668929,0.0002672692,0.0102527699184184,18153.9342

17,True,False,0.02,0.25,Rot6,2,0,0.005158181,-0.009866768,0.06695129,0.0003135725,0.0113211242064856,18181.6322

17,True,False,0.02,0.25,Rot6,2,0,0.005095187,-0.01032857,0.06724168,0.0005491436,0.0473595665372241,18193.2274

17,True,False,0.02,0.25,Rot6,2,0,0.005049507,-0.01083515,0.06754533,0.0005923816,0.048419340303359,18205.4618

17,True,False,0.02,0.25,Rot6,2,0,0.004857752,-0.01095601,0.06769358,0.0002708411,0.0201746834397111,18218.8866

17,True,False,0.02,0.25,Rot6,2,0,0.004857748,-0.01095601,0.06769343,1.490582E-07,1.14682182495519E-05,18231.8841

17,True,False,0.02,0.25,Rot6,2,0,0.004784564,-0.01109404,0.06792632,0.0002804333,0.0105110722459067,18258.5639

17,True,False,0.02,0.25,Rot6,2,0,0.004625737,-0.01122621,0.06814025,0.0002974297,0.0104637008839013,18286.9888

17,True,False,0.02,0.25,Rot6,2,0,0.004427942,-0.01147509,0.06849945,0.000479674,0.0386375801884345,18299.4035

17,True,False,0.02,0.25,Rot6,2,0,0.004138219,-0.01174618,0.0688078,0.0005024972,0.038168309785361,18312.5688

17,True,False,0.02,0.25,Rot6,2,0,0.003894142,-0.01192505,0.06902142,0.0003704096,0.0261895726346436,18326.7122

17,True,False,0.02,0.25,Rot6,2,0,0.003543667,-0.01224402,0.06935892,0.0005817879,0.0415153562300388,18340.726

17,True,False,0.02,0.25,Rot6,2,0,0.003157075,-0.01261272,0.06974243,0.0006576277,0.0498932264652922,18353.9067

17,True,False,0.02,0.25,Rot6,2,0,0.002754784,-0.01300355,0.07014396,0.0006897923,0.0485400069226763,18368.1175

17,True,False,0.02,0.25,Rot6,2,0,0.002607393,-0.01320551,0.07026937,0.0002797181,0.0207743369190738,18381.5821

17,True,False,0.02,0.25,Rot6,2,0,0.002478796,-0.01337792,0.07037465,0.0002394667,0.0177209498122965,18395.0953

17,True,False,0.02,0.25,Rot6,2,0,0.002320393,-0.01363821,0.07060751,0.0003834985,0.014161217887138,18422.1762

17,True,False,0.02,0.25,Rot6,2,0,0.002112991,-0.01397002,0.07088581,0.0004801618,0.0181825061883584,18448.5841

17,True,False,0.02,0.25,Rot6,2,0,0.001875738,-0.01437749,0.07123291,0.0005854946,0.0417837374623474,18462.5966

17,True,False,0.02,0.25,Rot6,2,0,0.001591491,-0.01477873,0.0715421,0.000580851,0.0413558360597543,18476.6418

17,True,False,0.02,0.25,Rot6,2,0,0.001331827,-0.01514747,0.07173205,0.0004893651,0.0370604776134057,18489.8463

17,True,False,0.02,0.25,Rot6,2,0,0.001069131,-0.01552403,0.07192095,0.0004964789,0.0344482786178993,18504.2586

17,True,False,0.02,0.25,Rot6,2,0,0.0009557332,-0.01560158,0.07208328,0.0002126565,0.0150358469461597,18518.4019

17,True,False,0.02,0.25,Rot6,2,0,0.0008560481,-0.01567056,0.07223757,0.0001962113,0.0132520554567844,18533.208

17,True,False,0.02,0.25,Rot6,2,0,0.0007159735,-0.01573447,0.07235464,0.0001934254,0.0143025889421554,18546.7318

17,True,False,0.02,0.25,Rot6,2,0,0.0005606065,-0.01578505,0.07248248,0.0002074589,0.0133217013795839,18562.3048

17,True,False,0.02,0.25,Rot6,2,0,0.0005057256,-0.01576669,0.07261088,0.0001408343,0.00601067502238339,18585.7355

17,True,False,0.02,0.25,Rot6,2,0,0.000447652,-0.01570088,0.07275496,0.000168709,0.00612298184530004,18613.2889

17,True,False,0.02,0.25,Rot6,2,0,0.0003768454,-0.01561145,0.07297922,0.0002516065,0.0207484858954933,18625.4154

17,True,False,0.02,0.25,Rot6,2,0,0.0004294391,-0.0156287,0.0732498,0.0002761865,0.0213317553965314,18638.3626

17,True,False,0.02,0.25,Rot6,2,0,0.000452249,-0.01559214,0.07340537,0.0001614267,0.0129568401675089,18650.8214

17,True,False,0.02,0.25,Rot6,2,0,0.000452249,-0.01559214,0.07340537,0,0,18664.2067

17,True,False,0.02,0.25,Rot6,2,0,0.0004480171,-0.01554597,0.07341879,4.826837E-05,0.00331304176745799,18678.7759

17,True,False,0.02,0.25,Rot6,2,0,0.0004479538,-0.01549369,0.07342461,5.260544E-05,0.00198117859497675,18705.3285

17,True,False,0.02,0.25,Rot6,2,0,0.0004716243,-0.0155391,0.07345971,6.208992E-05,0.00242915440920246,18730.8888

17,True,False,0.02,0.25,Rot6,2,0,0.0004667218,-0.0156286,0.07349803,9.747662E-05,0.00741323466526757,18744.0378

17,True,False,0.02,0.25,Rot6,2,0,0.0004651199,-0.01572788,0.07351962,0.0001016122,0.00737662009611219,18757.8127

17,True,False,0.02,0.25,Rot6,2,0,0.0004652391,-0.01577984,0.07352647,5.241707E-05,0.00396084784554353,18771.0465

17,True,False,0.02,0.25,Rot6,2,0,0.000395688,-0.0157904,0.07360331,0.0001041772,0.00711369063299259,18785.6911

17,True,False,0.02,0.25,Rot6,2,0,0.0002735469,-0.01572337,0.07373704,0.0001931216,0.0127288979332572,18800.863

17,True,False,0.02,0.25,Rot6,2,0,0.0002616445,-0.01584184,0.07387821,0.0001846837,0.0160774879010396,18812.3501

17,True,False,0.02,0.25,Rot6,2,0,0.0002602289,-0.01597153,0.07401559,0.0001889225,0.00737958374384405,18837.9508

17,True,False,0.02,0.25,Rot6,2,0,0.0001805301,-0.01596497,0.07412123,0.0001324954,0.00835469306839257,18853.8096

17,True,False,0.02,0.25,Rot6,2,0,2.935779E-05,-0.0159521,0.07431675,0.0002474856,0.0230000916750654,18864.5698

17,True,False,0.02,0.25,Rot6,2,0,-1.939881E-05,-0.01599528,0.074405,0.000109676,0.00777700634936508,18878.6724

17,True,False,0.02,0.25,Rot6,2,0,-7.006276E-05,-0.01603776,0.07449353,0.0001104995,0.00401451575952974,18906.1974

17,True,False,0.02,0.25,Rot6,2,0,-3.153209E-05,-0.01610785,0.07438214,0.0001371348,0.00500440793781863,18933.6002

17,True,False,0.02,0.25,Rot6,2,0,2.877659E-05,-0.01671259,0.07403281,0.0007009897,0.0611150599918619,18945.0702

17,True,False,0.02,0.25,Rot6,2,0,2.877659E-05,-0.01671259,0.07403281,0,0,18958.1095

17,True,False,0.02,0.25,Rot6,2,0,2.877659E-05,-0.01671259,0.07403281,0,0,18970.8312

17,True,False,0.02,0.25,Rot6,2,0,2.877659E-05,-0.01671259,0.07403281,0,0,18984.6036

17,True,False,0.02,0.25,Rot6,2,0,2.877659E-05,-0.01671259,0.07403281,0,0,18998.8275

17,True,False,0.02,0.25,Rot6,2,0,2.877659E-05,-0.01671259,0.07403281,0,0,19023.2684

17,True,False,0.02,0.25,Rot6,2,0,2.877659E-05,-0.01671259,0.07403281,0,0,19048.9753

17,True,False,0.02,0.25,Rot6,2,0,2.877659E-05,-0.01671259,0.07403281,0,0,19062.4475

17,True,False,0.02,0.25,Rot6,2,0,2.877659E-05,-0.01671259,0.07403281,0,0,19076.2047

17,True,False,0.02,0.25,Rot6,2,0,2.877659E-05,-0.01671259,0.07403281,0,0,19089.5441

17,True,False,0.02,0.25,Rot6,2,0,2.877659E-05,-0.01671259,0.07403281,0,0,19103.8746

17,True,False,0.02,0.25,Rot6,2,0,2.877659E-05,-0.01671259,0.07403281,0,0,19117.3177

17,True,False,0.02,0.25,Rot6,2,0,2.877659E-05,-0.01671259,0.07403281,0,0,19130.5684

17,True,False,0.02,0.25,Rot6,2,0,2.877659E-05,-0.01671259,0.07403281,0,0,19144.7091

17,True,False,0.02,0.25,Rot6,2,0,2.877659E-05,-0.01671259,0.07403281,0,0,19170.9614

17,True,False,0.02,0.25,Rot6,2,0,2.877659E-05,-0.01671259,0.07403281,0,0,19198.318

17,True,False,0.02,0.25,Rot6,2,0,2.877659E-05,-0.01671259,0.07403281,0,0,19213.132

17,True,False,0.02,0.25,Rot6,2,0,2.877659E-05,-0.01671259,0.07403281,0,0,19226.4724

17,True,False,0.02,0.25,Rot6,2,0,2.877659E-05,-0.01671259,0.07403281,0,0,19240.8465

17,True,False,0.02,0.25,Rot6,2,0,2.877659E-05,-0.01671259,0.07403281,0,0,19254.3551

17,True,False,0.02,0.25,Rot6,2,0,2.877659E-05,-0.01671259,0.07403281,0,0,19267.9385

17,True,False,0.02,0.25,Rot6,2,0,2.877659E-05,-0.01671259,0.07403281,0,0,19282.0749

17,True,False,0.02,0.25,Rot6,2,0,2.877659E-05,-0.01671259,0.07403281,0,0,19297.0093

17,True,False,0.02,0.25,Rot6,2,0,2.877659E-05,-0.01671259,0.07403281,0,0,19323.408

17,True,False,0.02,0.25,Rot6,2,0,2.877659E-05,-0.01671259,0.07403281,0,0,19350.1833

17,True,False,0.02,0.25,Rot6,2,0,2.877659E-05,-0.01671259,0.07403281,0,0,19364.038

17,True,False,0.02,0.25,Rot6,2,0,2.877659E-05,-0.01671259,0.07403281,0,0,19378.2512

17,True,False,0.02,0.25,Rot6,2,0,2.877659E-05,-0.01671259,0.07403281,0,0,19392.2164

17,True,False,0.02,0.25,Rot6,2,0,2.877659E-05,-0.01671259,0.07403281,0,0,19406.1409

17,True,False,0.02,0.25,Rot6,2,0,2.877659E-05,-0.01671259,0.07403281,0,0,19420.8414

17,True,False,0.02,0.25,Rot6,2,0,2.877659E-05,-0.01671259,0.07403281,0,0,19434.8172

17,True,False,0.02,0.25,Rot6,2,0,2.877659E-05,-0.01671259,0.07403281,0,0,19447.7871

17,True,False,0.02,0.25,Rot6,2,0,2.877659E-05,-0.01671259,0.07403281,0,0,19461.9474

17,True,False,0.02,0.25,Rot6,2,0,2.877659E-05,-0.01671259,0.07403281,0,0,19489.4974

17,True,False,0.02,0.25,Rot6,2,0,2.877659E-05,-0.01671259,0.07403281,0,0,19516.0798

17,True,False,0.02,0.25,Rot6,2,0,2.877659E-05,-0.01671259,0.07403281,0,0,19527.779

17,True,False,0.02,0.25,Rot6,2,0,2.877659E-05,-0.01671259,0.07403281,0,0,19540.9289

17,True,False,0.02,0.25,Rot6,2,0,2.877659E-05,-0.01671259,0.07403281,0,0,19553.5234

17,True,False,0.02,0.25,Rot6,2,0,2.877659E-05,-0.01671259,0.07403281,0,0,19567.1208

17,True,False,0.02,0.25,Rot6,2,0,2.877659E-05,-0.01671259,0.07403281,0,0,19594.3974

17,True,False,0.02,0.25,Rot6,2,0,2.877659E-05,-0.01671259,0.07403281,0,0,19620.5695

17,True,False,0.02,0.25,Rot6,2,0,2.877659E-05,-0.01671259,0.07403281,0,0,19633.32

17,True,False,0.02,0.25,Rot6,2,0,2.877659E-05,-0.01671259,0.07403281,0,0,19672.1326

17,True,False,0.02,0.25,Rot6,2,0,2.877659E-05,-0.01671259,0.07403281,0,0,19699.5126

17,True,False,0.02,0.25,Rot6,2,0,2.877659E-05,-0.01671259,0.07403281,0,0,19713.5758

17,True,False,0.02,0.25,Rot6,2,0,2.877659E-05,-0.01671259,0.07403281,0,0,19725.9076

17,True,False,0.02,0.25,Rot6,2,0,2.877659E-05,-0.01671259,0.07403281,0,0,19740.2221

17,True,False,0.02,0.25,Rot6,2,0,2.877659E-05,-0.01671259,0.07403281,0,0,19753.8296

17,True,False,0.02,0.25,Rot6,2,0,2.877659E-05,-0.01671259,0.07403281,0,0,19766.9872

17,True,False,0.02,0.25,Rot6,2,0,2.877659E-05,-0.01671259,0.07403281,0,0,19794.745

17,True,False,0.02,0.25,Rot6,2,0,2.87777E-05,-0.0167127,0.07403291,1.48841E-07,1.0016286154525E-05,19809.6049

17,True,False,0.02,0.25,Rot6,2,0,-0.00015834,-0.0168616,0.07415253,0.0002673837,0.0204640801774477,19822.6709

17,True,False,0.02,0.25,Rot6,2,0,-0.0005321247,-0.01711158,0.07442755,0.0005271044,0.0378194226364404,19836.6083

17,True,False,0.02,0.25,Rot6,2,0,-0.001093863,-0.01741219,0.07489688,0.0007913186,0.0607986383978477,19849.6237

17,True,False,0.02,0.25,Rot6,2,0,-0.001594953,-0.01743937,0.07544605,0.0007439246,0.0520685807158069,19863.9111

17,True,False,0.02,0.25,Rot6,2,0,-0.001883349,-0.01714308,0.07595989,0.0006595373,0.025262948446677,19890.018

17,True,False,0.02,0.25,Rot6,2,0,-0.002051255,-0.01626837,0.07666922,0.001138622,0.0411390625728856,19917.6954

17,True,False,0.02,0.25,Rot6,2,0,-0.001788482,-0.01581065,0.07698193,0.0006134687,0.0508874611507857,19929.7508

17,True,False,0.02,0.25,Rot6,2,0,-0.001525523,-0.01488445,0.07719378,0.0009858345,0.0739150445155879,19943.0882

17,True,False,0.02,0.25,Rot6,2,0,-0.001393214,-0.01333031,0.07759569,0.001610713,0.12293362203485,19956.1905

17,True,False,0.02,0.25,Rot6,2,0,-0.001253088,-0.0119923,0.07791015,0.001381595,0.106229954599195,19969.1962

17,True,False,0.02,0.25,Rot6,2,0,-0.001253102,-0.01199238,0.0779103,1.719217E-07,1.12441376885117E-05,19984.4861

17,True,False,0.02,0.25,Rot6,2,0,-0.0009866891,-0.01116333,0.07797998,0.000873588,0.0363982877891566,20008.4869

17,True,False,0.02,0.25,Rot6,2,0,-0.0007790191,-0.0108977,0.0778668,0.0003556631,0.0134827097926415,20034.8661

17,True,False,0.02,0.25,Rot6,2,0,-0.0004571893,-0.01060204,0.07756554,0.000530801,0.0382322277195406,20048.7497

17,True,False,0.02,0.25,Rot6,2,0,-0.0001143434,-0.01026996,0.07722695,0.0005851978,0.0420132114042185,20062.6786

17,True,False,0.02,0.25,Rot6,2,0,7.006595E-05,-0.01014251,0.07711361,0.0002511897,0.0182268479786427,20076.4599

17,True,False,0.02,0.25,Rot6,2,0,0.0002748955,-0.01001104,0.07698553,0.0002750395,0.0204551161987071,20089.9059

17,True,False,0.02,0.25,Rot6,2,0,0.0005162198,-0.009873657,0.07683243,0.0003170966,0.0224458183281859,20104.0331

17,True,False,0.02,0.25,Rot6,2,0,0.0006870318,-0.009564427,0.07672863,0.0003682053,0.0268361455989012,20117.7536

17,True,False,0.02,0.25,Rot6,2,0,0.0008660097,-0.009239264,0.07661965,0.0003868319,0.0143779640097814,20144.6581

17,True,False,0.02,0.25,Rot6,2,0,0.001006083,-0.0087696,0.07639164,0.0005405523,0.0385077336831216,20158.6956

17,True,False,0.02,0.25,Rot6,2,0,0.001169817,-0.00808602,0.07605851,0.0007778597,0.0585945105897247,20171.9709

17,True,False,0.02,0.25,Rot6,2,0,0.001179624,-0.006785095,0.07544835,0.00143694,0.101972812910704,20186.0623

17,True,False,0.02,0.25,Rot6,2,0,0.00120397,-0.005334274,0.07481697,0.001582438,0.107338527564639,20200.8048

17,True,False,0.02,0.25,Rot6,2,0,0.001553267,-0.004079077,0.0743861,0.001372287,0.107012648486818,20213.6284

17,True,False,0.02,0.25,Rot6,2,0,0.001908056,-0.002823628,0.07402868,0.001352694,0.0507322485058434,20240.2918

17,True,False,0.02,0.25,Rot6,2,0,0.002500042,-0.001571572,0.07379664,0.001404256,0.0516378877434781,20267.4861

17,True,False,0.02,0.25,Rot6,2,0,0.002734343,-0.000613827,0.07359602,0.001006191,0.0723015221791342,20281.4027

17,True,False,0.02,0.25,Rot6,2,0,0.002994642,0.0006198955,0.07340452,0.001275342,0.0977962976050283,20294.4435

17,True,False,0.02,0.25,Rot6,2,0,0.003412802,0.001886514,0.07328634,0.001339084,0.107253708640691,20306.9287

17,True,False,0.02,0.25,Rot6,2,0,0.003749188,0.00293951,0.07317539,0.001110976,0.0842701670267205,20320.1122

17,True,False,0.02,0.25,Rot6,2,0,0.004030608,0.003846869,0.07307011,0.0009558144,0.0658519309850018,20334.6268

17,True,False,0.02,0.25,Rot6,2,0,0.004072307,0.004574155,0.07310973,0.0007295572,0.0518884818156249,20348.6869

17,True,False,0.02,0.25,Rot6,2,0,0.004094471,0.005229096,0.07314962,0.0006565289,0.0422789621699364,20364.2154

17,True,False,0.02,0.25,Rot6,2,0,0.004206785,0.005317393,0.07313658,0.0001434608,0.00566854890204375,20389.5236

17,True,False,0.02,0.25,Rot6,2,0,0.004325903,0.005401919,0.07312471,0.0001465419,0.0053166348765126,20417.0865

17,True,False,0.02,0.25,Rot6,2,0,0.004447341,0.005626583,0.07310288,0.0002563159,0.0205767114000274,20429.5431

17,True,False,0.02,0.25,Rot6,2,0,0.004604774,0.005798711,0.07305941,0.0002372813,0.0177390677339346,20442.9193

17,True,False,0.02,0.25,Rot6,2,0,0.004853994,0.005720992,0.07288943,0.0003115176,0.0237330485773826,20456.0452

17,True,False,0.02,0.25,Rot6,2,0,0.004853994,0.005720992,0.07288943,0,0,20468.7565

17,True,False,0.02,0.25,Rot6,2,0,0.004885301,0.005662892,0.07289393,6.615109E-05,0.00486437286668148,20482.3556

17,True,False,0.02,0.25,Rot6,2,0,0.004878313,0.005649911,0.07294584,5.396123E-05,0.00372796881115974,20496.8303

17,True,False,0.02,0.25,Rot6,2,0,0.004810699,0.005746575,0.07297739,0.0001221093,0.0046271585574951,20523.22

17,True,False,0.02,0.25,Rot6,2,0,0.004725427,0.00584503,0.07301667,0.0001360448,0.00523962655816414,20549.1846

17,True,False,0.02,0.25,Rot6,2,0,0.004554883,0.005889073,0.07285556,0.0002387087,0.0178966224632458,20562.5228

17,True,False,0.02,0.25,Rot6,2,0,0.004603165,0.005705208,0.07271338,0.0002373915,0.0169832229484077,20576.5008

17,True,False,0.02,0.25,Rot6,2,0,0.004628165,0.005548358,0.07263049,0.0001791535,0.0134412811257199,20589.8294

17,True,False,0.02,0.25,Rot6,2,0,0.004653551,0.005374734,0.07254472,0.0001953108,0.0137493435693034,20604.0345

17,True,False,0.02,0.25,Rot6,2,0,0.004603439,0.005332271,0.07251611,7.164454E-05,0.00535916572516413,20617.4031

17,True,False,0.02,0.25,Rot6,2,0,0.004549951,0.0052869,0.07248886,7.524811E-05,0.00575357370623036,20630.4816

17,True,False,0.02,0.25,Rot6,2,0,0.004487003,0.005155739,0.07251771,0.0001483169,0.00540318556736004,20657.9315

17,True,False,0.02,0.25,Rot6,2,0,0.004405058,0.005222036,0.0724895,0.0001091147,0.00405688078199038,20684.8277

17,True,False,0.02,0.25,Rot6,2,0,0.004228471,0.005415343,0.07243121,0.0002682318,0.0195922623621776,20698.5184

17,True,False,0.02,0.25,Rot6,2,0,0.003995114,0.005553247,0.07249628,0.0002787615,0.0222434401402478,20711.0507

17,True,False,0.02,0.25,Rot6,2,0,0.003826828,0.005722572,0.07258268,0.0002538811,0.0171919988678494,20725.8181

17,True,False,0.02,0.25,Rot6,2,0,0.003866345,0.005810217,0.07254475,0.0001033509,0.00797509510166516,20738.7773

17,True,False,0.02,0.25,Rot6,2,0,0.003915968,0.005894637,0.07250069,0.000107381,0.00765520092875496,20752.8045

17,True,False,0.02,0.25,Rot6,2,0,0.003973112,0.005990373,0.07245443,0.0001207101,0.00760177289939247,20768.6837

17,True,False,0.02,0.25,Rot6,2,0,0.003788513,0.00622412,0.07257004,0.0003194998,0.0229553741751531,20782.602

17,True,False,0.02,0.25,Rot6,2,0,0.003551283,0.006542202,0.07273622,0.0004301973,0.0174681669014718,20807.2295

17,True,False,0.02,0.25,Rot6,2,0,0.003618431,0.006620216,0.07265761,0.0001295128,0.00857461984932959,20822.3337

17,True,False,0.02,0.25,Rot6,2,0,0.003768739,0.006751967,0.07248642,0.000263173,0.0215917370184699,20834.5223

17,True,False,0.02,0.25,Rot6,2,0,0.003660158,0.006793713,0.07257149,0.0001441212,0.00915741090719374,20850.2605

17,True,False,0.02,0.25,Rot6,2,0,0.003546183,0.006832699,0.07266259,0.0001510269,0.00575174125702134,20876.5181

17,True,False,0.02,0.25,Rot6,2,0,0.003596925,0.006895266,0.07266229,8.05575E-05,0.00286066591395513,20904.6785

17,True,False,0.02,0.25,Rot6,2,0,0.003465495,0.007187217,0.07264822,0.0003204802,0.0273849143807337,20916.3813

17,True,False,0.02,0.25,Rot6,2,0,0.003320561,0.007497418,0.07262982,0.0003428831,0.0272796288899312,20928.9505

17,True,False,0.02,0.25,Rot6,2,0,0.003281684,0.007530124,0.07266118,5.969963E-05,0.00438223549721111,20942.5736

17,True,False,0.02,0.25,Rot6,2,0,0.003281684,0.007530124,0.07266118,0,0,20955.7986

17,True,False,0.02,0.25,Rot6,2,0,0.00324005,0.007560153,0.07269496,6.145163E-05,0.00224376753301071,20983.1863

17,True,False,0.02,0.25,Rot6,2,0,0.003231288,0.007540619,0.07270223,2.261114E-05,0.000849133094002835,21009.8148

17,True,False,0.02,0.25,Rot6,2,0,0.003308051,0.007303205,0.07272801,0.000250843,0.0198945937867583,21022.4234

17,True,False,0.02,0.25,Rot6,2,0,0.003402577,0.00704493,0.07275511,0.0002763615,0.0204234188053348,21035.955

17,True,False,0.02,0.25,Rot6,2,0,0.003352321,0.006868903,0.07260281,0.0002381291,0.016910296043283,21050.0369

17,True,False,0.02,0.25,Rot6,2,0,0.003264396,0.006596867,0.07238849,0.0003573036,0.0270199431987463,21063.2606

17,True,False,0.02,0.25,Rot6,2,0,0.003264396,0.006596867,0.07238849,0,0,21089.5849

17,True,False,0.02,0.25,Rot6,2,0,0.003264396,0.006596867,0.07238849,0,0,21115.5131

17,True,False,0.02,0.25,Rot6,2,0,0.003264396,0.006596867,0.07238849,0,0,21129.5464

17,True,False,0.02,0.25,Rot6,2,0,0.003264396,0.006596867,0.07238849,0,0,21143.4326

17,True,False,0.02,0.25,Rot6,2,0,0.003264396,0.006596867,0.07238849,0,0,21157.3875

17,True,False,0.02,0.25,Rot6,2,0,0.003264396,0.006596867,0.07238849,0,0,21171.1505

17,True,False,0.02,0.25,Rot6,2,0,0.003264396,0.006596867,0.07238849,0,0,21185.5243

17,True,False,0.02,0.25,Rot6,2,0,0.003264396,0.006596867,0.07238849,0,0,21198.3053

17,True,False,0.02,0.25,Rot6,2,0,0.003264396,0.006596867,0.07238849,0,0,21225.4772

17,True,False,0.02,0.25,Rot6,2,0,0.003264396,0.006596867,0.07238849,0,0,21241.0722

17,True,False,0.02,0.25,Rot6,2,0,0.003264396,0.006596867,0.07238849,0,0,21252.4301

17,True,False,0.02,0.25,Rot6,2,0,0.003264396,0.006596867,0.07238849,0,0,21265.1962

17,True,False,0.02,0.25,Rot6,2,0,0.003264396,0.006596867,0.07238849,0,0,21292.8694

17,True,False,0.02,0.25,Rot6,2,0,0.003264396,0.006596867,0.07238849,0,0,21306.8498

17,True,False,0.02,0.25,Rot6,2,0,0.003264396,0.006596867,0.07238849,0,0,21333.5959

17,True,False,0.02,0.25,Rot6,2,0,0.003264396,0.006596867,0.07238849,0,0,21348.3788

17,True,False,0.02,0.25,Rot6,2,0,0.003264396,0.006596867,0.07238849,0,0,21362.2821

17,True,False,0.02,0.25,Rot6,2,0,0.003264396,0.006596867,0.07238849,0,0,21389.5665

17,True,False,0.02,0.25,Rot6,2,0,0.003264396,0.006596867,0.07238849,0,0,21403.4148

17,True,False,0.02,0.25,Rot6,2,0,0.003264396,0.006596867,0.07238849,0,0,21416.8005

17,True,False,0.02,0.25,Rot6,2,0,0.003264396,0.006596867,0.07238849,0,0,21444.3986

17,True,False,0.02,0.25,Rot6,2,0,0.003264396,0.006596867,0.07238849,0,0,21456.8182

17,True,False,0.02,0.25,Rot6,2,0,0.003264396,0.006596867,0.07238849,0,0,21469.9586

17,True,False,0.02,0.25,Rot6,2,0,0.003264396,0.006596867,0.07238849,0,0,21483.2982

17,True,False,0.02,0.25,Rot6,2,0,0.003264396,0.006596867,0.07238849,0,0,21496.8357

17,True,False,0.02,0.25,Rot6,2,0,0.003264396,0.006596867,0.07238849,0,0,21509.8909

17,True,False,0.02,0.25,Rot6,2,0,0.003264396,0.006596867,0.07238849,0,0,21535.4191

17,True,False,0.02,0.25,Rot6,2,0,0.003264396,0.006596867,0.07238849,0,0,21561.5804

17,True,False,0.02,0.25,Rot6,2,0,0.003264396,0.006596867,0.07238849,0,0,21575.1738

17,True,False,0.02,0.25,Rot6,2,0,0.003264396,0.006596867,0.07238849,0,0,21588.7534

17,True,False,0.02,0.25,Rot6,2,0,0.003264396,0.006596867,0.07238849,0,0,21603.0266

17,True,False,0.02,0.25,Rot6,2,0,0.003264396,0.006596867,0.07238849,0,0,21616.201

17,True,False,0.02,0.25,Rot6,2,0,0.003264396,0.006596867,0.07238849,0,0,21629.6835

17,True,False,0.02,0.25,Rot6,2,0,0.003264396,0.006596867,0.07238849,0,0,21645.0113

17,True,False,0.02,0.25,Rot6,2,0,0.003264396,0.006596867,0.07238849,0,0,21669.8821

17,True,False,0.02,0.25,Rot6,2,0,0.003264396,0.006596867,0.07238849,0,0,21697.5089

17,True,False,0.02,0.25,Rot6,2,0,0.003264396,0.006596867,0.07238849,0,0,21711.4198

17,True,False,0.02,0.25,Rot6,2,0,0.003264396,0.006596867,0.07238849,0,0,21724.7611

17,True,False,0.02,0.25,Rot6,2,0,0.003264396,0.006596867,0.07238849,0,0,21737.3581

17,True,False,0.02,0.25,Rot6,2,0,0.003264396,0.006596867,0.07238849,0,0,21749.6148

17,True,False,0.02,0.25,Rot6,2,0,0.003264396,0.006596867,0.07238849,0,0,21762.9077

17,True,False,0.02,0.25,Rot6,2,0,0.003264396,0.006596867,0.07238849,0,0,21778.0922

17,True,False,0.02,0.25,Rot6,2,0,0.003264396,0.006596867,0.07238849,0,0,21803.7117

17,True,False,0.02,0.25,Rot6,2,0,0.003264396,0.006596867,0.07238849,0,0,21830.9072

17,True,False,0.02,0.25,Rot6,2,0,0.003264396,0.006596867,0.07238849,0,0,21844.3961

17,True,False,0.02,0.25,Rot6,2,0,0.003264396,0.006596867,0.07238849,0,0,21857.3572

17,True,False,0.02,0.25,Rot6,2,0,0.003264396,0.006596867,0.07238849,0,0,21870.1151

17,True,False,0.02,0.25,Rot6,2,0,0.003264396,0.006596867,0.07238849,0,0,21884.0686

17,True,False,0.02,0.25,Rot6,2,0,0.003264396,0.006596867,0.07238849,0,0,21897.1898

17,True,False,0.02,0.25,Rot6,2,0,0.003264396,0.006596867,0.07238849,0,0,21910.664

17,True,False,0.02,0.25,Rot6,2,0,0.003264396,0.006596867,0.07238849,0,0,21937.005

17,True,False,0.02,0.25,Rot6,2,0,0.003264396,0.006596867,0.07238849,0,0,21963.6912

17,True,False,0.02,0.25,Rot6,2,0,0.003264396,0.006596867,0.07238849,0,0,21977.2363

17,True,False,0.02,0.25,Rot6,2,0,0.003264396,0.006596867,0.07238849,0,0,21990.8505

17,True,False,0.02,0.25,Rot6,2,0,0.003264396,0.006596867,0.07238849,0,0,22005.0483

17,True,False,0.02,0.25,Rot6,2,0,0.003264396,0.006596867,0.07238849,0,0,22019.0121

17,True,False,0.02,0.25,Rot6,2,0,0.003264396,0.006596867,0.07238849,0,0,22033.1673

17,True,False,0.02,0.25,Rot6,2,0,0.003264396,0.006596867,0.07238849,0,0,22045.4331

17,True,False,0.02,0.25,Rot6,2,0,0.003264396,0.006596867,0.07238849,0,0,22072.314

17,True,False,0.02,0.25,Rot6,2,0,0.003264396,0.006596867,0.07238849,0,0,22087.3896

17,True,False,0.02,0.25,Rot6,2,0,0.003264396,0.006596867,0.07238849,0,0,22099.3438

17,True,False,0.02,0.25,Rot6,2,0,0.003264396,0.006596867,0.07238849,0,0,22113.3204

17,True,False,0.02,0.25,Rot6,2,0,0.003264396,0.006596867,0.07238849,0,0,22140.6906

17,True,False,0.02,0.25,Rot6,2,0,0.003264396,0.006596867,0.07238849,0,0,22168.7254

17,True,False,0.02,0.25,Rot6,2,0,0.003264396,0.006596867,0.07238849,0,0,22180.4028

17,True,False,0.02,0.25,Rot6,2,0,0.003264396,0.006596867,0.07238849,0,0,22193.0758

17,True,False,0.02,0.25,Rot6,2,0,0.003264396,0.006596867,0.07238849,0,0,22206.8907

17,True,False,0.02,0.25,Rot6,2,0,0.003264396,0.006596867,0.07238849,0,0,22219.4474

17,True,False,0.02,0.25,Rot6,2,0,0.003264396,0.006596867,0.07238849,0,0,22232.5507

17,True,False,0.02,0.25,Rot6,2,0,0.003264396,0.006596867,0.07238849,0,0,22247.1523

17,True,False,0.02,0.25,Rot6,2,0,0.003264396,0.006596867,0.07238849,0,0,22259.8784

17,True,False,0.02,0.25,Rot6,2,0,0.003264396,0.006596867,0.07238849,0,0,22286.7409

17,True,False,0.02,0.25,Rot6,2,0,0.003264396,0.006596867,0.07238849,0,0,22312.4184

17,True,False,0.02,0.25,Rot6,2,0,0.003264396,0.006596867,0.07238849,0,0,22326.2068

17,True,False,0.02,0.25,Rot6,2,0,0.003264396,0.006596867,0.07238849,0,0,22340.1019

17,True,False,0.02,0.25,Rot6,2,0,0.003264396,0.006596867,0.07238849,0,0,22353.381

17,True,False,0.02,0.25,Rot6,2,0,0.003264396,0.006596867,0.07238849,0,0,22367.7673

17,True,False,0.02,0.25,Rot6,2,0,0.003264396,0.006596867,0.07238849,0,0,22394.3312

17,True,False,0.02,0.25,Rot6,2,0,0.003264396,0.006596867,0.07238849,0,0,22422.6591

17,True,False,0.02,0.25,Rot6,2,0,0.003264396,0.006596867,0.07238849,0,0,22435.7081

17,True,False,0.02,0.25,Rot6,2,0,0.003264396,0.006596867,0.07238849,0,0,22449.215

17,True,False,0.02,0.25,Rot6,2,0,0.003264396,0.006596867,0.07238849,0,0,22463.5165

17,True,False,0.02,0.25,Rot6,2,0,0.003264396,0.006596867,0.07238849,0,0,22477.3351

17,True,False,0.02,0.25,Rot6,2,0,0.003264396,0.006596867,0.07238849,0,0,22490.2983

17,True,False,0.02,0.25,Rot6,2,0,0.003264396,0.006596867,0.07238849,0,0,22504.4702

17,True,False,0.02,0.25,Rot6,2,0,0.003264396,0.006596867,0.07238849,0,0,22518.5119

17,True,False,0.02,0.25,Rot6,2,0,0.003264396,0.006596867,0.07238849,0,0,22531.9353

17,True,False,0.02,0.25,Rot6,2,0,0.003264396,0.006596867,0.07238849,0,0,22546.0465

17,True,False,0.02,0.25,Rot6,2,0,0.003264396,0.006596867,0.07238849,0,0,22559.8873

17,True,False,0.02,0.25,Rot6,2,0,0.003264396,0.006596867,0.07238849,0,0,22586.878

17,True,False,0.02,0.25,Rot6,2,0,0.003264396,0.006596867,0.07238849,0,0,22613.5414

17,True,False,0.02,0.25,Rot6,2,0,0.003264396,0.006596867,0.07238849,0,0,22625.7515

17,True,False,0.02,0.25,Rot6,2,0,0.003264396,0.006596867,0.07238849,0,0,22638.8631

17,True,False,0.02,0.25,Rot6,2,0,0.003264396,0.006596867,0.07238849,0,0,22650.93

17,True,False,0.02,0.25,Rot6,2,0,0.003264396,0.006596867,0.07238849,0,0,22664.7122

17,True,False,0.02,0.25,Rot6,2,0,0.003264396,0.006596867,0.07238849,0,0,22690.8214

17,True,False,0.02,0.25,Rot6,2,0,0.003264396,0.006596867,0.07238849,0,0,22704.156

17,True,False,0.02,0.25,Rot6,2,0,0.003264396,0.006596867,0.07238849,0,0,22716.4504

17,True,False,0.02,0.25,Rot6,2,0,0.003264396,0.006596867,0.07238849,0,0,22729.7332

17,True,False,0.02,0.25,Rot6,2,0,0.003264396,0.006596867,0.07238849,0,0,22756.6409

17,True,False,0.02,0.25,Rot6,2,0,0.003264396,0.006596867,0.07238849,0,0,22771.1424

17,True,False,0.02,0.25,Rot6,2,0,0.003264396,0.006596867,0.07238849,0,0,22782.5736

17,True,False,0.02,0.25,Rot6,2,0,0.003264396,0.006596867,0.07238849,0,0,22796.7717

17,True,False,0.02,0.25,Rot6,2,0,0.003264396,0.006596867,0.07238849,0,0,22811.6783

17,True,False,0.02,0.25,Rot6,2,0,0.003264396,0.006596867,0.07238849,0,0,22836.65

17,True,False,0.02,0.25,Rot6,2,0,0.003264396,0.006596867,0.07238849,0,0,22864.3312

17,True,False,0.02,0.25,Rot6,2,0,0.003264396,0.006596867,0.07238849,0,0,22878.4556

17,True,False,0.02,0.25,Rot6,2,0,0.003264396,0.006596867,0.07238849,0,0,22892.114

17,True,False,0.02,0.25,Rot6,2,0,0.003264396,0.006596867,0.07238849,0,0,22906.615

17,True,False,0.02,0.25,Rot6,2,0,0.003264396,0.006596867,0.07238849,0,0,22922.3066

17,True,False,0.02,0.25,Rot6,2,0,0.003264396,0.006596867,0.07238849,0,0,22934.8219

17,True,False,0.02,0.25,Rot6,2,0,0.003264396,0.006596867,0.07238849,0,0,22947.5051

17,True,False,0.02,0.25,Rot6,2,0,0.003264396,0.006596867,0.07238849,0,0,22963.3702

17,True,False,0.02,0.25,Rot6,2,0,0.003264396,0.006596867,0.07238849,0,0,22989.9434

17,True,False,0.02,0.25,Rot6,2,0,0.003264396,0.006596867,0.07238849,0,0,23016.2298

17,True,False,0.02,0.25,Rot6,2,0,0.003264396,0.006596867,0.07238849,0,0,23031.3655

17,True,False,0.02,0.25,Rot6,2,0,0.003264396,0.006596867,0.07238849,0,0,23044.021

17,True,False,0.02,0.25,Rot6,2,0,0.003264396,0.006596867,0.07238849,0,0,23057.872

17,True,False,0.02,0.25,Rot6,2,0,0.003264396,0.006596867,0.07238849,0,0,23073.1867

17,True,False,0.02,0.25,Rot6,2,0,0.003264396,0.006596867,0.07238849,0,0,23099.0894

17,True,False,0.02,0.25,Rot6,2,0,0.003264396,0.006596867,0.07238849,0,0,23115.294

17,True,False,0.02,0.25,Rot6,2,0,0.003264396,0.006596867,0.07238849,0,0,23126.5

17,True,False,0.02,0.25,Rot6,2,0,0.003264396,0.006596867,0.07238849,0,0,23140.6196

17,True,False,0.02,0.25,Rot6,2,0,0.003264396,0.006596867,0.07238849,0,0,23155.6219

17,True,False,0.02,0.25,Rot6,2,0,0.003264396,0.006596867,0.07238849,0,0,23182.3142

17,True,False,0.02,0.25,Rot6,2,0,0.003264396,0.006596867,0.07238849,0,0,23209.1243

17,True,False,0.02,0.25,Rot6,2,0,0.003264396,0.006596867,0.07238849,0,0,23221.5948

17,True,False,0.02,0.25,Rot6,2,0,0.003264396,0.006596867,0.07238849,0,0,23234.7587

17,True,False,0.02,0.25,Rot6,2,0,0.003264396,0.006596867,0.07238849,0,0,23247.0572

17,True,False,0.02,0.25,Rot6,2,0,0.003264396,0.006596867,0.07238849,0,0,23260.8058

17,True,False,0.02,0.25,Rot6,2,0,0.003264396,0.006596867,0.07238849,0,0,23276.1494

17,True,False,0.02,0.25,Rot6,2,0,0.003264396,0.006596867,0.07238849,0,0,23299.5855

17,True,False,0.02,0.25,Rot6,2,0,0.003264396,0.006596867,0.07238849,0,0,23326.3697

17,True,False,0.02,0.25,Rot6,2,0,0.003264396,0.006596867,0.07238849,0,0,23339.9944

17,True,False,0.02,0.25,Rot6,2,0,0.003264396,0.006596867,0.07238849,0,0,23353.3246

17,True,False,0.02,0.25,Rot6,2,0,0.003264396,0.006596867,0.07238849,0,0,23367.4564

17,True,False,0.02,0.25,Rot6,2,0,0.003264396,0.006596867,0.07238849,0,0,23381.3185

17,True,False,0.02,0.25,Rot6,2,0,0.003264396,0.006596867,0.07238849,0,0,23394.8255

17,True,False,0.02,0.25,Rot6,2,0,0.003264396,0.006596867,0.07238849,0,0,23409.2904

17,True,False,0.02,0.25,Rot6,2,0,0.003264396,0.006596867,0.07238849,0,0,23422.7832

17,True,False,0.02,0.25,Rot6,2,0,0.003264396,0.006596867,0.07238849,0,0,23448.5237

17,True,False,0.02,0.25,Rot6,2,0,0.003264396,0.006596867,0.07238849,0,0,23464.4135

17,True,False,0.02,0.25,Rot6,2,0,0.003264396,0.006596867,0.07238849,0,0,23475.992

17,True,False,0.02,0.25,Rot6,2,0,0.003264396,0.006596867,0.07238849,0,0,23489.3164

17,True,False,0.02,0.25,Rot6,2,0,0.003264396,0.006596867,0.07238849,0,0,23505.2168

17,True,False,0.02,0.25,Rot6,2,0,0.003264396,0.006596867,0.07238849,0,0,23530.7632

17,True,False,0.02,0.25,Rot6,2,0,0.003264396,0.006596867,0.07238849,0,0,23557.3706

17,True,False,0.02,0.25,Rot6,2,0,0.003264396,0.006596867,0.07238849,0,0,23569.5453

17,True,False,0.02,0.25,Rot6,2,0,0.003264396,0.006596867,0.07238849,0,0,23582.5475

17,True,False,0.02,0.25,Rot6,2,0,0.003264396,0.006596867,0.07238849,0,0,23595.6528

17,True,False,0.02,0.25,Rot6,2,0,0.003264396,0.006596867,0.07238849,0,0,23608.3639

17,True,False,0.02,0.25,Rot6,2,0,0.003264396,0.006596867,0.07238849,0,0,23634.8272

17,True,False,0.02,0.25,Rot6,2,0,0.003264396,0.006596867,0.07238849,0,0,23648.5049

17,True,False,0.02,0.25,Rot6,2,0,0.003264396,0.006596867,0.07238849,0,0,23660.8833

17,True,False,0.02,0.25,Rot6,2,0,0.003264396,0.006596867,0.07238849,0,0,23674.1331

17,True,False,0.02,0.25,Rot6,2,0,0.003264396,0.006596867,0.07238849,0,0,23687.5681

17,True,False,0.02,0.25,Rot6,2,0,0.003264396,0.006596867,0.07238849,0,0,23714.3668

17,True,False,0.02,0.25,Rot6,2,0,0.003264396,0.006596867,0.07238849,0,0,23740.6837

17,True,False,0.02,0.25,Rot6,2,0,0.003264396,0.006596867,0.07238849,0,0,23754.2656

17,True,False,0.02,0.25,Rot6,2,0,0.003264396,0.006596867,0.07238849,0,0,23767.6442

17,True,False,0.02,0.25,Rot6,2,0,0.003264396,0.006596867,0.07238849,0,0,23781.0641

17,True,False,0.02,0.25,Rot6,2,0,0.003264396,0.006596867,0.07238849,0,0,23794.7576

17,True,False,0.02,0.25,Rot6,2,0,0.003264396,0.006596867,0.07238849,0,0,23822.1434

17,True,False,0.02,0.25,Rot6,2,0,0.003264396,0.006596867,0.07238849,0,0,23851.0159

17,True,False,0.02,0.25,Rot6,2,0,0.003264396,0.006596867,0.07238849,0,0,23864.5616

17,True,False,0.02,0.25,Rot6,2,0,0.003264396,0.006596867,0.07238849,0,0,23878.4183

17,True,False,0.02,0.25,Rot6,2,0,0.003264396,0.006596867,0.07238849,0,0,23892.5607

17,True,False,0.02,0.25,Rot6,2,0,0.003264396,0.006596867,0.07238849,0,0,23907.0833

17,True,False,0.02,0.25,Rot6,2,0,0.003264396,0.006596867,0.07238849,0,0,23920.9379

17,True,False,0.02,0.25,Rot6,2,0,0.003264396,0.006596867,0.07238849,0,0,23934.5295

17,True,False,0.02,0.25,Rot6,2,0,0.003264396,0.006596867,0.07238849,0,0,23948.6374

17,True,False,0.02,0.25,Rot6,2,0,0.003264396,0.006596867,0.07238849,0,0,23962.764

17,True,False,0.02,0.25,Rot6,2,0,0.003264396,0.006596867,0.07238849,0,0,23976.8972

17,True,False,0.02,0.25,Rot6,2,0,0.003264396,0.006596867,0.07238849,0,0,23990.931

17,True,False,0.02,0.25,Rot6,2,0,0.003264396,0.006596867,0.07238849,0,0,24017.8103

17,True,False,0.02,0.25,Rot6,2,0,0.003264396,0.006596867,0.07238849,0,0,24031.9993

17,True,False,0.02,0.25,Rot6,2,0,0.003264396,0.006596867,0.07238849,0,0,24045.223

17,True,False,0.02,0.25,Rot6,2,0,0.003264396,0.006596867,0.07238849,0,0,24059.4703

17,True,False,0.02,0.25,Rot6,2,0,0.003264396,0.006596867,0.07238849,0,0,24073.9087

17,True,False,0.02,0.25,Rot6,2,0,0.003264396,0.006596867,0.07238849,0,0,24099.8151

17,True,False,0.02,0.25,Rot6,2,0,0.003264396,0.006596867,0.07238849,0,0,24116.2062

17,True,False,0.02,0.25,Rot6,2,0,0.003264396,0.006596867,0.07238849,0,0,24127.5475

17,True,False,0.02,0.25,Rot6,2,0,0.003264396,0.006596867,0.07238849,0,0,24142.1068

17,True,False,0.02,0.25,Rot6,2,0,0.003264396,0.006596867,0.07238849,0,0,24169.4632

17,True,False,0.02,0.25,Rot6,2,0,0.003264396,0.006596867,0.07238849,0,0,24183.5239

17,True,False,0.02,0.25,Rot6,2,0,0.003264396,0.006596867,0.07238849,0,0,24197.862

17,True,False,0.02,0.25,Rot6,2,0,0.003264396,0.006596867,0.07238849,0,0,24211.4101

17,True,False,0.02,0.25,Rot6,2,0,0.003264396,0.006596867,0.07238849,0,0,24225.2259

17,True,False,0.02,0.25,Rot6,2,0,0.003264396,0.006596867,0.07238849,0,0,24239.1908

17,True,False,0.02,0.25,Rot6,2,0,0.003264396,0.006596867,0.07238849,0,0,24265.8516

17,True,False,0.02,0.25,Rot6,2,0,0.003264396,0.006596867,0.07238849,0,0,24282.3623

17,True,False,0.02,0.25,Rot6,2,0,0.003264396,0.006596867,0.07238849,0,0,24293.8633

17,True,False,0.02,0.25,Rot6,2,0,0.003264396,0.006596867,0.07238849,0,0,24306.5433

17,True,False,0.02,0.25,Rot6,2,0,0.003264396,0.006596867,0.07238849,0,0,24322.7691

17,True,False,0.02,0.25,Rot6,2,0,0.003264396,0.006596867,0.07238849,0,0,24347.7599

17,True,False,0.02,0.25,Rot6,2,0,0.003264396,0.006596867,0.07238849,0,0,24375.5213

17,True,False,0.02,0.25,Rot6,2,0,0.003264396,0.006596867,0.07238849,0,0,24387.6096

17,True,False,0.02,0.25,Rot6,2,0,0.003264396,0.006596867,0.07238849,0,0,24400.8892

17,True,False,0.02,0.25,Rot6,2,0,0.003264396,0.006596867,0.07238849,0,0,24413.8785

17,True,False,0.02,0.25,Rot6,2,0,0.003264396,0.006596867,0.07238849,0,0,24427.4528

17,True,False,0.02,0.25,Rot6,2,0,0.003264396,0.006596867,0.07238849,0,0,24442.3073

17,True,False,0.02,0.25,Rot6,2,0,0.003264396,0.006596867,0.07238849,0,0,24455.5441

17,True,False,0.02,0.25,Rot6,2,0,0.003264396,0.006596867,0.07238849,0,0,24480.6059

17,True,False,0.02,0.25,Rot6,2,0,0.003264396,0.006596867,0.07238849,0,0,24506.6154

17,True,False,0.02,0.25,Rot6,2,0,0.003264396,0.006596867,0.07238849,0,0,24520.9053

17,True,False,0.02,0.25,Rot6,2,0,0.003264396,0.006596867,0.07238849,0,0,24534.2742

17,True,False,0.02,0.25,Rot6,2,0,0.003264396,0.006596867,0.07238849,0,0,24547.8421

17,True,False,0.02,0.25,Rot6,2,0,0.003264396,0.006596867,0.07238849,0,0,24561.8655

17,True,False,0.02,0.25,Rot6,2,0,0.003264396,0.006596867,0.07238849,0,0,24576.4297

17,True,False,0.02,0.25,Rot6,2,0,0.003264396,0.006596867,0.07238849,0,0,24588.9661

17,True,False,0.02,0.25,Rot6,2,0,0.003264396,0.006596867,0.07238849,0,0,24603.9531

17,True,False,0.02,0.25,Rot6,2,0,0.003264396,0.006596867,0.07238849,0,0,24628.5838

17,True,False,0.02,0.25,Rot6,2,0,0.003264396,0.006596867,0.07238849,0,0,24657.7116

17,True,False,0.02,0.25,Rot6,2,0,0.003264396,0.006596867,0.07238849,0,0,24669.4501

17,True,False,0.02,0.25,Rot6,2,0,0.003264396,0.006596867,0.07238849,0,0,24682.7393

17,True,False,0.02,0.25,Rot6,2,0,0.003264396,0.006596867,0.07238849,0,0,24709.9361

17,True,False,0.02,0.25,Rot6,2,0,0.003264396,0.006596867,0.07238849,0,0,24737.196

17,True,False,0.02,0.25,Rot6,2,0,0.003264396,0.006596867,0.07238849,0,0,24749.3563

17,True,False,0.02,0.25,Rot6,2,0,0.003264396,0.006596867,0.07238849,0,0,24762.3117

17,True,False,0.02,0.25,Rot6,2,0,0.003264396,0.006596867,0.07238849,0,0,24775.2094

17,True,False,0.02,0.25,Rot6,2,0,0.003264396,0.006596867,0.07238849,0,0,24788.1068

17,True,False,0.02,0.25,Rot6,2,0,0.003264396,0.006596867,0.07238849,0,0,24801.5485

17,True,False,0.02,0.25,Rot6,2,0,0.003264396,0.006596867,0.07238849,0,0,24827.9358

17,True,False,0.02,0.25,Rot6,2,0,0.003264396,0.006596867,0.07238849,0,0,24854.1189

17,True,False,0.02,0.25,Rot6,2,0,0.003264396,0.006596867,0.07238849,0,0,24867.5605

17,True,False,0.02,0.25,Rot6,2,0,0.003264396,0.006596867,0.07238849,0,0,24881.3712

17,True,False,0.02,0.25,Rot6,2,0,0.003264396,0.006596867,0.07238849,0,0,24894.2123

17,True,False,0.02,0.25,Rot6,2,0,0.003264396,0.006596867,0.07238849,0,0,24907.7177

17,True,False,0.02,0.25,Rot6,2,0,0.003264396,0.006596867,0.07238849,0,0,24921.6179

17,True,False,0.02,0.25,Rot6,2,0,0.003264396,0.006596867,0.07238849,0,0,24935.8605

17,True,False,0.02,0.25,Rot6,2,0,0.003264396,0.006596867,0.07238849,0,0,24962.8294

17,True,False,0.02,0.25,Rot6,2,0,0.003264396,0.006596867,0.07238849,0,0,24976.534

17,True,False,0.02,0.25,Rot6,2,0,0.003264396,0.006596867,0.07238849,0,0,24989.9755

17,True,False,0.02,0.25,Rot6,2,0,0.003264396,0.006596867,0.07238849,0,0,25003.9781

17,True,False,0.02,0.25,Rot6,2,0,0.003264396,0.006596867,0.07238849,0,0,25020.1094

17,True,False,0.02,0.25,Rot6,2,0,0.003264396,0.006596867,0.07238849,0,0,25031.3507

17,True,False,0.02,0.25,Rot6,2,0,0.003264396,0.006596867,0.07238849,0,0,25058.3188

17,True,False,0.02,0.25,Rot6,2,0,0.003264396,0.006596867,0.07238849,0,0,25074.2542

17,True,False,0.02,0.25,Rot6,2,0,0.003264396,0.006596867,0.07238849,0,0,25085.6172

17,True,False,0.02,0.25,Rot6,2,0,0.003264396,0.006596867,0.07238849,0,0,25099.7489

17,True,False,0.02,0.25,Rot6,2,0,0.003264396,0.006596867,0.07238849,0,0,25127.4522

17,True,False,0.02,0.25,Rot6,2,0,0.003264396,0.006596867,0.07238849,0,0,25154.7895

17,True,False,0.02,0.25,Rot6,2,0,0.003264396,0.006596867,0.07238849,0,0,25166.8934

17,True,False,0.02,0.25,Rot6,2,0,0.003264396,0.006596867,0.07238849,0,0,25179.8229

17,True,False,0.02,0.25,Rot6,2,0,0.003264396,0.006596867,0.07238849,0,0,25192.6184

17,True,False,0.02,0.25,Rot6,2,0,0.003264396,0.006596867,0.07238849,0,0,25206.0469

17,True,False,0.02,0.25,Rot6,2,0,0.003264396,0.006596867,0.07238849,0,0,25219.3468

17,True,False,0.02,0.25,Rot6,2,0,0.003264396,0.006596867,0.07238849,0,0,25233.3489

17,True,False,0.02,0.25,Rot6,2,0,0.003264396,0.006596867,0.07238849,0,0,25260.5405

17,True,False,0.02,0.25,Rot6,2,0,0.003264396,0.006596867,0.07238849,0,0,25288.0487

17,True,False,0.02,0.25,Rot6,2,0,0.003264396,0.006596867,0.07238849,0,0,25300.4223

17,True,False,0.02,0.25,Rot6,2,0,0.003264396,0.006596867,0.07238849,0,0,25313.8438

17,True,False,0.02,0.25,Rot6,2,0,0.003264396,0.006596867,0.07238849,0,0,25326.9443

17,True,False,0.02,0.25,Rot6,2,0,0.003264396,0.006596867,0.07238849,0,0,25340.9628

17,True,False,0.02,0.25,Rot6,2,0,0.003264396,0.006596867,0.07238849,0,0,25354.7953

17,True,False,0.02,0.25,Rot6,2,0,0.003264396,0.006596867,0.07238849,0,0,25368.0133

17,True,False,0.02,0.25,Rot6,2,0,0.003264396,0.006596867,0.07238849,0,0,25382.1431

17,True,False,0.02,0.25,Rot6,2,0,0.003264396,0.006596867,0.07238849,0,0,25408.1508

17,True,False,0.02,0.25,Rot6,2,0,0.003264396,0.006596867,0.07238849,0,0,25434.6601

17,True,False,0.02,0.25,Rot6,2,0,0.003264396,0.006596867,0.07238849,0,0,25448.7874

17,True,False,0.02,0.25,Rot6,2,0,0.003264396,0.006596867,0.07238849,0,0,25462.5311

17,True,False,0.02,0.25,Rot6,2,0,0.003264396,0.006596867,0.07238849,0,0,25476.8282

17,True,False,0.02,0.25,Rot6,2,0,0.003264396,0.006596867,0.07238849,0,0,25490.4031

17,True,False,0.02,0.25,Rot6,2,0,0.003264396,0.006596867,0.07238849,0,0,25504.4046

17,True,False,0.02,0.25,Rot6,2,0,0.003264396,0.006596867,0.07238849,0,0,25518.6862

17,True,False,0.02,0.25,Rot6,2,0,0.003264396,0.006596867,0.07238849,0,0,25533.5114

17,True,False,0.02,0.25,Rot6,2,0,0.003264396,0.006596867,0.07238849,0,0,25558.9112

17,True,False,0.02,0.25,Rot6,2,0,0.003264396,0.006596867,0.07238849,0,0,25586.3366

17,True,False,0.02,0.25,Rot6,2,0,0.003264396,0.006596867,0.07238849,0,0,25600.9856

17,True,False,0.02,0.25,Rot6,2,0,0.003264396,0.006596867,0.07238849,0,0,25614.974

17,True,False,0.02,0.25,Rot6,2,0,0.003264396,0.006596867,0.07238849,0,0,25627.7156

17,True,False,0.02,0.25,Rot6,2,0,0.003264396,0.006596867,0.07238849,0,0,25642.1472

17,True,False,0.02,0.25,Rot6,2,0,0.003264396,0.006596867,0.07238849,0,0,25656.4217

17,True,False,0.02,0.25,Rot6,2,0,0.003264396,0.006596867,0.07238849,0,0,25670.0109

17,True,False,0.02,0.25,Rot6,2,0,0.003264396,0.006596867,0.07238849,0,0,25684.7812

17,True,False,0.02,0.25,Rot6,2,0,0.003264396,0.006596867,0.07238849,0,0,25710.6207

17,True,False,0.02,0.25,Rot6,2,0,0.003264396,0.006596867,0.07238849,0,0,25725.0669

17,True,False,0.02,0.25,Rot6,2,0,0.003264396,0.006596867,0.07238849,0,0,25738.8366

17,True,False,0.02,0.25,Rot6,2,0,0.003264396,0.006596867,0.07238849,0,0,25752.6992

17,True,False,0.02,0.25,Rot6,2,0,0.003264396,0.006596867,0.07238849,0,0,25767.3153

17,True,False,0.02,0.25,Rot6,2,0,0.003264396,0.006596867,0.07238849,0,0,25794.231

17,True,False,0.02,0.25,Rot6,2,0,0.003264396,0.006596867,0.07238849,0,0,25810.1532

17,True,False,0.02,0.25,Rot6,2,0,0.003264396,0.006596867,0.07238849,0,0,25821.7913

17,True,False,0.02,0.25,Rot6,2,0,0.003264396,0.006596867,0.07238849,0,0,25835.4685

17,True,False,0.02,0.25,Rot6,2,0,0.003264396,0.006596867,0.07238849,0,0,25850.7561

17,True,False,0.02,0.25,Rot6,2,0,0.003264396,0.006596867,0.07238849,0,0,25875.482

17,True,False,0.02,0.25,Rot6,2,0,0.003264396,0.006596867,0.07238849,0,0,25903.4993

17,True,False,0.02,0.25,Rot6,2,0,0.003264396,0.006596867,0.07238849,0,0,25915.7173

17,True,False,0.02,0.25,Rot6,2,0,0.003264396,0.006596867,0.07238849,0,0,25928.1754

17,True,False,0.02,0.25,Rot6,2,0,0.003264396,0.006596867,0.07238849,0,0,25941.8404

17,True,False,0.02,0.25,Rot6,2,0,0.003264396,0.006596867,0.07238849,0,0,25955.0443

17,True,False,0.02,0.25,Rot6,2,0,0.003264396,0.006596867,0.07238849,0,0,25967.689

17,True,False,0.02,0.25,Rot6,2,0,0.003264396,0.006596867,0.07238849,0,0,25982.3338

17,True,False,0.02,0.25,Rot6,2,0,0.003264396,0.006596867,0.07238849,0,0,26007.1466

17,True,False,0.02,0.25,Rot6,2,0,0.003264396,0.006596867,0.07238849,0,0,26033.4587

17,True,False,0.02,0.25,Rot6,2,0,0.003264396,0.006596867,0.07238849,0,0,26047.1959

17,True,False,0.02,0.25,Rot6,2,0,0.003264396,0.006596867,0.07238849,0,0,26061.0127

17,True,False,0.02,0.25,Rot6,2,0,0.003264396,0.006596867,0.07238849,0,0,26073.6079

17,True,False,0.02,0.25,Rot6,2,0,0.003264396,0.006596867,0.07238849,0,0,26087.7976

17,True,False,0.02,0.25,Rot6,2,0,0.003264396,0.006596867,0.07238849,0,0,26103.2605

17,True,False,0.02,0.25,Rot6,2,0,0.003264396,0.006596867,0.07238849,0,0,26115.4991

17,True,False,0.02,0.25,Rot6,2,0,0.003264396,0.006596867,0.07238849,0,0,26141.3239

17,True,False,0.02,0.25,Rot6,2,0,0.003264396,0.006596867,0.07238849,0,0,26168.6284

17,True,False,0.02,0.25,Rot6,2,0,0.003264396,0.006596867,0.07238849,0,0,26180.7407

17,True,False,0.02,0.25,Rot6,2,0,0.003264396,0.006596867,0.07238849,0,0,26193.4061

17,True,False,0.02,0.25,Rot6,2,0,0.003264396,0.006596867,0.07238849,0,0,26206.1016

17,True,False,0.02,0.25,Rot6,2,0,0.003264396,0.006596867,0.07238849,0,0,26219.7205

17,True,False,0.02,0.25,Rot6,2,0,0.003264396,0.006596867,0.07238849,0,0,26235.2626

17,True,False,0.02,0.25,Rot6,2,0,0.003264396,0.006596867,0.07238849,0,0,26247.1997

17,True,False,0.02,0.25,Rot6,2,0,0.003264396,0.006596867,0.07238849,0,0,26274.3952

17,True,False,0.02,0.25,Rot6,2,0,0.003264396,0.006596867,0.07238849,0,0,26302.0479

17,True,False,0.02,0.25,Rot6,2,0,0.003264396,0.006596867,0.07238849,0,0,26328.239

17,True,False,0.02,0.25,Rot6,2,0,0.003264396,0.006596867,0.07238849,0,0,26341.1517

17,True,False,0.02,0.25,Rot6,2,0,0.003264396,0.006596867,0.07238849,0,0,26354.7044

17,True,False,0.02,0.25,Rot6,2,0,0.003264396,0.006596867,0.07238849,0,0,26368.7512

17,True,False,0.02,0.25,Rot6,2,0,0.003264396,0.006596867,0.07238849,0,0,26382.2665

17,True,False,0.02,0.25,Rot6,2,0,0.003264396,0.006596867,0.07238849,0,0,26395.7601

17,True,False,0.02,0.25,Rot6,2,0,0.003264396,0.006596867,0.07238849,0,0,26409.8576

17,True,False,0.02,0.25,Rot6,2,0,0.003264396,0.006596867,0.07238849,0,0,26423.9079

17,True,False,0.02,0.25,Rot6,2,0,0.003264396,0.006596867,0.07238849,0,0,26448.8555

17,True,False,0.02,0.25,Rot6,2,0,0.003264396,0.006596867,0.07238849,0,0,26475.3922

17,True,False,0.02,0.25,Rot6,2,0,0.003264396,0.006596867,0.07238849,0,0,26489.7484

17,True,False,0.02,0.25,Rot6,2,0,0.003264396,0.006596867,0.07238849,0,0,26503.7016

17,True,False,0.02,0.25,Rot6,2,0,0.003264396,0.006596867,0.07238849,0,0,26516.5497

17,True,False,0.02,0.25,Rot6,2,0,0.003264396,0.006596867,0.07238849,0,0,26530.4963

17,True,False,0.02,0.25,Rot6,2,0,0.003264396,0.006596867,0.07238849,0,0,26545.6032

17,True,False,0.02,0.25,Rot6,2,0,0.003264396,0.006596867,0.07238849,0,0,26559.5447

17,True,False,0.02,0.25,Rot6,2,0,0.003264396,0.006596867,0.07238849,0,0,26584.5841

17,True,False,0.02,0.25,Rot6,2,0,0.003264396,0.006596867,0.07238849,0,0,26599.7065

17,True,False,0.02,0.25,Rot6,2,0,0.003264396,0.006596867,0.07238849,0,0,26611.2225

17,True,False,0.02,0.25,Rot6,2,0,0.003264396,0.006596867,0.07238849,0,0,26626.5319

17,True,False,0.02,0.25,Rot6,2,0,0.003264396,0.006596867,0.07238849,0,0,26652.0847

17,True,False,0.02,0.25,Rot6,2,0,0.003264396,0.006596867,0.07238849,0,0,26678.9924

17,True,False,0.02,0.25,Rot6,2,0,0.003264396,0.006596867,0.07238849,0,0,26691.6444

17,True,False,0.02,0.25,Rot6,2,0,0.003264396,0.006596867,0.07238849,0,0,26705.1314

17,True,False,0.02,0.25,Rot6,2,0,0.003264396,0.006596867,0.07238849,0,0,26718.1751

17,True,False,0.02,0.25,Rot6,2,0,0.003264396,0.006596867,0.07238849,0,0,26745.4959

17,True,False,0.02,0.25,Rot6,2,0,0.003264396,0.006596867,0.07238849,0,0,26772.3172

17,True,False,0.02,0.25,Rot6,2,0,0.003264396,0.006596867,0.07238849,0,0,26799.0465

17,True,False,0.02,0.25,Rot6,2,0,0.003264396,0.006596867,0.07238849,0,0,26826.7961

17,True,False,0.02,0.25,Rot6,2,0,0.003264396,0.006596867,0.07238849,0,0,26853.8333

17,True,False,0.02,0.25,Rot6,2,0,0.003264396,0.006596867,0.07238849,0,0,26880.9457

17,True,False,0.02,0.25,Rot6,2,0,0.003264396,0.006596867,0.07238849,0,0,26896.6711

17,True,False,0.02,0.25,Rot6,2,0,0.003264396,0.006596867,0.07238849,0,0,26910.0007

17,True,False,0.02,0.25,Rot6,2,0,0.003264396,0.006596867,0.07238849,0,0,26936.7361

17,True,False,0.02,0.25,Rot6,2,0,0.003264396,0.006596867,0.07238849,0,0,26950.4631

17,True,False,0.02,0.25,Rot6,2,0,0.003264396,0.006596867,0.07238849,0,0,26964.1455

17,True,False,0.02,0.25,Rot6,2,0,0.003264396,0.006596867,0.07238849,0,0,26978.1601

17,True,False,0.02,0.25,Rot6,2,0,0.003264396,0.006596867,0.07238849,0,0,26991.2595

17,True,False,0.02,0.25,Rot6,2,0,0.003264396,0.006596867,0.07238849,0,0,27005.4087

17,True,False,0.02,0.25,Rot6,2,0,0.003264396,0.006596867,0.07238849,0,0,27019.2315

17,True,False,0.02,0.25,Rot6,2,0,0.003264396,0.006596867,0.07238849,0,0,27032.4749

17,True,False,0.02,0.25,Rot6,2,0,0.003264396,0.006596867,0.07238849,0,0,27046.7042

17,True,False,0.02,0.25,Rot6,2,0,0.003264396,0.006596867,0.07238849,0,0,27060.8323

17,True,False,0.02,0.25,Rot6,2,0,0.003264396,0.006596867,0.07238849,0,0,27074.0633

17,True,False,0.02,0.25,Rot6,2,0,0.003264396,0.006596867,0.07238849,0,0,27100.4125

17,True,False,0.02,0.25,Rot6,2,0,0.003264396,0.006596867,0.07238849,0,0,27116.0384

17,True,False,0.02,0.25,Rot6,2,0,0.003264396,0.006596867,0.07238849,0,0,27127.6357

17,True,False,0.02,0.25,Rot6,2,0,0.003264396,0.006596867,0.07238849,0,0,27141.0853

17,True,False,0.02,0.25,Rot6,2,0,0.003264396,0.006596867,0.07238849,0,0,27167.6207

17,True,False,0.02,0.25,Rot6,2,0,0.003264396,0.006596867,0.07238849,0,0,27195.6449

17,True,False,0.02,0.25,Rot6,2,0,0.003264396,0.006596867,0.07238849,0,0,27206.3845

17,True,False,0.02,0.25,Rot6,2,0,0.003264396,0.006596867,0.07238849,0,0,27219.5421

17,True,False,0.02,0.25,Rot6,2,0,0.003264396,0.006596867,0.07238849,0,0,27232.2269

17,True,False,0.02,0.25,Rot6,2,0,0.003264396,0.006596867,0.07238849,0,0,27245.2297

17,True,False,0.02,0.25,Rot6,2,0,0.003264396,0.006596867,0.07238849,0,0,27260.7062

17,True,False,0.02,0.25,Rot6,2,0,0.003264396,0.006596867,0.07238849,0,0,27284.7271

17,True,False,0.02,0.25,Rot6,2,0,0.003264396,0.006596867,0.07238849,0,0,27311.2002

17,True,False,0.02,0.25,Rot6,2,0,0.003264396,0.006596867,0.07238849,0,0,27324.8239

17,True,False,0.02,0.25,Rot6,2,0,0.003264396,0.006596867,0.07238849,0,0,27338.8964

17,True,False,0.02,0.25,Rot6,2,0,0.003264396,0.006596867,0.07238849,0,0,27352.1581

17,True,False,0.02,0.25,Rot6,2,0,0.003264396,0.006596867,0.07238849,0,0,27365.3518

17,True,False,0.02,0.25,Rot6,2,0,0.003264396,0.006596867,0.07238849,0,0,27379.1883

17,True,False,0.02,0.25,Rot6,2,0,0.003264396,0.006596867,0.07238849,0,0,27393.3465

17,True,False,0.02,0.25,Rot6,2,0,0.003264396,0.006596867,0.07238849,0,0,27418.7725

17,True,False,0.02,0.25,Rot6,2,0,0.003264396,0.006596867,0.07238849,0,0,27434.3504

17,True,False,0.02,0.25,Rot6,2,0,0.003264396,0.006596867,0.07238849,0,0,27446.6767

17,True,False,0.02,0.25,Rot6,2,0,0.003264396,0.006596867,0.07238849,0,0,27460.5974

17,True,False,0.02,0.25,Rot6,2,0,0.003264396,0.006596867,0.07238849,0,0,27474.9206

17,True,False,0.02,0.25,Rot6,2,0,0.003264396,0.006596867,0.07238849,0,0,27500.906

17,True,False,0.02,0.25,Rot6,2,0,0.003264396,0.006596867,0.07238849,0,0,27516.4667

17,True,False,0.02,0.25,Rot6,2,0,0.003264396,0.006596867,0.07238849,0,0,27528.7312

17,True,False,0.02,0.25,Rot6,2,0,0.003264396,0.006596867,0.07238849,0,0,27542.8224

17,True,False,0.02,0.25,Rot6,2,0,0.003264396,0.006596867,0.07238849,0,0,27557.7732

17,True,False,0.02,0.25,Rot6,2,0,0.003264396,0.006596867,0.07238849,0,0,27583.1591

17,True,False,0.02,0.25,Rot6,2,0,0.003264396,0.006596867,0.07238849,0,0,27610.7829

17,True,False,0.02,0.25,Rot6,2,0,0.003264396,0.006596867,0.07238849,0,0,27623.3439

17,True,False,0.02,0.25,Rot6,2,0,0.003264396,0.006596867,0.07238849,0,0,27636.3144

17,True,False,0.02,0.25,Rot6,2,0,0.003264396,0.006596867,0.07238849,0,0,27649.2634

17,True,False,0.02,0.25,Rot6,2,0,0.003264396,0.006596867,0.07238849,0,0,27662.8956

17,True,False,0.02,0.25,Rot6,2,0,0.003264396,0.006596867,0.07238849,0,0,27688.9868

17,True,False,0.02,0.25,Rot6,2,0,0.003264396,0.006596867,0.07238849,0,0,27702.5606

17,True,False,0.02,0.25,Rot6,2,0,0.003264396,0.006596867,0.07238849,0,0,27715.6604

17,True,False,0.02,0.25,Rot6,2,0,0.003264396,0.006596867,0.07238849,0,0,27728.9279

17,True,False,0.02,0.25,Rot6,2,0,0.003264396,0.006596867,0.07238849,0,0,27743.6763

17,True,False,0.02,0.25,Rot6,2,0,0.003264396,0.006596867,0.07238849,0,0,27757.6299

17,True,False,0.02,0.25,Rot6,2,0,0.003264396,0.006596867,0.07238849,0,0,27781.9817

17,True,False,0.02,0.25,Rot6,2,0,0.003264396,0.006596867,0.07238849,0,0,27798.5241

17,True,False,0.02,0.25,Rot6,2,0,0.003264396,0.006596867,0.07238849,0,0,27810.3036

17,True,False,0.02,0.25,Rot6,2,0,0.003264396,0.006596867,0.07238849,0,0,27826.2161

17,True,False,0.02,0.25,Rot6,2,0,0.003264396,0.006596867,0.07238849,0,0,27850.9622

17,True,False,0.02,0.25,Rot6,2,0,0.003264396,0.006596867,0.07238849,0,0,27879.0526

17,True,False,0.02,0.25,Rot6,2,0,0.003264396,0.006596867,0.07238849,0,0,27892.6127

17,True,False,0.02,0.25,Rot6,2,0,0.003264396,0.006596867,0.07238849,0,0,27905.0772

17,True,False,0.02,0.25,Rot6,2,0,0.003264396,0.006596867,0.07238849,0,0,27919.6391

17,True,False,0.02,0.25,Rot6,2,0,0.003264396,0.006596867,0.07238849,0,0,27933.4823

17,True,False,0.02,0.25,Rot6,2,0,0.003264396,0.006596867,0.07238849,0,0,27947.2547

17,True,False,0.02,0.25,Rot6,2,0,0.003264396,0.006596867,0.07238849,0,0,27976.6634

17,True,False,0.02,0.25,Rot6,2,0,0.003264396,0.006596867,0.07238849,0,0,28002.1802

17,True,False,0.02,0.25,Rot6,2,0,0.003264396,0.006596867,0.07238849,0,0,28018.3626

17,True,False,0.02,0.25,Rot6,2,0,0.003264396,0.006596867,0.07238849,0,0,28029.961

17,True,False,0.02,0.25,Rot6,2,0,0.003264396,0.006596867,0.07238849,0,0,28044.0109

17,True,False,0.02,0.25,Rot6,2,0,0.003264396,0.006596867,0.07238849,0,0,28059.8715

17,True,False,0.02,0.25,Rot6,2,0,0.003264396,0.006596867,0.07238849,0,0,28072.3317

17,True,False,0.02,0.25,Rot6,2,0,0.003264396,0.006596867,0.07238849,0,0,28097.0883

17,True,False,0.02,0.25,Rot6,2,0,0.003264396,0.006596867,0.07238849,0,0,28125.124

17,True,False,0.02,0.25,Rot6,2,0,0.003264396,0.006596867,0.07238849,0,0,28137.2282

17,True,False,0.02,0.25,Rot6,2,0,0.003264396,0.006596867,0.07238849,0,0,28149.9579

17,True,False,0.02,0.25,Rot6,2,0,0.003264396,0.006596867,0.07238849,0,0,28163.6115

17,True,False,0.02,0.25,Rot6,2,0,0.003264396,0.006596867,0.07238849,0,0,28178.3741

17,True,False,0.02,0.25,Rot6,2,0,0.003264396,0.006596867,0.07238849,0,0,28188.9089

17,True,False,0.02,0.25,Rot6,2,0,0.003264396,0.006596867,0.07238849,0,0,28215.3244

17,True,False,0.02,0.25,Rot6,2,0,0.003264396,0.006596867,0.07238849,0,0,28241.8296

17,True,False,0.02,0.25,Rot6,2,0,0.003264396,0.006596867,0.07238849,0,0,28255.3664

17,True,False,0.02,0.25,Rot6,2,0,0.003264396,0.006596867,0.07238849,0,0,28268.9364

17,True,False,0.02,0.25,Rot6,2,0,0.003264396,0.006596867,0.07238849,0,0,28283.0362

17,True,False,0.02,0.25,Rot6,2,0,0.003264396,0.006596867,0.07238849,0,0,28296.0584

17,True,False,0.02,0.25,Rot6,2,0,0.003264396,0.006596867,0.07238849,0,0,28309.7788

17,True,False,0.02,0.25,Rot6,2,0,0.003264396,0.006596867,0.07238849,0,0,28324.9168

17,True,False,0.02,0.25,Rot6,2,0,0.003264396,0.006596867,0.07238849,0,0,28349.3444

17,True,False,0.02,0.25,Rot6,2,0,0.003264396,0.006596867,0.07238849,0,0,28365.3612

17,True,False,0.02,0.25,Rot6,2,0,0.003264396,0.006596867,0.07238849,0,0,28376.5914

17,True,False,0.02,0.25,Rot6,2,0,0.003264396,0.006596867,0.07238849,0,0,28390.1632

17,True,False,0.02,0.25,Rot6,2,0,0.003264396,0.006596867,0.07238849,0,0,28417.357

17,True,False,0.02,0.25,Rot6,2,0,0.003264396,0.006596867,0.07238849,0,0,28444.9922

17,True,False,0.02,0.25,Rot6,2,0,0.003264396,0.006596867,0.07238849,0,0,28457.3839

17,True,False,0.02,0.25,Rot6,2,0,0.003264396,0.006596867,0.07238849,0,0,28469.4864

17,True,False,0.02,0.25,Rot6,2,0,0.003264396,0.006596867,0.07238849,0,0,28483.2294

17,True,False,0.02,0.25,Rot6,2,0,0.003264396,0.006596867,0.07238849,0,0,28496.2308

17,True,False,0.02,0.25,Rot6,2,0,0.003264396,0.006596867,0.07238849,0,0,28508.6837

17,True,False,0.02,0.25,Rot6,2,0,0.003264396,0.006596867,0.07238849,0,0,28523.0976

17,True,False,0.02,0.25,Rot6,2,0,0.003264396,0.006596867,0.07238849,0,0,28548.3697

17,True,False,0.02,0.25,Rot6,2,0,0.003264396,0.006596867,0.07238849,0,0,28574.3779

17,True,False,0.02,0.25,Rot6,2,0,0.003264396,0.006596867,0.07238849,0,0,28588.3333

17,True,False,0.02,0.25,Rot6,2,0,0.003264396,0.006596867,0.07238849,0,0,28602.1268

17,True,False,0.02,0.25,Rot6,2,0,0.003264396,0.006596867,0.07238849,0,0,28615.9268

17,True,False,0.02,0.25,Rot6,2,0,0.003264396,0.006596867,0.07238849,0,0,28628.5696

17,True,False,0.02,0.25,Rot6,2,0,0.003264396,0.006596867,0.07238849,0,0,28642.477

17,True,False,0.02,0.25,Rot6,2,0,0.003264396,0.006596867,0.07238849,0,0,28658.4592

17,True,False,0.02,0.25,Rot6,2,0,0.003264389,0.006596867,0.07238849,7.450581E-09,3.06559054181598E-07,28682.7631

17,True,False,0.02,0.25,Rot6,2,0,0.003107231,0.006323502,0.07221286,0.0003609344,0.0237210295969967,28697.9789

17,True,False,0.02,0.25,Rot6,2,0,0.001643755,0.003854645,0.07063455,0.003275374,0.315856980633171,28708.3487

17,True,False,0.02,0.25,Rot6,2,0,0.0003790102,0.001981618,0.06952436,0.002518001,0.165503315773623,28723.5629

17,True,False,0.02,0.25,Rot6,2,0,-0.001207337,0.0001711373,0.06865763,0.00255843,0.0953513838581865,28750.3945

17,True,False,0.02,0.25,Rot6,2,0,-0.0028295,-0.001193114,0.0682504,0.002158339,0.0780589908361357,28778.0446

17,True,False,0.02,0.25,Rot6,2,0,-0.00346379,-0.001444119,0.0683551,0.000690137,0.0561813267675036,28790.3287

17,True,False,0.02,0.25,Rot6,2,0,-0.003472965,-0.00115063,0.06866077,0.0004238549,0.0313601918161112,28803.8444

17,True,False,0.02,0.25,Rot6,2,0,-0.003749512,-0.001207549,0.06908201,0.0005071114,0.0388504753807884,28816.8973

17,True,False,0.02,0.25,Rot6,2,0,-0.003749512,-0.001207549,0.06908201,0,0,28828.9452

17,True,False,0.02,0.25,Rot6,2,0,-0.004041843,-0.001477689,0.06948516,0.0005665367,0.040560193951089,28842.913

17,True,False,0.02,0.25,Rot6,2,0,-0.004346754,-0.00178926,0.06989881,0.0006009647,0.0214224754594087,28870.966

17,True,False,0.02,0.25,Rot6,2,0,-0.004501082,-0.002022543,0.07018025,0.0003967939,0.0308416970754638,28883.8315

17,True,False,0.02,0.25,Rot6,2,0,-0.004436204,-0.002280144,0.07051576,0.00042794,0.0305715113858832,28897.8295

17,True,False,0.02,0.25,Rot6,2,0,-0.004573219,-0.002602504,0.07082948,0.0004702235,0.0172137756596669,28925.1462

17,True,False,0.02,0.25,Rot6,2,0,-0.00470439,-0.002947856,0.07115127,0.0004899211,0.0387841257301567,28937.7782

17,True,False,0.02,0.25,Rot6,2,0,-0.004804164,-0.003523455,0.07167093,0.0007818692,0.0590152336653223,28951.0268

17,True,False,0.02,0.25,Rot6,2,0,-0.005149737,-0.004347995,0.0722184,0.001048336,0.0741827595883346,28965.1586

17,True,False,0.02,0.25,Rot6,2,0,-0.005162828,-0.005188467,0.07266419,0.0009514689,0.0679305282939774,28979.1651

17,True,False,0.02,0.25,Rot6,2,0,-0.005121008,-0.006029528,0.07310779,0.000951795,0.0685558413848096,28993.0486

17,True,False,0.02,0.25,Rot6,2,0,-0.004987393,-0.006950352,0.07359397,0.00104983,0.0760343910065668,29006.8559

17,True,False,0.02,0.25,Rot6,2,0,-0.004832108,-0.007859228,0.07406549,0.001035615,0.0406373540274865,29032.3402

17,True,False,0.02,0.25,Rot6,2,0,-0.004782599,-0.008760686,0.07436728,0.0009519226,0.0358648987770677,29058.8821

17,True,False,0.02,0.25,Rot6,2,0,-0.004703258,-0.009419652,0.07469945,0.0007422009,0.0535792307944081,29072.7345

17,True,False,0.02,0.25,Rot6,2,0,-0.004603185,-0.01012485,0.07505076,0.0007941925,0.0591810951998471,29086.1542

17,True,False,0.02,0.25,Rot6,2,0,-0.004409925,-0.01106131,0.07553752,0.001072961,0.0745588007140204,29100.545

17,True,False,0.02,0.25,Rot6,2,0,-0.004379523,-0.01176951,0.0754914,0.0007103445,0.0521430319403065,29114.168

17,True,False,0.02,0.25,Rot6,2,0,-0.00434962,-0.01239876,0.07543901,0.0006321372,0.04479938035638,29128.2784

17,True,False,0.02,0.25,Rot6,2,0,-0.004312136,-0.01273376,0.07560101,0.0003740003,0.0265301093536025,29142.3756

17,True,False,0.02,0.25,Rot6,2,0,-0.004274298,-0.01302974,0.07574338,0.0003306079,0.0122225102336174,29169.4247

17,True,False,0.02,0.25,Rot6,2,0,-0.004233208,-0.01344297,0.07582514,0.0004232393,0.0297925772693228,29183.6309

17,True,False,0.02,0.25,Rot6,2,0,-0.00415475,-0.01405465,0.07590868,0.0006223203,0.047096951621402,29196.8445

17,True,False,0.02,0.25,Rot6,2,0,-0.004053601,-0.01428582,0.07593763,0.0002539913,0.0207079541056162,29209.1099

17,True,False,0.02,0.25,Rot6,2,0,-0.003958591,-0.01447287,0.07595411,0.0002104408,0.00744775617934036,29237.3655

17,True,False,0.02,0.25,Rot6,2,0,-0.003842295,-0.01459864,0.0759854,0.0001741292,0.0119274759712833,29251.9645

17,True,False,0.02,0.25,Rot6,2,0,-0.003585261,-0.01485558,0.07604321,0.000368009,0.0303440027006566,29264.0924

17,True,False,0.02,0.25,Rot6,2,0,-0.003396683,-0.01497064,0.07602701,0.0002215024,0.0170642413699154,29277.0729

17,True,False,0.02,0.25,Rot6,2,0,-0.003199697,-0.01508364,0.07600839,0.0002278548,0.0155436810129169,29291.7319

17,True,False,0.02,0.25,Rot6,2,0,-0.002989851,-0.01519784,0.07598216,0.0002403429,0.0161208736260234,29306.6407

17,True,False,0.02,0.25,Rot6,2,0,-0.002846,-0.01539905,0.07596526,0.0002479192,0.00987529079100443,29331.7457

17,True,False,0.02,0.25,Rot6,2,0,-0.002678854,-0.01550338,0.07597777,0.000197434,0.00707927952352297,29359.6347

17,True,False,0.02,0.25,Rot6,2,0,-0.002411612,-0.01549961,0.0760744,0.0002841993,0.0215791308998143,29372.8048

17,True,False,0.02,0.25,Rot6,2,0,-0.00213597,-0.01549421,0.07616811,0.0002911866,0.0259044389800864,29384.0456

17,True,False,0.02,0.25,Rot6,2,0,-0.001877495,-0.01596548,0.0760238,0.0005565301,0.0402661211228092,29397.8669

17,True,False,0.02,0.25,Rot6,2,0,-0.001877495,-0.01596548,0.0760238,0,0,29410.2059

17,True,False,0.02,0.25,Rot6,2,0,-0.001697757,-0.01628826,0.07596092,0.0003747637,0.0252824111866016,29425.029

17,True,False,0.02,0.25,Rot6,2,0,-0.001538841,-0.01654293,0.07592984,0.000301792,0.0119940066250215,29450.1909

17,True,False,0.02,0.25,Rot6,2,0,-0.001449926,-0.01655714,0.0759863,0.0001062802,0.00403485763477915,29476.5314

17,True,False,0.02,0.25,Rot6,2,0,-0.001358547,-0.01657874,0.07603221,0.0001045196,0.00749824826655128,29490.4706

17,True,False,0.02,0.25,Rot6,2,0,-0.001275667,-0.01659281,0.07606846,9.15517E-05,0.00675259634083292,29504.0286

17,True,False,0.02,0.25,Rot6,2,0,-0.001290225,-0.01653372,0.07613998,9.390678E-05,0.00693637924625518,29517.5669

17,True,False,0.02,0.25,Rot6,2,0,-0.001311203,-0.01646882,0.07621336,0.0001001877,0.00751713874837642,29530.8948

17,True,False,0.02,0.25,Rot6,2,0,-0.001269979,-0.01640669,0.07629333,0.0001093382,0.00760454821995198,29545.2728

17,True,False,0.02,0.25,Rot6,2,0,-0.001229972,-0.01634086,0.07637453,0.000111926,0.00842340693126682,29558.5603

17,True,False,0.02,0.25,Rot6,2,0,-0.001173594,-0.01634607,0.07636742,5.706282E-05,0.00210186963919706,29585.7089

17,True,False,0.02,0.25,Rot6,2,0,-0.001116321,-0.01635312,0.07635531,5.896399E-05,0.00400070516945459,29600.4473

17,True,False,0.02,0.25,Rot6,2,0,-0.000957296,-0.01626951,0.07644483,0.0002007358,0.0163722974294266,29612.708

17,True,False,0.02,0.25,Rot6,2,0,-0.0008759282,-0.01622449,0.07649001,0.0001033866,0.00253692067904889,29653.4608

17,True,False,0.02,0.25,Rot6,2,0,-0.0007681109,-0.01619246,0.07654294,0.0001243065,0.00875601102068747,29667.6575

17,True,False,0.02,0.25,Rot6,2,0,-0.0005441315,-0.01558658,0.07663579,0.0006525955,0.0538662892893739,29679.7726

17,True,False,0.02,0.25,Rot6,2,0,-0.0004669649,-0.01536701,0.07666489,0.000234542,0.0143640514679041,29696.101

17,True,False,0.02,0.25,Rot6,2,0,-0.0003707863,-0.01520728,0.07668401,0.0001874336,0.00779651180043198,29720.1417

17,True,False,0.02,0.25,Rot6,2,0,-0.0002727487,-0.01503262,0.07670309,0.0002011974,0.00783204311714659,29745.8307

17,True,False,0.02,0.25,Rot6,2,0,-0.0001232929,-0.01490291,0.07671531,0.0001982677,0.0151637587627813,29758.9058

17,True,False,0.02,0.25,Rot6,2,0,1.963163E-05,-0.01476655,0.07672688,0.0001978813,0.0149118163614413,29772.1759

17,True,False,0.02,0.25,Rot6,2,0,1.9952E-05,-0.01476602,0.07672675,6.297201E-07,4.48982275985262E-05,29786.2014

17,True,False,0.02,0.25,Rot6,2,0,0.0001113809,-0.01481502,0.07664515,0.000131978,0.00979414239781018,29799.6766

17,True,False,0.02,0.25,Rot6,2,0,0.0001323356,-0.01472927,0.07663827,8.853915E-05,0.00617677646094951,29814.0108

17,True,False,0.02,0.25,Rot6,2,0,0.0001486235,-0.01463874,0.07663234,9.217653E-05,0.00709612472382587,29827.0005

17,True,False,0.02,0.25,Rot6,2,0,0.0001996107,-0.01449559,0.07667419,0.0001576202,0.00619939542032034,29852.4256

17,True,False,0.02,0.25,Rot6,2,0,0.0002506099,-0.01433966,0.07672019,0.0001703778,0.00647009966979438,29878.7587

17,True,False,0.02,0.25,Rot6,2,0,0.0003314217,-0.01404788,0.07671729,0.0003027804,0.0215289087371261,29892.8226

17,True,False,0.02,0.25,Rot6,2,0,0.0004063121,-0.01374154,0.07671241,0.0003154034,0.0227163902904791,29906.707

17,True,False,0.02,0.25,Rot6,2,0,0.0004751304,-0.01340837,0.07689268,0.0003850124,0.0275429906093991,29920.6856

17,True,False,0.02,0.25,Rot6,2,0,0.0005403975,-0.01306847,0.07708237,0.000394674,0.0303756645549744,29933.6787

17,True,False,0.02,0.25,Rot6,2,0,0.0006364159,-0.0129979,0.07706961,0.0001198458,0.00844764122215341,29947.8656

17,True,False,0.02,0.25,Rot6,2,0,0.0007187644,-0.01296993,0.07705611,8.800889E-05,0.00328498026999504,29974.6569

17,True,False,0.02,0.25,Rot6,2,0,0.0008057303,-0.01299942,0.07705277,9.188801E-05,0.00320749550584377,30003.3048

17,True,False,0.02,0.25,Rot6,2,0,0.0009655826,-0.01295211,0.07712735,0.0001826284,0.0139792998926312,30016.369

17,True,False,0.02,0.25,Rot6,2,0,0.001127496,-0.01290067,0.07720929,0.000188614,0.0157055265659035,30028.3784

17,True,False,0.02,0.25,Rot6,2,0,0.001188333,-0.01290614,0.07722341,6.269351E-05,0.00469519326138852,30041.7311

17,True,False,0.02,0.25,Rot6,2,0,0.001249112,-0.01291396,0.07723704,6.277835E-05,0.00489175610730321,30054.5646

17,True,False,0.02,0.25,Rot6,2,0,0.001308198,-0.01292359,0.07725063,6.138876E-05,0.00499648070338646,30066.851

17,True,False,0.02,0.25,Rot6,2,0,0.001308187,-0.01292366,0.07725059,7.418497E-08,5.54790898747072E-06,30080.2227

17,True,False,0.02,0.25,Rot6,2,0,0.001443798,-0.01295761,0.07725947,0.0001400769,0.00951499559230652,30094.9444

17,True,False,0.02,0.25,Rot6,2,0,0.001571841,-0.01293933,0.07725988,0.0001293405,0.00509264778453211,30120.3419

17,True,False,0.02,0.25,Rot6,2,0,0.001703753,-0.01292018,0.07725792,0.0001333105,0.00505645826602491,30146.7063

17,True,False,0.02,0.25,Rot6,2,0,0.002020105,-0.01299057,0.07720123,0.0003290084,0.0246825377384331,30160.0359

17,True,False,0.02,0.25,Rot6,2,0,0.00238386,-0.01302896,0.0772102,0.0003658856,0.0278695673445699,30173.1644

17,True,False,0.02,0.25,Rot6,2,0,0.002610161,-0.01303743,0.07718565,0.0002277864,0.0159468518119278,30187.4485

17,True,False,0.02,0.25,Rot6,2,0,0.002861197,-0.01304489,0.0771459,0.0002542709,0.0187013409198335,30201.0449

17,True,False,0.02,0.25,Rot6,2,0,0.002978645,-0.01316503,0.07707694,0.0001816135,0.0133940145052934,30214.6042

17,True,False,0.02,0.25,Rot6,2,0,0.00308977,-0.01329482,0.07700804,0.0001842339,0.0129904093457664,30228.7865

17,True,False,0.02,0.25,Rot6,2,0,0.003113031,-0.01339562,0.07691519,0.0001390018,0.00970805095013276,30243.1047

17,True,False,0.02,0.25,Rot6,2,0,0.0031328,-0.01349317,0.07681713,0.0001397209,0.00568391529104256,30267.6865

17,True,False,0.02,0.25,Rot6,2,0,0.003297135,-0.01324975,0.07666117,0.000332541,0.0125913377387939,30294.0968

17,True,False,0.02,0.25,Rot6,2,0,0.003212079,-0.0129276,0.07628638,0.0005014829,0.0349183143877068,30308.4584

17,True,False,0.02,0.25,Rot6,2,0,0.003212079,-0.0129276,0.07628638,0,0,30322.739

17,True,False,0.02,0.25,Rot6,2,0,0.003212079,-0.0129276,0.07628638,0,0,30336.7421

17,True,False,0.02,0.25,Rot6,2,0,0.003212079,-0.0129276,0.07628638,0,0,30350.1762

17,True,False,0.02,0.25,Rot6,2,0,0.003212079,-0.0129276,0.07628638,0,0,30365.0968

17,True,False,0.02,0.25,Rot6,2,0,0.003212079,-0.0129276,0.07628638,0,0,30392.1676

17,True,False,0.02,0.25,Rot6,2,0,0.003212079,-0.0129276,0.07628638,0,0,30406.1322

17,True,False,0.02,0.25,Rot6,2,0,0.003212079,-0.0129276,0.07628638,0,0,30419.5115

17,True,False,0.02,0.25,Rot6,2,0,0.003212079,-0.0129276,0.07628638,0,0,30433.2712

17,True,False,0.02,0.25,Rot6,2,0,0.003212079,-0.0129276,0.07628638,0,0,30447.4574

17,True,False,0.02,0.25,Rot6,2,0,0.003212079,-0.0129276,0.07628638,0,0,30461.4628

17,True,False,0.02,0.25,Rot6,2,0,0.003212079,-0.0129276,0.07628638,0,0,30487.6952

17,True,False,0.02,0.25,Rot6,2,0,0.003212079,-0.0129276,0.07628638,0,0,30515.0596

17,True,False,0.02,0.25,Rot6,2,0,0.003212079,-0.0129276,0.07628638,0,0,30527.3119

17,True,False,0.02,0.25,Rot6,2,0,0.003212079,-0.0129276,0.07628638,0,0,30540.1546

17,True,False,0.02,0.25,Rot6,2,0,0.003212079,-0.0129276,0.07628638,0,0,30552.875

17,True,False,0.02,0.25,Rot6,2,0,0.003212079,-0.0129276,0.07628638,0,0,30566.3831

17,True,False,0.02,0.25,Rot6,2,0,0.003212079,-0.0129276,0.07628638,0,0,30580.597

17,True,False,0.02,0.25,Rot6,2,0,0.003212079,-0.0129276,0.07628638,0,0,30593.8416

17,True,False,0.02,0.25,Rot6,2,0,0.003212079,-0.0129276,0.07628638,0,0,30619.6493

17,True,False,0.02,0.25,Rot6,2,0,0.003212079,-0.0129276,0.07628638,0,0,30646.0735

17,True,False,0.02,0.25,Rot6,2,0,0.003212079,-0.0129276,0.07628638,0,0,30659.5715

17,True,False,0.02,0.25,Rot6,2,0,0.003212079,-0.0129276,0.07628638,0,0,30672.8355

17,True,False,0.02,0.25,Rot6,2,0,0.003212079,-0.0129276,0.07628638,0,0,30686.9543

17,True,False,0.02,0.25,Rot6,2,0,0.003212079,-0.0129276,0.07628638,0,0,30700.7349

17,True,False,0.02,0.25,Rot6,2,0,0.003212079,-0.0129276,0.07628638,0,0,30714.3359

17,True,False,0.02,0.25,Rot6,2,0,0.003212079,-0.0129276,0.07628638,0,0,30727.8278

17,True,False,0.02,0.25,Rot6,2,0,0.003212079,-0.0129276,0.07628638,0,0,30743.4487

17,True,False,0.02,0.25,Rot6,2,0,0.003212079,-0.0129276,0.07628638,0,0,30767.3914

17,True,False,0.02,0.25,Rot6,2,0,0.003212079,-0.0129276,0.07628638,0,0,30794.482

17,True,False,0.02,0.25,Rot6,2,0,0.003212079,-0.0129276,0.07628638,0,0,30808.7967

17,True,False,0.02,0.25,Rot6,2,0,0.003212079,-0.0129276,0.07628638,0,0,30823.2948

17,True,False,0.02,0.25,Rot6,2,0,0.003212079,-0.0129276,0.07628638,0,0,30836.6361

17,True,False,0.02,0.25,Rot6,2,0,0.003212079,-0.0129276,0.07628638,0,0,30849.8971

17,True,False,0.02,0.25,Rot6,2,0,0.003212079,-0.0129276,0.07628638,0,0,30864.0683

17,True,False,0.02,0.25,Rot6,2,0,0.003212079,-0.0129276,0.07628638,0,0,30890.8094

17,True,False,0.02,0.25,Rot6,2,0,0.003212079,-0.0129276,0.07628638,0,0,30918.2309

17,True,False,0.02,0.25,Rot6,2,0,0.003212079,-0.0129276,0.07628638,0,0,30932.8818

17,True,False,0.02,0.25,Rot6,2,0,0.003212079,-0.0129276,0.07628638,0,0,30947.6499

17,True,False,0.02,0.25,Rot6,2,0,0.003212079,-0.0129276,0.07628638,0,0,30961.2157

17,True,False,0.02,0.25,Rot6,2,0,0.003212079,-0.0129276,0.07628638,0,0,30974.01

17,True,False,0.02,0.25,Rot6,2,0,0.003212079,-0.0129276,0.07628638,0,0,30986.764

17,True,False,0.02,0.25,Rot6,2,0,0.003212079,-0.0129276,0.07628638,0,0,31001.2737

17,True,False,0.02,0.25,Rot6,2,0,0.003212079,-0.0129276,0.07628638,0,0,31014.2413

17,True,False,0.02,0.25,Rot6,2,0,0.003212079,-0.0129276,0.07628638,0,0,31041.83

17,True,False,0.02,0.25,Rot6,2,0,0.003212079,-0.0129276,0.07628638,0,0,31068.0061

17,True,False,0.02,0.25,Rot6,2,0,0.003212079,-0.0129276,0.07628638,0,0,31079.7405

17,True,False,0.02,0.25,Rot6,2,0,0.003212079,-0.0129276,0.07628638,0,0,31092.657

17,True,False,0.02,0.25,Rot6,2,0,0.003212079,-0.0129276,0.07628638,0,0,31106.478

17,True,False,0.02,0.25,Rot6,2,0,0.003212079,-0.0129276,0.07628638,0,0,31119.9618

17,True,False,0.02,0.25,Rot6,2,0,0.003212079,-0.0129276,0.07628638,0,0,31132.9325

17,True,False,0.02,0.25,Rot6,2,0,0.003212079,-0.0129276,0.07628638,0,0,31146.6598

17,True,False,0.02,0.25,Rot6,2,0,0.003212079,-0.0129276,0.07628638,0,0,31160.0895

17,True,False,0.02,0.25,Rot6,2,0,0.003212079,-0.0129276,0.07628638,0,0,31186.3021

17,True,False,0.02,0.25,Rot6,2,0,0.003212079,-0.0129276,0.07628638,0,0,31212.6473

17,True,False,0.02,0.25,Rot6,2,0,0.003212079,-0.0129276,0.07628638,0,0,31226.6364

17,True,False,0.02,0.25,Rot6,2,0,0.003212079,-0.0129276,0.07628638,0,0,31240.5251

17,True,False,0.02,0.25,Rot6,2,0,0.003212079,-0.0129276,0.07628638,0,0,31253.9624

17,True,False,0.02,0.25,Rot6,2,0,0.003212079,-0.0129276,0.07628638,0,0,31267.4492

17,True,False,0.02,0.25,Rot6,2,0,0.003212079,-0.0129276,0.07628638,0,0,31280.9144

17,True,False,0.02,0.25,Rot6,2,0,0.003212079,-0.0129276,0.07628638,0,0,31309.4236

17,True,False,0.02,0.25,Rot6,2,0,0.003212079,-0.0129276,0.07628638,0,0,31335.4236

17,True,False,0.02,0.25,Rot6,2,0,0.003212079,-0.0129276,0.07628638,0,0,31350.7286

17,True,False,0.02,0.25,Rot6,2,0,0.003212084,-0.01292753,0.07628638,6.355594E-08,5.31026816286487E-06,31362.6971

17,True,False,0.02,0.25,Rot6,2,0,0.003208423,-0.01292743,0.07629059,5.585323E-06,0.000401293471484416,31376.6154

17,True,False,0.02,0.25,Rot6,2,0,0.00311921,-0.01292039,0.07639539,0.0001378098,0.00846835890459889,31392.8889

17,True,False,0.02,0.25,Rot6,2,0,0.002821039,-0.01283378,0.07678831,0.0005007883,0.0207505799729361,31417.0226

17,True,False,0.02,0.25,Rot6,2,0,0.002278218,-0.01252543,0.07762401,0.001043135,0.0667396923973961,31432.6525

17,True,False,0.02,0.25,Rot6,2,0,0.001991709,-0.01206224,0.07848394,0.001017899,0.0811650323187633,31445.1936

17,True,False,0.02,0.25,Rot6,2,0,0.001923394,-0.01167786,0.07889204,0.0005647694,0.0375823906883581,31460.2211

17,True,False,0.02,0.25,Rot6,2,0,0.001900219,-0.01130056,0.07913165,0.0004475497,0.0174054470382488,31485.9343

17,True,False,0.02,0.25,Rot6,2,0,0.001918453,-0.01103,0.07925788,0.0002991142,0.0196709329384823,31501.1402

17,True,False,0.02,0.25,Rot6,2,0,0.00224113,-0.01073059,0.07924369,0.0004404195,0.0392404848755068,31512.3638

17,True,False,0.02,0.25,Rot6,2,0,0.002425361,-0.01047868,0.07923193,0.0003123116,0.0236732435626336,31525.5564

17,True,False,0.02,0.25,Rot6,2,0,0.002628,-0.01020021,0.07920817,0.00034521,0.0230837142099864,31540.5111

17,True,False,0.02,0.25,Rot6,2,0,0.002878505,-0.009866999,0.07917938,0.0004178662,0.0273013446708251,31555.8168

17,True,False,0.02,0.25,Rot6,2,0,0.003146271,-0.009506602,0.0791401,0.0004506974,0.0180054266860185,31580.848

17,True,False,0.02,0.25,Rot6,2,0,0.003240162,-0.008807175,0.07915321,0.0007058225,0.0253998073148756,31608.6365

17,True,False,0.02,0.25,Rot6,2,0,0.003430496,-0.008113311,0.07901475,0.000732698,0.056295995585385,31621.6516

17,True,False,0.02,0.25,Rot6,2,0,0.003627311,-0.007359514,0.07885125,0.0007960389,0.0603288283635843,31634.8466

17,True,False,0.02,0.25,Rot6,2,0,0.003726925,-0.006541782,0.07880663,0.0008249852,0.0633750837392747,31647.8641

17,True,False,0.02,0.25,Rot6,2,0,0.003727261,-0.006539674,0.07880655,2.135657E-06,0.000160066667379896,31661.2064

17,True,False,0.02,0.25,Rot6,2,0,0.003807682,-0.005568737,0.07870261,0.0009797901,0.0687924420789407,31675.4491

17,True,False,0.02,0.25,Rot6,2,0,0.003873292,-0.004571754,0.07857695,0.001007011,0.0401737495878871,31700.5155

17,True,False,0.02,0.25,Rot6,2,0,0.0038979,-0.003767128,0.07846071,0.0008133515,0.0299392814890142,31727.6822

17,True,False,0.02,0.25,Rot6,2,0,0.003882089,-0.00309301,0.07836563,0.0006809731,0.0508044817923887,31741.086

17,True,False,0.02,0.25,Rot6,2,0,0.003859007,-0.002390275,0.07826009,0.0007109909,0.0529192223675737,31754.5214

17,True,False,0.02,0.25,Rot6,2,0,0.003981976,-0.001615236,0.07813911,0.0007940041,0.0553976938802786,31768.8542

17,True,False,0.02,0.25,Rot6,2,0,0.004146744,-0.0008198619,0.07799358,0.0008251959,0.0620644011122786,31782.15

17,True,False,0.02,0.25,Rot6,2,0,0.004302712,-4.844811E-05,0.0778445,0.000801018,0.0589473630133613,31795.7387

17,True,False,0.02,0.25,Rot6,2,0,0.004320847,0.0006493984,0.07768898,0.0007151949,0.0278283791682186,31821.4389

17,True,False,0.02,0.25,Rot6,2,0,0.004296081,0.001342019,0.07752535,0.0007121188,0.0461842007667619,31836.858

17,True,False,0.02,0.25,Rot6,2,0,0.004282493,0.001939113,0.07746533,0.0006002574,0.0487748480725931,31849.1647

17,True,False,0.02,0.25,Rot6,2,0,0.004275503,0.002335104,0.07742586,0.0003980139,0.0270825893043352,31863.861

17,True,False,0.02,0.25,Rot6,2,0,0.00425024,0.002685871,0.07739556,0.0003529789,0.0229227904473677,31879.2596

17,True,False,0.02,0.25,Rot6,2,0,0.004224973,0.003029684,0.07736769,0.0003458644,0.0289857999628088,31891.1918

17,True,False,0.02,0.25,Rot6,2,0,0.004198995,0.003368966,0.07734199,0.0003412448,0.0129507605302373,31917.5412

17,True,False,0.02,0.25,Rot6,2,0,0.004180873,0.00358421,0.07740146,0.0002240425,0.0135891201839686,31934.0281

17,True,False,0.02,0.25,Rot6,2,0,0.004098487,0.00408129,0.07743105,0.000504729,0.0443125659553306,31945.4183

17,True,False,0.02,0.25,Rot6,2,0,0.004020127,0.004468978,0.07748231,0.0003988367,0.0279062888810473,31959.7103

17,True,False,0.02,0.25,Rot6,2,0,0.003955368,0.004751425,0.07753519,0.0002945605,0.0215451111140603,31973.3821

17,True,False,0.02,0.25,Rot6,2,0,0.003889094,0.005012271,0.07758752,0.0002741738,0.0105377707940873,31999.4003

17,True,False,0.02,0.25,Rot6,2,0,0.003854463,0.005188045,0.07756336,0.0001807736,0.00639385873414187,32027.6733

17,True,False,0.02,0.25,Rot6,2,0,0.00373246,0.005411466,0.0774518,0.0002779328,0.0226870923621644,32039.924

17,True,False,0.02,0.25,Rot6,2,0,0.00360504,0.005611958,0.07732169,0.0002708532,0.0210979386456334,32052.7619

17,True,False,0.02,0.25,Rot6,2,0,0.0035402,0.005706768,0.07725225,0.0001342199,0.00958542372426881,32066.7644

17,True,False,0.02,0.25,Rot6,2,0,0.0035402,0.005706768,0.07725225,0,0,32079.9796

17,True,False,0.02,0.25,Rot6,2,0,0.003440064,0.005856726,0.07720686,0.0001859431,0.00719775011777776,32105.8131

17,True,False,0.02,0.25,Rot6,2,0,0.003334003,0.005998656,0.07715644,0.0001842165,0.0139253080360204,32119.042

17,True,False,0.02,0.25,Rot6,2,0,0.003103663,0.006268775,0.0770523,0.0003699553,0.0136353345927369,32146.1741

17,True,False,0.02,0.25,Rot6,2,0,0.003001476,0.006462292,0.07704047,0.0002191593,0.00785010828224158,32174.0921

17,True,False,0.02,0.25,Rot6,2,0,0.002850544,0.006790932,0.07707688,0.00036347,0.0276253905540785,32187.2492

17,True,False,0.02,0.25,Rot6,2,0,0.002705355,0.007106254,0.07712017,0.0003498312,0.0253679148531782,32201.0395

17,True,False,0.02,0.25,Rot6,2,0,0.002644936,0.007272375,0.07713503,0.0001773907,0.0132515579359229,32214.4259

17,True,False,0.02,0.25,Rot6,2,0,0.002584648,0.007437865,0.07715271,0.0001770147,0.0129060823272599,32228.1415

17,True,False,0.02,0.25,Rot6,2,0,0.002492937,0.007528565,0.07721032,0.0001412688,0.0108118555060823,32241.2076

17,True,False,0.02,0.25,Rot6,2,0,0.002400961,0.00761406,0.07727137,0.0001396281,0.00508906149521029,32268.6445

17,True,False,0.02,0.25,Rot6,2,0,0.002370397,0.007548922,0.07729959,7.728638E-05,0.00293081150594119,32295.0148

17,True,False,0.02,0.25,Rot6,2,0,0.002129075,0.007469307,0.07741471,0.0002789789,0.0194661340115788,32309.3463

17,True,False,0.02,0.25,Rot6,2,0,0.001869632,0.007357934,0.07754109,0.0003093305,0.0221046648513275,32323.3402

17,True,False,0.02,0.25,Rot6,2,0,0.001735518,0.007294608,0.07760692,0.0001622677,0.0114383348732196,32337.5265

17,True,False,0.02,0.25,Rot6,2,0,0.001729655,0.00713426,0.07768546,0.0001786442,0.0140791104445668,32350.2151

17,True,False,0.02,0.25,Rot6,2,0,0.001726639,0.006960763,0.07776681,0.0001916443,0.0133216780930757,32364.601

17,True,False,0.02,0.25,Rot6,2,0,0.001681824,0.006715637,0.07786617,0.000268268,0.0101706834730254,32390.9776

17,True,False,0.02,0.25,Rot6,2,0,0.001635846,0.006451882,0.07796875,0.0002867134,0.0192631984854656,32405.8616

17,True,False,0.02,0.25,Rot6,2,0,0.001574414,0.005939777,0.07824374,0.0005845025,0.0427345985458479,32419.5391

17,True,False,0.02,0.25,Rot6,2,0,0.001537983,0.005617901,0.07841772,0.0003676953,0.0288101469091292,32432.3018

17,True,False,0.02,0.25,Rot6,2,0,0.0014272,0.005318237,0.0785747,0.0003559706,0.0267850457964937,32445.5917

17,True,False,0.02,0.25,Rot6,2,0,0.001301078,0.00496197,0.07874128,0.0004130156,0.0270854767798503,32460.8403

17,True,False,0.02,0.25,Rot6,2,0,0.00122599,0.004686835,0.07884344,0.0003029435,0.0120936018688277,32485.8902

17,True,False,0.02,0.25,Rot6,2,0,0.001154807,0.004431868,0.07894488,0.0002834851,0.0175268836833998,32502.0645

17,True,False,0.02,0.25,Rot6,2,0,0.0009575508,0.003908846,0.07922225,0.0006240157,0.0563521645806645,32513.138

17,True,False,0.02,0.25,Rot6,2,0,0.0008068702,0.003498863,0.07944468,0.0004901693,0.0382875947048119,32525.9403

17,True,False,0.02,0.25,Rot6,2,0,0.0006779174,0.003237026,0.07949656,0.0002964437,0.0106143806468036,32553.8688

17,True,False,0.02,0.25,Rot6,2,0,0.0005509073,0.003001045,0.07954553,0.0002724272,0.0225678042497865,32565.9403

17,True,False,0.02,0.25,Rot6,2,0,0.0006162098,0.002524175,0.07962866,0.0004884475,0.0380484945890799,32578.7778

17,True,False,0.02,0.25,Rot6,2,0,0.0006850606,0.002175789,0.07967694,0.000358391,0.0138071561352436,32604.7347

17,True,False,0.02,0.25,Rot6,2,0,0.0006839877,0.002176379,0.0796777,1.441079E-06,0.000110191927391713,32617.8126

17,True,False,0.02,0.25,Rot6,2,0,0.0005759263,0.001989479,0.07971888,0.0002197832,0.0168024858864459,32630.893

17,True,False,0.02,0.25,Rot6,2,0,0.0006336906,0.001719233,0.07965541,0.0002835455,0.0194689278500789,32645.457

17,True,False,0.02,0.25,Rot6,2,0,0.0007118547,0.001389266,0.07956983,0.0003497309,0.0131557912190018,32672.0408

17,True,False,0.02,0.25,Rot6,2,0,0.0006848071,0.001187804,0.07950398,0.0002136714,0.0163336090711064,32685.1225

17,True,False,0.02,0.25,Rot6,2,0,0.0006777961,0.0008626195,0.07935777,0.0003566107,0.0256796511810057,32699.0094

17,True,False,0.02,0.25,Rot6,2,0,0.0006945301,0.0005319986,0.07918562,0.0003731278,0.0289358542968458,32711.9044

17,True,False,0.02,0.25,Rot6,2,0,0.0007274114,0.000184266,0.07899418,0.0003983047,0.0312011611323482,32724.6701

17,True,False,0.02,0.25,Rot6,2,0,0.000658216,7.99736E-05,0.07894237,0.0001354625,0.00498615997277415,32751.8378

17,True,False,0.02,0.25,Rot6,2,0,0.0005859826,-2.301222E-05,0.07888804,0.0001370206,0.00880442252358034,32767.4005

17,True,False,0.02,0.25,Rot6,2,0,0.0005471128,-0.0004641001,0.07886376,0.0004434624,0.0406674640003567,32778.3051

17,True,False,0.02,0.25,Rot6,2,0,0.0005290452,-0.000694264,0.07885158,0.0002311932,0.0183882127662657,32790.878

17,True,False,0.02,0.25,Rot6,2,0,0.0005121193,-0.000937072,0.07883905,0.0002437197,0.00867292687302968,32818.9792

17,True,False,0.02,0.25,Rot6,2,0,0.0005505568,-0.001425786,0.0788679,0.0004910711,0.0178885512805262,32846.4309

17,True,False,0.02,0.25,Rot6,2,0,0.0005018691,-0.002119333,0.07906533,0.0007227436,0.0586537769882374,32858.7531

17,True,False,0.02,0.25,Rot6,2,0,0.0004431622,-0.002657148,0.07940958,0.0006412505,0.051453161329042,32871.2159

17,True,False,0.02,0.25,Rot6,2,0,0.0003994422,-0.00324535,0.07963779,0.0006324313,0.0455527280506711,32885.0994

17,True,False,0.02,0.25,Rot6,2,0,0.0003994291,-0.003250365,0.07963768,5.016739E-06,0.00039647047249183,32897.7529

17,True,False,0.02,0.25,Rot6,2,0,0.0003284325,-0.003971287,0.07989778,0.0007696862,0.0588022556338381,32910.8423

17,True,False,0.02,0.25,Rot6,2,0,0.0002646033,-0.00468692,0.08017628,0.0007705633,0.0290124986246404,32937.402

17,True,False,0.02,0.25,Rot6,2,0,0.0003479753,-0.005138544,0.08022909,0.0004622817,0.0334376112608595,32951.2272

17,True,False,0.02,0.25,Rot6,2,0,0.0004739254,-0.005763708,0.080285,0.0006401716,0.0232683900051497,32978.7397

17,True,False,0.02,0.25,Rot6,2,0,0.0005402076,-0.00621921,0.08038263,0.0004705395,0.0179608949480752,33004.9377

17,True,False,0.02,0.25,Rot6,2,0,0.0006274222,-0.006801659,0.08037085,0.00058906,0.0432528054069681,33018.5567

17,True,False,0.02,0.25,Rot6,2,0,0.0007292735,-0.007386215,0.08033994,0.0005941673,0.0441651692617373,33032.01

17,True,False,0.02,0.25,Rot6,2,0,0.0008089946,-0.007972308,0.08028072,0.0005944478,0.0441427077820382,33045.4765

17,True,False,0.02,0.25,Rot6,2,0,0.0008888183,-0.008557686,0.0802149,0.0005944496,0.0431652061861286,33059.248

17,True,False,0.02,0.25,Rot6,2,0,0.0009648179,-0.009122412,0.08014587,0.0005739839,0.036121882659133,33075.1382

17,True,False,0.02,0.25,Rot6,2,0,0.001008327,-0.009291526,0.08007875,0.0001870751,0.00766217574584734,33099.5536

17,True,False,0.02,0.25,Rot6,2,0,0.001035371,-0.00945004,0.08001376,0.0001734414,0.00636439988081187,33126.8054

17,True,False,0.02,0.25,Rot6,2,0,0.0011685,-0.009645265,0.0800259,0.0002366079,0.0198638218019252,33138.7169

17,True,False,0.02,0.25,Rot6,2,0,0.001321967,-0.009819542,0.08004166,0.0002327516,0.0190382092146882,33150.9424

17,True,False,0.02,0.25,Rot6,2,0,0.001403894,-0.009901728,0.08005045,0.0001163781,0.00847718014157905,33164.6708

17,True,False,0.02,0.25,Rot6,2,0,0.001403884,-0.009901707,0.08005047,2.770587E-08,2.16011631144272E-06,33177.4969

17,True,False,0.02,0.25,Rot6,2,0,0.001457357,-0.01003653,0.08007279,0.0001467518,0.011001872152145,33190.8357

17,True,False,0.02,0.25,Rot6,2,0,0.001510383,-0.01017105,0.08009879,0.0001469058,0.0109172477300637,33204.292

17,True,False,0.02,0.25,Rot6,2,0,0.001535195,-0.01021576,0.08009706,5.116922E-05,0.00191498690220452,33231.0124

17,True,False,0.02,0.25,Rot6,2,0,0.001534173,-0.01035259,0.08005041,0.000144569,0.00555460093927701,33257.0393

17,True,False,0.02,0.25,Rot6,2,0,0.001516137,-0.01062946,0.07995121,0.0002946494,0.0217932716553829,33270.5595

17,True,False,0.02,0.25,Rot6,2,0,0.00160298,-0.01084095,0.07984695,0.0002512808,0.0092489763235035,33297.728

17,True,False,0.02,0.25,Rot6,2,0,0.001584384,-0.01099057,0.07985415,0.0001509446,0.00534510111594377,33325.9678

17,True,False,0.02,0.25,Rot6,2,0,0.00155192,-0.01129552,0.07983343,0.000307375,0.0243197575021957,33338.6067

17,True,False,0.02,0.25,Rot6,2,0,0.001516166,-0.01162846,0.07980748,0.0003358583,0.0249282484066091,33352.0797

17,True,False,0.02,0.25,Rot6,2,0,0.001498471,-0.01182371,0.07978979,0.0001968418,0.0138376365496051,33366.3048

17,True,False,0.02,0.25,Rot6,2,0,0.001565852,-0.01221506,0.07965195,0.0004203531,0.0322062797404546,33379.3567

17,True,False,0.02,0.25,Rot6,2,0,0.00169439,-0.01272078,0.07945458,0.0005578808,0.0390320262960036,33393.6496

17,True,False,0.02,0.25,Rot6,2,0,0.00169439,-0.01272078,0.07945458,0,0,33407.8097

17,True,False,0.02,0.25,Rot6,2,0,0.00169439,-0.01272078,0.07945458,0,0,33433.6181

17,True,False,0.02,0.25,Rot6,2,0,0.00169439,-0.01272078,0.07945458,0,0,33460.8967

17,True,False,0.02,0.25,Rot6,2,0,0.00169439,-0.01272078,0.07945458,0,0,33475.1948

17,True,False,0.02,0.25,Rot6,2,0,0.00169439,-0.01272078,0.07945458,0,0,33488.5213

17,True,False,0.02,0.25,Rot6,2,0,0.00169439,-0.01272078,0.07945458,0,0,33503.1516

17,True,False,0.02,0.25,Rot6,2,0,0.00169439,-0.01272078,0.07945458,0,0,33517.4954

17,True,False,0.02,0.25,Rot6,2,0,0.00169439,-0.01272078,0.07945458,0,0,33530.8887

17,True,False,0.02,0.25,Rot6,2,0,0.00169439,-0.01272078,0.07945458,0,0,33545.4066

17,True,False,0.02,0.25,Rot6,2,0,0.00169439,-0.01272078,0.07945458,0,0,33559.4124

17,True,False,0.02,0.25,Rot6,2,0,0.00169439,-0.01272078,0.07945458,0,0,33574.1982

17,True,False,0.02,0.25,Rot6,2,0,0.00169439,-0.01272078,0.07945458,0,0,33599.0129

17,True,False,0.02,0.25,Rot6,2,0,0.00169439,-0.01272078,0.07945458,0,0,33614.9013

17,True,False,0.02,0.25,Rot6,2,0,0.00169439,-0.01272078,0.07945458,0,0,33626.212

17,True,False,0.02,0.25,Rot6,2,0,0.00169439,-0.01272078,0.07945458,0,0,33640.1939

17,True,False,0.02,0.25,Rot6,2,0,0.00169439,-0.01272078,0.07945458,0,0,33656.7278

17,True,False,0.02,0.25,Rot6,2,0,0.00169439,-0.01272078,0.07945458,0,0,33680.9082

17,True,False,0.02,0.25,Rot6,2,0,0.00169439,-0.01272078,0.07945458,0,0,33695.3721

17,True,False,0.02,0.25,Rot6,2,0,0.00169439,-0.01272078,0.07945458,0,0,33708.0409

17,True,False,0.02,0.25,Rot6,2,0,0.00169439,-0.01272078,0.07945458,0,0,33724.0714

17,True,False,0.02,0.25,Rot6,2,0,0.00169439,-0.01272078,0.07945458,0,0,33749.4641

17,True,False,0.02,0.25,Rot6,2,0,0.00169439,-0.01272078,0.07945458,0,0,33764.7624

17,True,False,0.02,0.25,Rot6,2,0,0.00169439,-0.01272078,0.07945458,0,0,33776.2624

17,True,False,0.02,0.25,Rot6,2,0,0.00169439,-0.01272078,0.07945458,0,0,33789.0675

17,True,False,0.02,0.25,Rot6,2,0,0.00169439,-0.01272078,0.07945458,0,0,33817.3299

17,True,False,0.02,0.25,Rot6,2,0,0.00169439,-0.01272078,0.07945458,0,0,33842.2462

17,True,False,0.02,0.25,Rot6,2,0,0.00169439,-0.01272078,0.07945458,0,0,33855.3134

17,True,False,0.02,0.25,Rot6,2,0,0.00169439,-0.01272078,0.07945458,0,0,33868.3368

17,True,False,0.02,0.25,Rot6,2,0,0.00169439,-0.01272078,0.07945458,0,0,33882.4945

17,True,False,0.02,0.25,Rot6,2,0,0.00169439,-0.01272078,0.07945458,0,0,33895.8553

17,True,False,0.02,0.25,Rot6,2,0,0.00169439,-0.01272078,0.07945458,0,0,33909.0986

17,True,False,0.02,0.25,Rot6,2,0,0.00169439,-0.01272078,0.07945458,0,0,33923.613

17,True,False,0.02,0.25,Rot6,2,0,0.00169439,-0.01272078,0.07945458,0,0,33949.886

17,True,False,0.02,0.25,Rot6,2,0,0.00169439,-0.01272078,0.07945458,0,0,33964.9221

17,True,False,0.02,0.25,Rot6,2,0,0.00169439,-0.01272078,0.07945458,0,0,33976.4974

17,True,False,0.02,0.25,Rot6,2,0,0.00169439,-0.01272078,0.07945458,0,0,33990.3563

17,True,False,0.02,0.25,Rot6,2,0,0.00169439,-0.01272078,0.07945458,0,0,34004.5508

17,True,False,0.02,0.25,Rot6,2,0,0.00169439,-0.01272078,0.07945458,0,0,34030.6379

17,True,False,0.02,0.25,Rot6,2,0,0.00169439,-0.01272078,0.07945458,0,0,34046.2077

17,True,False,0.02,0.25,Rot6,2,0,0.00169439,-0.01272078,0.07945458,0,0,34058.0768

17,True,False,0.02,0.25,Rot6,2,0,0.00169439,-0.01272078,0.07945458,0,0,34071.5511

17,True,False,0.02,0.25,Rot6,2,0,0.00169439,-0.01272078,0.07945458,0,0,34098.9579

17,True,False,0.02,0.25,Rot6,2,0,0.00169439,-0.01272078,0.07945458,0,0,34126.103

17,True,False,0.02,0.25,Rot6,2,0,0.00169439,-0.01272078,0.07945458,0,0,34138.1952

17,True,False,0.02,0.25,Rot6,2,0,0.00169439,-0.01272078,0.07945458,0,0,34150.7431

17,True,False,0.02,0.25,Rot6,2,0,0.00169439,-0.01272078,0.07945458,0,0,34164.2761

17,True,False,0.02,0.25,Rot6,2,0,0.00169439,-0.01272078,0.07945458,0,0,34177.4544

17,True,False,0.02,0.25,Rot6,2,0,0.00169439,-0.01272078,0.07945458,0,0,34190.5865

17,True,False,0.02,0.25,Rot6,2,0,0.00169439,-0.01272078,0.07945458,0,0,34204.8212

17,True,False,0.02,0.25,Rot6,2,0,0.00169439,-0.01272078,0.07945458,0,0,34228.9438

17,True,False,0.02,0.25,Rot6,2,0,0.00169439,-0.01272078,0.07945458,0,0,34255.1985

17,True,False,0.02,0.25,Rot6,2,0,0.00169439,-0.01272078,0.07945458,0,0,34269.1969

17,True,False,0.02,0.25,Rot6,2,0,0.00169439,-0.01272078,0.07945458,0,0,34282.0602

17,True,False,0.02,0.25,Rot6,2,0,0.00169439,-0.01272078,0.07945458,0,0,34295.5933

17,True,False,0.02,0.25,Rot6,2,0,0.00169439,-0.01272078,0.07945458,0,0,34310.2532

17,True,False,0.02,0.25,Rot6,2,0,0.00169439,-0.01272078,0.07945458,0,0,34323.4446

17,True,False,0.02,0.25,Rot6,2,0,0.00169439,-0.01272078,0.07945458,0,0,34350.1986

17,True,False,0.02,0.25,Rot6,2,0,0.00169439,-0.01272078,0.07945458,0,0,34364.2182

17,True,False,0.02,0.25,Rot6,2,0,0.00169439,-0.01272078,0.07945458,0,0,34377.7682

17,True,False,0.02,0.25,Rot6,2,0,0.00169439,-0.01272078,0.07945458,0,0,34391.9748

17,True,False,0.02,0.25,Rot6,2,0,0.00169439,-0.01272078,0.07945458,0,0,34406.7044

17,True,False,0.02,0.25,Rot6,2,0,0.00169439,-0.01272078,0.07945458,0,0,34432.3134

17,True,False,0.02,0.25,Rot6,2,0,0.00169439,-0.01272078,0.07945458,0,0,34461.6385

17,True,False,0.02,0.25,Rot6,2,0,0.00169439,-0.01272078,0.07945458,0,0,34475.5207

17,True,False,0.02,0.25,Rot6,2,0,0.00169439,-0.01272078,0.07945458,0,0,34489.2876

17,True,False,0.02,0.25,Rot6,2,0,0.00169439,-0.01272078,0.07945458,0,0,34503.6618

17,True,False,0.02,0.25,Rot6,2,0,0.00169439,-0.01272078,0.07945458,0,0,34517.0437

17,True,False,0.02,0.25,Rot6,2,0,0.00169439,-0.01272078,0.07945458,0,0,34530.7367

17,True,False,0.02,0.25,Rot6,2,0,0.00169439,-0.01272078,0.07945458,0,0,34544.5813

17,True,False,0.02,0.25,Rot6,2,0,0.00169439,-0.01272078,0.07945458,0,0,34558.8231

17,True,False,0.02,0.25,Rot6,2,0,0.00169439,-0.01272078,0.07945458,0,0,34572.2617

17,True,False,0.02,0.25,Rot6,2,0,0.00169439,-0.01272078,0.07945458,0,0,34587.7001

17,True,False,0.02,0.25,Rot6,2,0,0.00169439,-0.01272078,0.07945458,0,0,34612.3904

17,True,False,0.02,0.25,Rot6,2,0,0.00169439,-0.01272078,0.07945458,0,0,34638.0157

17,True,False,0.02,0.25,Rot6,2,0,0.00169439,-0.01272078,0.07945458,0,0,34650.1498

17,True,False,0.02,0.25,Rot6,2,0,0.00169439,-0.01272078,0.07945458,0,0,34665.0911

17,True,False,0.02,0.25,Rot6,2,0,0.00169439,-0.01272078,0.07945458,0,0,34679.9455

17,True,False,0.02,0.25,Rot6,2,0,0.00169439,-0.01272078,0.07945458,0,0,34705.0336

17,True,False,0.02,0.25,Rot6,2,0,0.00169439,-0.01272078,0.07945458,0,0,34730.5322

17,True,False,0.02,0.25,Rot6,2,0,0.00169439,-0.01272078,0.07945458,0,0,34743.9254

17,True,False,0.02,0.25,Rot6,2,0,0.00169439,-0.01272078,0.07945458,0,0,34757.5947

17,True,False,0.02,0.25,Rot6,2,0,0.00169439,-0.01272078,0.07945458,0,0,34770.8521

17,True,False,0.02,0.25,Rot6,2,0,0.00169439,-0.01272078,0.07945458,0,0,34784.9237

17,True,False,0.02,0.25,Rot6,2,0,0.00169439,-0.01272078,0.07945458,0,0,34800.5203

17,True,False,0.02,0.25,Rot6,2,0,0.00169439,-0.01272078,0.07945458,0,0,34824.8558

17,True,False,0.02,0.25,Rot6,2,0,0.00169439,-0.01272078,0.07945458,0,0,34851.171

17,True,False,0.02,0.25,Rot6,2,0,0.00169439,-0.01272078,0.07945458,0,0,34865.0859

17,True,False,0.02,0.25,Rot6,2,0,0.00169439,-0.01272078,0.07945458,0,0,34877.3421

17,True,False,0.02,0.25,Rot6,2,0,0.00169439,-0.01272078,0.07945458,0,0,34891.4096

17,True,False,0.02,0.25,Rot6,2,0,0.00169439,-0.01272078,0.07945458,0,0,34906.1978

17,True,False,0.02,0.25,Rot6,2,0,0.00169439,-0.01272078,0.07945458,0,0,34919.5036

17,True,False,0.02,0.25,Rot6,2,0,0.00169439,-0.01272078,0.07945458,0,0,34932.3137

17,True,False,0.02,0.25,Rot6,2,0,0.00169439,-0.01272078,0.07945458,0,0,34960.3628

17,True,False,0.02,0.25,Rot6,2,0,0.00169439,-0.01272078,0.07945458,0,0,34973.1909

17,True,False,0.02,0.25,Rot6,2,0,0.00169439,-0.01272078,0.07945458,0,0,34984.8673

17,True,False,0.02,0.25,Rot6,2,0,0.00169439,-0.01272078,0.07945458,0,0,35002.0128

17,True,False,0.02,0.25,Rot6,2,0,0.00169439,-0.01272078,0.07945458,0,0,35027.5627

17,True,False,0.02,0.25,Rot6,2,0,0.00169439,-0.01272078,0.07945458,0,0,35041.2403

17,True,False,0.02,0.25,Rot6,2,0,0.00169439,-0.01272078,0.07945458,0,0,35065.2119

17,True,False,0.02,0.25,Rot6,2,0,0.00169439,-0.01272078,0.07945458,0,0,35078.2248

17,True,False,0.02,0.25,Rot6,2,0,0.00169439,-0.01272078,0.07945458,0,0,35091.406

17,True,False,0.02,0.25,Rot6,2,0,0.00169439,-0.01272078,0.07945458,0,0,35105.0409

17,True,False,0.02,0.25,Rot6,2,0,0.00169439,-0.01272078,0.07945458,0,0,35118.4247

17,True,False,0.02,0.25,Rot6,2,0,0.00169439,-0.01272078,0.07945458,0,0,35145.4281

17,True,False,0.02,0.25,Rot6,2,0,0.00169439,-0.01272078,0.07945458,0,0,35159.1548

17,True,False,0.02,0.25,Rot6,2,0,0.00169439,-0.01272078,0.07945458,0,0,35171.8952

17,True,False,0.02,0.25,Rot6,2,0,0.00169439,-0.01272078,0.07945458,0,0,35186.0995

17,True,False,0.02,0.25,Rot6,2,0,0.00169439,-0.01272078,0.07945458,0,0,35200.5832

17,True,False,0.02,0.25,Rot6,2,0,0.00169439,-0.01272078,0.07945458,0,0,35213.3273

17,True,False,0.02,0.25,Rot6,2,0,0.00169439,-0.01272078,0.07945458,0,0,35238.8392

17,True,False,0.02,0.25,Rot6,2,0,0.00169439,-0.01272078,0.07945458,0,0,35252.4091

17,True,False,0.02,0.25,Rot6,2,0,0.00169439,-0.01272078,0.07945458,0,0,35265.4357

17,True,False,0.02,0.25,Rot6,2,0,0.00169439,-0.01272078,0.07945458,0,0,35292.2622

17,True,False,0.02,0.25,Rot6,2,0,0.00169439,-0.01272078,0.07945458,0,0,35319.496

17,True,False,0.02,0.25,Rot6,2,0,0.00169439,-0.01272078,0.07945458,0,0,35331.7205

17,True,False,0.02,0.25,Rot6,2,0,0.00169439,-0.01272078,0.07945458,0,0,35344.6878

17,True,False,0.02,0.25,Rot6,2,0,0.00169439,-0.01272078,0.07945458,0,0,35358.1521

17,True,False,0.02,0.25,Rot6,2,0,0.00169439,-0.01272078,0.07945458,0,0,35370.7207

17,True,False,0.02,0.25,Rot6,2,0,0.00169439,-0.01272078,0.07945458,0,0,35384.5403

17,True,False,0.02,0.25,Rot6,2,0,0.00169439,-0.01272078,0.07945458,0,0,35410.5801

17,True,False,0.02,0.25,Rot6,2,0,0.00169439,-0.01272078,0.07945458,0,0,35423.7607

17,True,False,0.02,0.25,Rot6,2,0,0.00169439,-0.01272078,0.07945458,0,0,35437.0579

17,True,False,0.02,0.25,Rot6,2,0,0.00169439,-0.01272078,0.07945458,0,0,35450.5702

17,True,False,0.02,0.25,Rot6,2,0,0.00169439,-0.01272078,0.07945458,0,0,35464.226

17,True,False,0.02,0.25,Rot6,2,0,0.00169439,-0.01272078,0.07945458,0,0,35490.3895

17,True,False,0.02,0.25,Rot6,2,0,0.00169439,-0.01272078,0.07945458,0,0,35516.8244

17,True,False,0.02,0.25,Rot6,2,0,0.00169439,-0.01272078,0.07945458,0,0,35530.7859

17,True,False,0.02,0.25,Rot6,2,0,0.00169439,-0.01272078,0.07945458,0,0,35543.8462

17,True,False,0.02,0.25,Rot6,2,0,0.00169439,-0.01272078,0.07945458,0,0,35556.7492

17,True,False,0.02,0.25,Rot6,2,0,0.00169439,-0.01272078,0.07945458,0,0,35568.8055

17,True,False,0.02,0.25,Rot6,2,0,0.00169439,-0.01272078,0.07945458,0,0,35595.8642

17,True,False,0.02,0.25,Rot6,2,0,0.00169439,-0.01272078,0.07945458,0,0,35622.318

17,True,False,0.02,0.25,Rot6,2,0,0.00169439,-0.01272078,0.07945458,0,0,35634.3455

17,True,False,0.02,0.25,Rot6,2,0,0.00169439,-0.01272078,0.07945458,0,0,35647.2559

17,True,False,0.02,0.25,Rot6,2,0,0.00169439,-0.01272078,0.07945458,0,0,35661.0427

17,True,False,0.02,0.25,Rot6,2,0,0.00169439,-0.01272078,0.07945458,0,0,35674.2997

17,True,False,0.02,0.25,Rot6,2,0,0.00169439,-0.01272078,0.07945458,0,0,35688.2421

17,True,False,0.02,0.25,Rot6,2,0,0.00169439,-0.01272078,0.07945458,0,0,35701.3986

17,True,False,0.02,0.25,Rot6,2,0,0.00169439,-0.01272078,0.07945458,0,0,35714.8264

17,True,False,0.02,0.25,Rot6,2,0,0.00169439,-0.01272078,0.07945458,0,0,35741.4

17,True,False,0.02,0.25,Rot6,2,0,0.00169439,-0.01272078,0.07945458,0,0,35756.5826

17,True,False,0.02,0.25,Rot6,2,0,0.00169439,-0.01272078,0.07945458,0,0,35767.4844

17,True,False,0.02,0.25,Rot6,2,0,0.00169439,-0.01272078,0.07945458,0,0,35781.7996

17,True,False,0.02,0.25,Rot6,2,0,0.00169439,-0.01272078,0.07945458,0,0,35808.144

17,True,False,0.02,0.25,Rot6,2,0,0.00169439,-0.01272078,0.07945458,0,0,35823.1513

17,True,False,0.02,0.25,Rot6,2,0,0.00169439,-0.01272078,0.07945458,0,0,35834.8779

17,True,False,0.02,0.25,Rot6,2,0,0.00169439,-0.01272078,0.07945458,0,0,35848.9535

17,True,False,0.02,0.25,Rot6,2,0,0.00169439,-0.01272078,0.07945458,0,0,35876.0561

17,True,False,0.02,0.25,Rot6,2,0,0.00169439,-0.01272078,0.07945458,0,0,35903.8283

17,True,False,0.02,0.25,Rot6,2,0,0.00169439,-0.01272078,0.07945458,0,0,35914.1756

17,True,False,0.02,0.25,Rot6,2,0,0.00169439,-0.01272078,0.07945458,0,0,35927.3382

17,True,False,0.02,0.25,Rot6,2,0,0.00169439,-0.01272078,0.07945458,0,0,35940.7614

17,True,False,0.02,0.25,Rot6,2,0,0.00169439,-0.01272078,0.07945458,0,0,35953.6883

17,True,False,0.02,0.25,Rot6,2,0,0.00169439,-0.01272078,0.07945458,0,0,35967.0777

17,True,False,0.02,0.25,Rot6,2,0,0.00169439,-0.01272078,0.07945458,0,0,35981.1361

17,True,False,0.02,0.25,Rot6,2,0,0.00169439,-0.01272078,0.07945458,0,0,36006.2982

17,True,False,0.02,0.25,Rot6,2,0,0.00169439,-0.01272078,0.07945458,0,0,36032.4953

17,True,False,0.02,0.25,Rot6,2,0,0.00169439,-0.01272078,0.07945458,0,0,36046.3932

17,True,False,0.02,0.25,Rot6,2,0,0.00169439,-0.01272078,0.07945458,0,0,36060.1759

17,True,False,0.02,0.25,Rot6,2,0,0.00169439,-0.01272078,0.07945458,0,0,36073.7201

17,True,False,0.02,0.25,Rot6,2,0,0.00169439,-0.01272078,0.07945458,0,0,36087.5941

17,True,False,0.02,0.25,Rot6,2,0,0.00169439,-0.01272078,0.07945458,0,0,36100.7279

17,True,False,0.02,0.25,Rot6,2,0,0.00169439,-0.01272078,0.07945458,0,0,36115.6019

17,True,False,0.02,0.25,Rot6,2,0,0.00169439,-0.01272078,0.07945458,0,0,36141.8224

17,True,False,0.02,0.25,Rot6,2,0,0.00169439,-0.01272078,0.07945458,0,0,36169.0177

17,True,False,0.02,0.25,Rot6,2,0,0.00169439,-0.01272078,0.07945458,0,0,36183.546

17,True,False,0.02,0.25,Rot6,2,0,0.00169439,-0.01272078,0.07945458,0,0,36197.7857

17,True,False,0.02,0.25,Rot6,2,0,0.00169439,-0.01272078,0.07945458,0,0,36211.2407

17,True,False,0.02,0.25,Rot6,2,0,0.00169439,-0.01272078,0.07945458,0,0,36226.1287

17,True,False,0.02,0.25,Rot6,2,0,0.00169439,-0.01272078,0.07945458,0,0,36239.9353

17,True,False,0.02,0.25,Rot6,2,0,0.00169439,-0.01272078,0.07945458,0,0,36253.298

17,True,False,0.02,0.25,Rot6,2,0,0.00169439,-0.01272078,0.07945458,0,0,36267.7853

17,True,False,0.02,0.25,Rot6,2,0,0.00169439,-0.01272078,0.07945458,0,0,36294.9795

17,True,False,0.02,0.25,Rot6,2,0,0.00169439,-0.01272078,0.07945458,0,0,36321.0894

17,True,False,0.02,0.25,Rot6,2,0,0.00169439,-0.01272078,0.07945458,0,0,36335.4991

17,True,False,0.02,0.25,Rot6,2,0,0.00169439,-0.01272078,0.07945458,0,0,36349.0116

17,True,False,0.02,0.25,Rot6,2,0,0.00169439,-0.01272078,0.07945458,0,0,36363.1617

17,True,False,0.02,0.25,Rot6,2,0,0.00169439,-0.01272078,0.07945458,0,0,36376.967

17,True,False,0.02,0.25,Rot6,2,0,0.00169439,-0.01272078,0.07945458,0,0,36392.7954

17,True,False,0.02,0.25,Rot6,2,0,0.00169439,-0.01272078,0.07945458,0,0,36417.6488

17,True,False,0.02,0.25,Rot6,2,0,0.00169439,-0.01272078,0.07945458,0,0,36445.969

17,True,False,0.02,0.25,Rot6,2,0,0.00169439,-0.01272078,0.07945458,0,0,36456.4812

17,True,False,0.02,0.25,Rot6,2,0,0.00169439,-0.01272078,0.07945458,0,0,36469.4279

17,True,False,0.02,0.25,Rot6,2,0,0.00169439,-0.01272078,0.07945458,0,0,36482.7253

17,True,False,0.02,0.25,Rot6,2,0,0.00169439,-0.01272078,0.07945458,0,0,36496.96

17,True,False,0.02,0.25,Rot6,2,0,0.00169439,-0.01272078,0.07945458,0,0,36521.8958

17,True,False,0.02,0.25,Rot6,2,0,0.00169439,-0.01272078,0.07945458,0,0,36536.8644

17,True,False,0.02,0.25,Rot6,2,0,0.00169439,-0.01272078,0.07945458,0,0,36548.9

17,True,False,0.02,0.25,Rot6,2,0,0.00169439,-0.01272078,0.07945458,0,0,36561.5054

17,True,False,0.02,0.25,Rot6,2,0,0.00169439,-0.01272078,0.07945458,0,0,36588.4411

17,True,False,0.02,0.25,Rot6,2,0,0.00169439,-0.01272078,0.07945458,0,0,36614.5081

17,True,False,0.02,0.25,Rot6,2,0,0.00169439,-0.01272078,0.07945458,0,0,36628.3897

17,True,False,0.02,0.25,Rot6,2,0,0.00169439,-0.01272078,0.07945458,0,0,36641.2928

17,True,False,0.02,0.25,Rot6,2,0,0.00169439,-0.01272078,0.07945458,0,0,36653.9397

17,True,False,0.02,0.25,Rot6,2,0,0.00169439,-0.01272078,0.07945458,0,0,36666.9295

17,True,False,0.02,0.25,Rot6,2,0,0.00169439,-0.01272078,0.07945458,0,0,36681.3069

17,True,False,0.02,0.25,Rot6,2,0,0.00169439,-0.01272078,0.07945458,0,0,36695.5387

17,True,False,0.02,0.25,Rot6,2,0,0.00169439,-0.01272078,0.07945458,0,0,36710.4235

17,True,False,0.02,0.25,Rot6,2,0,0.00169439,-0.01272078,0.07945458,0,0,36736.9378

17,True,False,0.02,0.25,Rot6,2,0,0.00169439,-0.01272078,0.07945458,0,0,36764.5986

17,True,False,0.02,0.25,Rot6,2,0,0.00169439,-0.01272078,0.07945458,0,0,36776.5485

17,True,False,0.02,0.25,Rot6,2,0,0.00169439,-0.01272078,0.07945458,0,0,36803.0502

17,True,False,0.02,0.25,Rot6,2,0,0.00169439,-0.01272078,0.07945458,0,0,36829.6272

17,True,False,0.02,0.25,Rot6,2,0,0.00169439,-0.01272078,0.07945458,0,0,36841.8882

17,True,False,0.02,0.25,Rot6,2,0,0.00169439,-0.01272078,0.07945458,0,0,36855.6532

17,True,False,0.02,0.25,Rot6,2,0,0.00169439,-0.01272078,0.07945458,0,0,36868.3931

17,True,False,0.02,0.25,Rot6,2,0,0.00169439,-0.01272078,0.07945458,0,0,36882.6908

17,True,False,0.02,0.25,Rot6,2,0,0.00169439,-0.01272078,0.07945458,0,0,36897.0279

17,True,False,0.02,0.25,Rot6,2,0,0.00169439,-0.01272078,0.07945458,0,0,36922.7815

17,True,False,0.02,0.25,Rot6,2,0,0.00169439,-0.01272078,0.07945458,0,0,36948.8181

17,True,False,0.02,0.25,Rot6,2,0,0.00169439,-0.01272078,0.07945458,0,0,36962.6493

17,True,False,0.02,0.25,Rot6,2,0,0.00169439,-0.01272078,0.07945458,0,0,36976.2727

17,True,False,0.02,0.25,Rot6,2,0,0.00169439,-0.01272078,0.07945458,0,0,36989.4487

17,True,False,0.02,0.25,Rot6,2,0,0.00169439,-0.01272078,0.07945458,0,0,37003.6512

17,True,False,0.02,0.25,Rot6,2,0,0.00169439,-0.01272078,0.07945458,0,0,37016.8701

17,True,False,0.02,0.25,Rot6,2,0,0.00169439,-0.01272078,0.07945458,0,0,37029.9113

17,True,False,0.02,0.25,Rot6,2,0,0.00169439,-0.01272078,0.07945458,0,0,37044.1557

17,True,False,0.02,0.25,Rot6,2,0,0.00169439,-0.01272078,0.07945458,0,0,37071.593

17,True,False,0.02,0.25,Rot6,2,0,0.00169439,-0.01272078,0.07945458,0,0,37087.5862

17,True,False,0.02,0.25,Rot6,2,0,0.00169439,-0.01272078,0.07945458,0,0,37098.9651

17,True,False,0.02,0.25,Rot6,2,0,0.00169439,-0.01272078,0.07945458,0,0,37111.4161

17,True,False,0.02,0.25,Rot6,2,0,0.00169439,-0.01272078,0.07945458,0,0,37139.2556

17,True,False,0.02,0.25,Rot6,2,0,0.00169439,-0.01272078,0.07945458,0,0,37153.4441

17,True,False,0.02,0.25,Rot6,2,0,0.00169439,-0.01272078,0.07945458,0,0,37166.1443

17,True,False,0.02,0.25,Rot6,2,0,0.00169439,-0.01272078,0.07945458,0,0,37178.9264

17,True,False,0.02,0.25,Rot6,2,0,0.00169439,-0.01272078,0.07945458,0,0,37193.0729

17,True,False,0.02,0.25,Rot6,2,0,0.00169439,-0.01272078,0.07945458,0,0,37219.1535

17,True,False,0.02,0.25,Rot6,2,0,0.00169439,-0.01272078,0.07945458,0,0,37235.2254

17,True,False,0.02,0.25,Rot6,2,0,0.00169439,-0.01272078,0.07945458,0,0,37246.7743

17,True,False,0.02,0.25,Rot6,2,0,0.00169439,-0.01272078,0.07945458,0,0,37273.5413

17,True,False,0.02,0.25,Rot6,2,0,0.00169439,-0.01272078,0.07945458,0,0,37299.3458

17,True,False,0.02,0.25,Rot6,2,0,0.00169439,-0.01272078,0.07945458,0,0,37312.9217

17,True,False,0.02,0.25,Rot6,2,0,0.00169439,-0.01272078,0.07945458,0,0,37326.3923

17,True,False,0.02,0.25,Rot6,2,0,0.00169439,-0.01272078,0.07945458,0,0,37340.3045

17,True,False,0.02,0.25,Rot6,2,0,0.00169439,-0.01272078,0.07945458,0,0,37353.6087

17,True,False,0.02,0.25,Rot6,2,0,0.00169439,-0.01272078,0.07945458,0,0,37367.7512

17,True,False,0.02,0.25,Rot6,2,0,0.00169439,-0.01272078,0.07945458,0,0,37380.3777

17,True,False,0.02,0.25,Rot6,2,0,0.00169439,-0.01272078,0.07945458,0,0,37394.5173

17,True,False,0.02,0.25,Rot6,2,0,0.00169439,-0.01272078,0.07945458,0,0,37420.6784

17,True,False,0.02,0.25,Rot6,2,0,0.00169439,-0.01272078,0.07945458,0,0,37434.6098

17,True,False,0.02,0.25,Rot6,2,0,0.00169439,-0.01272078,0.07945458,0,0,37448.073

17,True,False,0.02,0.25,Rot6,2,0,0.00169439,-0.01272078,0.07945458,0,0,37463.0852

17,True,False,0.02,0.25,Rot6,2,0,0.00169439,-0.01272078,0.07945458,0,0,37475.8252

17,True,False,0.02,0.25,Rot6,2,0,0.00169439,-0.01272078,0.07945458,0,0,37501.4686

17,True,False,0.02,0.25,Rot6,2,0,0.00169439,-0.01272078,0.07945458,0,0,37515.6436

17,True,False,0.02,0.25,Rot6,2,0,0.00169439,-0.01272078,0.07945458,0,0,37527.9774

17,True,False,0.02,0.25,Rot6,2,0,0.00169439,-0.01272078,0.07945458,0,0,37556.3259

17,True,False,0.02,0.25,Rot6,2,0,0.00169439,-0.01272078,0.07945458,0,0,37571.8347

17,True,False,0.02,0.25,Rot6,2,0,0.00169439,-0.01272078,0.07945458,0,0,37584.2465

17,True,False,0.02,0.25,Rot6,2,0,0.00169439,-0.01272078,0.07945458,0,0,37597.0053

17,True,False,0.02,0.25,Rot6,2,0,0.00169439,-0.01272078,0.07945458,0,0,37612.0625

17,True,False,0.02,0.25,Rot6,2,0,0.00169439,-0.01272078,0.07945458,0,0,37625.5323

17,True,False,0.02,0.25,Rot6,2,0,0.00169439,-0.01272078,0.07945458,0,0,37651.3182

17,True,False,0.02,0.25,Rot6,2,0,0.00169439,-0.01272078,0.07945458,0,0,37678.6477

17,True,False,0.02,0.25,Rot6,2,0,0.00169439,-0.01272078,0.07945458,0,0,37691.6307

17,True,False,0.02,0.25,Rot6,2,0,0.00169439,-0.01272078,0.07945458,0,0,37704.7927

17,True,False,0.02,0.25,Rot6,2,0,0.00169439,-0.01272078,0.07945458,0,0,37718.2066

17,True,False,0.02,0.25,Rot6,2,0,0.00169439,-0.01272078,0.07945458,0,0,37731.2106

17,True,False,0.02,0.25,Rot6,2,0,0.00169439,-0.01272078,0.07945458,0,0,37745.4425

17,True,False,0.02,0.25,Rot6,2,0,0.00169439,-0.01272078,0.07945458,0,0,37771.1522

17,True,False,0.02,0.25,Rot6,2,0,0.00169439,-0.01272078,0.07945458,0,0,37797.4704

17,True,False,0.02,0.25,Rot6,2,0,0.00169439,-0.01272078,0.07945458,0,0,37810.9838

17,True,False,0.02,0.25,Rot6,2,0,0.00169439,-0.01272078,0.07945458,0,0,37824.9331

17,True,False,0.02,0.25,Rot6,2,0,0.00169439,-0.01272078,0.07945458,0,0,37838.2671

17,True,False,0.02,0.25,Rot6,2,0,0.00169439,-0.01272078,0.07945458,0,0,37851.7949

17,True,False,0.02,0.25,Rot6,2,0,0.00169439,-0.01272078,0.07945458,0,0,37865.6016

17,True,False,0.02,0.25,Rot6,2,0,0.00169439,-0.01272078,0.07945458,0,0,37880.1069

17,True,False,0.02,0.25,Rot6,2,0,0.00169439,-0.01272078,0.07945458,0,0,37905.6761

17,True,False,0.02,0.25,Rot6,2,0,0.00169439,-0.01272078,0.07945458,0,0,37921.6111

17,True,False,0.02,0.25,Rot6,2,0,0.00169439,-0.01272078,0.07945458,0,0,37933.0585

17,True,False,0.02,0.25,Rot6,2,0,0.00169439,-0.01272078,0.07945458,0,0,37972.974

17,True,False,0.02,0.25,Rot6,2,0,0.00169439,-0.01272078,0.07945458,0,0,38000.3839

17,True,False,0.02,0.25,Rot6,2,0,0.00169439,-0.01272078,0.07945458,0,0,38012.5672

17,True,False,0.02,0.25,Rot6,2,0,0.00169439,-0.01272078,0.07945458,0,0,38039.966

17,True,False,0.02,0.25,Rot6,2,0,0.00169439,-0.01272078,0.07945458,0,0,38066.2257

17,True,False,0.02,0.25,Rot6,2,0,0.00169439,-0.01272078,0.07945458,0,0,38077.9826

17,True,False,0.02,0.25,Rot6,2,0,0.00169439,-0.01272078,0.07945458,0,0,38091.1248

17,True,False,0.02,0.25,Rot6,2,0,0.00169439,-0.01272078,0.07945458,0,0,38105.1693

17,True,False,0.02,0.25,Rot6,2,0,0.00169439,-0.01272078,0.07945458,0,0,38118.6281

17,True,False,0.02,0.25,Rot6,2,0,0.00169439,-0.01272078,0.07945458,0,0,38145.6783

17,True,False,0.02,0.25,Rot6,2,0,0.00169439,-0.01272078,0.07945458,0,0,38159.3329

17,True,False,0.02,0.25,Rot6,2,0,0.00169439,-0.01272078,0.07945458,0,0,38171.7411

17,True,False,0.02,0.25,Rot6,2,0,0.00169439,-0.01272078,0.07945458,0,0,38186.6321

17,True,False,0.02,0.25,Rot6,2,0,0.00169439,-0.01272078,0.07945458,0,0,38211.8578

17,True,False,0.02,0.25,Rot6,2,0,0.00169439,-0.01272078,0.07945458,0,0,38226.1432

17,True,False,0.02,0.25,Rot6,2,0,0.00169439,-0.01272078,0.07945458,0,0,38239.6995

17,True,False,0.02,0.25,Rot6,2,0,0.00169439,-0.01272078,0.07945458,0,0,38253.6299

17,True,False,0.02,0.25,Rot6,2,0,0.00169439,-0.01272078,0.07945458,0,0,38268.8257

17,True,False,0.02,0.25,Rot6,2,0,0.00169439,-0.01272078,0.07945458,0,0,38281.3564

17,True,False,0.02,0.25,Rot6,2,0,0.00169439,-0.01272078,0.07945458,0,0,38308.2057

17,True,False,0.02,0.25,Rot6,2,0,0.00169439,-0.01272078,0.07945458,0,0,38324.08

17,True,False,0.02,0.25,Rot6,2,0,0.00169439,-0.01272078,0.07945458,0,0,38335.332

17,True,False,0.02,0.25,Rot6,2,0,0.00169439,-0.01272078,0.07945458,0,0,38348.668

17,True,False,0.02,0.25,Rot6,2,0,0.00169439,-0.01272078,0.07945458,0,0,38376.5986

17,True,False,0.02,0.25,Rot6,2,0,0.00169439,-0.01272078,0.07945458,0,0,38403.5695

17,True,False,0.02,0.25,Rot6,2,0,0.00169439,-0.01272078,0.07945458,0,0,38415.6701

17,True,False,0.02,0.25,Rot6,2,0,0.00169439,-0.01272078,0.07945458,0,0,38428.2904

17,True,False,0.02,0.25,Rot6,2,0,0.00169439,-0.01272078,0.07945458,0,0,38442.089

17,True,False,0.02,0.25,Rot6,2,0,0.00169439,-0.01272078,0.07945458,0,0,38454.9402

17,True,False,0.02,0.25,Rot6,2,0,0.00169439,-0.01272078,0.07945458,0,0,38467.7866

17,True,False,0.02,0.25,Rot6,2,0,0.00169439,-0.01272078,0.07945458,0,0,38494.7053

17,True,False,0.02,0.25,Rot6,2,0,0.00169439,-0.01272078,0.07945458,0,0,38520.5935

17,True,False,0.02,0.25,Rot6,2,0,0.00169439,-0.01272078,0.07945458,0,0,38534.0923

17,True,False,0.02,0.25,Rot6,2,0,0.00169439,-0.01272078,0.07945458,0,0,38547.825

17,True,False,0.02,0.25,Rot6,2,0,0.00169439,-0.01272078,0.07945458,0,0,38561.8643

17,True,False,0.02,0.25,Rot6,2,0,0.00169439,-0.01272078,0.07945458,0,0,38575.601

17,True,False,0.02,0.25,Rot6,2,0,0.00169439,-0.01272078,0.07945458,0,0,38589.0662

17,True,False,0.02,0.25,Rot6,2,0,0.00169439,-0.01272078,0.07945458,0,0,38602.68

17,True,False,0.02,0.25,Rot6,2,0,0.00169439,-0.01272078,0.07945458,0,0,38616.703

17,True,False,0.02,0.25,Rot6,2,0,0.00169439,-0.01272078,0.07945458,0,0,38630.0573

17,True,False,0.02,0.25,Rot6,2,0,0.00169439,-0.01272078,0.07945458,0,0,38655.5407

17,True,False,0.02,0.25,Rot6,2,0,0.00169439,-0.01272078,0.07945458,0,0,38683.1436

17,True,False,0.02,0.25,Rot6,2,0,0.00169439,-0.01272078,0.07945458,0,0,38697.4925

17,True,False,0.02,0.25,Rot6,2,0,0.00169439,-0.01272078,0.07945458,0,0,38711.033

17,True,False,0.02,0.25,Rot6,2,0,0.00169439,-0.01272078,0.07945458,0,0,38725.6075

17,True,False,0.02,0.25,Rot6,2,0,0.00169439,-0.01272078,0.07945458,0,0,38739.4111

17,True,False,0.02,0.25,Rot6,2,0,0.00169439,-0.01272078,0.07945458,0,0,38753.5536

17,True,False,0.02,0.25,Rot6,2,0,0.00169439,-0.01272078,0.07945458,0,0,38767.0677

17,True,False,0.02,0.25,Rot6,2,0,0.00169439,-0.01272078,0.07945458,0,0,38781.8745

17,True,False,0.02,0.25,Rot6,2,0,0.00169439,-0.01272078,0.07945458,0,0,38807.6539

17,True,False,0.02,0.25,Rot6,2,0,0.00169439,-0.01272078,0.07945458,0,0,38834.3569

17,True,False,0.02,0.25,Rot6,2,0,0.00169439,-0.01272078,0.07945458,0,0,38846.7839

17,True,False,0.02,0.25,Rot6,2,0,0.00169439,-0.01272078,0.07945458,0,0,38859.6493

17,True,False,0.02,0.25,Rot6,2,0,0.00169439,-0.01272078,0.07945458,0,0,38872.1904

17,True,False,0.02,0.25,Rot6,2,0,0.00169439,-0.01272078,0.07945458,0,0,38886.3148

17,True,False,0.02,0.25,Rot6,2,0,0.00169439,-0.01272078,0.07945458,0,0,38899.8437

17,True,False,0.02,0.25,Rot6,2,0,0.00169439,-0.01272078,0.07945458,0,0,38924.1187

17,True,False,0.02,0.25,Rot6,2,0,0.00169439,-0.01272078,0.07945458,0,0,38950.352

17,True,False,0.02,0.25,Rot6,2,0,0.00169439,-0.01272078,0.07945458,0,0,38964.0845

17,True,False,0.02,0.25,Rot6,2,0,0.00169439,-0.01272078,0.07945458,0,0,38977.9649

17,True,False,0.02,0.25,Rot6,2,0,0.00169439,-0.01272078,0.07945458,0,0,38991.4938

17,True,False,0.02,0.25,Rot6,2,0,0.00169439,-0.01272078,0.07945458,0,0,39005.3189

17,True,False,0.02,0.25,Rot6,2,0,0.00169439,-0.01272078,0.07945458,0,0,39018.8212

17,True,False,0.02,0.25,Rot6,2,0,0.00169439,-0.01272078,0.07945458,0,0,39031.9908

17,True,False,0.02,0.25,Rot6,2,0,0.00169439,-0.01272078,0.07945458,0,0,39057.3935

17,True,False,0.02,0.25,Rot6,2,0,0.00169439,-0.01272078,0.07945458,0,0,39085.5888

17,True,False,0.02,0.25,Rot6,2,0,0.00169439,-0.01272078,0.07945458,0,0,39099.7536

17,True,False,0.02,0.25,Rot6,2,0,0.00169439,-0.01272078,0.07945458,0,0,39113.3515

17,True,False,0.02,0.25,Rot6,2,0,0.00169439,-0.01272078,0.07945458,0,0,39126.5448

17,True,False,0.02,0.25,Rot6,2,0,0.00169439,-0.01272078,0.07945458,0,0,39139.8854

17,True,False,0.02,0.25,Rot6,2,0,0.00169439,-0.01272078,0.07945458,0,0,39151.9489

17,True,False,0.02,0.25,Rot6,2,0,0.00169439,-0.01272078,0.07945458,0,0,39166.7188

17,True,False,0.02,0.25,Rot6,2,0,0.00169439,-0.01272078,0.07945458,0,0,39181.8728

17,True,False,0.02,0.25,Rot6,2,0,0.00169439,-0.01272078,0.07945458,0,0,39207.1227

17,True,False,0.02,0.25,Rot6,2,0,0.00169439,-0.01272078,0.07945458,0,0,39234.5746

17,True,False,0.02,0.25,Rot6,2,0,0.00169439,-0.01272078,0.07945458,0,0,39247.1354

17,True,False,0.02,0.25,Rot6,2,0,0.00169439,-0.01272078,0.07945458,0,0,39260.4788

17,True,False,0.02,0.25,Rot6,2,0,0.00169439,-0.01272078,0.07945458,0,0,39287.1339

17,True,False,0.02,0.25,Rot6,2,0,0.00169439,-0.01272078,0.07945458,0,0,39314.3506

17,True,False,0.02,0.25,Rot6,2,0,0.00169439,-0.01272078,0.07945458,0,0,39326.8609

17,True,False,0.02,0.25,Rot6,2,0,0.00169439,-0.01272078,0.07945458,0,0,39340.5772

17,True,False,0.02,0.25,Rot6,2,0,0.00169439,-0.01272078,0.07945458,0,0,39354.2556

17,True,False,0.02,0.25,Rot6,2,0,0.00169439,-0.01272078,0.07945458,0,0,39368.3379

17,True,False,0.02,0.25,Rot6,2,0,0.00169439,-0.01272078,0.07945458,0,0,39381.1136

17,True,False,0.02,0.25,Rot6,2,0,0.00169439,-0.01272078,0.07945458,0,0,39407.49

17,True,False,0.02,0.25,Rot6,2,0,0.00169439,-0.01272078,0.07945458,0,0,39433.8149

17,True,False,0.02,0.25,Rot6,2,0,0.00169439,-0.01272078,0.07945458,0,0,39447.6552

17,True,False,0.02,0.25,Rot6,2,0,0.00169439,-0.01272078,0.07945458,0,0,39461.5774

17,True,False,0.02,0.25,Rot6,2,0,0.00169439,-0.01272078,0.07945458,0,0,39475.8032

17,True,False,0.02,0.25,Rot6,2,0,0.00169439,-0.01272078,0.07945458,0,0,39490.148

17,True,False,0.02,0.25,Rot6,2,0,0.00169439,-0.01272078,0.07945458,0,0,39504.1555

17,True,False,0.02,0.25,Rot6,2,0,0.00169439,-0.01272078,0.07945458,0,0,39530.5024

17,True,False,0.02,0.25,Rot6,2,0,0.00169439,-0.01272078,0.07945458,0,0,39544.7965

17,True,False,0.02,0.25,Rot6,2,0,0.00169439,-0.01272078,0.07945458,0,0,39558.5221

17,True,False,0.02,0.25,Rot6,2,0,0.00169439,-0.01272078,0.07945458,0,0,39572.1725

17,True,False,0.02,0.25,Rot6,2,0,0.00169439,-0.01272078,0.07945458,0,0,39587.8353

17,True,False,0.02,0.25,Rot6,2,0,0.00169439,-0.01272078,0.07945458,0,0,39600.1651

17,True,False,0.02,0.25,Rot6,2,0,0.00169439,-0.01272078,0.07945458,0,0,39639.8018

17,True,False,0.02,0.25,Rot6,2,0,0.00169439,-0.01272078,0.07945458,0,0,39655.3937

17,True,False,0.02,0.25,Rot6,2,0,0.00169439,-0.01272078,0.07945458,0,0,39666.9498

17,True,False,0.02,0.25,Rot6,2,0,0.00169439,-0.01272078,0.07945458,0,0,39680.5191

17,True,False,0.02,0.25,Rot6,2,0,0.00169439,-0.01272078,0.07945458,0,0,39696.2201

17,True,False,0.02,0.25,Rot6,2,0,0.00169439,-0.01272078,0.07945458,0,0,39720.9154

17,True,False,0.02,0.25,Rot6,2,0,0.00169439,-0.01272078,0.07945458,0,0,39748.7698

17,True,False,0.02,0.25,Rot6,2,0,0.00169439,-0.01272078,0.07945458,0,0,39761.3711

17,True,False,0.02,0.25,Rot6,2,0,0.00169439,-0.01272078,0.07945458,0,0,39774.1825

17,True,False,0.02,0.25,Rot6,2,0,0.00169439,-0.01272078,0.07945458,0,0,39787.0216

17,True,False,0.02,0.25,Rot6,2,0,0.00169439,-0.01272078,0.07945458,0,0,39801.4688

17,True,False,0.02,0.25,Rot6,2,0,0.00169439,-0.01272078,0.07945458,0,0,39813.8211

17,True,False,0.02,0.25,Rot6,2,0,0.00169439,-0.01272078,0.07945458,0,0,39839.3721

17,True,False,0.02,0.25,Rot6,2,0,0.00169439,-0.01272078,0.07945458,0,0,39853.5849

17,True,False,0.02,0.25,Rot6,2,0,0.00169439,-0.01272078,0.07945458,0,0,39865.6461

17,True,False,0.02,0.25,Rot6,2,0,0.00169439,-0.01272078,0.07945458,0,0,39881.5675

17,True,False,0.02,0.25,Rot6,2,0,0.00169439,-0.01272078,0.07945458,0,0,39905.9407

17,True,False,0.02,0.25,Rot6,2,0,0.00169439,-0.01272078,0.07945458,0,0,39932.6128

17,True,False,0.02,0.25,Rot6,2,0,0.00169439,-0.01272078,0.07945458,0,0,39946.7554

17,True,False,0.02,0.25,Rot6,2,0,0.00169439,-0.01272078,0.07945458,0,0,39961.0646

17,True,False,0.02,0.25,Rot6,2,0,0.00169439,-0.01272078,0.07945458,0,0,39974.6365

17,True,False,0.02,0.25,Rot6,2,0,0.00169439,-0.01272078,0.07945458,0,0,39988.6249

17,True,False,0.02,0.25,Rot6,2,0,0.00169439,-0.01272078,0.07945458,0,0,40002.6725

17,True,False,0.02,0.25,Rot6,2,0,0.00169439,-0.01272078,0.07945458,0,0,40015.5152

17,True,False,0.02,0.25,Rot6,2,0,0.00169439,-0.01272078,0.07945458,0,0,40030.2926

17,True,False,0.02,0.25,Rot6,2,0,0.00169439,-0.01272078,0.07945458,0,0,40057.0368

17,True,False,0.02,0.25,Rot6,2,0,0.00169439,-0.01272078,0.07945458,0,0,40083.8236

17,True,False,0.02,0.25,Rot6,2,0,0.00169439,-0.01272078,0.07945458,0,0,40096.0835

17,True,False,0.02,0.25,Rot6,2,0,0.00169439,-0.01272078,0.07945458,0,0,40108.6538

17,True,False,0.02,0.25,Rot6,2,0,0.00169439,-0.01272078,0.07945458,0,0,40122.2006

17,True,False,0.02,0.25,Rot6,2,0,0.00169439,-0.01272078,0.07945458,0,0,40135.1998

17,True,False,0.02,0.25,Rot6,2,0,0.00169439,-0.01272078,0.07945458,0,0,40148.2368

17,True,False,0.02,0.25,Rot6,2,0,0.00169439,-0.01272078,0.07945458,0,0,40162.6747

17,True,False,0.02,0.25,Rot6,2,0,0.00169439,-0.01272078,0.07945458,0,0,40188.311

17,True,False,0.02,0.25,Rot6,2,0,0.00169439,-0.01272078,0.07945458,0,0,40213.7382

17,True,False,0.02,0.25,Rot6,2,0,0.00169439,-0.01272078,0.07945458,0,0,40227.5768

17,True,False,0.02,0.25,Rot6,2,0,0.00169439,-0.01272078,0.07945458,0,0,40241.4265

17,True,False,0.02,0.25,Rot6,2,0,0.00169439,-0.01272078,0.07945458,0,0,40254.7525

17,True,False,0.02,0.25,Rot6,2,0,0.00169439,-0.01272078,0.07945458,0,0,40268.7459

17,True,False,0.02,0.25,Rot6,2,0,0.00169439,-0.01272078,0.07945458,0,0,40282.7603

17,True,False,0.02,0.25,Rot6,2,0,0.00169439,-0.01272078,0.07945458,0,0,40309.2969

17,True,False,0.02,0.25,Rot6,2,0,0.00169439,-0.01272078,0.07945458,0,0,40323.0736

17,True,False,0.02,0.25,Rot6,2,0,0.00169439,-0.01272078,0.07945458,0,0,40336.7807

17,True,False,0.02,0.25,Rot6,2,0,0.00169439,-0.01272078,0.07945458,0,0,40350.1154

17,True,False,0.02,0.25,Rot6,2,0,0.00169439,-0.01272078,0.07945458,0,0,40364.3707

17,True,False,0.02,0.25,Rot6,2,0,0.00169439,-0.01272078,0.07945458,0,0,40391.3822

17,True,False,0.02,0.25,Rot6,2,0,0.00169439,-0.01272078,0.07945458,0,0,40418.8156

17,True,False,0.02,0.25,Rot6,2,0,0.00169439,-0.01272078,0.07945458,0,0,40432.6522

17,True,False,0.02,0.25,Rot6,2,0,0.00169439,-0.01272078,0.07945458,0,0,40445.748

17,True,False,0.02,0.25,Rot6,2,0,0.00169439,-0.01272078,0.07945458,0,0,40458.4597

17,True,False,0.02,0.25,Rot6,2,0,0.00169439,-0.01272078,0.07945458,0,0,40470.9846

17,True,False,0.02,0.25,Rot6,2,0,0.00169439,-0.01272078,0.07945458,0,0,40484.3258

17,True,False,0.02,0.25,Rot6,2,0,0.00169439,-0.01272078,0.07945458,0,0,40500.0429

17,True,False,0.02,0.25,Rot6,2,0,0.00169439,-0.01272078,0.07945458,0,0,40512.6307

17,True,False,0.02,0.25,Rot6,2,0,0.00169439,-0.01272078,0.07945458,0,0,40538.8944

17,True,False,0.02,0.25,Rot6,2,0,0.00169439,-0.01272078,0.07945458,0,0,40567.5015

17,True,False,0.02,0.25,Rot6,2,0,0.00169439,-0.01272078,0.07945458,0,0,40594.3622

17,True,False,0.02,0.25,Rot6,2,0,0.00169439,-0.01272078,0.07945458,0,0,40606.0096

17,True,False,0.02,0.25,Rot6,2,0,0.00169439,-0.01272078,0.07945458,0,0,40619.6849

17,True,False,0.02,0.25,Rot6,2,0,0.00169439,-0.01272078,0.07945458,0,0,40633.1095

17,True,False,0.02,0.25,Rot6,2,0,0.00169439,-0.01272078,0.07945458,0,0,40647.2021

17,True,False,0.02,0.25,Rot6,2,0,0.00169439,-0.01272078,0.07945458,0,0,40671.9585

17,True,False,0.02,0.25,Rot6,2,0,0.00169439,-0.01272078,0.07945458,0,0,40698.1235

17,True,False,0.02,0.25,Rot6,2,0,0.00169439,-0.01272078,0.07945458,0,0,40712.0452

17,True,False,0.02,0.25,Rot6,2,0,0.00169439,-0.01272078,0.07945458,0,0,40724.8385

17,True,False,0.02,0.25,Rot6,2,0,0.00169439,-0.01272078,0.07945458,0,0,40738.3337

17,True,False,0.02,0.25,Rot6,2,0,0.00169439,-0.01272078,0.07945458,0,0,40751.9248

17,True,False,0.02,0.25,Rot6,2,0,0.00169439,-0.01272078,0.07945458,0,0,40766.5024

17,True,False,0.02,0.25,Rot6,2,0,0.00169439,-0.01272078,0.07945458,0,0,40781.4537

17,True,False,0.02,0.25,Rot6,2,0,0.00169439,-0.01272078,0.07945458,0,0,40806.1463

17,True,False,0.02,0.25,Rot6,2,0,0.00169439,-0.01272078,0.07945458,0,0,40833.7943

17,True,False,0.02,0.25,Rot6,2,0,0.00169439,-0.01272078,0.07945458,0,0,40845.9982

17,True,False,0.02,0.25,Rot6,2,0,0.00169439,-0.01272078,0.07945458,0,0,40858.9217

17,True,False,0.02,0.25,Rot6,2,0,0.00169439,-0.01272078,0.07945458,0,0,40871.7659

17,True,False,0.02,0.25,Rot6,2,0,0.00169439,-0.01272078,0.07945458,0,0,40884.1152

17,True,False,0.02,0.25,Rot6,2,0,0.00169439,-0.01272078,0.07945458,0,0,40899.0303

17,True,False,0.02,0.25,Rot6,2,0,0.00169439,-0.01272078,0.07945458,0,0,40923.6246

17,True,False,0.02,0.25,Rot6,2,0,0.00169439,-0.01272078,0.07945458,0,0,40949.4612

17,True,False,0.02,0.25,Rot6,2,0,0.00169439,-0.01272078,0.07945458,0,0,40963.099

17,True,False,0.02,0.25,Rot6,2,0,0.00169439,-0.01272078,0.07945458,0,0,40976.9961

17,True,False,0.02,0.25,Rot6,2,0,0.00169439,-0.01272078,0.07945458,0,0,40989.9949

17,True,False,0.02,0.25,Rot6,2,0,0.00169439,-0.01272078,0.07945458,0,0,41003.9632

17,True,False,0.02,0.25,Rot6,2,0,0.00169439,-0.01272078,0.07945458,0,0,41017.4621

17,True,False,0.02,0.25,Rot6,2,0,0.00169439,-0.01272078,0.07945458,0,0,41029.8394

17,True,False,0.02,0.25,Rot6,2,0,0.00169439,-0.01272078,0.07945458,0,0,41057.6391

17,True,False,0.02,0.25,Rot6,2,0,0.00169439,-0.01272078,0.07945458,0,0,41084.73

17,True,False,0.02,0.25,Rot6,2,0,0.00169439,-0.01272078,0.07945458,0,0,41096.8679

17,True,False,0.02,0.25,Rot6,2,0,0.00169439,-0.01272078,0.07945458,0,0,41109.0914

17,True,False,0.02,0.25,Rot6,2,0,0.00169439,-0.01272078,0.07945458,0,0,41122.4576

17,True,False,0.02,0.25,Rot6,2,0,0.00169439,-0.01272078,0.07945458,0,0,41135.8891

17,True,False,0.02,0.25,Rot6,2,0,0.00169439,-0.01272078,0.07945458,0,0,41150.1197

17,True,False,0.02,0.25,Rot6,2,0,0.00169439,-0.01272078,0.07945458,0,0,41163.1135

17,True,False,0.02,0.25,Rot6,2,0,0.00169439,-0.01272078,0.07945458,0,0,41188.7402

17,True,False,0.02,0.25,Rot6,2,0,0.00169439,-0.01272078,0.07945458,0,0,41213.7146

17,True,False,0.02,0.25,Rot6,2,0,0.00169439,-0.01272078,0.07945458,0,0,41227.4327

17,True,False,0.02,0.25,Rot6,2,0,0.00169439,-0.01272078,0.07945458,0,0,41241.2306

17,True,False,0.02,0.25,Rot6,2,0,0.00169439,-0.01272078,0.07945458,0,0,41254.5265

17,True,False,0.02,0.25,Rot6,2,0,0.00169439,-0.01272078,0.07945458,0,0,41268.5924

17,True,False,0.02,0.25,Rot6,2,0,0.00169439,-0.01272078,0.07945458,0,0,41296.987

17,True,False,0.02,0.25,Rot6,2,0,0.00169439,-0.01272078,0.07945458,0,0,41321.5773

17,True,False,0.02,0.25,Rot6,2,0,0.00169439,-0.01272078,0.07945458,0,0,41335.6884

17,True,False,0.02,0.25,Rot6,2,0,0.00169439,-0.01272078,0.07945458,0,0,41347.5609

17,True,False,0.02,0.25,Rot6,2,0,0.00169439,-0.01272078,0.07945458,0,0,41362.3745

17,True,False,0.02,0.25,Rot6,2,0,0.00169439,-0.01272078,0.07945458,0,0,41389.3783

17,True,False,0.02,0.25,Rot6,2,0,0.00169439,-0.01272078,0.07945458,0,0,41405.2629

17,True,False,0.02,0.25,Rot6,2,0,0.00169439,-0.01272078,0.07945458,0,0,41417.2136

17,True,False,0.02,0.25,Rot6,2,0,0.00169439,-0.01272078,0.07945458,0,0,41431.1118

17,True,False,0.02,0.25,Rot6,2,0,0.00169439,-0.01272078,0.07945458,0,0,41445.5876

17,True,False,0.02,0.25,Rot6,2,0,0.00169439,-0.01272078,0.07945458,0,0,41460.2456

17,True,False,0.02,0.25,Rot6,2,0,0.00169439,-0.01272078,0.07945458,0,0,41486.4812

17,True,False,0.02,0.25,Rot6,2,0,0.00169439,-0.01272078,0.07945458,0,0,41513.6169

17,True,False,0.02,0.25,Rot6,2,0,0.00169439,-0.01272078,0.07945458,0,0,41525.76

17,True,False,0.02,0.25,Rot6,2,0,0.00169439,-0.01272078,0.07945458,0,0,41538.8248

17,True,False,0.02,0.25,Rot6,2,0,0.00169439,-0.01272078,0.07945458,0,0,41551.5283

17,True,False,0.02,0.25,Rot6,2,0,0.00169439,-0.01272078,0.07945458,0,0,41565.4698

17,True,False,0.02,0.25,Rot6,2,0,0.00169439,-0.01272078,0.07945458,0,0,41591.406

17,True,False,0.02,0.25,Rot6,2,0,0.00169439,-0.01272078,0.07945458,0,0,41604.3596

17,True,False,0.02,0.25,Rot6,2,0,0.00169439,-0.01272078,0.07945458,0,0,41617.4536

17,True,False,0.02,0.25,Rot6,2,0,0.00169439,-0.01272078,0.07945458,0,0,41631.3882

17,True,False,0.02,0.25,Rot6,2,0,0.00169439,-0.01272078,0.07945458,0,0,41644.1611

17,True,False,0.02,0.25,Rot6,2,0,0.00169439,-0.01272078,0.07945458,0,0,41671.2028

17,True,False,0.02,0.25,Rot6,2,0,0.00169439,-0.01272078,0.07945458,0,0,41697.4797

17,True,False,0.02,0.25,Rot6,2,0,0.00169439,-0.01272078,0.07945458,0,0,41711.4396

17,True,False,0.02,0.25,Rot6,2,0,0.00169439,-0.01272078,0.07945458,0,0,41724.2883

17,True,False,0.02,0.25,Rot6,2,0,0.00169439,-0.01272078,0.07945458,0,0,41738.9338

17,True,False,0.02,0.25,Rot6,2,0,0.00169439,-0.01272078,0.07945458,0,0,41752.7213

17,True,False,0.02,0.25,Rot6,2,0,0.00169439,-0.01272078,0.07945458,0,0,41766.8007

17,True,False,0.02,0.25,Rot6,2,0,0.00169439,-0.01272078,0.07945458,0,0,41780.581

17,True,False,0.02,0.25,Rot6,2,0,0.00169439,-0.01272078,0.07945458,0,0,41796.053

17,True,False,0.02,0.25,Rot6,2,0,0.00169439,-0.01272078,0.07945458,0,0,41820.6929

17,True,False,0.02,0.25,Rot6,2,0,0.00169439,-0.01272078,0.07945458,0,0,41836.2393

17,True,False,0.02,0.25,Rot6,2,0,0.00169439,-0.01272078,0.07945458,0,0,41847.8592

17,True,False,0.02,0.25,Rot6,2,0,0.00169439,-0.01272078,0.07945458,0,0,41876.1229

17,True,False,0.02,0.25,Rot6,2,0,0.00169439,-0.01272078,0.07945458,0,0,41904.9444

17,True,False,0.02,0.25,Rot6,2,0,0.00169439,-0.01272078,0.07945458,0,0,41918.9258

17,True,False,0.02,0.25,Rot6,2,0,0.00169439,-0.01272078,0.07945458,0,0,41932.8

17,True,False,0.02,0.25,Rot6,2,0,0.00169439,-0.01272078,0.07945458,0,0,41947.0166

17,True,False,0.02,0.25,Rot6,2,0,0.00169439,-0.01272078,0.07945458,0,0,41960.2841

17,True,False,0.02,0.25,Rot6,2,0,0.00169439,-0.01272078,0.07945458,0,0,41974.2971

17,True,False,0.02,0.25,Rot6,2,0,0.00169439,-0.01272078,0.07945458,0,0,41988.816

17,True,False,0.02,0.25,Rot6,2,0,0.00169439,-0.01272078,0.07945458,0,0,42002.666

17,True,False,0.02,0.25,Rot6,2,0,0.00169439,-0.01272078,0.07945458,0,0,42017.3429

17,True,False,0.02,0.25,Rot6,2,0,0.00169439,-0.01272078,0.07945458,0,0,42032.7009

17,True,False,0.02,0.25,Rot6,2,0,0.00169439,-0.01272078,0.07945458,0,0,42043.6499

17,True,False,0.02,0.25,Rot6,2,0,0.00169439,-0.01272078,0.07945458,0,0,42071.1416

17,True,False,0.02,0.25,Rot6,2,0,0.00169439,-0.01272078,0.07945458,0,0,42097.4093

17,True,False,0.02,0.25,Rot6,2,0,0.00169439,-0.01272078,0.07945458,0,0,42109.8868

17,True,False,0.02,0.25,Rot6,2,0,0.00169439,-0.01272078,0.07945458,0,0,42122.7037

17,True,False,0.02,0.25,Rot6,2,0,0.00169439,-0.01272078,0.07945458,0,0,42135.6997

17,True,False,0.02,0.25,Rot6,2,0,0.00169439,-0.01272078,0.07945458,0,0,42148.6141

17,True,False,0.02,0.25,Rot6,2,0,0.00169439,-0.01272078,0.07945458,0,0,42174.9851

17,True,False,0.02,0.25,Rot6,2,0,0.00169439,-0.01272078,0.07945458,0,0,42188.2343

17,True,False,0.02,0.25,Rot6,2,0,0.00169439,-0.01272078,0.07945458,0,0,42201.1156

17,True,False,0.02,0.25,Rot6,2,0,0.00169439,-0.01272078,0.07945458,0,0,42214.4416

17,True,False,0.02,0.25,Rot6,2,0,0.00169439,-0.01272078,0.07945458,0,0,42227.5179

17,True,False,0.02,0.25,Rot6,2,0,0.00169439,-0.01272078,0.07945458,0,0,42254.539

17,True,False,0.02,0.25,Rot6,2,0,0.00169439,-0.01272078,0.07945458,0,0,42280.9661

17,True,False,0.02,0.25,Rot6,2,0,0.00169439,-0.01272078,0.07945458,0,0,42294.9598

17,True,False,0.02,0.25,Rot6,2,0,0.00169439,-0.01272078,0.07945458,0,0,42308.9249

17,True,False,0.02,0.25,Rot6,2,0,0.00169439,-0.01272078,0.07945458,0,0,42322.7281

17,True,False,0.02,0.25,Rot6,2,0,0.00169439,-0.01272078,0.07945458,0,0,42336.6621

17,True,False,0.02,0.25,Rot6,2,0,0.00169439,-0.01272078,0.07945458,0,0,42350.2183

17,True,False,0.02,0.25,Rot6,2,0,0.00169439,-0.01272078,0.07945458,0,0,42365.0028

17,True,False,0.02,0.25,Rot6,2,0,0.00169439,-0.01272078,0.07945458,0,0,42378.5704

17,True,False,0.02,0.25,Rot6,2,0,0.00169439,-0.01272078,0.07945458,0,0,42404.9217

17,True,False,0.02,0.25,Rot6,2,0,0.00169439,-0.01272078,0.07945458,0,0,42419.4268

17,True,False,0.02,0.25,Rot6,2,0,0.00169439,-0.01272078,0.07945458,0,0,42431.8961

17,True,False,0.02,0.25,Rot6,2,0,0.00169439,-0.01272078,0.07945458,0,0,42446.1224

17,True,False,0.02,0.25,Rot6,2,0,0.00169439,-0.01272078,0.07945458,0,0,42460.4644

17,True,False,0.02,0.25,Rot6,2,0,0.00169439,-0.01272078,0.07945458,0,0,42487.0856

17,True,False,0.02,0.25,Rot6,2,0,0.00169439,-0.01272078,0.07945458,0,0,42501.8202

17,True,False,0.02,0.25,Rot6,2,0,0.00169439,-0.01272078,0.07945458,0,0,42514.7816

17,True,False,0.02,0.25,Rot6,2,0,0.00169439,-0.01272078,0.07945458,0,0,42528.4998

17,True,False,0.02,0.25,Rot6,2,0,0.00169439,-0.01272078,0.07945458,0,0,42542.6319

17,True,False,0.02,0.25,Rot6,2,0,0.00169439,-0.01272078,0.07945458,0,0,42569.5417

17,True,False,0.02,0.25,Rot6,2,0,0.00169439,-0.01272078,0.07945458,0,0,42597.2205

17,True,False,0.02,0.25,Rot6,2,0,0.00169439,-0.01272078,0.07945458,0,0,42609.2887

17,True,False,0.02,0.25,Rot6,2,0,0.00169439,-0.01272078,0.07945458,0,0,42622.68

17,True,False,0.02,0.25,Rot6,2,0,0.00169439,-0.01272078,0.07945458,0,0,42635.8072

17,True,False,0.02,0.25,Rot6,2,0,0.00169439,-0.01272078,0.07945458,0,0,42648.5362

17,True,False,0.02,0.25,Rot6,2,0,0.00169439,-0.01272078,0.07945458,0,0,42674.8277

17,True,False,0.02,0.25,Rot6,2,0,0.00169439,-0.01272078,0.07945458,0,0,42687.6996

17,True,False,0.02,0.25,Rot6,2,0,0.00169439,-0.01272078,0.07945458,0,0,42701.3693

17,True,False,0.02,0.25,Rot6,2,0,0.00169439,-0.01272078,0.07945458,0,0,42714.8122

17,True,False,0.02,0.25,Rot6,2,0,0.00169439,-0.01272078,0.07945458,0,0,42727.9881

17,True,False,0.02,0.25,Rot6,2,0,0.00169439,-0.01272078,0.07945458,0,0,42755.057

17,True,False,0.02,0.25,Rot6,2,0,0.00169439,-0.01272078,0.07945458,0,0,42781.1875

17,True,False,0.02,0.25,Rot6,2,0,0.00169439,-0.01272078,0.07945458,0,0,42795.2221

17,True,False,0.02,0.25,Rot6,2,0,0.00169439,-0.01272078,0.07945458,0,0,42809.1167

17,True,False,0.02,0.25,Rot6,2,0,0.00169439,-0.01272078,0.07945458,0,0,42822.958

17,True,False,0.02,0.25,Rot6,2,0,0.00169439,-0.01272078,0.07945458,0,0,42836.8489

17,True,False,0.02,0.25,Rot6,2,0,0.00169439,-0.01272078,0.07945458,0,0,42850.4012

17,True,False,0.02,0.25,Rot6,2,0,0.00169439,-0.01272078,0.07945458,0,0,42864.6403

17,True,False,0.02,0.25,Rot6,2,0,0.00169439,-0.01272078,0.07945458,0,0,42878.6928

17,True,False,0.02,0.25,Rot6,2,0,0.00169439,-0.01272078,0.07945458,0,0,42904.3723

17,True,False,0.02,0.25,Rot6,2,0,0.00169439,-0.01272078,0.07945458,0,0,42920.4784

17,True,False,0.02,0.25,Rot6,2,0,0.00169439,-0.01272078,0.07945458,0,0,42932.2869

17,True,False,0.02,0.25,Rot6,2,0,0.00169439,-0.01272078,0.07945458,0,0,42971.7785

17,True,False,0.02,0.25,Rot6,2,0,0.00169439,-0.01272078,0.07945458,0,0,42986.8714

17,True,False,0.02,0.25,Rot6,2,0,0.00169439,-0.01272078,0.07945458,0,0,42999.8998

17,True,False,0.02,0.25,Rot6,2,0,0.00169439,-0.01272078,0.07945458,0,0,43016.0493

17,True,False,0.02,0.25,Rot6,2,0,0.00169439,-0.01272078,0.07945458,0,0,43041.104

17,True,False,0.02,0.25,Rot6,2,0,0.00169439,-0.01272078,0.07945458,0,0,43056.8998

17,True,False,0.02,0.25,Rot6,2,0,0.00169439,-0.01272078,0.07945458,0,0,43069.0508

17,True,False,0.02,0.25,Rot6,2,0,0.00169439,-0.01272078,0.07945458,0,0,43083.6497

17,True,False,0.02,0.25,Rot6,2,0,0.00169439,-0.01272078,0.07945458,0,0,43098.4799

17,True,False,0.02,0.25,Rot6,2,0,0.00169439,-0.01272078,0.07945458,0,0,43113.152

17,True,False,0.02,0.25,Rot6,2,0,0.00169439,-0.01272078,0.07945458,0,0,43137.6404

17,True,False,0.02,0.25,Rot6,2,0,0.00169439,-0.01272078,0.07945458,0,0,43153.7527

17,True,False,0.02,0.25,Rot6,2,0,0.00169439,-0.01272078,0.07945458,0,0,43165.3837

17,True,False,0.02,0.25,Rot6,2,0,0.00169439,-0.01272078,0.07945458,0,0,43193.4572

17,True,False,0.02,0.25,Rot6,2,0,0.00169439,-0.01272078,0.07945458,0,0,43220.1491

17,True,False,0.02,0.25,Rot6,2,0,0.00169439,-0.01272078,0.07945458,0,0,43230.8329

17,True,False,0.02,0.25,Rot6,2,0,0.00169439,-0.01272078,0.07945458,0,0,43244.4033

17,True,False,0.02,0.25,Rot6,2,0,0.00169439,-0.01272078,0.07945458,0,0,43257.5219

17,True,False,0.02,0.25,Rot6,2,0,0.00169439,-0.01272078,0.07945458,0,0,43270.6595

17,True,False,0.02,0.25,Rot6,2,0,0.00169439,-0.01272078,0.07945458,0,0,43284.6614

17,True,False,0.02,0.25,Rot6,2,0,0.00169439,-0.01272078,0.07945458,0,0,43299.7701

17,True,False,0.02,0.25,Rot6,2,0,0.00169439,-0.01272078,0.07945458,0,0,43312.7881

17,True,False,0.02,0.25,Rot6,2,0,0.00169439,-0.01272078,0.07945458,0,0,43336.6926

17,True,False,0.02,0.25,Rot6,2,0,0.00169439,-0.01272078,0.07945458,0,0,43363.7391

17,True,False,0.02,0.25,Rot6,2,0,0.00169439,-0.01272078,0.07945458,0,0,43377.2717

17,True,False,0.02,0.25,Rot6,2,0,0.00169439,-0.01272078,0.07945458,0,0,43390.8911

17,True,False,0.02,0.25,Rot6,2,0,0.00169439,-0.01272078,0.07945458,0,0,43405.5642

17,True,False,0.02,0.25,Rot6,2,0,0.00169439,-0.01272078,0.07945458,0,0,43419.2333

17,True,False,0.02,0.25,Rot6,2,0,0.00169439,-0.01272078,0.07945458,0,0,43432.8366

17,True,False,0.02,0.25,Rot6,2,0,0.00169439,-0.01272078,0.07945458,0,0,43448.1683

17,True,False,0.02,0.25,Rot6,2,0,0.00169439,-0.01272078,0.07945458,0,0,43473.493

17,True,False,0.02,0.25,Rot6,2,0,0.00169439,-0.01272078,0.07945458,0,0,43489.2402

17,True,False,0.02,0.25,Rot6,2,0,0.00169439,-0.01272078,0.07945458,0,0,43501.1397

17,True,False,0.02,0.25,Rot6,2,0,0.00169439,-0.01272078,0.07945458,0,0,43514.7985

17,True,False,0.02,0.25,Rot6,2,0,0.00169439,-0.01272078,0.07945458,0,0,43528.674

17,True,False,0.02,0.25,Rot6,2,0,0.00169439,-0.01272078,0.07945458,0,0,43555.9588

17,True,False,0.02,0.25,Rot6,2,0,0.00169439,-0.01272078,0.07945458,0,0,43583.6614

17,True,False,0.02,0.25,Rot6,2,0,0.00169439,-0.01272078,0.07945458,0,0,43595.7702

17,True,False,0.02,0.25,Rot6,2,0,0.00169439,-0.01272078,0.07945458,0,0,43608.1174

17,True,False,0.02,0.25,Rot6,2,0,0.00169439,-0.01272078,0.07945458,0,0,43622.0166

17,True,False,0.02,0.25,Rot6,2,0,0.00169439,-0.01272078,0.07945458,0,0,43634.9155

17,True,False,0.02,0.25,Rot6,2,0,0.00169439,-0.01272078,0.07945458,0,0,43648.5933

17,True,False,0.02,0.25,Rot6,2,0,0.00169439,-0.01272078,0.07945458,0,0,43673.9285

17,True,False,0.02,0.25,Rot6,2,0,0.00169439,-0.01272078,0.07945458,0,0,43699.4822

17,True,False,0.02,0.25,Rot6,2,0,0.00169439,-0.01272078,0.07945458,0,0,43713.2922

17,True,False,0.02,0.25,Rot6,2,0,0.00169439,-0.01272078,0.07945458,0,0,43727.0578

17,True,False,0.02,0.25,Rot6,2,0,0.00169439,-0.01272078,0.07945458,0,0,43740.915

17,True,False,0.02,0.25,Rot6,2,0,0.00169439,-0.01272078,0.07945458,0,0,43753.5762

17,True,False,0.02,0.25,Rot6,2,0,0.00169439,-0.01272078,0.07945458,0,0,43767.3253

17,True,False,0.02,0.25,Rot6,2,0,0.00169439,-0.01272078,0.07945458,0,0,43781.5329

17,True,False,0.02,0.25,Rot6,2,0,0.00169439,-0.01272078,0.07945458,0,0,43807.9286

17,True,False,0.02,0.25,Rot6,2,0,0.00169439,-0.01272078,0.07945458,0,0,43823.7451

17,True,False,0.02,0.25,Rot6,2,0,0.00169439,-0.01272078,0.07945458,0,0,43835.2457

17,True,False,0.02,0.25,Rot6,2,0,0.00169439,-0.01272078,0.07945458,0,0,43848.6065

17,True,False,0.02,0.25,Rot6,2,0,0.00169439,-0.01272078,0.07945458,0,0,43864.305

17,True,False,0.02,0.25,Rot6,2,0,0.001694405,-0.01272078,0.07945458,1.559965E-08,6.36510097674232E-07,43888.8131

17,True,False,0.02,0.25,Rot6,2,0,0.001661142,-0.0127251,0.07945806,3.372285E-05,0.00208843829079698,43904.9605

17,True,False,0.02,0.25,Rot6,2,0,0.001356001,-0.01271084,0.07951139,0.0003100947,0.0263982306713993,43916.7073

17,True,False,0.02,0.25,Rot6,2,0,0.0009389878,-0.01262357,0.07971245,0.0004711059,0.0339903257932355,43930.5673

17,True,False,0.02,0.25,Rot6,2,0,0.0003320093,-0.01235883,0.08020515,0.0008253881,0.0299440988602169,43958.1316

17,True,False,0.02,0.25,Rot6,2,0,-8.758267E-05,-0.0121208,0.08089535,0.0008420739,0.0297448551242643,43986.4415

17,True,False,0.02,0.25,Rot6,2,0,2.865697E-05,-0.01183677,0.08174865,0.0009068099,0.0812153447333956,43997.607

17,True,False,0.02,0.25,Rot6,2,0,0.0003512678,-0.01155823,0.08271997,0.001060719,0.0834016347036343,44010.3252

17,True,False,0.02,0.25,Rot6,2,0,0.0009455862,-0.01107299,0.0842966,0.001753408,0.126912300096391,44024.1411

17,True,False,0.02,0.25,Rot6,2,0,0.0009455967,-0.01107305,0.08429675,1.622495E-07,1.2157257952428E-05,44037.487

17,True,False,0.02,0.25,Rot6,2,0,0.001588716,-0.01157749,0.08626359,0.002129911,0.174773417926992,44049.6737

17,True,False,0.02,0.25,Rot6,2,0,0.00208871,-0.01209853,0.08807765,0.001952509,0.143540446985243,44063.2762

17,True,False,0.02,0.25,Rot6,2,0,0.002319104,-0.01258385,0.09102547,0.002996377,0.114297904506901,44089.4917

17,True,False,0.02,0.25,Rot6,2,0,0.00245664,-0.01306721,0.0937294,0.002750232,0.104227581596904,44115.8785

17,True,False,0.02,0.25,Rot6,2,0,0.002320751,-0.01305878,0.09645881,0.002732802,0.199583873100972,44129.571

17,True,False,0.02,0.25,Rot6,2,0,0.002397552,-0.01354153,0.09886757,0.002457857,0.178446949172859,44143.3446

17,True,False,0.02,0.25,Rot6,2,0,0.002294733,-0.01407869,0.1017534,0.002937179,0.206977661099417,44157.5354

17,True,False,0.02,0.25,Rot6,2,0,0.002173949,-0.01450275,0.1041618,0.00244843,0.178816685633332,44171.2278

17,True,False,0.02,0.25,Rot6,2,0,0.001736931,-0.01452353,0.1065585,0.002436331,0.184912320865734,44184.4034

17,True,False,0.02,0.25,Rot6,2,0,0.001316431,-0.01449559,0.1087503,0.002231908,0.150985135273053,44199.1857

17,True,False,0.02,0.25,Rot6,2,0,0.001118616,-0.0141771,0.1111627,0.00244142,0.0945912670706425,44224.9959

17,True,False,0.02,0.25,Rot6,2,0,0.0009760024,-0.01304152,0.1143141,0.0033528,0.244487235396434,44238.7095

17,True,False,0.02,0.25,Rot6,2,0,0.0009976772,-0.01199794,0.1175017,0.003354076,0.248468449336996,44252.2085

17,True,False,0.02,0.25,Rot6,2,0,0.0009074284,-0.01092248,0.1210844,0.003741761,0.267649084843774,44266.1886

17,True,False,0.02,0.25,Rot6,2,0,0.0007427018,-0.009966718,0.1250034,0.004037244,0.277683764042147,44280.7276

17,True,False,0.02,0.25,Rot6,2,0,0.0006388426,-0.009247335,0.1282572,0.003333953,0.128678823684721,44306.6367

17,True,False,0.02,0.25,Rot6,2,0,0.0005110438,-0.007941836,0.1315725,0.003565399,0.231763216903997,44322.0205

17,True,False,0.02,0.25,Rot6,2,0,0.0004758213,-0.006717723,0.1349181,0.00356268,0.292128326017496,44334.2161

17,True,False,0.02,0.25,Rot6,2,0,0.0001026535,-0.005887451,0.1380424,0.003254217,0.255571470865201,44346.9492

17,True,False,0.02,0.25,Rot6,2,0,-0.0003504264,-0.005048497,0.1408594,0.002973952,0.193876674771384,44362.2886

17,True,False,0.02,0.25,Rot6,2,0,-0.001873539,-0.00297738,0.1434447,0.003645996,0.141023605716555,44388.1424

17,True,False,0.02,0.25,Rot6,2,0,-0.003336744,-0.0009011836,0.1460545,0.003641769,0.225748143884221,44404.2744

17,True,False,0.02,0.25,Rot6,2,0,-0.003547609,-0.0007692428,0.1469839,0.0009621108,0.0771948874429147,44416.7378

17,True,False,0.02,0.25,Rot6,2,0,-0.003895156,-0.0005434832,0.1487748,0.001838223,0.131397405724341,44430.7276

17,True,False,0.02,0.25,Rot6,2,0,-0.004036419,-0.001188119,0.1505419,0.001886376,0.0724406246348395,44456.7679

17,True,False,0.02,0.25,Rot6,2,0,-0.004492041,-0.0005604051,0.1521237,0.00176167,0.124765930929466,44470.8877

17,True,False,0.02,0.25,Rot6,2,0,-0.004895879,0.000201926,0.1535948,0.001705409,0.126291046048913,44484.3915

17,True,False,0.02,0.25,Rot6,2,0,-0.005487442,0.001243122,0.1559312,0.002625426,0.16274845826424,44500.5233

17,True,False,0.02,0.25,Rot6,2,0,-0.005873621,0.002326928,0.1584175,0.002739612,0.112175749654301,44524.9458

17,True,False,0.02,0.25,Rot6,2,0,-0.006098466,0.002821922,0.1605757,0.002225648,0.0808101054205542,44552.4875

17,True,False,0.02,0.25,Rot6,2,0,-0.006165437,0.003186576,0.1624548,0.001915322,0.165393456518418,44564.0679

17,True,False,0.02,0.25,Rot6,2,0,-0.00620933,0.003457349,0.1642345,0.001800662,0.131708205813497,44577.7395

17,True,False,0.02,0.25,Rot6,2,0,-0.006210185,0.003457855,0.1642353,1.297312E-06,0.000106404233619224,44589.9318

17,True,False,0.02,0.25,Rot6,2,0,-0.006635308,0.004039123,0.1668632,0.002724824,0.189381707506306,44604.3198

17,True,False,0.02,0.25,Rot6,2,0,-0.007023355,0.004833338,0.1685694,0.001921527,0.0447656876872889,44647.2439

17,True,False,0.02,0.25,Rot6,2,0,-0.007041681,0.005326941,0.1700627,0.00157289,0.11706798481557,44660.6796

17,True,False,0.02,0.25,Rot6,2,0,-0.007001629,0.005190343,0.1721584,0.002100498,0.170793057326521,44672.9781

17,True,False,0.02,0.25,Rot6,2,0,-0.007063824,0.005413447,0.1747757,0.002627572,0.197161555093363,44686.3051

17,True,False,0.02,0.25,Rot6,2,0,-0.007063828,0.005413384,0.1747759,1.617722E-07,6.0517907740791E-06,44713.0364

17,True,False,0.02,0.25,Rot6,2,0,-0.006421763,0.00502184,0.1779712,0.00328262,0.240890903259923,44726.6634

17,True,False,0.02,0.25,Rot6,2,0,-0.005666067,0.003837408,0.1810115,0.003349302,0.239653546448342,44740.639

17,True,False,0.02,0.25,Rot6,2,0,-0.004932591,0.002963935,0.1841654,0.003353813,0.220862077418122,44755.8241

17,True,False,0.02,0.25,Rot6,2,0,-0.004363663,0.002388546,0.1866428,0.00260619,0.234169532300701,44766.9536

17,True,False,0.02,0.25,Rot6,2,0,-0.003990203,0.002004884,0.1888371,0.00225859,0.0831011826339125,44794.1324

17,True,False,0.02,0.25,Rot6,2,0,-0.003560945,0.002993733,0.1908789,0.002308944,0.157696442857167,44808.7741

17,True,False,0.02,0.25,Rot6,2,0,-0.003171991,0.003689535,0.1929669,0.002234983,0.175656535161466,44821.4977

17,True,False,0.02,0.25,Rot6,2,0,-0.00267496,0.00444919,0.1956172,0.002801484,0.209834857239174,44834.8486

17,True,False,0.02,0.25,Rot6,2,0,-0.004015931,0.008111709,0.1998106,0.005726861,0.371985192729679,44850.244

17,True,False,0.02,0.25,Rot6,2,0,-0.005160159,0.01072266,0.2034417,0.004616421,0.182862599442595,44875.4893

17,True,False,0.02,0.25,Rot6,2,0,-0.00448618,0.01085237,0.2061317,0.002776167,0.186142559136792,44890.4035

17,True,False,0.02,0.25,Rot6,2,0,-0.003934539,0.01105369,0.2087096,0.002643938,0.206068239766764,44903.2339

17,True,False,0.02,0.25,Rot6,2,0,-0.004286998,0.009696789,0.2098729,0.001821722,0.125185358202909,44917.7861

17,True,False,0.02,0.25,Rot6,2,0,-0.00452493,0.008655761,0.2108985,0.001480591,0.10379841008809,44932.0502

17,True,False,0.02,0.25,Rot6,2,0,-0.004009531,0.007650012,0.211611,0.001335981,0.0533157588112881,44957.1081

17,True,False,0.02,0.25,Rot6,2,0,-0.003937609,0.006407291,0.2119926,0.001301962,0.046272887204823,44985.2447

17,True,False,0.02,0.25,Rot6,2,0,-0.003844823,0.005299503,0.2125584,0.001247396,0.101591887782845,44997.5232

17,True,False,0.02,0.25,Rot6,2,0,-0.003256483,0.003714339,0.2142674,0.002404042,0.19212658943698,45010.036

17,True,False,0.02,0.25,Rot6,2,0,-0.002621493,0.001915111,0.2164384,0.00289028,0.210234272100315,45023.7839

17,True,False,0.02,0.25,Rot6,2,0,-0.002621492,0.001915153,0.2164383,1.125035E-07,8.82885663381776E-06,45036.5266

17,True,False,0.02,0.25,Rot6,2,0,-0.002677964,0.002773263,0.2181034,0.001874087,0.140386273903585,45049.8761

17,True,False,0.02,0.25,Rot6,2,0,-0.002795651,0.004104682,0.2196833,0.002069455,0.078940737119586,45076.0914

17,True,False,0.02,0.25,Rot6,2,0,-0.003096073,0.006313724,0.2212175,0.002706266,0.105268573554589,45101.7996

17,True,False,0.02,0.25,Rot6,2,0,-0.003475894,0.007625187,0.2223563,0.001777951,0.129730134199445,45115.5046

17,True,False,0.02,0.25,Rot6,2,0,-0.003997049,0.009239938,0.2237779,0.002213559,0.179567083058082,45127.8318

17,True,False,0.02,0.25,Rot6,2,0,-0.004452548,0.01007122,0.2249927,0.001540886,0.106753150950882,45142.2659

17,True,False,0.02,0.25,Rot6,2,0,-0.004809669,0.01071723,0.2260939,0.001325716,0.096853152386136,45155.9538

17,True,False,0.02,0.25,Rot6,2,0,-0.004472521,0.01019931,0.2267185,0.0008786223,0.0644132391978886,45169.5942

17,True,False,0.02,0.25,Rot6,2,0,-0.004069216,0.009613443,0.2273315,0.0009389502,0.0600970413730811,45185.2181

17,True,False,0.02,0.25,Rot6,2,0,-0.003660661,0.009024126,0.22794,0.0009405016,0.0370111577016224,45210.6294

17,True,False,0.02,0.25,Rot6,2,0,-0.003167286,0.008089013,0.228125,0.001073344,0.0399080851052513,45237.5248

17,True,False,0.02,0.25,Rot6,2,0,-0.002587973,0.007179463,0.2285444,0.001157049,0.0787215566006147,45252.2228

17,True,False,0.02,0.25,Rot6,2,0,-0.001772502,0.005922243,0.2291352,0.001610811,0.114829883204198,45266.2506

17,True,False,0.02,0.25,Rot6,2,0,-0.0006183092,0.004456165,0.2299526,0.002037086,0.146929245086446,45280.115

17,True,False,0.02,0.25,Rot6,2,0,0.0003263199,0.003263768,0.2306426,0.001670406,0.130298873734387,45292.9348

17,True,False,0.02,0.25,Rot6,2,0,0.0008620315,0.002519159,0.2317607,0.001446166,0.100291675423405,45307.3544

17,True,False,0.02,0.25,Rot6,2,0,0.001340953,0.001844156,0.232743,0.001284533,0.0904167439690724,45321.5612

17,True,False,0.02,0.25,Rot6,2,0,0.001788602,0.001206011,0.2336449,0.001192058,0.0849655690042292,45335.5911

17,True,False,0.02,0.25,Rot6,2,0,0.002274511,0.0004023968,0.2349384,0.001598423,0.060253957035422,45362.1192

17,True,False,0.02,0.25,Rot6,2,0,0.002753437,-0.0004899995,0.2359999,0.001467158,0.0945522604503719,45377.6361

17,True,False,0.02,0.25,Rot6,2,0,0.003241827,-0.001455268,0.2367672,0.001326274,0.115213982937255,45389.1475

17,True,False,0.02,0.25,Rot6,2,0,0.004088631,-0.003162911,0.2378743,0.002204288,0.162580860473195,45402.7056

17,True,False,0.02,0.25,Rot6,2,0,0.005025452,-0.00424286,0.2395762,0.002222691,0.0805798870267115,45430.2893

17,True,False,0.02,0.25,Rot6,2,0,0.006028915,-0.005557463,0.2413951,0.002458386,0.177012580692975,45444.1775

17,True,False,0.02,0.25,Rot6,2,0,0.006991787,-0.006936508,0.2428904,0.002250455,0.182409166779123,45456.5149

17,True,False,0.02,0.25,Rot6,2,0,0.006944493,-0.007510211,0.2445437,0.00175069,0.139331811670619,45469.0798

17,True,False,0.02,0.25,Rot6,2,0,0.006894013,-0.008115692,0.2459496,0.001531566,0.092047893671005,45485.7186

17,True,False,0.02,0.25,Rot6,2,0,0.006842772,-0.008724103,0.247223,0.001412204,0.115129715601699,45497.9848

17,True,False,0.02,0.25,Rot6,2,0,0.00700303,-0.008802307,0.2494568,0.00224088,0.0856392687914159,45524.1513

17,True,False,0.02,0.25,Rot6,2,0,0.007193246,-0.008853494,0.2515981,0.002150338,0.0774561682555525,45551.9133

