PID,taskType,rightHanded,width,length,rotation,execType,trialRep,PositionX,PositionY,PositionZ,Movement,Speed,Timestamp
17,True,False,0.02,0.25,Rot13,2,0,0.007311524,-0.001713375,0.001230374,0,0,0.0048

17,True,False,0.02,0.25,Rot13,2,0,0.007792772,-0.002135886,0.003727913,0.002578336,0.246217082737317,10.4766

17,True,False,0.02,0.25,Rot13,2,0,0.008573771,-0.002784932,0.006872185,0.003304189,0.228481766833263,24.9381

17,True,False,0.02,0.25,Rot13,2,0,0.009315104,-0.003378002,0.009419359,0.002718346,0.101065024374546,51.8351

17,True,False,0.02,0.25,Rot13,2,0,0.008915872,-0.003770684,0.01390672,0.004522164,0.163841768592827,79.4359

17,True,False,0.02,0.25,Rot13,2,0,0.008910091,-0.004623699,0.01873618,0.004904217,0.342217520502913,93.7666

17,True,False,0.02,0.25,Rot13,2,0,0.00878203,-0.00561867,0.02407548,0.005432726,0.407040312707941,107.1135

17,True,False,0.02,0.25,Rot13,2,0,0.009906323,-0.005803969,0.02955557,0.005597297,0.3752042567511,122.0315

17,True,False,0.02,0.25,Rot13,2,0,0.01070529,-0.006141144,0.03414438,0.004670036,0.326366008652239,136.3407

17,True,False,0.02,0.25,Rot13,2,0,0.01098812,-0.004927483,0.03707208,0.00318189,0.232103953346841,150.0496

17,True,False,0.02,0.25,Rot13,2,0,0.01122347,-0.003943744,0.03968173,0.002798813,0.212143783031977,163.2426

17,True,False,0.02,0.25,Rot13,2,0,0.01196963,-0.003603234,0.04129566,0.001810386,0.125731708835892,177.6414

17,True,False,0.02,0.25,Rot13,2,0,0.01262945,-0.0032863,0.04285178,0.001719688,0.122765562011728,191.6493

17,True,False,0.02,0.25,Rot13,2,0,0.01323345,-0.002975752,0.04444393,0.001730949,0.0674213603018547,217.3229

17,True,False,0.02,0.25,Rot13,2,0,0.0147185,-0.003513878,0.04600046,0.002217598,0.0812720857670757,244.609

17,True,False,0.02,0.25,Rot13,2,0,0.01562536,-0.003498178,0.04735231,0.001627921,0.131925474487785,256.9487

17,True,False,0.02,0.25,Rot13,2,0,0.01679444,-0.003399459,0.04934598,0.002313273,0.177411825654468,269.9877

17,True,False,0.02,0.25,Rot13,2,0,0.01662004,-0.003139134,0.05190862,0.002581728,0.206786396207931,282.4727

17,True,False,0.02,0.25,Rot13,2,0,0.01662004,-0.003139118,0.05190863,2.174195E-08,1.58405487109089E-06,296.1982

17,True,False,0.02,0.25,Rot13,2,0,0.0162116,-0.002740868,0.05409781,0.00226228,0.0863419546200085,322.3996

17,True,False,0.02,0.25,Rot13,2,0,0.01577106,-0.002852652,0.05541616,0.001394495,0.105086303812248,335.6696

17,True,False,0.02,0.25,Rot13,2,0,0.01559377,-0.002805608,0.05597351,0.0005867636,0.0209942325397422,363.6184

17,True,False,0.02,0.25,Rot13,2,0,0.01523888,-0.002665872,0.05675648,0.000870923,0.0695464299655027,376.1413

17,True,False,0.02,0.25,Rot13,2,0,0.01520994,-0.002648297,0.05713321,0.0003782495,0.0278102120441694,389.7424

17,True,False,0.02,0.25,Rot13,2,0,0.0149039,-0.002533263,0.05753226,0.0005158787,0.0396826735486616,402.7425

17,True,False,0.02,0.25,Rot13,2,0,0.01471839,-0.002591691,0.05794046,0.0004521732,0.031496717466337,417.0987

17,True,False,0.02,0.25,Rot13,2,0,0.01456633,-0.002662999,0.05836059,0.0004524536,0.0353592605125741,429.8946

17,True,False,0.02,0.25,Rot13,2,0,0.01443449,-0.002744803,0.05880301,0.0004688424,0.0341003588132979,443.6435

17,True,False,0.02,0.25,Rot13,2,0,0.01410794,-0.002682373,0.05921598,0.0005301578,0.0194634017818016,470.8822

17,True,False,0.02,0.25,Rot13,2,0,0.01398689,-0.002727602,0.05967496,0.0004768243,0.0173141947096437,498.4217

17,True,False,0.02,0.25,Rot13,2,0,0.01396823,-0.002879165,0.0600487,0.0004037369,0.0299099835332924,511.9201

17,True,False,0.02,0.25,Rot13,2,0,0.01395282,-0.00304806,0.06046843,0.0004526976,0.0336951394561555,525.3552

17,True,False,0.02,0.25,Rot13,2,0,0.01376334,-0.003149855,0.06102774,0.0005992494,0.0419539596389775,539.6387

17,True,False,0.02,0.25,Rot13,2,0,0.01372773,-0.003356259,0.06144863,0.0004701275,0.0336683119431472,553.6022

17,True,False,0.02,0.25,Rot13,2,0,0.01371244,-0.003564335,0.06183155,0.0004360659,0.0323716777469765,567.0728

17,True,False,0.02,0.25,Rot13,2,0,0.01373541,-0.003739574,0.06207737,0.0003027643,0.0211100296301951,581.415

17,True,False,0.02,0.25,Rot13,2,0,0.01376495,-0.003914789,0.06230724,0.000290535,0.020914434177459,595.3066

17,True,False,0.02,0.25,Rot13,2,0,0.01380414,-0.004101249,0.0625453,0.0003049203,0.0218004230337016,609.2935

17,True,False,0.02,0.25,Rot13,2,0,0.01371729,-0.004167483,0.06269448,0.0001848841,0.00716518911063794,635.0966

17,True,False,0.02,0.25,Rot13,2,0,0.0136137,-0.004246698,0.06290279,0.0002457702,0.0161324760691152,650.3311

17,True,False,0.02,0.25,Rot13,2,0,0.01336905,-0.00434652,0.06318894,0.0003894827,0.0355195697959014,661.2964

17,True,False,0.02,0.25,Rot13,2,0,0.01327592,-0.004462709,0.0634889,0.0003348875,0.0237694282283806,675.3854

17,True,False,0.02,0.25,Rot13,2,0,0.01327866,-0.004541789,0.06371464,0.0002392044,0.00883883091153607,702.4483

17,True,False,0.02,0.25,Rot13,2,0,0.01342556,-0.004662103,0.06400941,0.0003506363,0.0123992632136283,730.7271

17,True,False,0.02,0.25,Rot13,2,0,0.01352286,-0.004795279,0.06427561,0.000313151,0.0273045992165473,742.1959

17,True,False,0.02,0.25,Rot13,2,0,0.01368341,-0.004984431,0.06462239,0.0004263914,0.0151461516018446,770.3477

17,True,False,0.02,0.25,Rot13,2,0,0.01388753,-0.00516472,0.06519856,0.0006372889,0.043784878311064,784.9027

17,True,False,0.02,0.25,Rot13,2,0,0.01404569,-0.00508591,0.0654299,0.0002911086,0.026473327257855,795.899

17,True,False,0.02,0.25,Rot13,2,0,0.01423991,-0.005232426,0.06599435,0.000614654,0.0216600586298351,824.2763

17,True,False,0.02,0.25,Rot13,2,0,0.01448798,-0.005330407,0.06617919,0.0003245114,0.012744429398698,849.7393

17,True,False,0.02,0.25,Rot13,2,0,0.01462919,-0.005394157,0.06626371,0.0001764785,0.0132356236877578,863.0729

17,True,False,0.02,0.25,Rot13,2,0,0.01471871,-0.005446411,0.06633989,0.0001286435,0.00952632876006296,876.5769

17,True,False,0.02,0.25,Rot13,2,0,0.01460719,-0.005324,0.06639735,0.0001752785,0.0132505693959422,889.8049

17,True,False,0.02,0.25,Rot13,2,0,0.01448429,-0.0051927,0.0664537,0.0001884692,0.0132763092994473,904.0008

17,True,False,0.02,0.25,Rot13,2,0,0.01449797,-0.005083816,0.06669801,0.0002678335,0.0196318549929793,917.6436

17,True,False,0.02,0.25,Rot13,2,0,0.01450801,-0.004967649,0.06695426,0.0002815223,0.0197046484822364,931.9307

17,True,False,0.02,0.25,Rot13,2,0,0.01450801,-0.004967649,0.06695426,0,0,944.7148

17,True,False,0.02,0.25,Rot13,2,0,0.01450801,-0.004967649,0.06695426,0,0,970.8552

17,True,False,0.02,0.25,Rot13,2,0,0.01450801,-0.004967649,0.06695426,0,0,997.518

17,True,False,0.02,0.25,Rot13,2,0,0.01450801,-0.004967649,0.06695426,0,0,1011.4327

17,True,False,0.02,0.25,Rot13,2,0,0.01450801,-0.004967649,0.06695426,0,0,1024.8156

17,True,False,0.02,0.25,Rot13,2,0,0.01450801,-0.004967649,0.06695426,0,0,1038.8477

17,True,False,0.02,0.25,Rot13,2,0,0.01450801,-0.004967649,0.06695426,0,0,1052.849

17,True,False,0.02,0.25,Rot13,2,0,0.01450801,-0.004967649,0.06695426,0,0,1066.2509

17,True,False,0.02,0.25,Rot13,2,0,0.01450801,-0.004967649,0.06695426,0,0,1081.4124

17,True,False,0.02,0.25,Rot13,2,0,0.01450801,-0.004967649,0.06695426,0,0,1096.4105

17,True,False,0.02,0.25,Rot13,2,0,0.01450801,-0.004967649,0.06695426,0,0,1121.4471

17,True,False,0.02,0.25,Rot13,2,0,0.01450801,-0.004967649,0.06695426,0,0,1148.7594

17,True,False,0.02,0.25,Rot13,2,0,0.01450801,-0.004967649,0.06695426,0,0,1163.169

17,True,False,0.02,0.25,Rot13,2,0,0.01450801,-0.004967649,0.06695426,0,0,1176.9318

17,True,False,0.02,0.25,Rot13,2,0,0.01450801,-0.004967649,0.06695426,0,0,1190.4397

17,True,False,0.02,0.25,Rot13,2,0,0.01450801,-0.004967649,0.06695426,0,0,1204.631

17,True,False,0.02,0.25,Rot13,2,0,0.01450801,-0.004967649,0.06695426,0,0,1219.4551

17,True,False,0.02,0.25,Rot13,2,0,0.01450801,-0.004967649,0.06695426,0,0,1233.4138

17,True,False,0.02,0.25,Rot13,2,0,0.01450801,-0.004967649,0.06695426,0,0,1246.9674

17,True,False,0.02,0.25,Rot13,2,0,0.01450801,-0.004967649,0.06695426,0,0,1274.0959

17,True,False,0.02,0.25,Rot13,2,0,0.01450801,-0.004967649,0.06695426,0,0,1288.3879

17,True,False,0.02,0.25,Rot13,2,0,0.01450801,-0.004967649,0.06695426,0,0,1302.0693

17,True,False,0.02,0.25,Rot13,2,0,0.01450801,-0.004967649,0.06695426,0,0,1316.1312

17,True,False,0.02,0.25,Rot13,2,0,0.01450801,-0.004967649,0.06695426,0,0,1330.0818

17,True,False,0.02,0.25,Rot13,2,0,0.01450801,-0.004967649,0.06695426,0,0,1356.5926

17,True,False,0.02,0.25,Rot13,2,0,0.01450801,-0.004967649,0.06695426,0,0,1371.6065

17,True,False,0.02,0.25,Rot13,2,0,0.01450801,-0.004967649,0.06695426,0,0,1383.8442

17,True,False,0.02,0.25,Rot13,2,0,0.01450801,-0.004967649,0.06695426,0,0,1398.5039

17,True,False,0.02,0.25,Rot13,2,0,0.01450801,-0.004967649,0.06695426,0,0,1412.9957

17,True,False,0.02,0.25,Rot13,2,0,0.01450801,-0.004967649,0.06695426,0,0,1438.9315

17,True,False,0.02,0.25,Rot13,2,0,0.01450801,-0.004967649,0.06695426,0,0,1466.5681

17,True,False,0.02,0.25,Rot13,2,0,0.01450801,-0.004967649,0.06695426,0,0,1478.8698

17,True,False,0.02,0.25,Rot13,2,0,0.01450801,-0.004967649,0.06695426,0,0,1491.6771

17,True,False,0.02,0.25,Rot13,2,0,0.01450801,-0.004967649,0.06695426,0,0,1504.5826

17,True,False,0.02,0.25,Rot13,2,0,0.01450801,-0.004967649,0.06695426,0,0,1518.2941

17,True,False,0.02,0.25,Rot13,2,0,0.01450801,-0.004967649,0.06695426,0,0,1534.1292

17,True,False,0.02,0.25,Rot13,2,0,0.01450801,-0.004967649,0.06695426,0,0,1545.2891

17,True,False,0.02,0.25,Rot13,2,0,0.01450801,-0.004967649,0.06695426,0,0,1570.3471

17,True,False,0.02,0.25,Rot13,2,0,0.01450801,-0.004967649,0.06695426,0,0,1598.1924

17,True,False,0.02,0.25,Rot13,2,0,0.01450801,-0.004967649,0.06695426,0,0,1611.0577

17,True,False,0.02,0.25,Rot13,2,0,0.01450801,-0.004967649,0.06695426,0,0,1624.6539

17,True,False,0.02,0.25,Rot13,2,0,0.01450801,-0.004967649,0.06695426,0,0,1638.9052

17,True,False,0.02,0.25,Rot13,2,0,0.01450801,-0.004967649,0.06695426,0,0,1652.7189

17,True,False,0.02,0.25,Rot13,2,0,0.01450801,-0.004967649,0.06695426,0,0,1666.1909

17,True,False,0.02,0.25,Rot13,2,0,0.01450801,-0.004967649,0.06695426,0,0,1679.1153

17,True,False,0.02,0.25,Rot13,2,0,0.01450801,-0.004967649,0.06695426,0,0,1706.3699

17,True,False,0.02,0.25,Rot13,2,0,0.01450801,-0.004967649,0.06695426,0,0,1733.3458

17,True,False,0.02,0.25,Rot13,2,0,0.01450801,-0.004967649,0.06695426,0,0,1747.7186

17,True,False,0.02,0.25,Rot13,2,0,0.01450801,-0.004967649,0.06695426,0,0,1761.4877

17,True,False,0.02,0.25,Rot13,2,0,0.01450801,-0.004967649,0.06695426,0,0,1775.797

17,True,False,0.02,0.25,Rot13,2,0,0.01450801,-0.004967649,0.06695426,0,0,1788.3401

17,True,False,0.02,0.25,Rot13,2,0,0.01450801,-0.004967649,0.06695426,0,0,1803.0738

17,True,False,0.02,0.25,Rot13,2,0,0.01450801,-0.004967649,0.06695426,0,0,1817.0325

17,True,False,0.02,0.25,Rot13,2,0,0.01450801,-0.004967649,0.06695426,0,0,1830.7901

17,True,False,0.02,0.25,Rot13,2,0,0.01450801,-0.004967649,0.06695426,0,0,1857.7434

17,True,False,0.02,0.25,Rot13,2,0,0.01450801,-0.004967649,0.06695426,0,0,1872.0462

17,True,False,0.02,0.25,Rot13,2,0,0.01450801,-0.004967649,0.06695426,0,0,1885.2591

17,True,False,0.02,0.25,Rot13,2,0,0.01450801,-0.004967649,0.06695426,0,0,1899.3942

17,True,False,0.02,0.25,Rot13,2,0,0.01450801,-0.004967649,0.06695426,0,0,1913.2962

17,True,False,0.02,0.25,Rot13,2,0,0.01450801,-0.004967649,0.06695426,0,0,1940.2627

17,True,False,0.02,0.25,Rot13,2,0,0.01450801,-0.004967649,0.06695426,0,0,1956.2098

17,True,False,0.02,0.25,Rot13,2,0,0.01450801,-0.004967649,0.06695426,0,0,1967.3846

17,True,False,0.02,0.25,Rot13,2,0,0.01450801,-0.004967649,0.06695426,0,0,1980.8953

17,True,False,0.02,0.25,Rot13,2,0,0.01450801,-0.004967649,0.06695426,0,0,2008.5432

17,True,False,0.02,0.25,Rot13,2,0,0.01450801,-0.004967649,0.06695426,0,0,2022.3696

17,True,False,0.02,0.25,Rot13,2,0,0.01450801,-0.004967649,0.06695426,0,0,2034.8284

17,True,False,0.02,0.25,Rot13,2,0,0.01450801,-0.004967649,0.06695426,0,0,2047.3325

17,True,False,0.02,0.25,Rot13,2,0,0.01450801,-0.004967649,0.06695426,0,0,2062.1717

17,True,False,0.02,0.25,Rot13,2,0,0.01450801,-0.004967649,0.06695426,0,0,2077.8051

17,True,False,0.02,0.25,Rot13,2,0,0.01450801,-0.004967649,0.06695426,0,0,2102.7875

17,True,False,0.02,0.25,Rot13,2,0,0.01450801,-0.004967649,0.06695426,0,0,2130.9434

17,True,False,0.02,0.25,Rot13,2,0,0.01450801,-0.004967649,0.06695426,0,0,2143.3422

17,True,False,0.02,0.25,Rot13,2,0,0.01450801,-0.004967649,0.06695426,0,0,2157.2082

17,True,False,0.02,0.25,Rot13,2,0,0.01450801,-0.004967649,0.06695426,0,0,2170.2331

17,True,False,0.02,0.25,Rot13,2,0,0.01450801,-0.004967649,0.06695426,0,0,2183.2383

17,True,False,0.02,0.25,Rot13,2,0,0.01450801,-0.004967649,0.06695426,0,0,2198.1982

17,True,False,0.02,0.25,Rot13,2,0,0.01450801,-0.004967649,0.06695426,0,0,2211.3921

17,True,False,0.02,0.25,Rot13,2,0,0.01450801,-0.004967649,0.06695426,0,0,2235.6792

17,True,False,0.02,0.25,Rot13,2,0,0.01450801,-0.004967649,0.06695426,0,0,2262.0836

17,True,False,0.02,0.25,Rot13,2,0,0.01450801,-0.004967649,0.06695426,0,0,2276.0224

17,True,False,0.02,0.25,Rot13,2,0,0.01450801,-0.004967649,0.06695426,0,0,2289.4169

17,True,False,0.02,0.25,Rot13,2,0,0.01450801,-0.004967649,0.06695426,0,0,2304.276

17,True,False,0.02,0.25,Rot13,2,0,0.01450801,-0.004967649,0.06695426,0,0,2317.4374

17,True,False,0.02,0.25,Rot13,2,0,0.01450801,-0.004967649,0.06695426,0,0,2330.3616

17,True,False,0.02,0.25,Rot13,2,0,0.01450801,-0.004967649,0.06695426,0,0,2357.2594

17,True,False,0.02,0.25,Rot13,2,0,0.01450801,-0.004967649,0.06695426,0,0,2372.6986

17,True,False,0.02,0.25,Rot13,2,0,0.01450801,-0.004967649,0.06695426,0,0,2385.0664

17,True,False,0.02,0.25,Rot13,2,0,0.01450801,-0.004967649,0.06695426,0,0,2398.1127

17,True,False,0.02,0.25,Rot13,2,0,0.01450801,-0.004967649,0.06695426,0,0,2438.9106

17,True,False,0.02,0.25,Rot13,2,0,0.01450801,-0.004967649,0.06695426,0,0,2453.0017

17,True,False,0.02,0.25,Rot13,2,0,0.01450801,-0.004967649,0.06695426,0,0,2465.6917

17,True,False,0.02,0.25,Rot13,2,0,0.01450801,-0.004967649,0.06695426,0,0,2479.8226

17,True,False,0.02,0.25,Rot13,2,0,0.01450801,-0.004967649,0.06695426,0,0,2493.3586

17,True,False,0.02,0.25,Rot13,2,0,0.01450801,-0.004967649,0.06695426,0,0,2520.3227

17,True,False,0.02,0.25,Rot13,2,0,0.01450801,-0.004967649,0.06695426,0,0,2548.0339

17,True,False,0.02,0.25,Rot13,2,0,0.01450801,-0.004967649,0.06695426,0,0,2561.3384

17,True,False,0.02,0.25,Rot13,2,0,0.01450801,-0.004967649,0.06695426,0,0,2587.6287

17,True,False,0.02,0.25,Rot13,2,0,0.01450801,-0.004967649,0.06695426,0,0,2600.3152

17,True,False,0.02,0.25,Rot13,2,0,0.01450801,-0.004967649,0.06695426,0,0,2613.6693

17,True,False,0.02,0.25,Rot13,2,0,0.01450801,-0.004967649,0.06695426,0,0,2626.5826

17,True,False,0.02,0.25,Rot13,2,0,0.01450801,-0.004967649,0.06695426,0,0,2640.5743

17,True,False,0.02,0.25,Rot13,2,0,0.01450801,-0.004967649,0.06695426,0,0,2654.2416

17,True,False,0.02,0.25,Rot13,2,0,0.01450801,-0.004967649,0.06695426,0,0,2667.4717

17,True,False,0.02,0.25,Rot13,2,0,0.01450801,-0.004967649,0.06695426,0,0,2681.5094

17,True,False,0.02,0.25,Rot13,2,0,0.01450801,-0.004967649,0.06695426,0,0,2708.0218

17,True,False,0.02,0.25,Rot13,2,0,0.01450801,-0.004967649,0.06695426,0,0,2721.7785

17,True,False,0.02,0.25,Rot13,2,0,0.01450801,-0.004967649,0.06695426,0,0,2735.6013

17,True,False,0.02,0.25,Rot13,2,0,0.01450801,-0.004967649,0.06695426,0,0,2748.8508

17,True,False,0.02,0.25,Rot13,2,0,0.01450801,-0.004967649,0.06695426,0,0,2762.7094

17,True,False,0.02,0.25,Rot13,2,0,0.01450801,-0.004967649,0.06695426,0,0,2777.0913

17,True,False,0.02,0.25,Rot13,2,0,0.01450801,-0.004967649,0.06695426,0,0,2802.3874

17,True,False,0.02,0.25,Rot13,2,0,0.01450801,-0.004967649,0.06695426,0,0,2829.8439

17,True,False,0.02,0.25,Rot13,2,0,0.01450801,-0.004967649,0.06695426,0,0,2856.7504

17,True,False,0.02,0.25,Rot13,2,0,0.01450801,-0.004967649,0.06695426,0,0,2885.9465

17,True,False,0.02,0.25,Rot13,2,0,0.01450801,-0.004967649,0.06695426,0,0,2899.2622

17,True,False,0.02,0.25,Rot13,2,0,0.01450801,-0.004967649,0.06695426,0,0,2911.7654

17,True,False,0.02,0.25,Rot13,2,0,0.01450801,-0.004967649,0.06695426,0,0,2924.2035

17,True,False,0.02,0.25,Rot13,2,0,0.01450801,-0.004967649,0.06695426,0,0,2937.5677

17,True,False,0.02,0.25,Rot13,2,0,0.01450801,-0.004967649,0.06695426,0,0,2950.4517

17,True,False,0.02,0.25,Rot13,2,0,0.01450801,-0.004967649,0.06695426,0,0,2962.8162

17,True,False,0.02,0.25,Rot13,2,0,0.01450801,-0.004967649,0.06695426,0,0,2979.1553

17,True,False,0.02,0.25,Rot13,2,0,0.01450801,-0.004967649,0.06695426,0,0,3005.4951

17,True,False,0.02,0.25,Rot13,2,0,0.01450801,-0.004967649,0.06695426,0,0,3032.1261

17,True,False,0.02,0.25,Rot13,2,0,0.01450801,-0.004967649,0.06695426,0,0,3043.8448

17,True,False,0.02,0.25,Rot13,2,0,0.01450801,-0.004967649,0.06695426,0,0,3057.764

17,True,False,0.02,0.25,Rot13,2,0,0.01450801,-0.004967649,0.06695426,0,0,3070.5891

17,True,False,0.02,0.25,Rot13,2,0,0.01450801,-0.004967649,0.06695426,0,0,3083.9432

17,True,False,0.02,0.25,Rot13,2,0,0.01450801,-0.004967649,0.06695426,0,0,3098.1248

17,True,False,0.02,0.25,Rot13,2,0,0.01450801,-0.004967649,0.06695426,0,0,3124.7948

17,True,False,0.02,0.25,Rot13,2,0,0.01450801,-0.004967649,0.06695426,0,0,3138.344

17,True,False,0.02,0.25,Rot13,2,0,0.01450801,-0.004967649,0.06695426,0,0,3150.9879

17,True,False,0.02,0.25,Rot13,2,0,0.01450801,-0.004967649,0.06695426,0,0,3164.4879

17,True,False,0.02,0.25,Rot13,2,0,0.01450801,-0.004967649,0.06695426,0,0,3179.6437

17,True,False,0.02,0.25,Rot13,2,0,0.01450801,-0.004967649,0.06695426,0,0,3204.9487

17,True,False,0.02,0.25,Rot13,2,0,0.01450801,-0.004967649,0.06695426,0,0,3231.6302

17,True,False,0.02,0.25,Rot13,2,0,0.01450801,-0.004967649,0.06695426,0,0,3243.5527

17,True,False,0.02,0.25,Rot13,2,0,0.01450801,-0.004967649,0.06695426,0,0,3256.3931

17,True,False,0.02,0.25,Rot13,2,0,0.01450801,-0.004967649,0.06695426,0,0,3269.1791

17,True,False,0.02,0.25,Rot13,2,0,0.01450801,-0.004967649,0.06695426,0,0,3282.5199

17,True,False,0.02,0.25,Rot13,2,0,0.01450801,-0.004967649,0.06695426,0,0,3296.9021

17,True,False,0.02,0.25,Rot13,2,0,0.01450801,-0.004967649,0.06695426,0,0,3321.3707

17,True,False,0.02,0.25,Rot13,2,0,0.01450801,-0.004967649,0.06695426,0,0,3347.0803

17,True,False,0.02,0.25,Rot13,2,0,0.01450801,-0.004967649,0.06695426,0,0,3360.8183

17,True,False,0.02,0.25,Rot13,2,0,0.01450801,-0.004967649,0.06695426,0,0,3374.6644

17,True,False,0.02,0.25,Rot13,2,0,0.01450801,-0.004967649,0.06695426,0,0,3387.9433

17,True,False,0.02,0.25,Rot13,2,0,0.01450801,-0.004967649,0.06695426,0,0,3402.1064

17,True,False,0.02,0.25,Rot13,2,0,0.01450801,-0.004967649,0.06695426,0,0,3415.7546

17,True,False,0.02,0.25,Rot13,2,0,0.01450801,-0.004967649,0.06695426,0,0,3429.8435

17,True,False,0.02,0.25,Rot13,2,0,0.01450801,-0.004967649,0.06695426,0,0,3443.3467

17,True,False,0.02,0.25,Rot13,2,0,0.01450801,-0.004967649,0.06695426,0,0,3469.4787

17,True,False,0.02,0.25,Rot13,2,0,0.01450801,-0.004967649,0.06695426,0,0,3496.0483

17,True,False,0.02,0.25,Rot13,2,0,0.01450801,-0.004967649,0.06695426,0,0,3510.0703

17,True,False,0.02,0.25,Rot13,2,0,0.01450801,-0.004967649,0.06695426,0,0,3524.6287

17,True,False,0.02,0.25,Rot13,2,0,0.01450801,-0.004967649,0.06695426,0,0,3538.1668

17,True,False,0.02,0.25,Rot13,2,0,0.01450801,-0.004967649,0.06695426,0,0,3552.0954

17,True,False,0.02,0.25,Rot13,2,0,0.01450801,-0.004967649,0.06695426,0,0,3566.0489

17,True,False,0.02,0.25,Rot13,2,0,0.01450801,-0.004967649,0.06695426,0,0,3582.5529

17,True,False,0.02,0.25,Rot13,2,0,0.01450801,-0.004967649,0.06695426,0,0,3595.6495

17,True,False,0.02,0.25,Rot13,2,0,0.01450801,-0.004967649,0.06695426,0,0,3620.9386

17,True,False,0.02,0.25,Rot13,2,0,0.01450801,-0.004967649,0.06695426,0,0,3648.2605

17,True,False,0.02,0.25,Rot13,2,0,0.01450801,-0.004967649,0.06695426,0,0,3660.1729

17,True,False,0.02,0.25,Rot13,2,0,0.01450801,-0.004967649,0.06695426,0,0,3673.041

17,True,False,0.02,0.25,Rot13,2,0,0.01450801,-0.004967649,0.06695426,0,0,3685.8665

17,True,False,0.02,0.25,Rot13,2,0,0.01450801,-0.004967649,0.06695426,0,0,3699.2998

17,True,False,0.02,0.25,Rot13,2,0,0.01450801,-0.004967649,0.06695426,0,0,3713.6601

17,True,False,0.02,0.25,Rot13,2,0,0.01450801,-0.004967649,0.06695426,0,0,3726.8102

17,True,False,0.02,0.25,Rot13,2,0,0.01450801,-0.004967649,0.06695426,0,0,3752.4244

17,True,False,0.02,0.25,Rot13,2,0,0.01450801,-0.004967649,0.06695426,0,0,3778.3735

17,True,False,0.02,0.25,Rot13,2,0,0.01450801,-0.004967649,0.06695426,0,0,3791.8397

17,True,False,0.02,0.25,Rot13,2,0,0.01450801,-0.004967649,0.06695426,0,0,3805.0189

17,True,False,0.02,0.25,Rot13,2,0,0.01450801,-0.004967649,0.06695426,0,0,3819.5787

17,True,False,0.02,0.25,Rot13,2,0,0.01450801,-0.004967649,0.06695426,0,0,3832.4111

17,True,False,0.02,0.25,Rot13,2,0,0.01450801,-0.004967649,0.06695426,0,0,3846.4329

17,True,False,0.02,0.25,Rot13,2,0,0.01450801,-0.004967649,0.06695426,0,0,3872.9654

17,True,False,0.02,0.25,Rot13,2,0,0.01450801,-0.004967649,0.06695426,0,0,3887.3476

17,True,False,0.02,0.25,Rot13,2,0,0.01450801,-0.004967649,0.06695426,0,0,3900.0696

17,True,False,0.02,0.25,Rot13,2,0,0.01450801,-0.004967649,0.06695426,0,0,3913.9606

17,True,False,0.02,0.25,Rot13,2,0,0.01450801,-0.004967649,0.06695426,0,0,3928.1579

17,True,False,0.02,0.25,Rot13,2,0,0.01450801,-0.004967649,0.06695426,0,0,3954.2821

17,True,False,0.02,0.25,Rot13,2,0,0.01450801,-0.004967649,0.06695426,0,0,3982.4884

17,True,False,0.02,0.25,Rot13,2,0,0.01450801,-0.004967649,0.06695426,0,0,3996.9292

17,True,False,0.02,0.25,Rot13,2,0,0.01450801,-0.004967649,0.06695426,0,0,4010.4074

17,True,False,0.02,0.25,Rot13,2,0,0.01450801,-0.004967649,0.06695426,0,0,4023.7779

17,True,False,0.02,0.25,Rot13,2,0,0.01450801,-0.004967649,0.06695426,0,0,4038.4625

17,True,False,0.02,0.25,Rot13,2,0,0.01450801,-0.004967649,0.06695426,0,0,4052.3213

17,True,False,0.02,0.25,Rot13,2,0,0.01450801,-0.004967649,0.06695426,0,0,4065.0172

17,True,False,0.02,0.25,Rot13,2,0,0.01450801,-0.004967649,0.06695426,0,0,4094.8483

17,True,False,0.02,0.25,Rot13,2,0,0.01450801,-0.004967649,0.06695426,0,0,4120.749

17,True,False,0.02,0.25,Rot13,2,0,0.01450801,-0.004967649,0.06695426,0,0,4147.8628

17,True,False,0.02,0.25,Rot13,2,0,0.01450801,-0.004967649,0.06695426,0,0,4175.8656

17,True,False,0.02,0.25,Rot13,2,0,0.01450801,-0.004967649,0.06695426,0,0,4202.2359

17,True,False,0.02,0.25,Rot13,2,0,0.01450801,-0.004967649,0.06695426,0,0,4213.1809

17,True,False,0.02,0.25,Rot13,2,0,0.01450801,-0.004967649,0.06695426,0,0,4226.0126

17,True,False,0.02,0.25,Rot13,2,0,0.01450801,-0.004967649,0.06695426,0,0,4239.7892

17,True,False,0.02,0.25,Rot13,2,0,0.01450801,-0.004967649,0.06695426,0,0,4253.0366

17,True,False,0.02,0.25,Rot13,2,0,0.01450801,-0.004967649,0.06695426,0,0,4266.0581

17,True,False,0.02,0.25,Rot13,2,0,0.01450801,-0.004967649,0.06695426,0,0,4279.8215

17,True,False,0.02,0.25,Rot13,2,0,0.01450801,-0.004967649,0.06695426,0,0,4306.3705

17,True,False,0.02,0.25,Rot13,2,0,0.01450801,-0.004967649,0.06695426,0,0,4319.4255

17,True,False,0.02,0.25,Rot13,2,0,0.01450801,-0.004967649,0.06695426,0,0,4333.2983

17,True,False,0.02,0.25,Rot13,2,0,0.01450801,-0.004967649,0.06695426,0,0,4346.5101

17,True,False,0.02,0.25,Rot13,2,0,0.01450801,-0.004967649,0.06695426,0,0,4360.8602

17,True,False,0.02,0.25,Rot13,2,0,0.01450801,-0.004967649,0.06695426,0,0,4387.6378

17,True,False,0.02,0.25,Rot13,2,0,0.01450801,-0.004967649,0.06695426,0,0,4402.3965

17,True,False,0.02,0.25,Rot13,2,0,0.01450801,-0.004967649,0.06695426,0,0,4414.2493

17,True,False,0.02,0.25,Rot13,2,0,0.01450801,-0.004967649,0.06695426,0,0,4428.6554

17,True,False,0.02,0.25,Rot13,2,0,0.01450801,-0.004967649,0.06695426,0,0,4455.0847

17,True,False,0.02,0.25,Rot13,2,0,0.01450801,-0.004967649,0.06695426,0,0,4469.1186

17,True,False,0.02,0.25,Rot13,2,0,0.01450801,-0.004967649,0.06695426,0,0,4483.1161

17,True,False,0.02,0.25,Rot13,2,0,0.01450801,-0.004967649,0.06695426,0,0,4496.4172

17,True,False,0.02,0.25,Rot13,2,0,0.01450801,-0.004967649,0.06695426,0,0,4522.7108

17,True,False,0.02,0.25,Rot13,2,0,0.01450801,-0.004967649,0.06695426,0,0,4537.6934

17,True,False,0.02,0.25,Rot13,2,0,0.01450801,-0.004967649,0.06695426,0,0,4551.5582

17,True,False,0.02,0.25,Rot13,2,0,0.01450801,-0.004967649,0.06695426,0,0,4564.3181

17,True,False,0.02,0.25,Rot13,2,0,0.01450801,-0.004967649,0.06695426,0,0,4578.4117

17,True,False,0.02,0.25,Rot13,2,0,0.01450801,-0.004967649,0.06695426,0,0,4604.8694

17,True,False,0.02,0.25,Rot13,2,0,0.01450801,-0.004967649,0.06695426,0,0,4619.076

17,True,False,0.02,0.25,Rot13,2,0,0.01450801,-0.004967649,0.06695426,0,0,4632.1194

17,True,False,0.02,0.25,Rot13,2,0,0.01450801,-0.004967649,0.06695426,0,0,4644.7356

17,True,False,0.02,0.25,Rot13,2,0,0.01450801,-0.004967649,0.06695426,0,0,4660.7342

17,True,False,0.02,0.25,Rot13,2,0,0.01450801,-0.004967649,0.06695426,0,0,4673.3377

17,True,False,0.02,0.25,Rot13,2,0,0.01450801,-0.004967649,0.06695426,0,0,4699.1865

17,True,False,0.02,0.25,Rot13,2,0,0.01450801,-0.004967649,0.06695426,0,0,4726.9745

17,True,False,0.02,0.25,Rot13,2,0,0.01450801,-0.004967649,0.06695426,0,0,4739.3104

17,True,False,0.02,0.25,Rot13,2,0,0.01450801,-0.004967649,0.06695426,0,0,4752.8546

17,True,False,0.02,0.25,Rot13,2,0,0.01450801,-0.004967649,0.06695426,0,0,4765.7249

17,True,False,0.02,0.25,Rot13,2,0,0.01450801,-0.004967649,0.06695426,0,0,4780.0402

17,True,False,0.02,0.25,Rot13,2,0,0.01450801,-0.004967649,0.06695426,0,0,4805.6671

17,True,False,0.02,0.25,Rot13,2,0,0.01450801,-0.004967649,0.06695426,0,0,4819.2218

17,True,False,0.02,0.25,Rot13,2,0,0.01450801,-0.004967649,0.06695426,0,0,4832.8544

17,True,False,0.02,0.25,Rot13,2,0,0.01450801,-0.004967649,0.06695426,0,0,4846.1058

17,True,False,0.02,0.25,Rot13,2,0,0.01450801,-0.004967649,0.06695426,0,0,4861.278

17,True,False,0.02,0.25,Rot13,2,0,0.01450801,-0.004967649,0.06695426,0,0,4886.8543

17,True,False,0.02,0.25,Rot13,2,0,0.01450801,-0.004967649,0.06695426,0,0,4913.767

17,True,False,0.02,0.25,Rot13,2,0,0.01450801,-0.004967649,0.06695426,0,0,4927.6337

17,True,False,0.02,0.25,Rot13,2,0,0.01450801,-0.004967649,0.06695426,0,0,4941.5638

17,True,False,0.02,0.25,Rot13,2,0,0.01450801,-0.004967649,0.06695426,0,0,4954.9951

17,True,False,0.02,0.25,Rot13,2,0,0.01450801,-0.004967649,0.06695426,0,0,4968.8408

17,True,False,0.02,0.25,Rot13,2,0,0.01450801,-0.004967649,0.06695426,0,0,4983.3762

17,True,False,0.02,0.25,Rot13,2,0,0.01450801,-0.004967649,0.06695426,0,0,4997.1683

17,True,False,0.02,0.25,Rot13,2,0,0.01450801,-0.004967649,0.06695426,0,0,5011.1347

17,True,False,0.02,0.25,Rot13,2,0,0.01450801,-0.004967649,0.06695426,0,0,5037.7956

17,True,False,0.02,0.25,Rot13,2,0,0.01450801,-0.004967649,0.06695426,0,0,5051.9101

17,True,False,0.02,0.25,Rot13,2,0,0.01450801,-0.004967649,0.06695426,0,0,5064.8616

17,True,False,0.02,0.25,Rot13,2,0,0.01450801,-0.004967649,0.06695426,0,0,5078.2547

17,True,False,0.02,0.25,Rot13,2,0,0.01450801,-0.004967649,0.06695426,0,0,5105.9228

17,True,False,0.02,0.25,Rot13,2,0,0.01450801,-0.004967649,0.06695426,0,0,5118.1582

17,True,False,0.02,0.25,Rot13,2,0,0.01450801,-0.004967649,0.06695426,0,0,5130.472

17,True,False,0.02,0.25,Rot13,2,0,0.01450801,-0.004967649,0.06695426,0,0,5143.073

17,True,False,0.02,0.25,Rot13,2,0,0.01450801,-0.004967649,0.06695426,0,0,5169.3139

17,True,False,0.02,0.25,Rot13,2,0,0.01450801,-0.004967649,0.06695426,0,0,5195.2855

17,True,False,0.02,0.25,Rot13,2,0,0.01450801,-0.004967649,0.06695426,0,0,5208.8087

17,True,False,0.02,0.25,Rot13,2,0,0.01450801,-0.004967649,0.06695426,0,0,5222.781

17,True,False,0.02,0.25,Rot13,2,0,0.01450801,-0.004967649,0.06695426,0,0,5236.1598

17,True,False,0.02,0.25,Rot13,2,0,0.01450801,-0.004967649,0.06695426,0,0,5250.2871

17,True,False,0.02,0.25,Rot13,2,0,0.01450801,-0.004967649,0.06695426,0,0,5263.2966

17,True,False,0.02,0.25,Rot13,2,0,0.01450801,-0.004967649,0.06695426,0,0,5278.7076

17,True,False,0.02,0.25,Rot13,2,0,0.01450801,-0.004967649,0.06695426,0,0,5304.2461

17,True,False,0.02,0.25,Rot13,2,0,0.01450801,-0.004967649,0.06695426,0,0,5330.6707

17,True,False,0.02,0.25,Rot13,2,0,0.01450801,-0.004967649,0.06695426,0,0,5344.6621

17,True,False,0.02,0.25,Rot13,2,0,0.01450801,-0.004967649,0.06695426,0,0,5357.5923

17,True,False,0.02,0.25,Rot13,2,0,0.01450801,-0.004967649,0.06695426,0,0,5371.5053

17,True,False,0.02,0.25,Rot13,2,0,0.01450801,-0.004967649,0.06695426,0,0,5386.1992

17,True,False,0.02,0.25,Rot13,2,0,0.01450801,-0.004967649,0.06695426,0,0,5399.866

17,True,False,0.02,0.25,Rot13,2,0,0.01450801,-0.004967649,0.06695426,0,0,5414.1182

17,True,False,0.02,0.25,Rot13,2,0,0.01450801,-0.004967649,0.06695426,0,0,5429.4511

17,True,False,0.02,0.25,Rot13,2,0,0.01450801,-0.004967649,0.06695426,0,0,5442.1888

17,True,False,0.02,0.25,Rot13,2,0,0.01450801,-0.004967649,0.06695426,0,0,5468.6146

17,True,False,0.02,0.25,Rot13,2,0,0.01450801,-0.004967649,0.06695426,0,0,5498.3523

17,True,False,0.02,0.25,Rot13,2,0,0.01450801,-0.004967649,0.06695426,0,0,5510.7267

17,True,False,0.02,0.25,Rot13,2,0,0.01450801,-0.004967649,0.06695426,0,0,5524.1609

17,True,False,0.02,0.25,Rot13,2,0,0.01450801,-0.004967649,0.06695426,0,0,5538.9954

17,True,False,0.02,0.25,Rot13,2,0,0.01450801,-0.004967649,0.06695426,0,0,5552.9093

17,True,False,0.02,0.25,Rot13,2,0,0.01450801,-0.004967649,0.06695426,0,0,5565.756

17,True,False,0.02,0.25,Rot13,2,0,0.01450801,-0.004967649,0.06695426,0,0,5579.1842

17,True,False,0.02,0.25,Rot13,2,0,0.01450801,-0.004967649,0.06695426,0,0,5607.3217

17,True,False,0.02,0.25,Rot13,2,0,0.01450801,-0.004967649,0.06695426,0,0,5619.523

17,True,False,0.02,0.25,Rot13,2,0,0.01450801,-0.004967649,0.06695426,0,0,5632.6677

17,True,False,0.02,0.25,Rot13,2,0,0.01450801,-0.004967649,0.06695426,0,0,5644.886

17,True,False,0.02,0.25,Rot13,2,0,0.01450801,-0.004967649,0.06695426,0,0,5658.2212

17,True,False,0.02,0.25,Rot13,2,0,0.01450801,-0.004967649,0.06695426,0,0,5685.8962

17,True,False,0.02,0.25,Rot13,2,0,0.01450801,-0.004967649,0.06695426,0,0,5712.6707

17,True,False,0.02,0.25,Rot13,2,0,0.01450801,-0.004967649,0.06695426,0,0,5725.9174

17,True,False,0.02,0.25,Rot13,2,0,0.01450801,-0.004967649,0.06695426,0,0,5738.9244

17,True,False,0.02,0.25,Rot13,2,0,0.01450801,-0.004967649,0.06695426,0,0,5778.4111

17,True,False,0.02,0.25,Rot13,2,0,0.01450801,-0.004967649,0.06695426,0,0,5792.1888

17,True,False,0.02,0.25,Rot13,2,0,0.01450801,-0.004967649,0.06695426,0,0,5804.7643

17,True,False,0.02,0.25,Rot13,2,0,0.01450801,-0.004967649,0.06695426,0,0,5818.2614

17,True,False,0.02,0.25,Rot13,2,0,0.01450801,-0.004967649,0.06695426,0,0,5832.3486

17,True,False,0.02,0.25,Rot13,2,0,0.01450801,-0.004967649,0.06695426,0,0,5858.1114

17,True,False,0.02,0.25,Rot13,2,0,0.01450801,-0.004967649,0.06695426,0,0,5885.1122

17,True,False,0.02,0.25,Rot13,2,0,0.01450801,-0.004967649,0.06695426,0,0,5899.865

17,True,False,0.02,0.25,Rot13,2,0,0.01450801,-0.004967649,0.06695426,0,0,5913.7696

17,True,False,0.02,0.25,Rot13,2,0,0.01450801,-0.004967649,0.06695426,0,0,5927.324

17,True,False,0.02,0.25,Rot13,2,0,0.01450801,-0.004967649,0.06695426,0,0,5941.9441

17,True,False,0.02,0.25,Rot13,2,0,0.01450801,-0.004967649,0.06695426,0,0,5955.6625

17,True,False,0.02,0.25,Rot13,2,0,0.01450801,-0.004967649,0.06695426,0,0,5969.2664

17,True,False,0.02,0.25,Rot13,2,0,0.01450801,-0.004967649,0.06695426,0,0,5982.935

17,True,False,0.02,0.25,Rot13,2,0,0.01450801,-0.004967649,0.06695426,0,0,6009.4672

17,True,False,0.02,0.25,Rot13,2,0,0.01450801,-0.004967649,0.06695426,0,0,6024.1794

17,True,False,0.02,0.25,Rot13,2,0,0.01450801,-0.004967649,0.06695426,0,0,6037.3338

17,True,False,0.02,0.25,Rot13,2,0,0.01450801,-0.004967649,0.06695426,0,0,6052.9777

17,True,False,0.02,0.25,Rot13,2,0,0.01450801,-0.004967649,0.06695426,0,0,6065.8035

17,True,False,0.02,0.25,Rot13,2,0,0.01450801,-0.004967649,0.06695426,0,0,6092.1726

17,True,False,0.02,0.25,Rot13,2,0,0.01450801,-0.004967649,0.06695426,0,0,6119.9891

17,True,False,0.02,0.25,Rot13,2,0,0.01450801,-0.004967649,0.06695426,0,0,6130.461

17,True,False,0.02,0.25,Rot13,2,0,0.01450801,-0.004967649,0.06695426,0,0,6143.5155

17,True,False,0.02,0.25,Rot13,2,0,0.01450801,-0.004967649,0.06695426,0,0,6156.9465

17,True,False,0.02,0.25,Rot13,2,0,0.01450801,-0.004967649,0.06695426,0,0,6169.8944

17,True,False,0.02,0.25,Rot13,2,0,0.01450801,-0.004967649,0.06695426,0,0,6183.013

17,True,False,0.02,0.25,Rot13,2,0,0.01450801,-0.004967649,0.06695426,0,0,6209.2794

17,True,False,0.02,0.25,Rot13,2,0,0.01450801,-0.004967649,0.06695426,0,0,6235.4766

17,True,False,0.02,0.25,Rot13,2,0,0.01450801,-0.004967649,0.06695426,0,0,6249.3085

17,True,False,0.02,0.25,Rot13,2,0,0.01450801,-0.004967649,0.06695426,0,0,6262.7545

17,True,False,0.02,0.25,Rot13,2,0,0.01450801,-0.004967649,0.06695426,0,0,6276.5465

17,True,False,0.02,0.25,Rot13,2,0,0.01450801,-0.004967649,0.06695426,0,0,6290.0334

17,True,False,0.02,0.25,Rot13,2,0,0.01450801,-0.004967649,0.06695426,0,0,6303.9892

17,True,False,0.02,0.25,Rot13,2,0,0.01450801,-0.004967649,0.06695426,0,0,6317.8545

17,True,False,0.02,0.25,Rot13,2,0,0.01450801,-0.004967649,0.06695426,0,0,6344.4199

17,True,False,0.02,0.25,Rot13,2,0,0.01450801,-0.004967649,0.06695426,0,0,6358.7

17,True,False,0.02,0.25,Rot13,2,0,0.01450801,-0.004967649,0.06695426,0,0,6372.4979

17,True,False,0.02,0.25,Rot13,2,0,0.01450801,-0.004967649,0.06695426,0,0,6385.5127

17,True,False,0.02,0.25,Rot13,2,0,0.01450801,-0.004967649,0.06695426,0,0,6400.2878

17,True,False,0.02,0.25,Rot13,2,0,0.01450801,-0.004967649,0.06695426,0,0,6426.7195

17,True,False,0.02,0.25,Rot13,2,0,0.01450801,-0.004967649,0.06695426,0,0,6441.498

17,True,False,0.02,0.25,Rot13,2,0,0.01450801,-0.004967649,0.06695426,0,0,6453.939

17,True,False,0.02,0.25,Rot13,2,0,0.01450801,-0.004967649,0.06695426,0,0,6467.938

17,True,False,0.02,0.25,Rot13,2,0,0.01450801,-0.004967649,0.06695426,0,0,6483.0481

17,True,False,0.02,0.25,Rot13,2,0,0.01450801,-0.004967649,0.06695426,0,0,6508.3665

17,True,False,0.02,0.25,Rot13,2,0,0.01450801,-0.004967649,0.06695426,0,0,6523.021

17,True,False,0.02,0.25,Rot13,2,0,0.01450801,-0.004967649,0.06695426,0,0,6550.0054

17,True,False,0.02,0.25,Rot13,2,0,0.01450801,-0.004967649,0.06695426,0,0,6561.911

17,True,False,0.02,0.25,Rot13,2,0,0.01450801,-0.004967649,0.06695426,0,0,6575.0444

17,True,False,0.02,0.25,Rot13,2,0,0.01450801,-0.004967649,0.06695426,0,0,6587.9849

17,True,False,0.02,0.25,Rot13,2,0,0.01450801,-0.004967649,0.06695426,0,0,6602.8236

17,True,False,0.02,0.25,Rot13,2,0,0.01450801,-0.004967649,0.06695426,0,0,6627.0925

17,True,False,0.02,0.25,Rot13,2,0,0.01450801,-0.004967649,0.06695426,0,0,6652.7356

17,True,False,0.02,0.25,Rot13,2,0,0.01450801,-0.004967649,0.06695426,0,0,6666.8863

17,True,False,0.02,0.25,Rot13,2,0,0.01450801,-0.004967649,0.06695426,0,0,6680.0771

17,True,False,0.02,0.25,Rot13,2,0,0.01450801,-0.004967649,0.06695426,0,0,6693.8291

17,True,False,0.02,0.25,Rot13,2,0,0.01450801,-0.004967649,0.06695426,0,0,6707.3672

17,True,False,0.02,0.25,Rot13,2,0,0.01450801,-0.004967649,0.06695426,0,0,6721.2883

17,True,False,0.02,0.25,Rot13,2,0,0.01450801,-0.004967649,0.06695426,0,0,6735.1795

17,True,False,0.02,0.25,Rot13,2,0,0.01450801,-0.004967649,0.06695426,0,0,6762.0886

17,True,False,0.02,0.25,Rot13,2,0,0.01450801,-0.004967649,0.06695426,0,0,6776.1336

17,True,False,0.02,0.25,Rot13,2,0,0.01450801,-0.004967649,0.06695426,0,0,6789.166

17,True,False,0.02,0.25,Rot13,2,0,0.01450801,-0.004967649,0.06695426,0,0,6803.2489

17,True,False,0.02,0.25,Rot13,2,0,0.01450801,-0.004967649,0.06695426,0,0,6830.7836

17,True,False,0.02,0.25,Rot13,2,0,0.01450801,-0.004967649,0.06695426,0,0,6858.6184

17,True,False,0.02,0.25,Rot13,2,0,0.01450801,-0.004967649,0.06695426,0,0,6871.7523

17,True,False,0.02,0.25,Rot13,2,0,0.01450801,-0.004967649,0.06695426,0,0,6885.1915

17,True,False,0.02,0.25,Rot13,2,0,0.01450801,-0.004967649,0.06695426,0,0,6900.0057

17,True,False,0.02,0.25,Rot13,2,0,0.01450801,-0.004967649,0.06695426,0,0,6914.0365

17,True,False,0.02,0.25,Rot13,2,0,0.01450801,-0.004967649,0.06695426,0,0,6927.7812

17,True,False,0.02,0.25,Rot13,2,0,0.01450801,-0.004967649,0.06695426,0,0,6940.8541

17,True,False,0.02,0.25,Rot13,2,0,0.01450801,-0.004967649,0.06695426,0,0,6955.0408

17,True,False,0.02,0.25,Rot13,2,0,0.01450801,-0.004967649,0.06695426,0,0,6970.6319

17,True,False,0.02,0.25,Rot13,2,0,0.01450801,-0.004967649,0.06695426,0,0,6982.4021

17,True,False,0.02,0.25,Rot13,2,0,0.01450801,-0.004967649,0.06695426,0,0,7009.6286

17,True,False,0.02,0.25,Rot13,2,0,0.01450801,-0.004967649,0.06695426,0,0,7025.2845

17,True,False,0.02,0.25,Rot13,2,0,0.01450801,-0.004967649,0.06695426,0,0,7037.7813

17,True,False,0.02,0.25,Rot13,2,0,0.01450801,-0.004967649,0.06695426,0,0,7051.3387

17,True,False,0.02,0.25,Rot13,2,0,0.01450801,-0.004967649,0.06695426,0,0,7064.9972

17,True,False,0.02,0.25,Rot13,2,0,0.01450801,-0.004967649,0.06695426,0,0,7091.6771

17,True,False,0.02,0.25,Rot13,2,0,0.01450801,-0.004967649,0.06695426,0,0,7119.6451

17,True,False,0.02,0.25,Rot13,2,0,0.01450801,-0.004967649,0.06695426,0,0,7131.6605

17,True,False,0.02,0.25,Rot13,2,0,0.01450801,-0.004967649,0.06695426,0,0,7144.3163

17,True,False,0.02,0.25,Rot13,2,0,0.01450801,-0.004967649,0.06695426,0,0,7157.8421

17,True,False,0.02,0.25,Rot13,2,0,0.01450801,-0.004967649,0.06695426,0,0,7171.0858

17,True,False,0.02,0.25,Rot13,2,0,0.01450801,-0.004967649,0.06695426,0,0,7185.1085

17,True,False,0.02,0.25,Rot13,2,0,0.01450801,-0.004967649,0.06695426,0,0,7210.3898

17,True,False,0.02,0.25,Rot13,2,0,0.01450801,-0.004967649,0.06695426,0,0,7235.9925

17,True,False,0.02,0.25,Rot13,2,0,0.01450801,-0.004967649,0.06695426,0,0,7250.0033

17,True,False,0.02,0.25,Rot13,2,0,0.01450801,-0.004967649,0.06695426,0,0,7263.1993

17,True,False,0.02,0.25,Rot13,2,0,0.01450801,-0.004967649,0.06695426,0,0,7277.3977

17,True,False,0.02,0.25,Rot13,2,0,0.01450801,-0.004967649,0.06695426,0,0,7291.4173

17,True,False,0.02,0.25,Rot13,2,0,0.01450801,-0.004967649,0.06695426,0,0,7305.0489

17,True,False,0.02,0.25,Rot13,2,0,0.01450801,-0.004967649,0.06695426,0,0,7319.5512

17,True,False,0.02,0.25,Rot13,2,0,0.01450801,-0.004967649,0.06695426,0,0,7332.113

17,True,False,0.02,0.25,Rot13,2,0,0.01450801,-0.004967649,0.06695426,0,0,7358.5814

17,True,False,0.02,0.25,Rot13,2,0,0.01450801,-0.004967649,0.06695426,0,0,7385.7852

17,True,False,0.02,0.25,Rot13,2,0,0.01450801,-0.004967649,0.06695426,0,0,7399.6017

17,True,False,0.02,0.25,Rot13,2,0,0.01450801,-0.004967649,0.06695426,0,0,7413.7769

17,True,False,0.02,0.25,Rot13,2,0,0.01450801,-0.004967649,0.06695426,0,0,7443.7743

17,True,False,0.02,0.25,Rot13,2,0,0.01450801,-0.004967649,0.06695426,0,0,7455.3553

17,True,False,0.02,0.25,Rot13,2,0,0.01450801,-0.004967649,0.06695426,0,0,7481.9318

17,True,False,0.02,0.25,Rot13,2,0,0.01450801,-0.004967649,0.06695426,0,0,7497.4206

17,True,False,0.02,0.25,Rot13,2,0,0.01450801,-0.004967649,0.06695426,0,0,7509.8816

17,True,False,0.02,0.25,Rot13,2,0,0.01450801,-0.004967649,0.06695426,0,0,7524.4328

17,True,False,0.02,0.25,Rot13,2,0,0.01450801,-0.004967649,0.06695426,0,0,7550.5947

17,True,False,0.02,0.25,Rot13,2,0,0.01450801,-0.004967649,0.06695426,0,0,7567.1968

17,True,False,0.02,0.25,Rot13,2,0,0.01450801,-0.004967649,0.06695426,0,0,7576.6475

17,True,False,0.02,0.25,Rot13,2,0,0.01450801,-0.004967649,0.06695426,0,0,7589.5948

17,True,False,0.02,0.25,Rot13,2,0,0.01450801,-0.004967649,0.06695426,0,0,7617.657

17,True,False,0.02,0.25,Rot13,2,0,0.01450801,-0.004967649,0.06695426,0,0,7632.1664

17,True,False,0.02,0.25,Rot13,2,0,0.01450801,-0.004967649,0.06695426,0,0,7644.9687

17,True,False,0.02,0.25,Rot13,2,0,0.01450801,-0.004967649,0.06695426,0,0,7658.3898

17,True,False,0.02,0.25,Rot13,2,0,0.01450801,-0.004967649,0.06695426,0,0,7672.1532

17,True,False,0.02,0.25,Rot13,2,0,0.01450801,-0.004967649,0.06695426,0,0,7698.1269

17,True,False,0.02,0.25,Rot13,2,0,0.01450801,-0.004967649,0.06695426,0,0,7723.7136

17,True,False,0.02,0.25,Rot13,2,0,0.01450801,-0.004967649,0.06695426,0,0,7737.4859

17,True,False,0.02,0.25,Rot13,2,0,0.01450801,-0.004967649,0.06695426,0,0,7750.7785

17,True,False,0.02,0.25,Rot13,2,0,0.01450801,-0.004967649,0.06695426,0,0,7764.1173

17,True,False,0.02,0.25,Rot13,2,0,0.01450801,-0.004967649,0.06695426,0,0,7778.2086

17,True,False,0.02,0.25,Rot13,2,0,0.01450801,-0.004967649,0.06695426,0,0,7792.1363

17,True,False,0.02,0.25,Rot13,2,0,0.01450801,-0.004967649,0.06695426,0,0,7804.8098

17,True,False,0.02,0.25,Rot13,2,0,0.01450801,-0.004967649,0.06695426,0,0,7831.7154

17,True,False,0.02,0.25,Rot13,2,0,0.01450801,-0.004967649,0.06695426,0,0,7858.012

17,True,False,0.02,0.25,Rot13,2,0,0.01450801,-0.004967649,0.06695426,0,0,7872.1436

17,True,False,0.02,0.25,Rot13,2,0,0.01450801,-0.004967649,0.06695426,0,0,7885.3911

17,True,False,0.02,0.25,Rot13,2,0,0.01450801,-0.004967649,0.06695426,0,0,7899.8979

17,True,False,0.02,0.25,Rot13,2,0,0.01450801,-0.004967649,0.06695426,0,0,7913.0725

17,True,False,0.02,0.25,Rot13,2,0,0.01450801,-0.004967649,0.06695426,0,0,7925.7408

17,True,False,0.02,0.25,Rot13,2,0,0.01450801,-0.004967649,0.06695426,0,0,7941.6842

17,True,False,0.02,0.25,Rot13,2,0,0.01450801,-0.004967649,0.06695426,0,0,7966.8376

17,True,False,0.02,0.25,Rot13,2,0,0.01450801,-0.004967649,0.06695426,0,0,7994.3473

17,True,False,0.02,0.25,Rot13,2,0,0.01450801,-0.004967649,0.06695426,0,0,8006.8666

17,True,False,0.02,0.25,Rot13,2,0,0.01450801,-0.004967649,0.06695426,0,0,8019.428

17,True,False,0.02,0.25,Rot13,2,0,0.01450801,-0.004967649,0.06695426,0,0,8032.3077

17,True,False,0.02,0.25,Rot13,2,0,0.01450801,-0.004967649,0.06695426,0,0,8045.0825

17,True,False,0.02,0.25,Rot13,2,0,0.01450801,-0.004967649,0.06695426,0,0,8058.8789

17,True,False,0.02,0.25,Rot13,2,0,0.01450801,-0.004967649,0.06695426,0,0,8084.9329

17,True,False,0.02,0.25,Rot13,2,0,0.01450801,-0.004967649,0.06695426,0,0,8111.3697

17,True,False,0.02,0.25,Rot13,2,0,0.01450801,-0.004967649,0.06695426,0,0,8125.0532

17,True,False,0.02,0.25,Rot13,2,0,0.01450801,-0.004967649,0.06695426,0,0,8138.994

17,True,False,0.02,0.25,Rot13,2,0,0.01450801,-0.004967649,0.06695426,0,0,8152.4257

17,True,False,0.02,0.25,Rot13,2,0,0.01450801,-0.004967649,0.06695426,0,0,8165.8318

17,True,False,0.02,0.25,Rot13,2,0,0.01450801,-0.004967649,0.06695426,0,0,8179.8494

17,True,False,0.02,0.25,Rot13,2,0,0.01450801,-0.004967649,0.06695426,0,0,8207.5378

17,True,False,0.02,0.25,Rot13,2,0,0.01450801,-0.004967649,0.06695426,0,0,8235.9597

17,True,False,0.02,0.25,Rot13,2,0,0.01450801,-0.004967649,0.06695426,0,0,8248.4021

17,True,False,0.02,0.25,Rot13,2,0,0.01450801,-0.004967649,0.06695426,0,0,8262.8651

17,True,False,0.02,0.25,Rot13,2,0,0.01450801,-0.004967649,0.06695426,0,0,8276.8571

17,True,False,0.02,0.25,Rot13,2,0,0.01450801,-0.004967649,0.06695426,0,0,8289.728

17,True,False,0.02,0.25,Rot13,2,0,0.01450801,-0.004967649,0.06695426,0,0,8316.9161

17,True,False,0.02,0.25,Rot13,2,0,0.01450801,-0.004967649,0.06695426,0,0,8330.7582

17,True,False,0.02,0.25,Rot13,2,0,0.01450801,-0.004967649,0.06695426,0,0,8344.0884

17,True,False,0.02,0.25,Rot13,2,0,0.01450801,-0.004967649,0.06695426,0,0,8358.1681

17,True,False,0.02,0.25,Rot13,2,0,0.01450801,-0.004967649,0.06695426,0,0,8372.5544

17,True,False,0.02,0.25,Rot13,2,0,0.01450801,-0.004967649,0.06695426,0,0,8398.7627

17,True,False,0.02,0.25,Rot13,2,0,0.01450801,-0.004967649,0.06695426,0,0,8413.8792

17,True,False,0.02,0.25,Rot13,2,0,0.01450801,-0.004967649,0.06695426,0,0,8426.1886

17,True,False,0.02,0.25,Rot13,2,0,0.01450801,-0.004967649,0.06695426,0,0,8440.8079

17,True,False,0.02,0.25,Rot13,2,0,0.01450801,-0.004967649,0.06695426,0,0,8455.1931

17,True,False,0.02,0.25,Rot13,2,0,0.01450801,-0.004967649,0.06695426,0,0,8481.5248

17,True,False,0.02,0.25,Rot13,2,0,0.01450801,-0.004967649,0.06695426,0,0,8497.4739

17,True,False,0.02,0.25,Rot13,2,0,0.01450801,-0.004967649,0.06695426,0,0,8509.1502

17,True,False,0.02,0.25,Rot13,2,0,0.01450801,-0.004967649,0.06695426,0,0,8522.7014

17,True,False,0.02,0.25,Rot13,2,0,0.01450801,-0.004967649,0.06695426,0,0,8538.9524

17,True,False,0.02,0.25,Rot13,2,0,0.01450801,-0.004967649,0.06695426,0,0,8563.7408

17,True,False,0.02,0.25,Rot13,2,0,0.01450801,-0.004967649,0.06695426,0,0,8579.3014

17,True,False,0.02,0.25,Rot13,2,0,0.01450801,-0.004967649,0.06695426,0,0,8591.6519

17,True,False,0.02,0.25,Rot13,2,0,0.01450801,-0.004967649,0.06695426,0,0,8607.1069

17,True,False,0.02,0.25,Rot13,2,0,0.01450801,-0.004967649,0.06695426,0,0,8632.6473

17,True,False,0.02,0.25,Rot13,2,0,0.01450801,-0.004967649,0.06695426,0,0,8660.8441

17,True,False,0.02,0.25,Rot13,2,0,0.01450801,-0.004967649,0.06695426,0,0,8673.1775

17,True,False,0.02,0.25,Rot13,2,0,0.01450801,-0.004967649,0.06695426,0,0,8685.7155

17,True,False,0.02,0.25,Rot13,2,0,0.01450801,-0.004967649,0.06695426,0,0,8699.3567

17,True,False,0.02,0.25,Rot13,2,0,0.01450801,-0.004967649,0.06695426,0,0,8712.4366

17,True,False,0.02,0.25,Rot13,2,0,0.01450801,-0.004967649,0.06695426,0,0,8725.4484

17,True,False,0.02,0.25,Rot13,2,0,0.01450801,-0.004967649,0.06695426,0,0,8751.8775

17,True,False,0.02,0.25,Rot13,2,0,0.01450801,-0.004967649,0.06695426,0,0,8765.1101

17,True,False,0.02,0.25,Rot13,2,0,0.01450801,-0.004967649,0.06695426,0,0,8778.4161

17,True,False,0.02,0.25,Rot13,2,0,0.01450801,-0.004967649,0.06695426,0,0,8791.7997

17,True,False,0.02,0.25,Rot13,2,0,0.01450801,-0.004967649,0.06695426,0,0,8805.0707

17,True,False,0.02,0.25,Rot13,2,0,0.01450801,-0.004967649,0.06695426,0,0,8832.2802

17,True,False,0.02,0.25,Rot13,2,0,0.01450801,-0.004967649,0.06695426,0,0,8859.0783

17,True,False,0.02,0.25,Rot13,2,0,0.01450801,-0.004967649,0.06695426,0,0,8872.9458

17,True,False,0.02,0.25,Rot13,2,0,0.01450801,-0.004967649,0.06695426,0,0,8886.4136

17,True,False,0.02,0.25,Rot13,2,0,0.01450801,-0.004967649,0.06695426,0,0,8900.5015

17,True,False,0.02,0.25,Rot13,2,0,0.01450801,-0.004967649,0.06695426,0,0,8914.0436

17,True,False,0.02,0.25,Rot13,2,0,0.01450801,-0.004967649,0.06695426,0,0,8927.6455

17,True,False,0.02,0.25,Rot13,2,0,0.01450801,-0.004967649,0.06695426,0,0,8943.7385

17,True,False,0.02,0.25,Rot13,2,0,0.01450801,-0.004967649,0.06695426,0,0,8956.2309

17,True,False,0.02,0.25,Rot13,2,0,0.01450801,-0.004967649,0.06695426,0,0,8982.746

17,True,False,0.02,0.25,Rot13,2,0,0.01450801,-0.004967649,0.06695426,0,0,8997.3108

17,True,False,0.02,0.25,Rot13,2,0,0.01450801,-0.004967649,0.06695426,0,0,9010.7272

17,True,False,0.02,0.25,Rot13,2,0,0.01450801,-0.004967649,0.06695426,0,0,9024.1034

17,True,False,0.02,0.25,Rot13,2,0,0.01450801,-0.004967649,0.06695426,0,0,9037.526

17,True,False,0.02,0.25,Rot13,2,0,0.01450801,-0.004967649,0.06695426,0,0,9064.6221

17,True,False,0.02,0.25,Rot13,2,0,0.01450801,-0.004967649,0.06695426,0,0,9080.7008

17,True,False,0.02,0.25,Rot13,2,0,0.01450801,-0.004967649,0.06695426,0,0,9104.836

17,True,False,0.02,0.25,Rot13,2,0,0.01450801,-0.004967649,0.06695426,0,0,9121.3721

17,True,False,0.02,0.25,Rot13,2,0,0.01450801,-0.004967649,0.06695426,0,0,9132.5203

17,True,False,0.02,0.25,Rot13,2,0,0.01450801,-0.004967649,0.06695426,0,0,9160.1118

17,True,False,0.02,0.25,Rot13,2,0,0.01450801,-0.004967649,0.06695426,0,0,9176.3009

17,True,False,0.02,0.25,Rot13,2,0,0.01450801,-0.004967649,0.06695426,0,0,9186.6965

17,True,False,0.02,0.25,Rot13,2,0,0.01450801,-0.004967649,0.06695426,0,0,9200.306

17,True,False,0.02,0.25,Rot13,2,0,0.01450801,-0.004967649,0.06695426,0,0,9228.0315

17,True,False,0.02,0.25,Rot13,2,0,0.01450801,-0.004967649,0.06695426,0,0,9243.1275

17,True,False,0.02,0.25,Rot13,2,0,0.01450801,-0.004967649,0.06695426,0,0,9255.0392

17,True,False,0.02,0.25,Rot13,2,0,0.01450801,-0.004967649,0.06695426,0,0,9281.5684

17,True,False,0.02,0.25,Rot13,2,0,0.01450801,-0.004967649,0.06695426,0,0,9295.8239

17,True,False,0.02,0.25,Rot13,2,0,0.01450801,-0.004967649,0.06695426,0,0,9306.6462

17,True,False,0.02,0.25,Rot13,2,0,0.01450801,-0.004967649,0.06695426,0,0,9320.2794

17,True,False,0.02,0.25,Rot13,2,0,0.01450801,-0.004967649,0.06695426,0,0,9334.3021

17,True,False,0.02,0.25,Rot13,2,0,0.01450801,-0.004967649,0.06695426,0,0,9360.4469

17,True,False,0.02,0.25,Rot13,2,0,0.01450801,-0.004967649,0.06695426,0,0,9386.8908

17,True,False,0.02,0.25,Rot13,2,0,0.01450801,-0.004967649,0.06695426,0,0,9400.7593

17,True,False,0.02,0.25,Rot13,2,0,0.01450801,-0.004967649,0.06695426,0,0,9413.7903

17,True,False,0.02,0.25,Rot13,2,0,0.01450801,-0.004967649,0.06695426,0,0,9427.6523

17,True,False,0.02,0.25,Rot13,2,0,0.01450801,-0.004967649,0.06695426,0,0,9441.7817

17,True,False,0.02,0.25,Rot13,2,0,0.01450801,-0.004967649,0.06695426,0,0,9456.2353

17,True,False,0.02,0.25,Rot13,2,0,0.01450801,-0.004967649,0.06695426,0,0,9472.2282

17,True,False,0.02,0.25,Rot13,2,0,0.01450801,-0.004967649,0.06695426,0,0,9483.3115

17,True,False,0.02,0.25,Rot13,2,0,0.01450801,-0.004967649,0.06695426,0,0,9510.3653

17,True,False,0.02,0.25,Rot13,2,0,0.01450801,-0.004967649,0.06695426,0,0,9537.8185

17,True,False,0.02,0.25,Rot13,2,0,0.01450801,-0.004967649,0.06695426,0,0,9552.383

17,True,False,0.02,0.25,Rot13,2,0,0.01450801,-0.004967649,0.06695426,0,0,9565.6203

17,True,False,0.02,0.25,Rot13,2,0,0.01450801,-0.004967649,0.06695426,0,0,9580.6266

17,True,False,0.02,0.25,Rot13,2,0,0.01450801,-0.004967649,0.06695426,0,0,9594.5631

17,True,False,0.02,0.25,Rot13,2,0,0.01450801,-0.004967649,0.06695426,0,0,9610.1239

17,True,False,0.02,0.25,Rot13,2,0,0.01450801,-0.004967649,0.06695426,0,0,9636.8551

17,True,False,0.02,0.25,Rot13,2,0,0.01450801,-0.004967649,0.06695426,0,0,9650.0543

17,True,False,0.02,0.25,Rot13,2,0,0.01450801,-0.004967649,0.06695426,0,0,9663.8836

17,True,False,0.02,0.25,Rot13,2,0,0.01450801,-0.004967649,0.06695426,0,0,9678.3217

17,True,False,0.02,0.25,Rot13,2,0,0.01450801,-0.004967649,0.06695426,0,0,9692.264

17,True,False,0.02,0.25,Rot13,2,0,0.01450801,-0.004967649,0.06695426,0,0,9705.6455

17,True,False,0.02,0.25,Rot13,2,0,0.01450801,-0.004967649,0.06695426,0,0,9720.1242

17,True,False,0.02,0.25,Rot13,2,0,0.01450801,-0.004967649,0.06695426,0,0,9734.1081

17,True,False,0.02,0.25,Rot13,2,0,0.01450801,-0.004967649,0.06695426,0,0,9760.5066

17,True,False,0.02,0.25,Rot13,2,0,0.01450801,-0.004967649,0.06695426,0,0,9775.7651

17,True,False,0.02,0.25,Rot13,2,0,0.01450801,-0.004967649,0.06695426,0,0,9787.998

17,True,False,0.02,0.25,Rot13,2,0,0.01450801,-0.004967649,0.06695426,0,0,9802.2998

17,True,False,0.02,0.25,Rot13,2,0,0.01450801,-0.004967649,0.06695426,0,0,9816.4654

17,True,False,0.02,0.25,Rot13,2,0,0.01450801,-0.004967649,0.06695426,0,0,9843.5495

17,True,False,0.02,0.25,Rot13,2,0,0.01450801,-0.004967649,0.06695426,0,0,9870.9226

17,True,False,0.02,0.25,Rot13,2,0,0.01450801,-0.004967649,0.06695426,0,0,9885.2051

17,True,False,0.02,0.25,Rot13,2,0,0.01450801,-0.004967649,0.06695426,0,0,9899.312

17,True,False,0.02,0.25,Rot13,2,0,0.01450801,-0.004967649,0.06695426,0,0,9912.7493

17,True,False,0.02,0.25,Rot13,2,0,0.01450801,-0.004967649,0.06695426,0,0,9926.8833

17,True,False,0.02,0.25,Rot13,2,0,0.01450801,-0.004967649,0.06695426,0,0,9941.5924

17,True,False,0.02,0.25,Rot13,2,0,0.01450801,-0.004967649,0.06695426,0,0,9955.3331

17,True,False,0.02,0.25,Rot13,2,0,0.01450801,-0.004967649,0.06695426,0,0,9968.8781

17,True,False,0.02,0.25,Rot13,2,0,0.01450801,-0.004967649,0.06695426,0,0,9996.2113

17,True,False,0.02,0.25,Rot13,2,0,0.01450801,-0.004967649,0.06695426,0,0,10010.4441

17,True,False,0.02,0.25,Rot13,2,0,0.01450801,-0.004967649,0.06695426,0,0,10023.8784

17,True,False,0.02,0.25,Rot13,2,0,0.01450801,-0.004967649,0.06695426,0,0,10039.3224

17,True,False,0.02,0.25,Rot13,2,0,0.01450801,-0.004967649,0.06695426,0,0,10066.216

17,True,False,0.02,0.25,Rot13,2,0,0.01450801,-0.004967649,0.06695426,0,0,10080.2087

17,True,False,0.02,0.25,Rot13,2,0,0.01450801,-0.004967649,0.06695426,0,0,10094.0625

17,True,False,0.02,0.25,Rot13,2,0,0.01450801,-0.004967649,0.06695426,0,0,10108.1084

17,True,False,0.02,0.25,Rot13,2,0,0.01450801,-0.004967649,0.06695426,0,0,10122.5069

17,True,False,0.02,0.25,Rot13,2,0,0.01450801,-0.004967649,0.06695426,0,0,10136.6501

17,True,False,0.02,0.25,Rot13,2,0,0.01450801,-0.004967649,0.06695426,0,0,10152.2648

17,True,False,0.02,0.25,Rot13,2,0,0.01450801,-0.004967649,0.06695426,0,0,10176.6235

17,True,False,0.02,0.25,Rot13,2,0,0.01450801,-0.004967649,0.06695426,0,0,10192.1387

17,True,False,0.02,0.25,Rot13,2,0,0.01450801,-0.004967649,0.06695426,0,0,10204.4187

17,True,False,0.02,0.25,Rot13,2,0,0.01450801,-0.004967649,0.06695426,0,0,10218.7569

17,True,False,0.02,0.25,Rot13,2,0,0.01450801,-0.004967649,0.06695426,0,0,10233.1976

17,True,False,0.02,0.25,Rot13,2,0,0.01450801,-0.004967649,0.06695426,0,0,10259.7886

17,True,False,0.02,0.25,Rot13,2,0,0.01450801,-0.004967649,0.06695426,0,0,10276.1144

17,True,False,0.02,0.25,Rot13,2,0,0.01450801,-0.004967649,0.06695426,0,0,10285.984

17,True,False,0.02,0.25,Rot13,2,0,0.01450801,-0.004967649,0.06695426,0,0,10300.7173

17,True,False,0.02,0.25,Rot13,2,0,0.01450801,-0.004967649,0.06695426,0,0,10328.1518

17,True,False,0.02,0.25,Rot13,2,0,0.01450801,-0.004967649,0.06695426,0,0,10355.0545

17,True,False,0.02,0.25,Rot13,2,0,0.01450801,-0.004967649,0.06695426,0,0,10366.5481

17,True,False,0.02,0.25,Rot13,2,0,0.01450801,-0.004967649,0.06695426,0,0,10379.8401

17,True,False,0.02,0.25,Rot13,2,0,0.01450801,-0.004967649,0.06695426,0,0,10393.189

17,True,False,0.02,0.25,Rot13,2,0,0.01450801,-0.004967649,0.06695426,0,0,10406.1978

17,True,False,0.02,0.25,Rot13,2,0,0.01450801,-0.004967649,0.06695426,0,0,10419.604

17,True,False,0.02,0.25,Rot13,2,0,0.01450801,-0.004967649,0.06695426,0,0,10433.2902

17,True,False,0.02,0.25,Rot13,2,0,0.01450801,-0.004967649,0.06695426,0,0,10458.9387

17,True,False,0.02,0.25,Rot13,2,0,0.01450801,-0.004967649,0.06695426,0,0,10485.5505

17,True,False,0.02,0.25,Rot13,2,0,0.01450801,-0.004967649,0.06695426,0,0,10499.4927

17,True,False,0.02,0.25,Rot13,2,0,0.01450801,-0.004967649,0.06695426,0,0,10513.2473

17,True,False,0.02,0.25,Rot13,2,0,0.01450801,-0.004967649,0.06695426,0,0,10526.4912

17,True,False,0.02,0.25,Rot13,2,0,0.01450801,-0.004967649,0.06695426,0,0,10539.8695

17,True,False,0.02,0.25,Rot13,2,0,0.01450801,-0.004967649,0.06695426,0,0,10554.0862

17,True,False,0.02,0.25,Rot13,2,0,0.01450801,-0.004967649,0.06695426,0,0,10581.6186

17,True,False,0.02,0.25,Rot13,2,0,0.01450801,-0.004967649,0.06695426,0,0,10595.9244

17,True,False,0.02,0.25,Rot13,2,0,0.01450801,-0.004967649,0.06695426,0,0,10608.6496

17,True,False,0.02,0.25,Rot13,2,0,0.01450801,-0.004967649,0.06695426,0,0,10622.6631

17,True,False,0.02,0.25,Rot13,2,0,0.01450801,-0.004967649,0.06695426,0,0,10636.9115

17,True,False,0.02,0.25,Rot13,2,0,0.01450801,-0.004967649,0.06695426,0,0,10650.9235

17,True,False,0.02,0.25,Rot13,2,0,0.01450801,-0.004967649,0.06695426,0,0,10676.6976

17,True,False,0.02,0.25,Rot13,2,0,0.01450801,-0.004967649,0.06695426,0,0,10693.5325

17,True,False,0.02,0.25,Rot13,2,0,0.01450801,-0.004967649,0.06695426,0,0,10705.5766

17,True,False,0.02,0.25,Rot13,2,0,0.01450801,-0.004967649,0.06695426,0,0,10718.1184

17,True,False,0.02,0.25,Rot13,2,0,0.01450801,-0.004967649,0.06695426,0,0,10745.6565

17,True,False,0.02,0.25,Rot13,2,0,0.01450801,-0.004967649,0.06695426,0,0,10770.3648

17,True,False,0.02,0.25,Rot13,2,0,0.01450801,-0.004967649,0.06695426,0,0,10782.9569

17,True,False,0.02,0.25,Rot13,2,0,0.01450801,-0.004967649,0.06695426,0,0,10796.1124

17,True,False,0.02,0.25,Rot13,2,0,0.01450801,-0.004967649,0.06695426,0,0,10809.7013

17,True,False,0.02,0.25,Rot13,2,0,0.01450801,-0.004967649,0.06695426,0,0,10825.4294

17,True,False,0.02,0.25,Rot13,2,0,0.01450801,-0.004967649,0.06695426,0,0,10851.5468

17,True,False,0.02,0.25,Rot13,2,0,0.01450801,-0.004967649,0.06695426,0,0,10868.6516

17,True,False,0.02,0.25,Rot13,2,0,0.01450801,-0.004967649,0.06695426,0,0,10878.7129

17,True,False,0.02,0.25,Rot13,2,0,0.01450801,-0.004967649,0.06695426,0,0,10893.4275

17,True,False,0.02,0.25,Rot13,2,0,0.01450801,-0.004967649,0.06695426,0,0,10919.8037

17,True,False,0.02,0.25,Rot13,2,0,0.01450801,-0.004967649,0.06695426,0,0,10934.0358

17,True,False,0.02,0.25,Rot13,2,0,0.01450801,-0.004967649,0.06695426,0,0,10945.2493

17,True,False,0.02,0.25,Rot13,2,0,0.01450801,-0.004967649,0.06695426,0,0,10972.1889

17,True,False,0.02,0.25,Rot13,2,0,0.01450801,-0.004967649,0.06695426,0,0,10986.5393

17,True,False,0.02,0.25,Rot13,2,0,0.01450801,-0.004967649,0.06695426,0,0,10998.941

17,True,False,0.02,0.25,Rot13,2,0,0.01450801,-0.004967649,0.06695426,0,0,11012.8366

17,True,False,0.02,0.25,Rot13,2,0,0.01450801,-0.004967649,0.06695426,0,0,11039.3977

17,True,False,0.02,0.25,Rot13,2,0,0.01450801,-0.004967649,0.06695426,0,0,11068.2918

17,True,False,0.02,0.25,Rot13,2,0,0.01450801,-0.004967649,0.06695426,0,0,11081.3357

17,True,False,0.02,0.25,Rot13,2,0,0.01450801,-0.004967649,0.06695426,0,0,11094.8669

17,True,False,0.02,0.25,Rot13,2,0,0.01450801,-0.004967649,0.06695426,0,0,11108.4041

17,True,False,0.02,0.25,Rot13,2,0,0.01450801,-0.004967649,0.06695426,0,0,11122.1051

17,True,False,0.02,0.25,Rot13,2,0,0.01450801,-0.004967649,0.06695426,0,0,11136.1725

17,True,False,0.02,0.25,Rot13,2,0,0.01450801,-0.004967649,0.06695426,0,0,11149.9127

17,True,False,0.02,0.25,Rot13,2,0,0.01450801,-0.004967649,0.06695426,0,0,11164.1902

17,True,False,0.02,0.25,Rot13,2,0,0.01450801,-0.004967649,0.06695426,0,0,11178.0919

17,True,False,0.02,0.25,Rot13,2,0,0.01450801,-0.004967649,0.06695426,0,0,11204.5547

17,True,False,0.02,0.25,Rot13,2,0,0.01450801,-0.004967649,0.06695426,0,0,11220.6942

17,True,False,0.02,0.25,Rot13,2,0,0.01450801,-0.004967649,0.06695426,0,0,11232.4822

17,True,False,0.02,0.25,Rot13,2,0,0.01450801,-0.004967649,0.06695426,0,0,11245.7972

17,True,False,0.02,0.25,Rot13,2,0,0.01450801,-0.004967649,0.06695426,0,0,11274.0185

17,True,False,0.02,0.25,Rot13,2,0,0.01450801,-0.004967649,0.06695426,0,0,11286.5953

17,True,False,0.02,0.25,Rot13,2,0,0.01450801,-0.004967649,0.06695426,0,0,11299.4156

17,True,False,0.02,0.25,Rot13,2,0,0.01450801,-0.004967649,0.06695426,0,0,11314.0184

17,True,False,0.02,0.25,Rot13,2,0,0.01450801,-0.004967649,0.06695426,0,0,11328.0579

17,True,False,0.02,0.25,Rot13,2,0,0.01450801,-0.004967649,0.06695426,0,0,11341.5205

17,True,False,0.02,0.25,Rot13,2,0,0.01450801,-0.004967649,0.06695426,0,0,11369.7891

17,True,False,0.02,0.25,Rot13,2,0,0.01450801,-0.004967649,0.06695426,0,0,11397.01

17,True,False,0.02,0.25,Rot13,2,0,0.01450801,-0.004967649,0.06695426,0,0,11408.9326

17,True,False,0.02,0.25,Rot13,2,0,0.01450801,-0.004967649,0.06695426,0,0,11422.3495

17,True,False,0.02,0.25,Rot13,2,0,0.01450801,-0.004967649,0.06695426,0,0,11435.5578

17,True,False,0.02,0.25,Rot13,2,0,0.01450801,-0.004967649,0.06695426,0,0,11448.403

17,True,False,0.02,0.25,Rot13,2,0,0.01450801,-0.004967649,0.06695426,0,0,11463.0009

17,True,False,0.02,0.25,Rot13,2,0,0.01450801,-0.004967649,0.06695426,0,0,11476.4945

17,True,False,0.02,0.25,Rot13,2,0,0.01450801,-0.004967649,0.06695426,0,0,11502.9097

17,True,False,0.02,0.25,Rot13,2,0,0.01450801,-0.004967649,0.06695426,0,0,11528.6047

17,True,False,0.02,0.25,Rot13,2,0,0.01450801,-0.004967649,0.06695426,0,0,11542.3022

17,True,False,0.02,0.25,Rot13,2,0,0.01450801,-0.004967649,0.06695426,0,0,11555.9127

17,True,False,0.02,0.25,Rot13,2,0,0.01450801,-0.004967649,0.06695426,0,0,11569.5003

17,True,False,0.02,0.25,Rot13,2,0,0.01450801,-0.004967649,0.06695426,0,0,11583.4978

17,True,False,0.02,0.25,Rot13,2,0,0.01450801,-0.004967649,0.06695426,0,0,11597.6191

17,True,False,0.02,0.25,Rot13,2,0,0.01450801,-0.004967649,0.06695426,0,0,11610.769

17,True,False,0.02,0.25,Rot13,2,0,0.01450801,-0.004967649,0.06695426,0,0,11637.0538

17,True,False,0.02,0.25,Rot13,2,0,0.01450801,-0.004967649,0.06695426,0,0,11650.8104

17,True,False,0.02,0.25,Rot13,2,0,0.01450801,-0.004967649,0.06695426,0,0,11664.3953

17,True,False,0.02,0.25,Rot13,2,0,0.01450801,-0.004967649,0.06695426,0,0,11691.3303

17,True,False,0.02,0.25,Rot13,2,0,0.01450801,-0.004967649,0.06695426,0,0,11705.6664

17,True,False,0.02,0.25,Rot13,2,0,0.01450801,-0.004967649,0.06695426,0,0,11719.4562

17,True,False,0.02,0.25,Rot13,2,0,0.01450801,-0.004967649,0.06695426,0,0,11733.7959

17,True,False,0.02,0.25,Rot13,2,0,0.01450801,-0.004967649,0.06695426,0,0,11748.7553

17,True,False,0.02,0.25,Rot13,2,0,0.01450801,-0.004967649,0.06695426,0,0,11760.9902

17,True,False,0.02,0.25,Rot13,2,0,0.01450801,-0.004967649,0.06695426,0,0,11788.6866

17,True,False,0.02,0.25,Rot13,2,0,0.01450801,-0.004967649,0.06695426,0,0,11803.8143

17,True,False,0.02,0.25,Rot13,2,0,0.01450801,-0.004967649,0.06695426,0,0,11816.3722

17,True,False,0.02,0.25,Rot13,2,0,0.01450801,-0.004967649,0.06695426,0,0,11830.0493

17,True,False,0.02,0.25,Rot13,2,0,0.01450801,-0.004967649,0.06695426,0,0,11843.5549

17,True,False,0.02,0.25,Rot13,2,0,0.01450801,-0.004967649,0.06695426,0,0,11870.8113

17,True,False,0.02,0.25,Rot13,2,0,0.01450801,-0.004967649,0.06695426,0,0,11897.7253

17,True,False,0.02,0.25,Rot13,2,0,0.01450801,-0.004967649,0.06695426,0,0,11909.8117

17,True,False,0.02,0.25,Rot13,2,0,0.01450801,-0.004967649,0.06695426,0,0,11922.6367

17,True,False,0.02,0.25,Rot13,2,0,0.01450801,-0.004967649,0.06695426,0,0,11935.9489

17,True,False,0.02,0.25,Rot13,2,0,0.01450801,-0.004967649,0.06695426,0,0,11948.9712

17,True,False,0.02,0.25,Rot13,2,0,0.01450801,-0.004967649,0.06695426,0,0,11962.1181

17,True,False,0.02,0.25,Rot13,2,0,0.01450801,-0.004967649,0.06695426,0,0,11976.1928

17,True,False,0.02,0.25,Rot13,2,0,0.01450801,-0.004967649,0.06695426,0,0,12003.5151

17,True,False,0.02,0.25,Rot13,2,0,0.01450801,-0.004967649,0.06695426,0,0,12019.7889

17,True,False,0.02,0.25,Rot13,2,0,0.01450801,-0.004967649,0.06695426,0,0,12031.5352

17,True,False,0.02,0.25,Rot13,2,0,0.01450801,-0.004967649,0.06695426,0,0,12044.7263

17,True,False,0.02,0.25,Rot13,2,0,0.01450801,-0.004967649,0.06695426,0,0,12070.801

17,True,False,0.02,0.25,Rot13,2,0,0.01450801,-0.004967649,0.06695426,0,0,12096.8183

17,True,False,0.02,0.25,Rot13,2,0,0.01450801,-0.004967649,0.06695426,0,0,12110.4489

17,True,False,0.02,0.25,Rot13,2,0,0.01450801,-0.004967649,0.06695426,0,0,12124.2199

17,True,False,0.02,0.25,Rot13,2,0,0.01450801,-0.004967649,0.06695426,0,0,12138.4137

17,True,False,0.02,0.25,Rot13,2,0,0.01450801,-0.004967649,0.06695426,0,0,12152.2615

17,True,False,0.02,0.25,Rot13,2,0,0.01450801,-0.004967649,0.06695426,0,0,12165.8542

17,True,False,0.02,0.25,Rot13,2,0,0.01450801,-0.004967649,0.06695426,0,0,12181.4824

17,True,False,0.02,0.25,Rot13,2,0,0.01450801,-0.004967649,0.06695426,0,0,12193.1821

17,True,False,0.02,0.25,Rot13,2,0,0.01450801,-0.004967649,0.06695426,0,0,12219.1259

17,True,False,0.02,0.25,Rot13,2,0,0.01450801,-0.004967649,0.06695426,0,0,12234.9432

17,True,False,0.02,0.25,Rot13,2,0,0.01450801,-0.004967649,0.06695426,0,0,12246.4888

17,True,False,0.02,0.25,Rot13,2,0,0.01450801,-0.004967649,0.06695426,0,0,12259.838

17,True,False,0.02,0.25,Rot13,2,0,0.01450801,-0.004967649,0.06695426,0,0,12287.5211

17,True,False,0.02,0.25,Rot13,2,0,0.01450801,-0.004967649,0.06695426,0,0,12314.41

17,True,False,0.02,0.25,Rot13,2,0,0.01450801,-0.004967649,0.06695426,0,0,12326.6407

17,True,False,0.02,0.25,Rot13,2,0,0.01450801,-0.004967649,0.06695426,0,0,12339.6597

17,True,False,0.02,0.25,Rot13,2,0,0.01450801,-0.004967649,0.06695426,0,0,12352.7355

17,True,False,0.02,0.25,Rot13,2,0,0.01450801,-0.004967649,0.06695426,0,0,12365.5477

17,True,False,0.02,0.25,Rot13,2,0,0.01450801,-0.004967649,0.06695426,0,0,12379.2603

17,True,False,0.02,0.25,Rot13,2,0,0.01450801,-0.004967649,0.06695426,0,0,12393.2398

17,True,False,0.02,0.25,Rot13,2,0,0.01450801,-0.004967649,0.06695426,0,0,12430.6211

17,True,False,0.02,0.25,Rot13,2,0,0.01450801,-0.004967649,0.06695426,0,0,12456.9156

17,True,False,0.02,0.25,Rot13,2,0,0.01450801,-0.004967649,0.06695426,0,0,12470.7078

17,True,False,0.02,0.25,Rot13,2,0,0.01450801,-0.004967649,0.06695426,0,0,12486.7203

17,True,False,0.02,0.25,Rot13,2,0,0.01450801,-0.004967649,0.06695426,0,0,12512.9209

17,True,False,0.02,0.25,Rot13,2,0,0.01450801,-0.004967649,0.06695426,0,0,12525.7703

17,True,False,0.02,0.25,Rot13,2,0,0.01450801,-0.004967649,0.06695426,0,0,12539.9988

17,True,False,0.02,0.25,Rot13,2,0,0.01450801,-0.004967649,0.06695426,0,0,12553.6393

17,True,False,0.02,0.25,Rot13,2,0,0.01450801,-0.004967649,0.06695426,0,0,12567.3304

17,True,False,0.02,0.25,Rot13,2,0,0.01450801,-0.004967649,0.06695426,0,0,12581.3534

17,True,False,0.02,0.25,Rot13,2,0,0.01450801,-0.004967649,0.06695426,0,0,12595.1613

17,True,False,0.02,0.25,Rot13,2,0,0.01450801,-0.004967649,0.06695426,0,0,12610.6731

17,True,False,0.02,0.25,Rot13,2,0,0.01450801,-0.004967649,0.06695426,0,0,12623.8973

17,True,False,0.02,0.25,Rot13,2,0,0.01450801,-0.004967649,0.06695426,0,0,12649.1466

17,True,False,0.02,0.25,Rot13,2,0,0.01450801,-0.004967649,0.06695426,0,0,12664.5476

17,True,False,0.02,0.25,Rot13,2,0,0.01450801,-0.004967649,0.06695426,0,0,12674.8664

17,True,False,0.02,0.25,Rot13,2,0,0.01450801,-0.004967649,0.06695426,0,0,12690.1035

17,True,False,0.02,0.25,Rot13,2,0,0.01450801,-0.004967649,0.06695426,0,0,12716.5385

17,True,False,0.02,0.25,Rot13,2,0,0.01450801,-0.004967649,0.06695426,0,0,12731.726

17,True,False,0.02,0.25,Rot13,2,0,0.01450801,-0.004967649,0.06695426,0,0,12742.9517

17,True,False,0.02,0.25,Rot13,2,0,0.01450801,-0.004967649,0.06695426,0,0,12757.79

17,True,False,0.02,0.25,Rot13,2,0,0.01450801,-0.004967649,0.06695426,0,0,12774.3189

17,True,False,0.02,0.25,Rot13,2,0,0.01450801,-0.004967649,0.06695426,0,0,12799.0616

17,True,False,0.02,0.25,Rot13,2,0,0.01450801,-0.004967649,0.06695426,0,0,12814.3822

17,True,False,0.02,0.25,Rot13,2,0,0.01450801,-0.004967649,0.06695426,0,0,12825.7622

17,True,False,0.02,0.25,Rot13,2,0,0.01450801,-0.004967649,0.06695426,0,0,12839.9491

17,True,False,0.02,0.25,Rot13,2,0,0.01450801,-0.004967649,0.06695426,0,0,12854.2967

17,True,False,0.02,0.25,Rot13,2,0,0.01450801,-0.004967649,0.06695426,0,0,12880.9313

17,True,False,0.02,0.25,Rot13,2,0,0.01450801,-0.004967649,0.06695426,0,0,12908.4099

17,True,False,0.02,0.25,Rot13,2,0,0.01450801,-0.004967649,0.06695426,0,0,12921.3561

17,True,False,0.02,0.25,Rot13,2,0,0.01450801,-0.004967649,0.06695426,0,0,12934.7899

17,True,False,0.02,0.25,Rot13,2,0,0.01450801,-0.004967649,0.06695426,0,0,12947.7655

17,True,False,0.02,0.25,Rot13,2,0,0.01450801,-0.004967649,0.06695426,0,0,12961.4357

17,True,False,0.02,0.25,Rot13,2,0,0.01450801,-0.004967649,0.06695426,0,0,12987.7433

17,True,False,0.02,0.25,Rot13,2,0,0.01450801,-0.004967649,0.06695426,0,0,13001.2495

17,True,False,0.02,0.25,Rot13,2,0,0.01450801,-0.004967649,0.06695426,0,0,13014.384

17,True,False,0.02,0.25,Rot13,2,0,0.01450801,-0.004967649,0.06695426,0,0,13027.8342

17,True,False,0.02,0.25,Rot13,2,0,0.01450801,-0.004967649,0.06695426,0,0,13042.9853

17,True,False,0.02,0.25,Rot13,2,0,0.01450801,-0.004967649,0.06695426,0,0,13056.0134

17,True,False,0.02,0.25,Rot13,2,0,0.01450801,-0.004967649,0.06695426,0,0,13081.6304

17,True,False,0.02,0.25,Rot13,2,0,0.01450801,-0.004967649,0.06695426,0,0,13108.1311

17,True,False,0.02,0.25,Rot13,2,0,0.01450801,-0.004967649,0.06695426,0,0,13122.3097

17,True,False,0.02,0.25,Rot13,2,0,0.01450801,-0.004967649,0.06695426,0,0,13136.3711

17,True,False,0.02,0.25,Rot13,2,0,0.01450801,-0.004967649,0.06695426,0,0,13150.0723

17,True,False,0.02,0.25,Rot13,2,0,0.01450801,-0.004967649,0.06695426,0,0,13163.8224

17,True,False,0.02,0.25,Rot13,2,0,0.01450801,-0.004967649,0.06695426,0,0,13176.8748

17,True,False,0.02,0.25,Rot13,2,0,0.01450801,-0.004967649,0.06695426,0,0,13193.2067

17,True,False,0.02,0.25,Rot13,2,0,0.01450801,-0.004967649,0.06695426,0,0,13216.8988

17,True,False,0.02,0.25,Rot13,2,0,0.01450801,-0.004967649,0.06695426,0,0,13245.0292

17,True,False,0.02,0.25,Rot13,2,0,0.01450801,-0.004967649,0.06695426,0,0,13256.8139

17,True,False,0.02,0.25,Rot13,2,0,0.01450801,-0.004967649,0.06695426,0,0,13269.5942

17,True,False,0.02,0.25,Rot13,2,0,0.01450801,-0.004967649,0.06695426,0,0,13283.0763

17,True,False,0.02,0.25,Rot13,2,0,0.01450801,-0.004967649,0.06695426,0,0,13296.1135

17,True,False,0.02,0.25,Rot13,2,0,0.01450801,-0.004967649,0.06695426,0,0,13309.2385

17,True,False,0.02,0.25,Rot13,2,0,0.01450801,-0.004967649,0.06695426,0,0,13322.2463

17,True,False,0.02,0.25,Rot13,2,0,0.01450801,-0.004967649,0.06695426,0,0,13348.3855

17,True,False,0.02,0.25,Rot13,2,0,0.01450801,-0.004967649,0.06695426,0,0,13374.2817

17,True,False,0.02,0.25,Rot13,2,0,0.01450801,-0.004967649,0.06695426,0,0,13388.3423

17,True,False,0.02,0.25,Rot13,2,0,0.01450801,-0.004967649,0.06695426,0,0,13401.3067

17,True,False,0.02,0.25,Rot13,2,0,0.01450801,-0.004967649,0.06695426,0,0,13415.3411

17,True,False,0.02,0.25,Rot13,2,0,0.01450801,-0.004967649,0.06695426,0,0,13428.8571

17,True,False,0.02,0.25,Rot13,2,0,0.01450801,-0.004967649,0.06695426,0,0,13443.2162

17,True,False,0.02,0.25,Rot13,2,0,0.01450801,-0.004967649,0.06695426,0,0,13457.2725

17,True,False,0.02,0.25,Rot13,2,0,0.01450801,-0.004967649,0.06695426,0,0,13483.9533

17,True,False,0.02,0.25,Rot13,2,0,0.01450801,-0.004967649,0.06695426,0,0,13510.1051

17,True,False,0.02,0.25,Rot13,2,0,0.01450801,-0.004967649,0.06695426,0,0,13525.2362

17,True,False,0.02,0.25,Rot13,2,0,0.01450801,-0.004967649,0.06695426,0,0,13539.151

17,True,False,0.02,0.25,Rot13,2,0,0.01450801,-0.004967649,0.06695426,0,0,13552.7284

17,True,False,0.02,0.25,Rot13,2,0,0.01450801,-0.004967649,0.06695426,0,0,13566.0911

17,True,False,0.02,0.25,Rot13,2,0,0.01450801,-0.004967649,0.06695426,0,0,13579.6461

17,True,False,0.02,0.25,Rot13,2,0,0.01450801,-0.004967649,0.06695426,0,0,13593.5288

17,True,False,0.02,0.25,Rot13,2,0,0.01450801,-0.004967649,0.06695426,0,0,13606.5354

17,True,False,0.02,0.25,Rot13,2,0,0.01450801,-0.004967649,0.06695426,0,0,13633.9198

17,True,False,0.02,0.25,Rot13,2,0,0.01450801,-0.004967649,0.06695426,0,0,13660.9089

17,True,False,0.02,0.25,Rot13,2,0,0.01450801,-0.004967649,0.06695426,0,0,13673.0185

17,True,False,0.02,0.25,Rot13,2,0,0.01450801,-0.004967649,0.06695426,0,0,13685.741

17,True,False,0.02,0.25,Rot13,2,0,0.01450801,-0.004967649,0.06695426,0,0,13699.3687

17,True,False,0.02,0.25,Rot13,2,0,0.01450801,-0.004967649,0.06695426,0,0,13712.5504

17,True,False,0.02,0.25,Rot13,2,0,0.01450801,-0.004967649,0.06695426,0,0,13725.451

17,True,False,0.02,0.25,Rot13,2,0,0.01450801,-0.004967649,0.06695426,0,0,13739.2673

17,True,False,0.02,0.25,Rot13,2,0,0.01450801,-0.004967649,0.06695426,0,0,13766.8267

17,True,False,0.02,0.25,Rot13,2,0,0.01450801,-0.004967649,0.06695426,0,0,13781.658

17,True,False,0.02,0.25,Rot13,2,0,0.01450801,-0.004967649,0.06695426,0,0,13792.6434

17,True,False,0.02,0.25,Rot13,2,0,0.01450801,-0.004967649,0.06695426,0,0,13806.6378

17,True,False,0.02,0.25,Rot13,2,0,0.01450801,-0.004967649,0.06695426,0,0,13832.2845

17,True,False,0.02,0.25,Rot13,2,0,0.01450801,-0.004967649,0.06695426,0,0,13858.8924

17,True,False,0.02,0.25,Rot13,2,0,0.01450801,-0.004967649,0.06695426,0,0,13872.5372

17,True,False,0.02,0.25,Rot13,2,0,0.01450801,-0.004967649,0.06695426,0,0,13886.1863

17,True,False,0.02,0.25,Rot13,2,0,0.01450801,-0.004967649,0.06695426,0,0,13900.6904

17,True,False,0.02,0.25,Rot13,2,0,0.01450801,-0.004967649,0.06695426,0,0,13914.549

17,True,False,0.02,0.25,Rot13,2,0,0.01450801,-0.004967649,0.06695426,0,0,13927.0093

17,True,False,0.02,0.25,Rot13,2,0,0.01450801,-0.004967649,0.06695426,0,0,13955.4147

17,True,False,0.02,0.25,Rot13,2,0,0.01450801,-0.004967649,0.06695426,0,0,13983.0882

17,True,False,0.02,0.25,Rot13,2,0,0.01450801,-0.004967649,0.06695426,0,0,13999.5379

17,True,False,0.02,0.25,Rot13,2,0,0.01450801,-0.004967649,0.06695426,0,0,14024.5723

17,True,False,0.02,0.25,Rot13,2,0,0.01450801,-0.004967649,0.06695426,0,0,14040.7291

17,True,False,0.02,0.25,Rot13,2,0,0.01450801,-0.004967649,0.06695426,0,0,14066.4569

17,True,False,0.02,0.25,Rot13,2,0,0.01450801,-0.004967649,0.06695426,0,0,14081.2406

17,True,False,0.02,0.25,Rot13,2,0,0.01450801,-0.004967649,0.06695426,0,0,14105.8472

17,True,False,0.02,0.25,Rot13,2,0,0.01450801,-0.004967649,0.06695426,0,0,14134.7538

17,True,False,0.02,0.25,Rot13,2,0,0.01450801,-0.004967649,0.06695426,0,0,14145.0774

17,True,False,0.02,0.25,Rot13,2,0,0.01450801,-0.004967649,0.06695426,0,0,14158.9245

17,True,False,0.02,0.25,Rot13,2,0,0.01450801,-0.004967649,0.06695426,0,0,14171.4687

17,True,False,0.02,0.25,Rot13,2,0,0.01450801,-0.004967649,0.06695426,0,0,14184.1063

17,True,False,0.02,0.25,Rot13,2,0,0.01450801,-0.004967649,0.06695426,0,0,14210.5883

17,True,False,0.02,0.25,Rot13,2,0,0.01450801,-0.004967649,0.06695426,0,0,14236.2816

17,True,False,0.02,0.25,Rot13,2,0,0.01450801,-0.004967649,0.06695426,0,0,14249.6301

17,True,False,0.02,0.25,Rot13,2,0,0.01450801,-0.004967649,0.06695426,0,0,14263.7856

17,True,False,0.02,0.25,Rot13,2,0,0.01450801,-0.004967649,0.06695426,0,0,14277.4179

17,True,False,0.02,0.25,Rot13,2,0,0.01450801,-0.004967649,0.06695426,0,0,14291.1614

17,True,False,0.02,0.25,Rot13,2,0,0.01450801,-0.004967649,0.06695426,0,0,14304.3741

17,True,False,0.02,0.25,Rot13,2,0,0.01450801,-0.004967649,0.06695426,0,0,14318.4314

17,True,False,0.02,0.25,Rot13,2,0,0.01450801,-0.004967649,0.06695426,0,0,14345.3271

17,True,False,0.02,0.25,Rot13,2,0,0.01450801,-0.004967649,0.06695426,0,0,14372.2222

17,True,False,0.02,0.25,Rot13,2,0,0.01450801,-0.004967649,0.06695426,0,0,14386.4863

17,True,False,0.02,0.25,Rot13,2,0,0.01450801,-0.004967649,0.06695426,0,0,14400.2432

17,True,False,0.02,0.25,Rot13,2,0,0.01450801,-0.004967649,0.06695426,0,0,14413.7097

17,True,False,0.02,0.25,Rot13,2,0,0.01450801,-0.004967649,0.06695426,0,0,14426.7725

17,True,False,0.02,0.25,Rot13,2,0,0.01450801,-0.004967649,0.06695426,0,0,14441.455

17,True,False,0.02,0.25,Rot13,2,0,0.01450801,-0.004967649,0.06695426,0,0,14456.5637

17,True,False,0.02,0.25,Rot13,2,0,0.01450801,-0.004967649,0.06695426,0,0,14468.938

17,True,False,0.02,0.25,Rot13,2,0,0.01450801,-0.004967649,0.06695426,0,0,14484.4382

17,True,False,0.02,0.25,Rot13,2,0,0.01450801,-0.004967649,0.06695426,0,0,14509.3857

17,True,False,0.02,0.25,Rot13,2,0,0.01450801,-0.004967649,0.06695426,0,0,14536.4937

17,True,False,0.02,0.25,Rot13,2,0,0.01450801,-0.004967649,0.06695426,0,0,14549.1831

17,True,False,0.02,0.25,Rot13,2,0,0.01450801,-0.004967649,0.06695426,0,0,14563.5514

17,True,False,0.02,0.25,Rot13,2,0,0.01450801,-0.004967649,0.06695426,0,0,14576.4884

17,True,False,0.02,0.25,Rot13,2,0,0.01450801,-0.004967649,0.06695426,0,0,14589.3504

17,True,False,0.02,0.25,Rot13,2,0,0.01450801,-0.004967649,0.06695426,0,0,14601.3884

17,True,False,0.02,0.25,Rot13,2,0,0.01450801,-0.004967649,0.06695426,0,0,14618.7523

17,True,False,0.02,0.25,Rot13,2,0,0.01450801,-0.004967649,0.06695426,0,0,14643.9281

17,True,False,0.02,0.25,Rot13,2,0,0.01450801,-0.004967649,0.06695426,0,0,14659.4719

17,True,False,0.02,0.25,Rot13,2,0,0.01450801,-0.004967649,0.06695426,0,0,14671.7248

17,True,False,0.02,0.25,Rot13,2,0,0.01450801,-0.004967649,0.06695426,0,0,14686.1818

17,True,False,0.02,0.25,Rot13,2,0,0.01450801,-0.004967649,0.06695426,0,0,14710.4608

17,True,False,0.02,0.25,Rot13,2,0,0.01450801,-0.004967649,0.06695426,0,0,14736.2696

17,True,False,0.02,0.25,Rot13,2,0,0.01450801,-0.004967649,0.06695426,0,0,14749.4493

17,True,False,0.02,0.25,Rot13,2,0,0.01450801,-0.004967649,0.06695426,0,0,14763.7644

17,True,False,0.02,0.25,Rot13,2,0,0.01450801,-0.004967649,0.06695426,0,0,14777.4744

17,True,False,0.02,0.25,Rot13,2,0,0.01450801,-0.004967649,0.06695426,0,0,14791.1364

17,True,False,0.02,0.25,Rot13,2,0,0.01450801,-0.004967649,0.06695426,0,0,14804.4145

17,True,False,0.02,0.25,Rot13,2,0,0.01450801,-0.004967649,0.06695426,0,0,14818.7075

17,True,False,0.02,0.25,Rot13,2,0,0.01450801,-0.004967649,0.06695426,0,0,14845.4507

17,True,False,0.02,0.25,Rot13,2,0,0.01450801,-0.004967649,0.06695426,0,0,14859.8838

17,True,False,0.02,0.25,Rot13,2,0,0.01450801,-0.004967649,0.06695426,0,0,14872.8187

17,True,False,0.02,0.25,Rot13,2,0,0.01450801,-0.004967649,0.06695426,0,0,14886.0279

17,True,False,0.02,0.25,Rot13,2,0,0.01450801,-0.004967649,0.06695426,0,0,14900.4495

17,True,False,0.02,0.25,Rot13,2,0,0.01450801,-0.004967649,0.06695426,0,0,14926.851

17,True,False,0.02,0.25,Rot13,2,0,0.01450801,-0.004967649,0.06695426,0,0,14942.19

17,True,False,0.02,0.25,Rot13,2,0,0.01450801,-0.004967649,0.06695426,0,0,14954.5514

17,True,False,0.02,0.25,Rot13,2,0,0.01450801,-0.004967649,0.06695426,0,0,14968.4984

17,True,False,0.02,0.25,Rot13,2,0,0.01450801,-0.004967649,0.06695426,0,0,14982.3456

17,True,False,0.02,0.25,Rot13,2,0,0.01450801,-0.004967649,0.06695426,0,0,15008.831

17,True,False,0.02,0.25,Rot13,2,0,0.01450801,-0.004967649,0.06695426,0,0,15025.473

17,True,False,0.02,0.25,Rot13,2,0,0.01450801,-0.004967649,0.06695426,0,0,15036.5053

17,True,False,0.02,0.25,Rot13,2,0,0.01450801,-0.004967649,0.06695426,0,0,15064.1893

17,True,False,0.02,0.25,Rot13,2,0,0.01450801,-0.004967649,0.06695426,0,0,15091.25

17,True,False,0.02,0.25,Rot13,2,0,0.01450801,-0.004967649,0.06695426,0,0,15102.3899

17,True,False,0.02,0.25,Rot13,2,0,0.01450801,-0.004967649,0.06695426,0,0,15115.1296

17,True,False,0.02,0.25,Rot13,2,0,0.01450801,-0.004967649,0.06695426,0,0,15127.8076

17,True,False,0.02,0.25,Rot13,2,0,0.01450801,-0.004967649,0.06695426,0,0,15141.8911

17,True,False,0.02,0.25,Rot13,2,0,0.01450801,-0.004967649,0.06695426,0,0,15155.1942

17,True,False,0.02,0.25,Rot13,2,0,0.01450801,-0.004967649,0.06695426,0,0,15181.7419

17,True,False,0.02,0.25,Rot13,2,0,0.01450801,-0.004967649,0.06695426,0,0,15195.0938

17,True,False,0.02,0.25,Rot13,2,0,0.01450801,-0.004967649,0.06695426,0,0,15207.8441

17,True,False,0.02,0.25,Rot13,2,0,0.01450801,-0.004967649,0.06695426,0,0,15222.0677

17,True,False,0.02,0.25,Rot13,2,0,0.01450801,-0.004967649,0.06695426,0,0,15248.8036

17,True,False,0.02,0.25,Rot13,2,0,0.01450801,-0.004967649,0.06695426,0,0,15262.6493

17,True,False,0.02,0.25,Rot13,2,0,0.01450801,-0.004967649,0.06695426,0,0,15276.5066

17,True,False,0.02,0.25,Rot13,2,0,0.01450801,-0.004967649,0.06695426,0,0,15289.1144

17,True,False,0.02,0.25,Rot13,2,0,0.01450801,-0.004967649,0.06695426,0,0,15303.4629

17,True,False,0.02,0.25,Rot13,2,0,0.01450801,-0.004967649,0.06695426,0,0,15317.9373

17,True,False,0.02,0.25,Rot13,2,0,0.01450801,-0.004967649,0.06695426,0,0,15343.8663

17,True,False,0.02,0.25,Rot13,2,0,0.01450801,-0.004967649,0.06695426,0,0,15370.7802

17,True,False,0.02,0.25,Rot13,2,0,0.01450801,-0.004967649,0.06695426,0,0,15382.8449

17,True,False,0.02,0.25,Rot13,2,0,0.01450801,-0.004967649,0.06695426,0,0,15395.8092

17,True,False,0.02,0.25,Rot13,2,0,0.01450801,-0.004967649,0.06695426,0,0,15408.6197

17,True,False,0.02,0.25,Rot13,2,0,0.01450801,-0.004967649,0.06695426,0,0,15422.018

17,True,False,0.02,0.25,Rot13,2,0,0.01450801,-0.004967649,0.06695426,0,0,15436.6803

17,True,False,0.02,0.25,Rot13,2,0,0.01450801,-0.004967649,0.06695426,0,0,15460.7219

17,True,False,0.02,0.25,Rot13,2,0,0.01450801,-0.004967649,0.06695426,0,0,15486.5206

17,True,False,0.02,0.25,Rot13,2,0,0.01450801,-0.004967649,0.06695426,0,0,15500.2908

17,True,False,0.02,0.25,Rot13,2,0,0.01450801,-0.004967649,0.06695426,0,0,15511.4127

17,True,False,0.02,0.25,Rot13,2,0,0.01450801,-0.004967649,0.06695426,0,0,15524.9644

17,True,False,0.02,0.25,Rot13,2,0,0.01450801,-0.004967649,0.06695426,0,0,15538.9831

17,True,False,0.02,0.25,Rot13,2,0,0.01450801,-0.004967649,0.06695426,0,0,15553.2947

17,True,False,0.02,0.25,Rot13,2,0,0.01450801,-0.004967649,0.06695426,0,0,15580.1312

17,True,False,0.02,0.25,Rot13,2,0,0.01450801,-0.004967649,0.06695426,0,0,15595.0771

17,True,False,0.02,0.25,Rot13,2,0,0.01450801,-0.004967649,0.06695426,0,0,15605.9797

17,True,False,0.02,0.25,Rot13,2,0,0.01450801,-0.004967649,0.06695426,0,0,15619.6569

17,True,False,0.02,0.25,Rot13,2,0,0.01450801,-0.004967649,0.06695426,0,0,15646.6356

17,True,False,0.02,0.25,Rot13,2,0,0.01450801,-0.004967649,0.06695426,0,0,15659.0273

17,True,False,0.02,0.25,Rot13,2,0,0.01450801,-0.004967649,0.06695426,0,0,15672.4987

17,True,False,0.02,0.25,Rot13,2,0,0.01450801,-0.004967649,0.06695426,0,0,15686.3548

17,True,False,0.02,0.25,Rot13,2,0,0.01450801,-0.004967649,0.06695426,0,0,15710.7163

17,True,False,0.02,0.25,Rot13,2,0,0.01450801,-0.004967649,0.06695426,0,0,15736.4041

17,True,False,0.02,0.25,Rot13,2,0,0.01450801,-0.004967649,0.06695426,0,0,15749.8994

17,True,False,0.02,0.25,Rot13,2,0,0.01450801,-0.004967649,0.06695426,0,0,15777.123

17,True,False,0.02,0.25,Rot13,2,0,0.01450801,-0.004967649,0.06695426,0,0,15790.6514

17,True,False,0.02,0.25,Rot13,2,0,0.01450801,-0.004967649,0.06695426,0,0,15805.3331

17,True,False,0.02,0.25,Rot13,2,0,0.01450801,-0.004967649,0.06695426,0,0,15830.856

17,True,False,0.02,0.25,Rot13,2,0,0.01450801,-0.004967649,0.06695426,0,0,15857.4321

17,True,False,0.02,0.25,Rot13,2,0,0.01450801,-0.004967649,0.06695426,0,0,15871.4819

17,True,False,0.02,0.25,Rot13,2,0,0.01450801,-0.004967649,0.06695426,0,0,15884.9805

17,True,False,0.02,0.25,Rot13,2,0,0.01450801,-0.004967649,0.06695426,0,0,15899.8937

17,True,False,0.02,0.25,Rot13,2,0,0.01450801,-0.004967649,0.06695426,0,0,15913.7743

17,True,False,0.02,0.25,Rot13,2,0,0.01450801,-0.004967649,0.06695426,0,0,15926.6202

17,True,False,0.02,0.25,Rot13,2,0,0.01450801,-0.004967649,0.06695426,0,0,15940.5828

17,True,False,0.02,0.25,Rot13,2,0,0.01450801,-0.004967649,0.06695426,0,0,15967.6399

17,True,False,0.02,0.25,Rot13,2,0,0.01450801,-0.004967649,0.06695426,0,0,15983.6018

17,True,False,0.02,0.25,Rot13,2,0,0.01450801,-0.004967649,0.06695426,0,0,15995.4307

17,True,False,0.02,0.25,Rot13,2,0,0.01450801,-0.004967649,0.06695426,0,0,16007.912

17,True,False,0.02,0.25,Rot13,2,0,0.01450801,-0.004967649,0.06695426,0,0,16035.9091

17,True,False,0.02,0.25,Rot13,2,0,0.01450801,-0.004967649,0.06695426,0,0,16049.9724

17,True,False,0.02,0.25,Rot13,2,0,0.01450801,-0.004967649,0.06695426,0,0,16062.0949

17,True,False,0.02,0.25,Rot13,2,0,0.01450801,-0.004967649,0.06695426,0,0,16075.3195

17,True,False,0.02,0.25,Rot13,2,0,0.01450801,-0.004967649,0.06695426,0,0,16091.5164

17,True,False,0.02,0.25,Rot13,2,0,0.01450801,-0.004967649,0.06695426,0,0,16116.841

17,True,False,0.02,0.25,Rot13,2,0,0.01450801,-0.004967649,0.06695426,0,0,16143.2439

17,True,False,0.02,0.25,Rot13,2,0,0.01450801,-0.004967649,0.06695426,0,0,16155.4397

17,True,False,0.02,0.25,Rot13,2,0,0.01450801,-0.004967649,0.06695426,0,0,16168.5783

17,True,False,0.02,0.25,Rot13,2,0,0.01450801,-0.004967649,0.06695426,0,0,16182.2488

17,True,False,0.02,0.25,Rot13,2,0,0.01450801,-0.004967649,0.06695426,0,0,16196.0336

17,True,False,0.02,0.25,Rot13,2,0,0.01450801,-0.004967649,0.06695426,0,0,16209.6246

17,True,False,0.02,0.25,Rot13,2,0,0.01450801,-0.004967649,0.06695426,0,0,16222.1308

17,True,False,0.02,0.25,Rot13,2,0,0.01450801,-0.004967649,0.06695426,0,0,16248.7717

17,True,False,0.02,0.25,Rot13,2,0,0.01450801,-0.004967649,0.06695426,0,0,16274.9894

17,True,False,0.02,0.25,Rot13,2,0,0.01450801,-0.004967649,0.06695426,0,0,16288.9582

17,True,False,0.02,0.25,Rot13,2,0,0.01450801,-0.004967649,0.06695426,0,0,16302.9109

17,True,False,0.02,0.25,Rot13,2,0,0.01450801,-0.004967649,0.06695426,0,0,16316.2087

17,True,False,0.02,0.25,Rot13,2,0,0.01450801,-0.004967649,0.06695426,0,0,16329.1235

17,True,False,0.02,0.25,Rot13,2,0,0.01450801,-0.004967649,0.06695426,0,0,16343.3129

17,True,False,0.02,0.25,Rot13,2,0,0.01450801,-0.004967649,0.06695426,0,0,16358.5057

17,True,False,0.02,0.25,Rot13,2,0,0.01450801,-0.004967649,0.06695426,0,0,16384.0281

17,True,False,0.02,0.25,Rot13,2,0,0.01450801,-0.004967649,0.06695426,0,0,16399.5651

17,True,False,0.02,0.25,Rot13,2,0,0.01450801,-0.004967649,0.06695426,0,0,16411.9056

17,True,False,0.02,0.25,Rot13,2,0,0.01450801,-0.004967649,0.06695426,0,0,16424.3059

17,True,False,0.02,0.25,Rot13,2,0,0.01450801,-0.004967649,0.06695426,0,0,16439.2889

17,True,False,0.02,0.25,Rot13,2,0,0.01450801,-0.004967649,0.06695426,0,0,16465.3472

17,True,False,0.02,0.25,Rot13,2,0,0.01450801,-0.004967649,0.06695426,0,0,16492.5167

17,True,False,0.02,0.25,Rot13,2,0,0.01450801,-0.004967649,0.06695426,0,0,16504.7382

17,True,False,0.02,0.25,Rot13,2,0,0.01450801,-0.004967649,0.06695426,0,0,16518.3587

17,True,False,0.02,0.25,Rot13,2,0,0.01450801,-0.004967649,0.06695426,0,0,16531.3708

17,True,False,0.02,0.25,Rot13,2,0,0.01450801,-0.004967649,0.06695426,0,0,16544.0999

17,True,False,0.02,0.25,Rot13,2,0,0.01450801,-0.004967649,0.06695426,0,0,16558.4735

17,True,False,0.02,0.25,Rot13,2,0,0.01450801,-0.004967649,0.06695426,0,0,16583.8253

17,True,False,0.02,0.25,Rot13,2,0,0.01450801,-0.004967649,0.06695426,0,0,16610.0468

17,True,False,0.02,0.25,Rot13,2,0,0.01450801,-0.004967649,0.06695426,0,0,16623.4635

17,True,False,0.02,0.25,Rot13,2,0,0.01450801,-0.004967649,0.06695426,0,0,16637.3425

17,True,False,0.02,0.25,Rot13,2,0,0.01450801,-0.004967649,0.06695426,0,0,16651.0654

17,True,False,0.02,0.25,Rot13,2,0,0.01450801,-0.004967649,0.06695426,0,0,16664.4591

17,True,False,0.02,0.25,Rot13,2,0,0.01450801,-0.004967649,0.06695426,0,0,16678.883

17,True,False,0.02,0.25,Rot13,2,0,0.01450801,-0.004967649,0.06695426,0,0,16693.5297

17,True,False,0.02,0.25,Rot13,2,0,0.01450801,-0.004967649,0.06695426,0,0,16704.783

17,True,False,0.02,0.25,Rot13,2,0,0.01450801,-0.004967649,0.06695426,0,0,16732.0548

17,True,False,0.02,0.25,Rot13,2,0,0.01450801,-0.004967649,0.06695426,0,0,16759.9089

17,True,False,0.02,0.25,Rot13,2,0,0.01450801,-0.004967649,0.06695426,0,0,16771.7995

17,True,False,0.02,0.25,Rot13,2,0,0.01450801,-0.004967649,0.06695426,0,0,16785.4351

17,True,False,0.02,0.25,Rot13,2,0,0.01450801,-0.004967649,0.06695426,0,0,16798.6095

17,True,False,0.02,0.25,Rot13,2,0,0.01450801,-0.004967649,0.06695426,0,0,16810.7387

17,True,False,0.02,0.25,Rot13,2,0,0.01450801,-0.004967649,0.06695426,0,0,16824.5586

17,True,False,0.02,0.25,Rot13,2,0,0.01450801,-0.004967649,0.06695426,0,0,16849.2303

17,True,False,0.02,0.25,Rot13,2,0,0.01450801,-0.004967649,0.06695426,0,0,16874.9514

17,True,False,0.02,0.25,Rot13,2,0,0.01450801,-0.004967649,0.06695426,0,0,16888.7346

17,True,False,0.02,0.25,Rot13,2,0,0.01450801,-0.004967649,0.06695426,0,0,16902.4448

17,True,False,0.02,0.25,Rot13,2,0,0.01450801,-0.004967649,0.06695426,0,0,16916.126

17,True,False,0.02,0.25,Rot13,2,0,0.01450801,-0.004967649,0.06695426,0,0,16929.6953

17,True,False,0.02,0.25,Rot13,2,0,0.01450801,-0.004967649,0.06695426,0,0,16942.9735

17,True,False,0.02,0.25,Rot13,2,0,0.01450801,-0.004967649,0.06695426,0,0,16957.4494

17,True,False,0.02,0.25,Rot13,2,0,0.01450801,-0.004967649,0.06695426,0,0,16972.6091

17,True,False,0.02,0.25,Rot13,2,0,0.01450801,-0.004967649,0.06695426,0,0,16996.8267

17,True,False,0.02,0.25,Rot13,2,0,0.01450801,-0.004967649,0.06695426,0,0,17023.9247

17,True,False,0.02,0.25,Rot13,2,0,0.01450801,-0.004967649,0.06695426,0,0,17038.6102

17,True,False,0.02,0.25,Rot13,2,0,0.01450801,-0.004967649,0.06695426,0,0,17052.4898

17,True,False,0.02,0.25,Rot13,2,0,0.01450801,-0.004967649,0.06695426,0,0,17065.1267

17,True,False,0.02,0.25,Rot13,2,0,0.01450801,-0.004967649,0.06695426,0,0,17079.9394

17,True,False,0.02,0.25,Rot13,2,0,0.01450801,-0.004967649,0.06695426,0,0,17093.898

17,True,False,0.02,0.25,Rot13,2,0,0.01450801,-0.004967649,0.06695426,0,0,17107.0219

17,True,False,0.02,0.25,Rot13,2,0,0.01450801,-0.004967649,0.06695426,0,0,17134.4793

17,True,False,0.02,0.25,Rot13,2,0,0.01450801,-0.004967649,0.06695426,0,0,17150.3626

17,True,False,0.02,0.25,Rot13,2,0,0.01450801,-0.004967649,0.06695426,0,0,17175.5224

17,True,False,0.02,0.25,Rot13,2,0,0.01450801,-0.004967649,0.06695426,0,0,17202.2253

17,True,False,0.02,0.25,Rot13,2,0,0.01450801,-0.004967649,0.06695426,0,0,17213.1939

17,True,False,0.02,0.25,Rot13,2,0,0.01450801,-0.004967649,0.06695426,0,0,17226.2461

17,True,False,0.02,0.25,Rot13,2,0,0.01450801,-0.004967649,0.06695426,0,0,17239.7023

17,True,False,0.02,0.25,Rot13,2,0,0.01450801,-0.004967649,0.06695426,0,0,17265.431

17,True,False,0.02,0.25,Rot13,2,0,0.01450801,-0.004967649,0.06695426,0,0,17291.4074

17,True,False,0.02,0.25,Rot13,2,0,0.01450801,-0.004967649,0.06695426,0,0,17305.5275

17,True,False,0.02,0.25,Rot13,2,0,0.01450801,-0.004967649,0.06695426,0,0,17318.6635

17,True,False,0.02,0.25,Rot13,2,0,0.01450801,-0.004967649,0.06695426,0,0,17332.6634

17,True,False,0.02,0.25,Rot13,2,0,0.01450801,-0.004967649,0.06695426,0,0,17345.0518

17,True,False,0.02,0.25,Rot13,2,0,0.01450801,-0.004967649,0.06695426,0,0,17359.237

17,True,False,0.02,0.25,Rot13,2,0,0.01450801,-0.004967649,0.06695426,0,0,17385.2627

17,True,False,0.02,0.25,Rot13,2,0,0.01450801,-0.004967649,0.06695426,0,0,17399.9491

17,True,False,0.02,0.25,Rot13,2,0,0.01450801,-0.004967649,0.06695426,0,0,17413.6373

17,True,False,0.02,0.25,Rot13,2,0,0.01450801,-0.004967649,0.06695426,0,0,17441.1806

17,True,False,0.02,0.25,Rot13,2,0,0.01450801,-0.004967649,0.06695426,0,0,17454.323

17,True,False,0.02,0.25,Rot13,2,0,0.01450801,-0.004967649,0.06695426,0,0,17480.8782

17,True,False,0.02,0.25,Rot13,2,0,0.01450801,-0.004967649,0.06695426,0,0,17508.1654

17,True,False,0.02,0.25,Rot13,2,0,0.01450801,-0.004967649,0.06695426,0,0,17519.264

17,True,False,0.02,0.25,Rot13,2,0,0.01450801,-0.004967649,0.06695426,0,0,17532.5958

17,True,False,0.02,0.25,Rot13,2,0,0.01450801,-0.004967649,0.06695426,0,0,17545.3082

17,True,False,0.02,0.25,Rot13,2,0,0.01450801,-0.004967649,0.06695426,0,0,17559.1132

17,True,False,0.02,0.25,Rot13,2,0,0.01450801,-0.004967649,0.06695426,0,0,17584.9503

17,True,False,0.02,0.25,Rot13,2,0,0.01450801,-0.004967649,0.06695426,0,0,17598.3288

17,True,False,0.02,0.25,Rot13,2,0,0.01450801,-0.004967649,0.06695426,0,0,17611.2491

17,True,False,0.02,0.25,Rot13,2,0,0.01450801,-0.004967649,0.06695426,0,0,17624.2802

17,True,False,0.02,0.25,Rot13,2,0,0.01450801,-0.004967649,0.06695426,0,0,17638.1164

17,True,False,0.02,0.25,Rot13,2,0,0.01450801,-0.004967649,0.06695426,0,0,17664.8227

17,True,False,0.02,0.25,Rot13,2,0,0.01450801,-0.004967649,0.06695426,0,0,17691.2229

17,True,False,0.02,0.25,Rot13,2,0,0.01450801,-0.004967649,0.06695426,0,0,17705.0399

17,True,False,0.02,0.25,Rot13,2,0,0.01450801,-0.004967649,0.06695426,0,0,17718.9027

17,True,False,0.02,0.25,Rot13,2,0,0.01450801,-0.004967649,0.06695426,0,0,17732.8791

17,True,False,0.02,0.25,Rot13,2,0,0.01450801,-0.004967649,0.06695426,0,0,17746.1415

17,True,False,0.02,0.25,Rot13,2,0,0.01450801,-0.004967649,0.06695426,0,0,17759.8535

17,True,False,0.02,0.25,Rot13,2,0,0.01450801,-0.004967649,0.06695426,0,0,17786.9833

17,True,False,0.02,0.25,Rot13,2,0,0.01450801,-0.004967649,0.06695426,0,0,17801.3103

17,True,False,0.02,0.25,Rot13,2,0,0.01450801,-0.004967649,0.06695426,0,0,17814.7325

17,True,False,0.02,0.25,Rot13,2,0,0.01450801,-0.004967649,0.06695426,0,0,17827.216

17,True,False,0.02,0.25,Rot13,2,0,0.01450801,-0.004967649,0.06695426,0,0,17842.4928

17,True,False,0.02,0.25,Rot13,2,0,0.01450801,-0.004967649,0.06695426,0,0,17856.1484

17,True,False,0.02,0.25,Rot13,2,0,0.01450801,-0.004967649,0.06695426,0,0,17882.8426

17,True,False,0.02,0.25,Rot13,2,0,0.01450801,-0.004967649,0.06695426,0,0,17910.1413

17,True,False,0.02,0.25,Rot13,2,0,0.01450801,-0.004967649,0.06695426,0,0,17922.3688

17,True,False,0.02,0.25,Rot13,2,0,0.01450801,-0.004967649,0.06695426,0,0,17935.4855

17,True,False,0.02,0.25,Rot13,2,0,0.01450801,-0.004967649,0.06695426,0,0,17948.3126

17,True,False,0.02,0.25,Rot13,2,0,0.01450801,-0.004967649,0.06695426,0,0,17962.0565

17,True,False,0.02,0.25,Rot13,2,0,0.01450801,-0.004967649,0.06695426,0,0,17976.1071

17,True,False,0.02,0.25,Rot13,2,0,0.01450801,-0.004967649,0.06695426,0,0,17987.9872

17,True,False,0.02,0.25,Rot13,2,0,0.01450801,-0.004967649,0.06695426,0,0,18013.5877

17,True,False,0.02,0.25,Rot13,2,0,0.01450801,-0.004967649,0.06695426,0,0,18029.0188

17,True,False,0.02,0.25,Rot13,2,0,0.01450801,-0.004967649,0.06695426,0,0,18039.8366

17,True,False,0.02,0.25,Rot13,2,0,0.01450801,-0.004967649,0.06695426,0,0,18067.3079

17,True,False,0.02,0.25,Rot13,2,0,0.01450801,-0.004967649,0.06695426,0,0,18093.9538

17,True,False,0.02,0.25,Rot13,2,0,0.01450801,-0.004967649,0.06695426,0,0,18107.8443

17,True,False,0.02,0.25,Rot13,2,0,0.01450801,-0.004967649,0.06695426,0,0,18120.6862

17,True,False,0.02,0.25,Rot13,2,0,0.01450801,-0.004967649,0.06695426,0,0,18133.639

17,True,False,0.02,0.25,Rot13,2,0,0.01450801,-0.004967649,0.06695426,0,0,18146.096

17,True,False,0.02,0.25,Rot13,2,0,0.01450801,-0.004967649,0.06695426,0,0,18159.2147

17,True,False,0.02,0.25,Rot13,2,0,0.01450801,-0.004967649,0.06695426,0,0,18186.8044

17,True,False,0.02,0.25,Rot13,2,0,0.01450801,-0.004967649,0.06695426,0,0,18198.4078

17,True,False,0.02,0.25,Rot13,2,0,0.01450801,-0.004967649,0.06695426,0,0,18211.9924

17,True,False,0.02,0.25,Rot13,2,0,0.01450801,-0.004967649,0.06695426,0,0,18224.4632

17,True,False,0.02,0.25,Rot13,2,0,0.01450801,-0.004967649,0.06695426,0,0,18237.6297

17,True,False,0.02,0.25,Rot13,2,0,0.01450801,-0.004967649,0.06695426,0,0,18263.9235

17,True,False,0.02,0.25,Rot13,2,0,0.01450801,-0.004967649,0.06695426,0,0,18291.8522

17,True,False,0.02,0.25,Rot13,2,0,0.01450801,-0.004967649,0.06695426,0,0,18304.7892

17,True,False,0.02,0.25,Rot13,2,0,0.01450801,-0.004967649,0.06695426,0,0,18318.5729

17,True,False,0.02,0.25,Rot13,2,0,0.01450801,-0.004967649,0.06695426,0,0,18332.2392

17,True,False,0.02,0.25,Rot13,2,0,0.01450801,-0.004967649,0.06695426,0,0,18345.7218

17,True,False,0.02,0.25,Rot13,2,0,0.01450801,-0.004967649,0.06695426,0,0,18359.5154

17,True,False,0.02,0.25,Rot13,2,0,0.01450801,-0.004967649,0.06695426,0,0,18373.6331

17,True,False,0.02,0.25,Rot13,2,0,0.01450801,-0.004967649,0.06695426,0,0,18399.4354

17,True,False,0.02,0.25,Rot13,2,0,0.01450801,-0.004967649,0.06695426,0,0,18426.3074

17,True,False,0.02,0.25,Rot13,2,0,0.01450801,-0.004967649,0.06695426,0,0,18438.2432

17,True,False,0.02,0.25,Rot13,2,0,0.01450801,-0.004967649,0.06695426,0,0,18451.1106

17,True,False,0.02,0.25,Rot13,2,0,0.01450801,-0.004967649,0.06695426,0,0,18463.444

17,True,False,0.02,0.25,Rot13,2,0,0.01450801,-0.004967649,0.06695426,0,0,18477.1488

17,True,False,0.02,0.25,Rot13,2,0,0.01450801,-0.004967649,0.06695426,0,0,18503.2622

17,True,False,0.02,0.25,Rot13,2,0,0.01450801,-0.004967649,0.06695426,0,0,18515.9936

17,True,False,0.02,0.25,Rot13,2,0,0.01450801,-0.004967649,0.06695426,0,0,18529.282

17,True,False,0.02,0.25,Rot13,2,0,0.01450801,-0.004967649,0.06695426,0,0,18542.071

17,True,False,0.02,0.25,Rot13,2,0,0.01450801,-0.004967649,0.06695426,0,0,18555.8069

17,True,False,0.02,0.25,Rot13,2,0,0.01450801,-0.004967649,0.06695426,0,0,18582.4525

17,True,False,0.02,0.25,Rot13,2,0,0.01450801,-0.004967649,0.06695426,0,0,18609.0834

17,True,False,0.02,0.25,Rot13,2,0,0.01450801,-0.004967649,0.06695426,0,0,18622.6922

17,True,False,0.02,0.25,Rot13,2,0,0.01450801,-0.004967649,0.06695426,0,0,18636.1142

17,True,False,0.02,0.25,Rot13,2,0,0.01450801,-0.004967649,0.06695426,0,0,18649.5959

17,True,False,0.02,0.25,Rot13,2,0,0.01450801,-0.004967649,0.06695426,0,0,18663.9686

17,True,False,0.02,0.25,Rot13,2,0,0.01450801,-0.004967649,0.06695426,0,0,18677.7847

17,True,False,0.02,0.25,Rot13,2,0,0.01450801,-0.004967649,0.06695426,0,0,18691.961

17,True,False,0.02,0.25,Rot13,2,0,0.01450801,-0.004967649,0.06695426,0,0,18706.267

17,True,False,0.02,0.25,Rot13,2,0,0.01450801,-0.004967649,0.06695426,0,0,18731.7063

17,True,False,0.02,0.25,Rot13,2,0,0.01450801,-0.004967649,0.06695426,0,0,18759.3261

17,True,False,0.02,0.25,Rot13,2,0,0.01450801,-0.004967649,0.06695426,0,0,18770.7406

17,True,False,0.02,0.25,Rot13,2,0,0.01450801,-0.004967649,0.06695426,0,0,18783.4856

17,True,False,0.02,0.25,Rot13,2,0,0.01450801,-0.004967649,0.06695426,0,0,18796.5052

17,True,False,0.02,0.25,Rot13,2,0,0.01450801,-0.004967649,0.06695426,0,0,18809.6908

17,True,False,0.02,0.25,Rot13,2,0,0.01450801,-0.004967649,0.06695426,0,0,18836.0912

17,True,False,0.02,0.25,Rot13,2,0,0.01450801,-0.004967649,0.06695426,0,0,18850.0352

17,True,False,0.02,0.25,Rot13,2,0,0.01450801,-0.004967649,0.06695426,0,0,18861.7706

17,True,False,0.02,0.25,Rot13,2,0,0.01450801,-0.004967649,0.06695426,0,0,18875.5631

17,True,False,0.02,0.25,Rot13,2,0,0.01450801,-0.004967649,0.06695426,0,0,18902.1411

17,True,False,0.02,0.25,Rot13,2,0,0.01450801,-0.004967649,0.06695426,0,0,18916.5764

17,True,False,0.02,0.25,Rot13,2,0,0.01450801,-0.004967649,0.06695426,0,0,18929.4016

17,True,False,0.02,0.25,Rot13,2,0,0.01450801,-0.004967649,0.06695426,0,0,18943.0438

17,True,False,0.02,0.25,Rot13,2,0,0.01450801,-0.004967649,0.06695426,0,0,18969.6824

17,True,False,0.02,0.25,Rot13,2,0,0.01450801,-0.004967649,0.06695426,0,0,18983.6596

17,True,False,0.02,0.25,Rot13,2,0,0.01450801,-0.004967649,0.06695426,0,0,18996.5613

17,True,False,0.02,0.25,Rot13,2,0,0.01450801,-0.004967649,0.06695426,0,0,19010.6214

17,True,False,0.02,0.25,Rot13,2,0,0.01450801,-0.004967649,0.06695426,0,0,19038.4775

17,True,False,0.02,0.25,Rot13,2,0,0.01450801,-0.004967649,0.06695426,0,0,19053.179

17,True,False,0.02,0.25,Rot13,2,0,0.01450801,-0.004967649,0.06695426,0,0,19066.1091

17,True,False,0.02,0.25,Rot13,2,0,0.01450801,-0.004967649,0.06695426,0,0,19080.0615

17,True,False,0.02,0.25,Rot13,2,0,0.01450801,-0.004967649,0.06695426,0,0,19120.7505

17,True,False,0.02,0.25,Rot13,2,0,0.01450801,-0.004967649,0.06695426,0,0,19134.938

17,True,False,0.02,0.25,Rot13,2,0,0.01450801,-0.004967649,0.06695426,0,0,19148.4705

17,True,False,0.02,0.25,Rot13,2,0,0.01450801,-0.004967649,0.06695426,0,0,19161.535

17,True,False,0.02,0.25,Rot13,2,0,0.01450801,-0.004967649,0.06695426,0,0,19177.8526

17,True,False,0.02,0.25,Rot13,2,0,0.01450801,-0.004967649,0.06695426,0,0,19202.9503

17,True,False,0.02,0.25,Rot13,2,0,0.01450801,-0.004967649,0.06695426,0,0,19218.2901

17,True,False,0.02,0.25,Rot13,2,0,0.01450801,-0.004967649,0.06695426,0,0,19230.7998

17,True,False,0.02,0.25,Rot13,2,0,0.01450801,-0.004967649,0.06695426,0,0,19243.3218

17,True,False,0.02,0.25,Rot13,2,0,0.01450801,-0.004967649,0.06695426,0,0,19259.8823

17,True,False,0.02,0.25,Rot13,2,0,0.01450801,-0.004967649,0.06695426,0,0,19273.9584

17,True,False,0.02,0.25,Rot13,2,0,0.01450801,-0.004967649,0.06695426,0,0,19298.6104

17,True,False,0.02,0.25,Rot13,2,0,0.01450801,-0.004967649,0.06695426,0,0,19326.2388

17,True,False,0.02,0.25,Rot13,2,0,0.01450801,-0.004967649,0.06695426,0,0,19338.451

17,True,False,0.02,0.25,Rot13,2,0,0.01450801,-0.004967649,0.06695426,0,0,19351.9697

17,True,False,0.02,0.25,Rot13,2,0,0.01450801,-0.004967649,0.06695426,0,0,19378.9292

17,True,False,0.02,0.25,Rot13,2,0,0.01450801,-0.004967649,0.06695426,0,0,19406.2261

17,True,False,0.02,0.25,Rot13,2,0,0.01450801,-0.004967649,0.06695426,0,0,19418.4704

17,True,False,0.02,0.25,Rot13,2,0,0.01450801,-0.004967649,0.06695426,0,0,19432.1051

17,True,False,0.02,0.25,Rot13,2,0,0.01450801,-0.004967649,0.06695426,0,0,19445.3722

17,True,False,0.02,0.25,Rot13,2,0,0.01450801,-0.004967649,0.06695426,0,0,19458.9244

17,True,False,0.02,0.25,Rot13,2,0,0.01450801,-0.004967649,0.06695426,0,0,19473.277

17,True,False,0.02,0.25,Rot13,2,0,0.01450801,-0.004967649,0.06695426,0,0,19498.8494

17,True,False,0.02,0.25,Rot13,2,0,0.01450801,-0.004967649,0.06695426,0,0,19524.8107

17,True,False,0.02,0.25,Rot13,2,0,0.01450801,-0.004967649,0.06695426,0,0,19539.0926

17,True,False,0.02,0.25,Rot13,2,0,0.01450801,-0.004967649,0.06695426,0,0,19553.1625

17,True,False,0.02,0.25,Rot13,2,0,0.01450801,-0.004967649,0.06695426,0,0,19565.9477

17,True,False,0.02,0.25,Rot13,2,0,0.01450801,-0.004967649,0.06695426,0,0,19580.2796

17,True,False,0.02,0.25,Rot13,2,0,0.01450801,-0.004967649,0.06695426,0,0,19595.5992

17,True,False,0.02,0.25,Rot13,2,0,0.01450801,-0.004967649,0.06695426,0,0,19607.9564

17,True,False,0.02,0.25,Rot13,2,0,0.01450801,-0.004967649,0.06695426,0,0,19635.2291

17,True,False,0.02,0.25,Rot13,2,0,0.01450801,-0.004967649,0.06695426,0,0,19662.7356

17,True,False,0.02,0.25,Rot13,2,0,0.01450801,-0.004967649,0.06695426,0,0,19676.9083

17,True,False,0.02,0.25,Rot13,2,0,0.01450801,-0.004967649,0.06695426,0,0,19690.7077

17,True,False,0.02,0.25,Rot13,2,0,0.01450801,-0.004967649,0.06695426,0,0,19705.2489

17,True,False,0.02,0.25,Rot13,2,0,0.01450801,-0.004967649,0.06695426,0,0,19719.0678

17,True,False,0.02,0.25,Rot13,2,0,0.01450801,-0.004967649,0.06695426,0,0,19733.464

17,True,False,0.02,0.25,Rot13,2,0,0.01450801,-0.004967649,0.06695426,0,0,19747.0647

17,True,False,0.02,0.25,Rot13,2,0,0.01450801,-0.004967649,0.06695426,0,0,19760.9883

17,True,False,0.02,0.25,Rot13,2,0,0.01450801,-0.004967649,0.06695426,0,0,19775.9412

17,True,False,0.02,0.25,Rot13,2,0,0.01450801,-0.004967649,0.06695426,0,0,19802.2752

17,True,False,0.02,0.25,Rot13,2,0,0.01450801,-0.004967649,0.06695426,0,0,19817.1796

17,True,False,0.02,0.25,Rot13,2,0,0.01450801,-0.004967649,0.06695426,0,0,19829.9595

17,True,False,0.02,0.25,Rot13,2,0,0.01450801,-0.004967649,0.06695426,0,0,19842.4187

17,True,False,0.02,0.25,Rot13,2,0,0.01450801,-0.004967649,0.06695426,0,0,19856.5426

17,True,False,0.02,0.25,Rot13,2,0,0.01450801,-0.004967649,0.06695426,0,0,19884.1514

17,True,False,0.02,0.25,Rot13,2,0,0.01450801,-0.004967649,0.06695426,0,0,19911.205

17,True,False,0.02,0.25,Rot13,2,0,0.01450801,-0.004967649,0.06695426,0,0,19923.4936

17,True,False,0.02,0.25,Rot13,2,0,0.01450801,-0.004967649,0.06695426,0,0,19936.7189

17,True,False,0.02,0.25,Rot13,2,0,0.01450801,-0.004967649,0.06695426,0,0,19949.4717

17,True,False,0.02,0.25,Rot13,2,0,0.01450801,-0.004967649,0.06695426,0,0,19962.4339

17,True,False,0.02,0.25,Rot13,2,0,0.01450801,-0.004967649,0.06695426,0,0,19976.8887

17,True,False,0.02,0.25,Rot13,2,0,0.01450801,-0.004967649,0.06695426,0,0,19990.3699

17,True,False,0.02,0.25,Rot13,2,0,0.01450801,-0.004967649,0.06695426,0,0,20016.3878

17,True,False,0.02,0.25,Rot13,2,0,0.01450801,-0.004967649,0.06695426,0,0,20033.0133

17,True,False,0.02,0.25,Rot13,2,0,0.01450801,-0.004967649,0.06695426,0,0,20043.8068

17,True,False,0.02,0.25,Rot13,2,0,0.01450801,-0.004967649,0.06695426,0,0,20057.4021

17,True,False,0.02,0.25,Rot13,2,0,0.01450801,-0.004967649,0.06695426,0,0,20083.8984

17,True,False,0.02,0.25,Rot13,2,0,0.01450801,-0.004967649,0.06695426,0,0,20109.8885

17,True,False,0.02,0.25,Rot13,2,0,0.01450801,-0.004967649,0.06695426,0,0,20123.5694

17,True,False,0.02,0.25,Rot13,2,0,0.01450801,-0.004967649,0.06695426,0,0,20137.3714

17,True,False,0.02,0.25,Rot13,2,0,0.01450801,-0.004967649,0.06695426,0,0,20151.2397

17,True,False,0.02,0.25,Rot13,2,0,0.01450801,-0.004967649,0.06695426,0,0,20164.7299

17,True,False,0.02,0.25,Rot13,2,0,0.01450801,-0.004967649,0.06695426,0,0,20178.2728

17,True,False,0.02,0.25,Rot13,2,0,0.01450801,-0.004967649,0.06695426,0,0,20194.0407

17,True,False,0.02,0.25,Rot13,2,0,0.01450801,-0.004967649,0.06695426,0,0,20207.5347

17,True,False,0.02,0.25,Rot13,2,0,0.01450801,-0.004967649,0.06695426,0,0,20232.1025

17,True,False,0.02,0.25,Rot13,2,0,0.01450801,-0.004967649,0.06695426,0,0,20248.1542

17,True,False,0.02,0.25,Rot13,2,0,0.01450801,-0.004967649,0.06695426,0,0,20260.5092

17,True,False,0.02,0.25,Rot13,2,0,0.01450801,-0.004967649,0.06695426,0,0,20272.9027

17,True,False,0.02,0.25,Rot13,2,0,0.01450801,-0.004967649,0.06695426,0,0,20300.7023

17,True,False,0.02,0.25,Rot13,2,0,0.01450801,-0.004967649,0.06695426,0,0,20328.1892

17,True,False,0.02,0.25,Rot13,2,0,0.01450801,-0.004967649,0.06695426,0,0,20340.1984

17,True,False,0.02,0.25,Rot13,2,0,0.01450801,-0.004967649,0.06695426,0,0,20353.0705

17,True,False,0.02,0.25,Rot13,2,0,0.01450801,-0.004967649,0.06695426,0,0,20365.798

17,True,False,0.02,0.25,Rot13,2,0,0.01450801,-0.004967649,0.06695426,0,0,20379.4244

17,True,False,0.02,0.25,Rot13,2,0,0.01450801,-0.004967649,0.06695426,0,0,20393.9594

17,True,False,0.02,0.25,Rot13,2,0,0.01450801,-0.004967649,0.06695426,0,0,20407.2042

17,True,False,0.02,0.25,Rot13,2,0,0.01450801,-0.004967649,0.06695426,0,0,20432.5055

17,True,False,0.02,0.25,Rot13,2,0,0.01450801,-0.004967649,0.06695426,0,0,20458.7342

17,True,False,0.02,0.25,Rot13,2,0,0.01450801,-0.004967649,0.06695426,0,0,20472.6636

17,True,False,0.02,0.25,Rot13,2,0,0.01450801,-0.004967649,0.06695426,0,0,20487.2562

17,True,False,0.02,0.25,Rot13,2,0,0.01450801,-0.004967649,0.06695426,0,0,20501.04

17,True,False,0.02,0.25,Rot13,2,0,0.01450801,-0.004967649,0.06695426,0,0,20527.2188

17,True,False,0.02,0.25,Rot13,2,0,0.01450801,-0.004967649,0.06695426,0,0,20540.4709

17,True,False,0.02,0.25,Rot13,2,0,0.01450801,-0.004967649,0.06695426,0,0,20554.0717

17,True,False,0.02,0.25,Rot13,2,0,0.01450801,-0.004967649,0.06695426,0,0,20567.6355

17,True,False,0.02,0.25,Rot13,2,0,0.01450801,-0.004967649,0.06695426,0,0,20582.235

17,True,False,0.02,0.25,Rot13,2,0,0.01450801,-0.004967649,0.06695426,0,0,20595.251

17,True,False,0.02,0.25,Rot13,2,0,0.01450801,-0.004967649,0.06695426,0,0,20609.0439

17,True,False,0.02,0.25,Rot13,2,0,0.01450801,-0.004967649,0.06695426,0,0,20636.0642

17,True,False,0.02,0.25,Rot13,2,0,0.01450801,-0.004967649,0.06695426,0,0,20650.0267

17,True,False,0.02,0.25,Rot13,2,0,0.01450801,-0.004967649,0.06695426,0,0,20663.5984

17,True,False,0.02,0.25,Rot13,2,0,0.01450801,-0.004967649,0.06695426,0,0,20677.6348

17,True,False,0.02,0.25,Rot13,2,0,0.01450801,-0.004967649,0.06695426,0,0,20692.4127

17,True,False,0.02,0.25,Rot13,2,0,0.01450801,-0.004967649,0.06695426,0,0,20718.9192

17,True,False,0.02,0.25,Rot13,2,0,0.01450801,-0.004967649,0.06695426,0,0,20733.8788

17,True,False,0.02,0.25,Rot13,2,0,0.01450801,-0.004967649,0.06695426,0,0,20746.0867

17,True,False,0.02,0.25,Rot13,2,0,0.01450801,-0.004967649,0.06695426,0,0,20785.9455

17,True,False,0.02,0.25,Rot13,2,0,0.01450801,-0.004967649,0.06695426,0,0,20801.0631

17,True,False,0.02,0.25,Rot13,2,0,0.01450801,-0.004967649,0.06695426,0,0,20813.6531

17,True,False,0.02,0.25,Rot13,2,0,0.01450801,-0.004967649,0.06695426,0,0,20830.5194

17,True,False,0.02,0.25,Rot13,2,0,0.01450801,-0.004967649,0.06695426,0,0,20855.1286

17,True,False,0.02,0.25,Rot13,2,0,0.01450801,-0.004967649,0.06695426,0,0,20870.6531

17,True,False,0.02,0.25,Rot13,2,0,0.01450801,-0.004967649,0.06695426,0,0,20881.4221

17,True,False,0.02,0.25,Rot13,2,0,0.01450801,-0.004967649,0.06695426,0,0,20895.226

17,True,False,0.02,0.25,Rot13,2,0,0.01450801,-0.004967649,0.06695426,0,0,20909.5859

17,True,False,0.02,0.25,Rot13,2,0,0.01450801,-0.004967649,0.06695426,0,0,20935.7951

17,True,False,0.02,0.25,Rot13,2,0,0.01450801,-0.004967649,0.06695426,0,0,20964.2793

17,True,False,0.02,0.25,Rot13,2,0,0.01450801,-0.004967649,0.06695426,0,0,20976.5744

17,True,False,0.02,0.25,Rot13,2,0,0.01450801,-0.004967649,0.06695426,0,0,20989.94

17,True,False,0.02,0.25,Rot13,2,0,0.01450801,-0.004967649,0.06695426,0,0,21003.7389

17,True,False,0.02,0.25,Rot13,2,0,0.01450801,-0.004967649,0.06695426,0,0,21017.0744

17,True,False,0.02,0.25,Rot13,2,0,0.01450801,-0.004967649,0.06695426,0,0,21030.8228

17,True,False,0.02,0.25,Rot13,2,0,0.01450801,-0.004967649,0.06695426,0,0,21044.3693

17,True,False,0.02,0.25,Rot13,2,0,0.01450801,-0.004967649,0.06695426,0,0,21068.9147

17,True,False,0.02,0.25,Rot13,2,0,0.01450801,-0.004967649,0.06695426,0,0,21095.434

17,True,False,0.02,0.25,Rot13,2,0,0.01450801,-0.004967649,0.06695426,0,0,21109.2166

17,True,False,0.02,0.25,Rot13,2,0,0.01450801,-0.004967649,0.06695426,0,0,21123.2057

17,True,False,0.02,0.25,Rot13,2,0,0.01450801,-0.004967649,0.06695426,0,0,21136.9397

17,True,False,0.02,0.25,Rot13,2,0,0.01450801,-0.004967649,0.06695426,0,0,21151.1845

17,True,False,0.02,0.25,Rot13,2,0,0.01450801,-0.004967649,0.06695426,0,0,21166.107

17,True,False,0.02,0.25,Rot13,2,0,0.01450801,-0.004967649,0.06695426,0,0,21178.0572

17,True,False,0.02,0.25,Rot13,2,0,0.01450801,-0.004967649,0.06695426,0,0,21204.3955

17,True,False,0.02,0.25,Rot13,2,0,0.01450801,-0.004967649,0.06695426,0,0,21221.036

17,True,False,0.02,0.25,Rot13,2,0,0.01450801,-0.004967649,0.06695426,0,0,21233.4184

17,True,False,0.02,0.25,Rot13,2,0,0.01450801,-0.004967649,0.06695426,0,0,21245.8955

17,True,False,0.02,0.25,Rot13,2,0,0.01450801,-0.004967649,0.06695426,0,0,21262.2513

17,True,False,0.02,0.25,Rot13,2,0,0.01450801,-0.004967649,0.06695426,0,0,21287.2366

17,True,False,0.02,0.25,Rot13,2,0,0.01450801,-0.004967649,0.06695426,0,0,21314.9786

17,True,False,0.02,0.25,Rot13,2,0,0.01450801,-0.004967649,0.06695426,0,0,21328.573

17,True,False,0.02,0.25,Rot13,2,0,0.01450801,-0.004967649,0.06695426,0,0,21341.6916

17,True,False,0.02,0.25,Rot13,2,0,0.01450801,-0.004967649,0.06695426,0,0,21354.7538

17,True,False,0.02,0.25,Rot13,2,0,0.01450801,-0.004967649,0.06695426,0,0,21367.3686

17,True,False,0.02,0.25,Rot13,2,0,0.01450801,-0.004967649,0.06695426,0,0,21380.8719

17,True,False,0.02,0.25,Rot13,2,0,0.01450801,-0.004967649,0.06695426,0,0,21397.1375

17,True,False,0.02,0.25,Rot13,2,0,0.01450801,-0.004967649,0.06695426,0,0,21410.6002

17,True,False,0.02,0.25,Rot13,2,0,0.01450801,-0.004967649,0.06695426,0,0,21435.8579

17,True,False,0.02,0.25,Rot13,2,0,0.01450801,-0.004967649,0.06695426,0,0,21464.032

17,True,False,0.02,0.25,Rot13,2,0,0.01450801,-0.004967649,0.06695426,0,0,21476.7694

17,True,False,0.02,0.25,Rot13,2,0,0.01450801,-0.004967649,0.06695426,0,0,21490.2316

17,True,False,0.02,0.25,Rot13,2,0,0.01450801,-0.004967649,0.06695426,0,0,21502.8506

17,True,False,0.02,0.25,Rot13,2,0,0.01450801,-0.004967649,0.06695426,0,0,21516.5372

17,True,False,0.02,0.25,Rot13,2,0,0.01450801,-0.004967649,0.06695426,0,0,21542.5644

17,True,False,0.02,0.25,Rot13,2,0,0.01450801,-0.004967649,0.06695426,0,0,21555.5644

17,True,False,0.02,0.25,Rot13,2,0,0.01450801,-0.004967649,0.06695426,0,0,21569.3195

17,True,False,0.02,0.25,Rot13,2,0,0.01450801,-0.004967649,0.06695426,0,0,21583.2457

17,True,False,0.02,0.25,Rot13,2,0,0.01450801,-0.004967649,0.06695426,0,0,21597.5538

17,True,False,0.02,0.25,Rot13,2,0,0.01450801,-0.004967649,0.06695426,0,0,21611.4615

17,True,False,0.02,0.25,Rot13,2,0,0.01450801,-0.004967649,0.06695426,0,0,21636.8738

17,True,False,0.02,0.25,Rot13,2,0,0.01450801,-0.004967649,0.06695426,0,0,21663.8826

17,True,False,0.02,0.25,Rot13,2,0,0.01450801,-0.004967649,0.06695426,0,0,21690.2553

17,True,False,0.02,0.25,Rot13,2,0,0.01450801,-0.004967649,0.06695426,0,0,21703.517

17,True,False,0.02,0.25,Rot13,2,0,0.01450801,-0.004967649,0.06695426,0,0,21717.5321

17,True,False,0.02,0.25,Rot13,2,0,0.01450801,-0.004967649,0.06695426,0,0,21731.9439

17,True,False,0.02,0.25,Rot13,2,0,0.01450801,-0.004967649,0.06695426,0,0,21745.9895

17,True,False,0.02,0.25,Rot13,2,0,0.01450801,-0.004967649,0.06695426,0,0,21772.3625

17,True,False,0.02,0.25,Rot13,2,0,0.01450801,-0.004967649,0.06695426,0,0,21789.0283

17,True,False,0.02,0.25,Rot13,2,0,0.01450801,-0.004967649,0.06695426,0,0,21799.6395

17,True,False,0.02,0.25,Rot13,2,0,0.01450801,-0.004967649,0.06695426,0,0,21813.0318

17,True,False,0.02,0.25,Rot13,2,0,0.01450801,-0.004967649,0.06695426,0,0,21840.4493

17,True,False,0.02,0.25,Rot13,2,0,0.01450801,-0.004967649,0.06695426,0,0,21854.2059

17,True,False,0.02,0.25,Rot13,2,0,0.01450801,-0.004967649,0.06695426,0,0,21866.4591

17,True,False,0.02,0.25,Rot13,2,0,0.01450801,-0.004967649,0.06695426,0,0,21880.9915

17,True,False,0.02,0.25,Rot13,2,0,0.01450801,-0.004967649,0.06695426,0,0,21895.5769

17,True,False,0.02,0.25,Rot13,2,0,0.01450801,-0.004967649,0.06695426,0,0,21921.4861

17,True,False,0.02,0.25,Rot13,2,0,0.01450801,-0.004967649,0.06695426,0,0,21936.9588

17,True,False,0.02,0.25,Rot13,2,0,0.01450801,-0.004967649,0.06695426,0,0,21947.9115

17,True,False,0.02,0.25,Rot13,2,0,0.01450801,-0.004967649,0.06695426,0,0,21962.3643

17,True,False,0.02,0.25,Rot13,2,0,0.01450801,-0.004967649,0.06695426,0,0,21988.9028

17,True,False,0.02,0.25,Rot13,2,0,0.01450801,-0.004967649,0.06695426,0,0,22013.8082

17,True,False,0.02,0.25,Rot13,2,0,0.01450801,-0.004967649,0.06695426,0,0,22027.5715

17,True,False,0.02,0.25,Rot13,2,0,0.01450801,-0.004967649,0.06695426,0,0,22041.3081

17,True,False,0.02,0.25,Rot13,2,0,0.01450801,-0.004967649,0.06695426,0,0,22055.322

17,True,False,0.02,0.25,Rot13,2,0,0.01450801,-0.004967649,0.06695426,0,0,22067.8042

17,True,False,0.02,0.25,Rot13,2,0,0.01450801,-0.004967649,0.06695426,0,0,22082.0059

17,True,False,0.02,0.25,Rot13,2,0,0.01450801,-0.004967649,0.06695426,0,0,22108.4322

17,True,False,0.02,0.25,Rot13,2,0,0.01450801,-0.004967649,0.06695426,0,0,22123.0368

17,True,False,0.02,0.25,Rot13,2,0,0.01450801,-0.004967649,0.06695426,0,0,22136.7633

17,True,False,0.02,0.25,Rot13,2,0,0.01450801,-0.004967649,0.06695426,0,0,22150.3409

17,True,False,0.02,0.25,Rot13,2,0,0.01450801,-0.004967649,0.06695426,0,0,22164.0801

17,True,False,0.02,0.25,Rot13,2,0,0.01450801,-0.004967649,0.06695426,0,0,22179.6158

17,True,False,0.02,0.25,Rot13,2,0,0.01450801,-0.004967649,0.06695426,0,0,22204.5567

17,True,False,0.02,0.25,Rot13,2,0,0.01450801,-0.004967649,0.06695426,0,0,22219.8796

17,True,False,0.02,0.25,Rot13,2,0,0.01450801,-0.004967649,0.06695426,0,0,22232.2495

17,True,False,0.02,0.25,Rot13,2,0,0.01450801,-0.004967649,0.06695426,0,0,22244.8907

17,True,False,0.02,0.25,Rot13,2,0,0.01450801,-0.004967649,0.06695426,0,0,22272.0318

17,True,False,0.02,0.25,Rot13,2,0,0.01450801,-0.004967649,0.06695426,0,0,22299.892

17,True,False,0.02,0.25,Rot13,2,0,0.01450801,-0.004967649,0.06695426,0,0,22311.6996

17,True,False,0.02,0.25,Rot13,2,0,0.01450801,-0.004967649,0.06695426,0,0,22324.5171

17,True,False,0.02,0.25,Rot13,2,0,0.01450801,-0.004967649,0.06695426,0,0,22337.9178

17,True,False,0.02,0.25,Rot13,2,0,0.01450801,-0.004967649,0.06695426,0,0,22351.3391

17,True,False,0.02,0.25,Rot13,2,0,0.01450801,-0.004967649,0.06695426,0,0,22364.8521

17,True,False,0.02,0.25,Rot13,2,0,0.01450801,-0.004967649,0.06695426,0,0,22377.5425

17,True,False,0.02,0.25,Rot13,2,0,0.01450801,-0.004967649,0.06695426,0,0,22403.0304

17,True,False,0.02,0.25,Rot13,2,0,0.01450801,-0.004967649,0.06695426,0,0,22428.9639

17,True,False,0.02,0.25,Rot13,2,0,0.01450801,-0.004967649,0.06695426,0,0,22455.2655

17,True,False,0.02,0.25,Rot13,2,0,0.01450801,-0.004967649,0.06695426,0,0,22469.3045

17,True,False,0.02,0.25,Rot13,2,0,0.01450801,-0.004967649,0.06695426,0,0,22483.0134

17,True,False,0.02,0.25,Rot13,2,0,0.01450801,-0.004967649,0.06695426,0,0,22497.2784

17,True,False,0.02,0.25,Rot13,2,0,0.01450801,-0.004967649,0.06695426,0,0,22510.8886

17,True,False,0.02,0.25,Rot13,2,0,0.01450801,-0.004967649,0.06695426,0,0,22524.6024

17,True,False,0.02,0.25,Rot13,2,0,0.01450801,-0.004967649,0.06695426,0,0,22552.0362

17,True,False,0.02,0.25,Rot13,2,0,0.01450801,-0.004967649,0.06695426,0,0,22567.8039

17,True,False,0.02,0.25,Rot13,2,0,0.01450801,-0.004967649,0.06695426,0,0,22579.0271

17,True,False,0.02,0.25,Rot13,2,0,0.01450801,-0.004967649,0.06695426,0,0,22593.3491

17,True,False,0.02,0.25,Rot13,2,0,0.01450801,-0.004967649,0.06695426,0,0,22607.1155

17,True,False,0.02,0.25,Rot13,2,0,0.01450801,-0.004967649,0.06695426,0,0,22621.3767

17,True,False,0.02,0.25,Rot13,2,0,0.01450801,-0.004967649,0.06695426,0,0,22647.9648

17,True,False,0.02,0.25,Rot13,2,0,0.01450801,-0.004967649,0.06695426,0,0,22662.895

17,True,False,0.02,0.25,Rot13,2,0,0.01450801,-0.004967649,0.06695426,0,0,22674.7798

17,True,False,0.02,0.25,Rot13,2,0,0.01450801,-0.004967649,0.06695426,0,0,22688.689

17,True,False,0.02,0.25,Rot13,2,0,0.01450801,-0.004967649,0.06695426,0,0,22703.7172

17,True,False,0.02,0.25,Rot13,2,0,0.01450801,-0.004967649,0.06695426,0,0,22730.3221

17,True,False,0.02,0.25,Rot13,2,0,0.01450801,-0.004967649,0.06695426,0,0,22757.8738

17,True,False,0.02,0.25,Rot13,2,0,0.01450801,-0.004967649,0.06695426,0,0,22768.5031

17,True,False,0.02,0.25,Rot13,2,0,0.01450801,-0.004967649,0.06695426,0,0,22781.5731

17,True,False,0.02,0.25,Rot13,2,0,0.01450801,-0.004967649,0.06695426,0,0,22795.1493

17,True,False,0.02,0.25,Rot13,2,0,0.01450801,-0.004967649,0.06695426,0,0,22808.2012

17,True,False,0.02,0.25,Rot13,2,0,0.01450801,-0.004967649,0.06695426,0,0,22835.0302

17,True,False,0.02,0.25,Rot13,2,0,0.01450801,-0.004967649,0.06695426,0,0,22862.5551

17,True,False,0.02,0.25,Rot13,2,0,0.01450801,-0.004967649,0.06695426,0,0,22874.9802

17,True,False,0.02,0.25,Rot13,2,0,0.01450801,-0.004967649,0.06695426,0,0,22888.4818

17,True,False,0.02,0.25,Rot13,2,0,0.01450801,-0.004967649,0.06695426,0,0,22902.5947

17,True,False,0.02,0.25,Rot13,2,0,0.01450801,-0.004967649,0.06695426,0,0,22916.2065

17,True,False,0.02,0.25,Rot13,2,0,0.01450801,-0.004967649,0.06695426,0,0,22929.7137

17,True,False,0.02,0.25,Rot13,2,0,0.01450801,-0.004967649,0.06695426,0,0,22943.7084

17,True,False,0.02,0.25,Rot13,2,0,0.01450801,-0.004967649,0.06695426,0,0,22957.1933

17,True,False,0.02,0.25,Rot13,2,0,0.01450801,-0.004967649,0.06695426,0,0,22971.1003

17,True,False,0.02,0.25,Rot13,2,0,0.01450801,-0.004967649,0.06695426,0,0,22997.6175

17,True,False,0.02,0.25,Rot13,2,0,0.01450801,-0.004967649,0.06695426,0,0,23024.0111

17,True,False,0.02,0.25,Rot13,2,0,0.01450801,-0.004967649,0.06695426,0,0,23037.9763

17,True,False,0.02,0.25,Rot13,2,0,0.01450801,-0.004967649,0.06695426,0,0,23051.7055

17,True,False,0.02,0.25,Rot13,2,0,0.01450801,-0.004967649,0.06695426,0,0,23065.2203

17,True,False,0.02,0.25,Rot13,2,0,0.01450801,-0.004967649,0.06695426,0,0,23078.5271

17,True,False,0.02,0.25,Rot13,2,0,0.01450801,-0.004967649,0.06695426,0,0,23094.0395

17,True,False,0.02,0.25,Rot13,2,0,0.01450801,-0.004967649,0.06695426,0,0,23106.4073

17,True,False,0.02,0.25,Rot13,2,0,0.01450801,-0.004967649,0.06695426,0,0,23122.1084

17,True,False,0.02,0.25,Rot13,2,0,0.01450801,-0.004967649,0.06695426,0,0,23147.2319

17,True,False,0.02,0.25,Rot13,2,0,0.01450801,-0.004967649,0.06695426,0,0,23174.7616

17,True,False,0.02,0.25,Rot13,2,0,0.01450801,-0.004967649,0.06695426,0,0,23185.4087

17,True,False,0.02,0.25,Rot13,2,0,0.01450801,-0.004967649,0.06695426,0,0,23198.7959

17,True,False,0.02,0.25,Rot13,2,0,0.01450801,-0.004967649,0.06695426,0,0,23211.9608

17,True,False,0.02,0.25,Rot13,2,0,0.01450801,-0.004967649,0.06695426,0,0,23224.5152

17,True,False,0.02,0.25,Rot13,2,0,0.01450801,-0.004967649,0.06695426,0,0,23239.5477

17,True,False,0.02,0.25,Rot13,2,0,0.01450801,-0.004967649,0.06695426,0,0,23263.8962

17,True,False,0.02,0.25,Rot13,2,0,0.01450801,-0.004967649,0.06695426,0,0,23290.0588

17,True,False,0.02,0.25,Rot13,2,0,0.01450801,-0.004967649,0.06695426,0,0,23303.9422

17,True,False,0.02,0.25,Rot13,2,0,0.01450801,-0.004967649,0.06695426,0,0,23317.2653

17,True,False,0.02,0.25,Rot13,2,0,0.01450801,-0.004967649,0.06695426,0,0,23331.1086

17,True,False,0.02,0.25,Rot13,2,0,0.01450801,-0.004967649,0.06695426,0,0,23344.6379

17,True,False,0.02,0.25,Rot13,2,0,0.01450801,-0.004967649,0.06695426,0,0,23358.4011

17,True,False,0.02,0.25,Rot13,2,0,0.01450801,-0.004967649,0.06695426,0,0,23373.4932

17,True,False,0.02,0.25,Rot13,2,0,0.01450801,-0.004967649,0.06695426,0,0,23398.8157

17,True,False,0.02,0.25,Rot13,2,0,0.01450801,-0.004967649,0.06695426,0,0,23425.7198

17,True,False,0.02,0.25,Rot13,2,0,0.01450801,-0.004967649,0.06695426,0,0,23437.8576

17,True,False,0.02,0.25,Rot13,2,0,0.01450801,-0.004967649,0.06695426,0,0,23450.7092

17,True,False,0.02,0.25,Rot13,2,0,0.01450801,-0.004967649,0.06695426,0,0,23463.0053

17,True,False,0.02,0.25,Rot13,2,0,0.01450801,-0.004967649,0.06695426,0,0,23476.4652

17,True,False,0.02,0.25,Rot13,2,0,0.01450801,-0.004967649,0.06695426,0,0,23490.2841

17,True,False,0.02,0.25,Rot13,2,0,0.01450801,-0.004967649,0.06695426,0,0,23515.2749

17,True,False,0.02,0.25,Rot13,2,0,0.01450801,-0.004967649,0.06695426,0,0,23541.6139

17,True,False,0.02,0.25,Rot13,2,0,0.01450801,-0.004967649,0.06695426,0,0,23555.149

17,True,False,0.02,0.25,Rot13,2,0,0.01450801,-0.004967649,0.06695426,0,0,23568.538

17,True,False,0.02,0.25,Rot13,2,0,0.01450801,-0.004967649,0.06695426,0,0,23582.3368

17,True,False,0.02,0.25,Rot13,2,0,0.01450801,-0.004967649,0.06695426,0,0,23595.756

17,True,False,0.02,0.25,Rot13,2,0,0.01450801,-0.004967649,0.06695426,0,0,23609.4565

17,True,False,0.02,0.25,Rot13,2,0,0.01450801,-0.004967649,0.06695426,0,0,23623.0415

17,True,False,0.02,0.25,Rot13,2,0,0.01450801,-0.004967649,0.06695426,0,0,23636.8268

17,True,False,0.02,0.25,Rot13,2,0,0.01450801,-0.004967649,0.06695426,0,0,23663.4463

17,True,False,0.02,0.25,Rot13,2,0,0.01450801,-0.004967649,0.06695426,0,0,23690.2644

17,True,False,0.02,0.25,Rot13,2,0,0.01450801,-0.004967649,0.06695426,0,0,23704.7033

17,True,False,0.02,0.25,Rot13,2,0,0.01450801,-0.004967649,0.06695426,0,0,23718.5283

17,True,False,0.02,0.25,Rot13,2,0,0.01450801,-0.004967649,0.06695426,0,0,23732.9223

17,True,False,0.02,0.25,Rot13,2,0,0.01450801,-0.004967649,0.06695426,0,0,23746.2502

17,True,False,0.02,0.25,Rot13,2,0,0.01450801,-0.004967649,0.06695426,0,0,23759.9925

17,True,False,0.02,0.25,Rot13,2,0,0.01450801,-0.004967649,0.06695426,0,0,23775.1583

17,True,False,0.02,0.25,Rot13,2,0,0.01450801,-0.004967649,0.06695426,0,0,23788.1564

17,True,False,0.02,0.25,Rot13,2,0,0.01450801,-0.004967649,0.06695426,0,0,23813.998

17,True,False,0.02,0.25,Rot13,2,0,0.01450801,-0.004967649,0.06695426,0,0,23830.3556

17,True,False,0.02,0.25,Rot13,2,0,0.01450801,-0.004967649,0.06695426,0,0,23841.7215

17,True,False,0.02,0.25,Rot13,2,0,0.01450801,-0.004967649,0.06695426,0,0,23855.1192

17,True,False,0.02,0.25,Rot13,2,0,0.01450801,-0.004967649,0.06695426,0,0,23871.1381

17,True,False,0.02,0.25,Rot13,2,0,0.01450801,-0.004967649,0.06695426,0,0,23896.926

17,True,False,0.02,0.25,Rot13,2,0,0.01450801,-0.004967649,0.06695426,0,0,23924.173

17,True,False,0.02,0.25,Rot13,2,0,0.01450801,-0.004967649,0.06695426,0,0,23936.7069

17,True,False,0.02,0.25,Rot13,2,0,0.01450801,-0.004967649,0.06695426,0,0,23949.4621

17,True,False,0.02,0.25,Rot13,2,0,0.01450801,-0.004967649,0.06695426,0,0,23962.3771

17,True,False,0.02,0.25,Rot13,2,0,0.01450801,-0.004967649,0.06695426,0,0,23975.6941

17,True,False,0.02,0.25,Rot13,2,0,0.01450801,-0.004967649,0.06695426,0,0,24001.9475

17,True,False,0.02,0.25,Rot13,2,0,0.01450801,-0.004967649,0.06695426,0,0,24027.2699

17,True,False,0.02,0.25,Rot13,2,0,0.01450801,-0.004967649,0.06695426,0,0,24055.4916

17,True,False,0.02,0.25,Rot13,2,0,0.01450801,-0.004967649,0.06695426,0,0,24068.0864

17,True,False,0.02,0.25,Rot13,2,0,0.01450801,-0.004967649,0.06695426,0,0,24082.2609

17,True,False,0.02,0.25,Rot13,2,0,0.01450801,-0.004967649,0.06695426,0,0,24122.6239

17,True,False,0.02,0.25,Rot13,2,0,0.01450801,-0.004967649,0.06695426,0,0,24136.346

17,True,False,0.02,0.25,Rot13,2,0,0.01450801,-0.004967649,0.06695426,0,0,24149.5537

17,True,False,0.02,0.25,Rot13,2,0,0.01450801,-0.004967649,0.06695426,0,0,24163.5949

17,True,False,0.02,0.25,Rot13,2,0,0.01450801,-0.004967649,0.06695426,0,0,24177.2303

17,True,False,0.02,0.25,Rot13,2,0,0.01450801,-0.004967649,0.06695426,0,0,24204.1289

17,True,False,0.02,0.25,Rot13,2,0,0.01450801,-0.004967649,0.06695426,0,0,24231.3303

17,True,False,0.02,0.25,Rot13,2,0,0.01450801,-0.004967649,0.06695426,0,0,24243.0538

17,True,False,0.02,0.25,Rot13,2,0,0.01450801,-0.004967649,0.06695426,0,0,24255.9561

17,True,False,0.02,0.25,Rot13,2,0,0.01450801,-0.004967649,0.06695426,0,0,24268.5642

17,True,False,0.02,0.25,Rot13,2,0,0.01450801,-0.004967649,0.06695426,0,0,24282.2083

17,True,False,0.02,0.25,Rot13,2,0,0.01450801,-0.004967649,0.06695426,0,0,24296.222

17,True,False,0.02,0.25,Rot13,2,0,0.01450801,-0.004967649,0.06695426,0,0,24309.5845

17,True,False,0.02,0.25,Rot13,2,0,0.01450801,-0.004967649,0.06695426,0,0,24334.8507

17,True,False,0.02,0.25,Rot13,2,0,0.01450801,-0.004967649,0.06695426,0,0,24360.7462

17,True,False,0.02,0.25,Rot13,2,0,0.01450801,-0.004967649,0.06695426,0,0,24374.3911

17,True,False,0.02,0.25,Rot13,2,0,0.01450801,-0.004967649,0.06695426,0,0,24387.8004

17,True,False,0.02,0.25,Rot13,2,0,0.01450801,-0.004967649,0.06695426,0,0,24402.0234

17,True,False,0.02,0.25,Rot13,2,0,0.01450801,-0.004967649,0.06695426,0,0,24415.7391

17,True,False,0.02,0.25,Rot13,2,0,0.01450801,-0.004967649,0.06695426,0,0,24429.452

17,True,False,0.02,0.25,Rot13,2,0,0.01450801,-0.004967649,0.06695426,0,0,24442.0776

17,True,False,0.02,0.25,Rot13,2,0,0.01450801,-0.004967649,0.06695426,0,0,24469.6681

17,True,False,0.02,0.25,Rot13,2,0,0.01450801,-0.004967649,0.06695426,0,0,24496.211

17,True,False,0.02,0.25,Rot13,2,0,0.01450801,-0.004967649,0.06695426,0,0,24509.3681

17,True,False,0.02,0.25,Rot13,2,0,0.01450801,-0.004967649,0.06695426,0,0,24524.0217

17,True,False,0.02,0.25,Rot13,2,0,0.01450801,-0.004967649,0.06695426,0,0,24537.6443

17,True,False,0.02,0.25,Rot13,2,0,0.01450801,-0.004967649,0.06695426,0,0,24551.1498

17,True,False,0.02,0.25,Rot13,2,0,0.01450801,-0.004967649,0.06695426,0,0,24564.7441

17,True,False,0.02,0.25,Rot13,2,0,0.01450801,-0.004967649,0.06695426,0,0,24581.6961

17,True,False,0.02,0.25,Rot13,2,0,0.01450801,-0.004967649,0.06695426,0,0,24606.2553

17,True,False,0.02,0.25,Rot13,2,0,0.01450801,-0.004967649,0.06695426,0,0,24620.0994

17,True,False,0.02,0.25,Rot13,2,0,0.01450801,-0.004967649,0.06695426,0,0,24634.2537

17,True,False,0.02,0.25,Rot13,2,0,0.01450801,-0.004967649,0.06695426,0,0,24647.753

17,True,False,0.02,0.25,Rot13,2,0,0.01450801,-0.004967649,0.06695426,0,0,24662.5558

17,True,False,0.02,0.25,Rot13,2,0,0.01450801,-0.004967649,0.06695426,0,0,24678.3589

17,True,False,0.02,0.25,Rot13,2,0,0.01450801,-0.004967649,0.06695426,0,0,24703.993

17,True,False,0.02,0.25,Rot13,2,0,0.01450801,-0.004967649,0.06695426,0,0,24730.0119

17,True,False,0.02,0.25,Rot13,2,0,0.01450801,-0.004967649,0.06695426,0,0,24742.2408

17,True,False,0.02,0.25,Rot13,2,0,0.01450801,-0.004967649,0.06695426,0,0,24755.147

17,True,False,0.02,0.25,Rot13,2,0,0.01450801,-0.004967649,0.06695426,0,0,24767.9397

17,True,False,0.02,0.25,Rot13,2,0,0.01450801,-0.004967649,0.06695426,0,0,24781.6892

17,True,False,0.02,0.25,Rot13,2,0,0.01450801,-0.004967649,0.06695426,0,0,24807.4763

17,True,False,0.02,0.25,Rot13,2,0,0.01450801,-0.004967649,0.06695426,0,0,24820.6971

17,True,False,0.02,0.25,Rot13,2,0,0.01450801,-0.004967649,0.06695426,0,0,24834.5131

17,True,False,0.02,0.25,Rot13,2,0,0.01450801,-0.004967649,0.06695426,0,0,24847.2856

17,True,False,0.02,0.25,Rot13,2,0,0.01450801,-0.004967649,0.06695426,0,0,24861.3634

17,True,False,0.02,0.25,Rot13,2,0,0.01450801,-0.004967649,0.06695426,0,0,24876.4688

17,True,False,0.02,0.25,Rot13,2,0,0.01450801,-0.004967649,0.06695426,0,0,24900.4462

17,True,False,0.02,0.25,Rot13,2,0,0.01450801,-0.004967649,0.06695426,0,0,24927.0471

17,True,False,0.02,0.25,Rot13,2,0,0.01450801,-0.004967649,0.06695426,0,0,24941.372

17,True,False,0.02,0.25,Rot13,2,0,0.01450801,-0.004967649,0.06695426,0,0,24955.0014

17,True,False,0.02,0.25,Rot13,2,0,0.01450801,-0.004967649,0.06695426,0,0,24968.6462

17,True,False,0.02,0.25,Rot13,2,0,0.01450801,-0.004967649,0.06695426,0,0,24982.9192

17,True,False,0.02,0.25,Rot13,2,0,0.01450801,-0.004967649,0.06695426,0,0,24996.7451

17,True,False,0.02,0.25,Rot13,2,0,0.01450801,-0.004967649,0.06695426,0,0,25010.6102

17,True,False,0.02,0.25,Rot13,2,0,0.01450801,-0.004967649,0.06695426,0,0,25036.5421

17,True,False,0.02,0.25,Rot13,2,0,0.01450801,-0.004967649,0.06695426,0,0,25064.7446

17,True,False,0.02,0.25,Rot13,2,0,0.01450801,-0.004967649,0.06695426,0,0,25079.5766

17,True,False,0.02,0.25,Rot13,2,0,0.01450801,-0.004967649,0.06695426,0,0,25093.4814

17,True,False,0.02,0.25,Rot13,2,0,0.01450801,-0.004967649,0.06695426,0,0,25106.676

17,True,False,0.02,0.25,Rot13,2,0,0.01450801,-0.004967649,0.06695426,0,0,25120.2745

17,True,False,0.02,0.25,Rot13,2,0,0.01450801,-0.004967649,0.06695426,0,0,25134.4076

17,True,False,0.02,0.25,Rot13,2,0,0.01450801,-0.004967649,0.06695426,0,0,25148.2817

17,True,False,0.02,0.25,Rot13,2,0,0.01450801,-0.004967649,0.06695426,0,0,25162.737

17,True,False,0.02,0.25,Rot13,2,0,0.01450801,-0.004967649,0.06695426,0,0,25176.8296

17,True,False,0.02,0.25,Rot13,2,0,0.01450801,-0.004967649,0.06695426,0,0,25203.1142

17,True,False,0.02,0.25,Rot13,2,0,0.01450801,-0.004967649,0.06695426,0,0,25219.0317

17,True,False,0.02,0.25,Rot13,2,0,0.01450801,-0.004967649,0.06695426,0,0,25230.5707

17,True,False,0.02,0.25,Rot13,2,0,0.01450801,-0.004967649,0.06695426,0,0,25258.4532

17,True,False,0.02,0.25,Rot13,2,0,0.01450801,-0.004967649,0.06695426,0,0,25284.7263

17,True,False,0.02,0.25,Rot13,2,0,0.01450801,-0.004967649,0.06695426,0,0,25296.1549

17,True,False,0.02,0.25,Rot13,2,0,0.01450801,-0.004967649,0.06695426,0,0,25309.0101

17,True,False,0.02,0.25,Rot13,2,0,0.01450801,-0.004967649,0.06695426,0,0,25322.468

17,True,False,0.02,0.25,Rot13,2,0,0.01450801,-0.004967649,0.06695426,0,0,25335.8891

17,True,False,0.02,0.25,Rot13,2,0,0.01450801,-0.004967649,0.06695426,0,0,25349.3053

17,True,False,0.02,0.25,Rot13,2,0,0.01450801,-0.004967649,0.06695426,0,0,25362.6131

17,True,False,0.02,0.25,Rot13,2,0,0.01450801,-0.004967649,0.06695426,0,0,25375.6432

17,True,False,0.02,0.25,Rot13,2,0,0.01450801,-0.004967649,0.06695426,0,0,25402.1982

17,True,False,0.02,0.25,Rot13,2,0,0.01450801,-0.004967649,0.06695426,0,0,25428.1586

17,True,False,0.02,0.25,Rot13,2,0,0.01450801,-0.004967649,0.06695426,0,0,25442.0163

17,True,False,0.02,0.25,Rot13,2,0,0.01450801,-0.004967649,0.06695426,0,0,25455.7009

17,True,False,0.02,0.25,Rot13,2,0,0.01450801,-0.004967649,0.06695426,0,0,25469.4096

17,True,False,0.02,0.25,Rot13,2,0,0.01450801,-0.004967649,0.06695426,0,0,25483.8762

17,True,False,0.02,0.25,Rot13,2,0,0.01450801,-0.004967649,0.06695426,0,0,25498.4148

17,True,False,0.02,0.25,Rot13,2,0,0.01450801,-0.004967649,0.06695426,0,0,25509.9428

17,True,False,0.02,0.25,Rot13,2,0,0.01450801,-0.004967649,0.06695426,0,0,25537.2374

17,True,False,0.02,0.25,Rot13,2,0,0.01450801,-0.004967649,0.06695426,0,0,25564.6631

17,True,False,0.02,0.25,Rot13,2,0,0.01450801,-0.004967649,0.06695426,0,0,25579.13

17,True,False,0.02,0.25,Rot13,2,0,0.01450801,-0.004967649,0.06695426,0,0,25593.4077

17,True,False,0.02,0.25,Rot13,2,0,0.01450801,-0.004967649,0.06695426,0,0,25607.3549

17,True,False,0.02,0.25,Rot13,2,0,0.01450801,-0.004967649,0.06695426,0,0,25621.4744

17,True,False,0.02,0.25,Rot13,2,0,0.01450801,-0.004967649,0.06695426,0,0,25635.4685

17,True,False,0.02,0.25,Rot13,2,0,0.01450801,-0.004967649,0.06695426,0,0,25648.5852

17,True,False,0.02,0.25,Rot13,2,0,0.01450801,-0.004967649,0.06695426,0,0,25663.2393

17,True,False,0.02,0.25,Rot13,2,0,0.01450801,-0.004967649,0.06695426,0,0,25690.2849

17,True,False,0.02,0.25,Rot13,2,0,0.01450801,-0.004967649,0.06695426,0,0,25704.2784

17,True,False,0.02,0.25,Rot13,2,0,0.01450801,-0.004967649,0.06695426,0,0,25718.1625

17,True,False,0.02,0.25,Rot13,2,0,0.01450801,-0.004967649,0.06695426,0,0,25732.408

17,True,False,0.02,0.25,Rot13,2,0,0.01450801,-0.004967649,0.06695426,0,0,25746.0133

17,True,False,0.02,0.25,Rot13,2,0,0.01450801,-0.004967649,0.06695426,0,0,25785.8579

17,True,False,0.02,0.25,Rot13,2,0,0.01450801,-0.004967649,0.06695426,0,0,25798.474

17,True,False,0.02,0.25,Rot13,2,0,0.01450801,-0.004967649,0.06695426,0,0,25810.7891

17,True,False,0.02,0.25,Rot13,2,0,0.01450801,-0.004967649,0.06695426,0,0,25825.2028

17,True,False,0.02,0.25,Rot13,2,0,0.01450801,-0.004967649,0.06695426,0,0,25838.9351

17,True,False,0.02,0.25,Rot13,2,0,0.01450801,-0.004967649,0.06695426,0,0,25865.7155

17,True,False,0.02,0.25,Rot13,2,0,0.01450801,-0.004967649,0.06695426,0,0,25893.5629

17,True,False,0.02,0.25,Rot13,2,0,0.01450801,-0.004967649,0.06695426,0,0,25906.4503

17,True,False,0.02,0.25,Rot13,2,0,0.01450801,-0.004967649,0.06695426,0,0,25919.8984

17,True,False,0.02,0.25,Rot13,2,0,0.01450801,-0.004967649,0.06695426,0,0,25933.1297

17,True,False,0.02,0.25,Rot13,2,0,0.01450801,-0.004967649,0.06695426,0,0,25946.1722

17,True,False,0.02,0.25,Rot13,2,0,0.01450801,-0.004967649,0.06695426,0,0,25961.2862

17,True,False,0.02,0.25,Rot13,2,0,0.01450801,-0.004967649,0.06695426,0,0,25985.9906

17,True,False,0.02,0.25,Rot13,2,0,0.01450801,-0.004967649,0.06695426,0,0,26012.2576

17,True,False,0.02,0.25,Rot13,2,0,0.01450801,-0.004967649,0.06695426,0,0,26026.0944

17,True,False,0.02,0.25,Rot13,2,0,0.01450801,-0.004967649,0.06695426,0,0,26039.8874

17,True,False,0.02,0.25,Rot13,2,0,0.01450801,-0.004967649,0.06695426,0,0,26053.7685

17,True,False,0.02,0.25,Rot13,2,0,0.01450801,-0.004967649,0.06695426,0,0,26067.2695

17,True,False,0.02,0.25,Rot13,2,0,0.01450801,-0.004967649,0.06695426,0,0,26080.4785

17,True,False,0.02,0.25,Rot13,2,0,0.01450801,-0.004967649,0.06695426,0,0,26094.924

17,True,False,0.02,0.25,Rot13,2,0,0.01450801,-0.004967649,0.06695426,0,0,26110.428

17,True,False,0.02,0.25,Rot13,2,0,0.01450801,-0.004967649,0.06695426,0,0,26134.9984

17,True,False,0.02,0.25,Rot13,2,0,0.01450801,-0.004967649,0.06695426,0,0,26149.2267

17,True,False,0.02,0.25,Rot13,2,0,0.01450801,-0.004967649,0.06695426,0,0,26162.4208

17,True,False,0.02,0.25,Rot13,2,0,0.01450801,-0.004967649,0.06695426,0,0,26176.6134

17,True,False,0.02,0.25,Rot13,2,0,0.01450801,-0.004967649,0.06695426,0,0,26190.6984

17,True,False,0.02,0.25,Rot13,2,0,0.01450801,-0.004967649,0.06695426,0,0,26217.3023

17,True,False,0.02,0.25,Rot13,2,0,0.01450801,-0.004967649,0.06695426,0,0,26232.6544

17,True,False,0.02,0.25,Rot13,2,0,0.01450801,-0.004967649,0.06695426,0,0,26243.153

17,True,False,0.02,0.25,Rot13,2,0,0.01450801,-0.004967649,0.06695426,0,0,26257.9029

17,True,False,0.02,0.25,Rot13,2,0,0.01450801,-0.004967649,0.06695426,0,0,26285.2068

17,True,False,0.02,0.25,Rot13,2,0,0.01450801,-0.004967649,0.06695426,0,0,26312.9436

17,True,False,0.02,0.25,Rot13,2,0,0.01450801,-0.004967649,0.06695426,0,0,26325.1343

17,True,False,0.02,0.25,Rot13,2,0,0.01450801,-0.004967649,0.06695426,0,0,26338.3036

17,True,False,0.02,0.25,Rot13,2,0,0.01450801,-0.004967649,0.06695426,0,0,26351.3336

17,True,False,0.02,0.25,Rot13,2,0,0.01450801,-0.004967649,0.06695426,0,0,26364.3606

17,True,False,0.02,0.25,Rot13,2,0,0.01450801,-0.004967649,0.06695426,0,0,26377.5483

17,True,False,0.02,0.25,Rot13,2,0,0.01450801,-0.004967649,0.06695426,0,0,26391.3444

17,True,False,0.02,0.25,Rot13,2,0,0.01450801,-0.004967649,0.06695426,0,0,26416.7722

17,True,False,0.02,0.25,Rot13,2,0,0.01450801,-0.004967649,0.06695426,0,0,26443.2792

17,True,False,0.02,0.25,Rot13,2,0,0.01450801,-0.004967649,0.06695426,0,0,26457.0564

17,True,False,0.02,0.25,Rot13,2,0,0.01450801,-0.004967649,0.06695426,0,0,26470.5043

17,True,False,0.02,0.25,Rot13,2,0,0.01450801,-0.004967649,0.06695426,0,0,26497.7004

17,True,False,0.02,0.25,Rot13,2,0,0.01450801,-0.004967649,0.06695426,0,0,26526.168

17,True,False,0.02,0.25,Rot13,2,0,0.01450801,-0.004967649,0.06695426,0,0,26539.326

17,True,False,0.02,0.25,Rot13,2,0,0.01450801,-0.004967649,0.06695426,0,0,26553.1058

17,True,False,0.02,0.25,Rot13,2,0,0.01450801,-0.004967649,0.06695426,0,0,26566.571

17,True,False,0.02,0.25,Rot13,2,0,0.01450801,-0.004967649,0.06695426,0,0,26580.8947

17,True,False,0.02,0.25,Rot13,2,0,0.01450801,-0.004967649,0.06695426,0,0,26596.173

17,True,False,0.02,0.25,Rot13,2,0,0.01450801,-0.004967649,0.06695426,0,0,26607.166

17,True,False,0.02,0.25,Rot13,2,0,0.01450801,-0.004967649,0.06695426,0,0,26634.7319

17,True,False,0.02,0.25,Rot13,2,0,0.01450801,-0.004967649,0.06695426,0,0,26662.1009

17,True,False,0.02,0.25,Rot13,2,0,0.01450801,-0.004967649,0.06695426,0,0,26676.8654

17,True,False,0.02,0.25,Rot13,2,0,0.01450801,-0.004967649,0.06695426,0,0,26690.2518

17,True,False,0.02,0.25,Rot13,2,0,0.01450801,-0.004967649,0.06695426,0,0,26703.7717

17,True,False,0.02,0.25,Rot13,2,0,0.01450801,-0.004967649,0.06695426,0,0,26718.2228

17,True,False,0.02,0.25,Rot13,2,0,0.01450801,-0.004967649,0.06695426,0,0,26732.4802

17,True,False,0.02,0.25,Rot13,2,0,0.01450801,-0.004967649,0.06695426,0,0,26745.8962

17,True,False,0.02,0.25,Rot13,2,0,0.01450801,-0.004967649,0.06695426,0,0,26760.1602

17,True,False,0.02,0.25,Rot13,2,0,0.01450801,-0.004967649,0.06695426,0,0,26775.6645

17,True,False,0.02,0.25,Rot13,2,0,0.01450801,-0.004967649,0.06695426,0,0,26801.1788

17,True,False,0.02,0.25,Rot13,2,0,0.01450801,-0.004967649,0.06695426,0,0,26827.3835

17,True,False,0.02,0.25,Rot13,2,0,0.01450801,-0.004967649,0.06695426,0,0,26839.7607

17,True,False,0.02,0.25,Rot13,2,0,0.01450801,-0.004967649,0.06695426,0,0,26852.6314

17,True,False,0.02,0.25,Rot13,2,0,0.01450801,-0.004967649,0.06695426,0,0,26865.4536

17,True,False,0.02,0.25,Rot13,2,0,0.01450801,-0.004967649,0.06695426,0,0,26879.0093

17,True,False,0.02,0.25,Rot13,2,0,0.01450801,-0.004967649,0.06695426,0,0,26893.8999

17,True,False,0.02,0.25,Rot13,2,0,0.01450801,-0.004967649,0.06695426,0,0,26917.7105

17,True,False,0.02,0.25,Rot13,2,0,0.01450801,-0.004967649,0.06695426,0,0,26943.7758

17,True,False,0.02,0.25,Rot13,2,0,0.01450801,-0.004967649,0.06695426,0,0,26957.3501

17,True,False,0.02,0.25,Rot13,2,0,0.01450801,-0.004967649,0.06695426,0,0,26971.4882

17,True,False,0.02,0.25,Rot13,2,0,0.01450801,-0.004967649,0.06695426,0,0,26984.6906

17,True,False,0.02,0.25,Rot13,2,0,0.01450801,-0.004967649,0.06695426,0,0,26999.0121

17,True,False,0.02,0.25,Rot13,2,0,0.01450801,-0.004967649,0.06695426,0,0,27012.5848

17,True,False,0.02,0.25,Rot13,2,0,0.01450801,-0.004967649,0.06695426,0,0,27025.8928

17,True,False,0.02,0.25,Rot13,2,0,0.01450801,-0.004967649,0.06695426,0,0,27042.2209

17,True,False,0.02,0.25,Rot13,2,0,0.01450801,-0.004967649,0.06695426,0,0,27066.1986

17,True,False,0.02,0.25,Rot13,2,0,0.01450801,-0.004967649,0.06695426,0,0,27093.2015

17,True,False,0.02,0.25,Rot13,2,0,0.01450801,-0.004967649,0.06695426,0,0,27107.1656

17,True,False,0.02,0.25,Rot13,2,0,0.01450801,-0.004967649,0.06695426,0,0,27119.9436

17,True,False,0.02,0.25,Rot13,2,0,0.01450801,-0.004967649,0.06695426,0,0,27134.6415

17,True,False,0.02,0.25,Rot13,2,0,0.01450801,-0.004967649,0.06695426,0,0,27147.9411

17,True,False,0.02,0.25,Rot13,2,0,0.01450801,-0.004967649,0.06695426,0,0,27161.141

17,True,False,0.02,0.25,Rot13,2,0,0.01450801,-0.004967649,0.06695426,0,0,27176.5109

17,True,False,0.02,0.25,Rot13,2,0,0.01450801,-0.004967649,0.06695426,0,0,27202.7539

17,True,False,0.02,0.25,Rot13,2,0,0.01450801,-0.004967649,0.06695426,0,0,27217.4871

17,True,False,0.02,0.25,Rot13,2,0,0.01450801,-0.004967649,0.06695426,0,0,27228.68

17,True,False,0.02,0.25,Rot13,2,0,0.01450801,-0.004967649,0.06695426,0,0,27242.5759

17,True,False,0.02,0.25,Rot13,2,0,0.01450801,-0.004967649,0.06695426,0,0,27256.7314

17,True,False,0.02,0.25,Rot13,2,0,0.01450801,-0.004967649,0.06695426,0,0,27283.6619

17,True,False,0.02,0.25,Rot13,2,0,0.01450801,-0.004967649,0.06695426,0,0,27311.2741

17,True,False,0.02,0.25,Rot13,2,0,0.01450801,-0.004967649,0.06695426,0,0,27324.0466

17,True,False,0.02,0.25,Rot13,2,0,0.01450801,-0.004967649,0.06695426,0,0,27337.2151

17,True,False,0.02,0.25,Rot13,2,0,0.01450801,-0.004967649,0.06695426,0,0,27350.5914

17,True,False,0.02,0.25,Rot13,2,0,0.01450801,-0.004967649,0.06695426,0,0,27363.1483

17,True,False,0.02,0.25,Rot13,2,0,0.01450801,-0.004967649,0.06695426,0,0,27376.5958

17,True,False,0.02,0.25,Rot13,2,0,0.01450801,-0.004967649,0.06695426,0,0,27391.7157

17,True,False,0.02,0.25,Rot13,2,0,0.01450801,-0.004967649,0.06695426,0,0,27415.7282

17,True,False,0.02,0.25,Rot13,2,0,0.01450801,-0.004967649,0.06695426,0,0,27442.9799

17,True,False,0.02,0.25,Rot13,2,0,0.01450801,-0.004967649,0.06695426,0,0,27456.0732

17,True,False,0.02,0.25,Rot13,2,0,0.01450801,-0.004967649,0.06695426,0,0,27470.6521

17,True,False,0.02,0.25,Rot13,2,0,0.01450801,-0.004967649,0.06695426,0,0,27483.9892

17,True,False,0.02,0.25,Rot13,2,0,0.01450801,-0.004967649,0.06695426,0,0,27509.8803

17,True,False,0.02,0.25,Rot13,2,0,0.01450801,-0.004967649,0.06695426,0,0,27537.0348

17,True,False,0.02,0.25,Rot13,2,0,0.01450801,-0.004967649,0.06695426,0,0,27550.4138

17,True,False,0.02,0.25,Rot13,2,0,0.01450801,-0.004967649,0.06695426,0,0,27562.8878

17,True,False,0.02,0.25,Rot13,2,0,0.01450801,-0.004967649,0.06695426,0,0,27576.714

17,True,False,0.02,0.25,Rot13,2,0,0.01450801,-0.004967649,0.06695426,0,0,27589.902

17,True,False,0.02,0.25,Rot13,2,0,0.01450801,-0.004967649,0.06695426,0,0,27604.9345

17,True,False,0.02,0.25,Rot13,2,0,0.01450801,-0.004967649,0.06695426,0,0,27618.6109

17,True,False,0.02,0.25,Rot13,2,0,0.01450801,-0.004967649,0.06695426,0,0,27644.1132

17,True,False,0.02,0.25,Rot13,2,0,0.01450801,-0.004967649,0.06695426,0,0,27660.7693

17,True,False,0.02,0.25,Rot13,2,0,0.01450801,-0.004967649,0.06695426,0,0,27672.7355

17,True,False,0.02,0.25,Rot13,2,0,0.01450801,-0.004967649,0.06695426,0,0,27688.9485

17,True,False,0.02,0.25,Rot13,2,0,0.01450801,-0.004967649,0.06695426,0,0,27714.3123

17,True,False,0.02,0.25,Rot13,2,0,0.01450801,-0.004967649,0.06695426,0,0,27740.2506

17,True,False,0.02,0.25,Rot13,2,0,0.01450801,-0.004967649,0.06695426,0,0,27753.2503

17,True,False,0.02,0.25,Rot13,2,0,0.01450801,-0.004967649,0.06695426,0,0,27780.1995

17,True,False,0.02,0.25,Rot13,2,0,0.01450801,-0.004967649,0.06695426,0,0,27807.2809

17,True,False,0.02,0.25,Rot13,2,0,0.01450801,-0.004967649,0.06695426,0,0,27819.5885

17,True,False,0.02,0.25,Rot13,2,0,0.01450801,-0.004967649,0.06695426,0,0,27833.1556

17,True,False,0.02,0.25,Rot13,2,0,0.01450801,-0.004967649,0.06695426,0,0,27846.6683

17,True,False,0.02,0.25,Rot13,2,0,0.01450801,-0.004967649,0.06695426,0,0,27860.725

17,True,False,0.02,0.25,Rot13,2,0,0.01450801,-0.004967649,0.06695426,0,0,27874.299

17,True,False,0.02,0.25,Rot13,2,0,0.01450801,-0.004967649,0.06695426,0,0,27888.8134

17,True,False,0.02,0.25,Rot13,2,0,0.01450801,-0.004967649,0.06695426,0,0,27901.478

17,True,False,0.02,0.25,Rot13,2,0,0.01450801,-0.004967649,0.06695426,0,0,27928.0884

17,True,False,0.02,0.25,Rot13,2,0,0.01450801,-0.004967649,0.06695426,0,0,27954.1508

17,True,False,0.02,0.25,Rot13,2,0,0.01450801,-0.004967649,0.06695426,0,0,27968.4068

17,True,False,0.02,0.25,Rot13,2,0,0.01450801,-0.004967649,0.06695426,0,0,27982.3043

17,True,False,0.02,0.25,Rot13,2,0,0.01450801,-0.004967649,0.06695426,0,0,27996.6258

17,True,False,0.02,0.25,Rot13,2,0,0.01450801,-0.004967649,0.06695426,0,0,28009.6448

17,True,False,0.02,0.25,Rot13,2,0,0.01450801,-0.004967649,0.06695426,0,0,28022.7432

17,True,False,0.02,0.25,Rot13,2,0,0.01450801,-0.004967649,0.06695426,0,0,28050.4557

17,True,False,0.02,0.25,Rot13,2,0,0.01450801,-0.004967649,0.06695426,0,0,28064.6383

17,True,False,0.02,0.25,Rot13,2,0,0.01450801,-0.004967649,0.06695426,0,0,28078.5041

17,True,False,0.02,0.25,Rot13,2,0,0.01450801,-0.004967649,0.06695426,0,0,28092.0476

17,True,False,0.02,0.25,Rot13,2,0,0.01450801,-0.004967649,0.06695426,0,0,28105.7261

17,True,False,0.02,0.25,Rot13,2,0,0.01450801,-0.004967649,0.06695426,0,0,28119.981

17,True,False,0.02,0.25,Rot13,2,0,0.01450801,-0.004967649,0.06695426,0,0,28135.9497

17,True,False,0.02,0.25,Rot13,2,0,0.01450801,-0.004967649,0.06695426,0,0,28161.0883

17,True,False,0.02,0.25,Rot13,2,0,0.01450801,-0.004967649,0.06695426,0,0,28188.5481

17,True,False,0.02,0.25,Rot13,2,0,0.01450801,-0.004967649,0.06695426,0,0,28201.0021

17,True,False,0.02,0.25,Rot13,2,0,0.01450801,-0.004967649,0.06695426,0,0,28213.4355

17,True,False,0.02,0.25,Rot13,2,0,0.01450801,-0.004967649,0.06695426,0,0,28226.2565

17,True,False,0.02,0.25,Rot13,2,0,0.01450801,-0.004967649,0.06695426,0,0,28239.4205

17,True,False,0.02,0.25,Rot13,2,0,0.01450801,-0.004967649,0.06695426,0,0,28254.4298

17,True,False,0.02,0.25,Rot13,2,0,0.01450801,-0.004967649,0.06695426,0,0,28278.4358

17,True,False,0.02,0.25,Rot13,2,0,0.01450801,-0.004967649,0.06695426,0,0,28304.3376

17,True,False,0.02,0.25,Rot13,2,0,0.01450801,-0.004967649,0.06695426,0,0,28318.1169

17,True,False,0.02,0.25,Rot13,2,0,0.01450801,-0.004967649,0.06695426,0,0,28331.8754

17,True,False,0.02,0.25,Rot13,2,0,0.01450801,-0.004967649,0.06695426,0,0,28345.4244

17,True,False,0.02,0.25,Rot13,2,0,0.01450801,-0.004967649,0.06695426,0,0,28359.8931

17,True,False,0.02,0.25,Rot13,2,0,0.01450801,-0.004967649,0.06695426,0,0,28373.1978

17,True,False,0.02,0.25,Rot13,2,0,0.01450801,-0.004967649,0.06695426,0,0,28386.7296

17,True,False,0.02,0.25,Rot13,2,0,0.01450801,-0.004967649,0.06695426,0,0,28414.4726

17,True,False,0.02,0.25,Rot13,2,0,0.01450801,-0.004967649,0.06695426,0,0,28429.9486

17,True,False,0.02,0.25,Rot13,2,0,0.01450801,-0.004967649,0.06695426,0,0,28440.8398

17,True,False,0.02,0.25,Rot13,2,0,0.01450801,-0.004967649,0.06695426,0,0,28455.3138

17,True,False,0.02,0.25,Rot13,2,0,0.01450801,-0.004967649,0.06695426,0,0,28482.0024

17,True,False,0.02,0.25,Rot13,2,0,0.01450801,-0.004967649,0.06695426,0,0,28496.1704

17,True,False,0.02,0.25,Rot13,2,0,0.01450801,-0.004967649,0.06695426,0,0,28509.5637

17,True,False,0.02,0.25,Rot13,2,0,0.01450801,-0.004967649,0.06695426,0,0,28524.409

17,True,False,0.02,0.25,Rot13,2,0,0.01450801,-0.004967649,0.06695426,0,0,28551.6525

17,True,False,0.02,0.25,Rot13,2,0,0.01450801,-0.004967649,0.06695426,0,0,28565.683

17,True,False,0.02,0.25,Rot13,2,0,0.01450801,-0.004967649,0.06695426,0,0,28579.4282

17,True,False,0.02,0.25,Rot13,2,0,0.01450801,-0.004967649,0.06695426,0,0,28593.8274

17,True,False,0.02,0.25,Rot13,2,0,0.01450801,-0.004967649,0.06695426,0,0,28607.3211

17,True,False,0.02,0.25,Rot13,2,0,0.01450801,-0.004967649,0.06695426,0,0,28622.0257

17,True,False,0.02,0.25,Rot13,2,0,0.01450801,-0.004967649,0.06695426,0,0,28635.6365

17,True,False,0.02,0.25,Rot13,2,0,0.01450801,-0.004967649,0.06695426,0,0,28661.008

17,True,False,0.02,0.25,Rot13,2,0,0.01450801,-0.004967649,0.06695426,0,0,28673.7053

17,True,False,0.02,0.25,Rot13,2,0,0.01450801,-0.004967649,0.06695426,0,0,28688.3643

17,True,False,0.02,0.25,Rot13,2,0,0.01450801,-0.004967649,0.06695426,0,0,28701.6174

17,True,False,0.02,0.25,Rot13,2,0,0.01450801,-0.004967649,0.06695426,0,0,28729.7093

17,True,False,0.02,0.25,Rot13,2,0,0.01450801,-0.004967649,0.06695426,0,0,28756.5576

17,True,False,0.02,0.25,Rot13,2,0,0.01450801,-0.004967649,0.06695426,0,0,28768.9458

17,True,False,0.02,0.25,Rot13,2,0,0.01450792,-0.004967639,0.06695424,9.116621E-08,6.8258615624426E-06,28782.3018

17,True,False,0.02,0.25,Rot13,2,0,0.01451999,-0.004960924,0.06693353,2.489548E-05,0.00191269742532845,28795.3177

17,True,False,0.02,0.25,Rot13,2,0,0.01463169,-0.004897986,0.06674211,0.0002303902,0.0180548116281668,28808.0783

17,True,False,0.02,0.25,Rot13,2,0,0.01482624,-0.004847737,0.06646962,0.0003385577,0.0240714504585768,28822.143

17,True,False,0.02,0.25,Rot13,2,0,0.0149554,-0.004962044,0.06638655,0.0001914437,0.011444711563688,28838.8707

17,True,False,0.02,0.25,Rot13,2,0,0.01495087,-0.00584595,0.06793974,0.001787098,0.134983290434425,28852.1101

17,True,False,0.02,0.25,Rot13,2,0,0.01476875,-0.007011756,0.07018505,0.002536469,0.101261498853359,28877.1588

17,True,False,0.02,0.25,Rot13,2,0,0.01468209,-0.007569738,0.07125905,0.001213397,0.0471163725309269,28902.912

17,True,False,0.02,0.25,Rot13,2,0,0.01418531,-0.006081754,0.08228359,0.01113558,0.82262181142931,28916.4487

17,True,False,0.02,0.25,Rot13,2,0,0.01373917,-0.005539645,0.09339985,0.01113842,0.815517231196285,28930.1068

17,True,False,0.02,0.25,Rot13,2,0,0.01355517,-0.00567451,0.1019039,0.00850707,0.637936164285817,28943.4421

17,True,False,0.02,0.25,Rot13,2,0,0.01221228,-0.005477389,0.1118473,0.01003561,0.700575977170128,28957.7669

17,True,False,0.02,0.25,Rot13,2,0,0.01112753,-0.005259406,0.1200105,0.008237832,0.545403713287048,28972.871

17,True,False,0.02,0.25,Rot13,2,0,0.01119772,-0.004118438,0.1286816,0.008746167,0.696201191904349,28985.4337

17,True,False,0.02,0.25,Rot13,2,0,0.01101139,-0.003132165,0.1361159,0.007501789,0.292822443704741,29011.0526

17,True,False,0.02,0.25,Rot13,2,0,0.009420873,-0.002263244,0.1439014,0.007993671,0.299593770702891,29037.7343

17,True,False,0.02,0.25,Rot13,2,0,0.007364363,5.033893E-05,0.1550304,0.01155142,0.699810502952589,29054.2408

17,True,False,0.02,0.25,Rot13,2,0,0.004832686,0.002547672,0.1676988,0.0131581,0.512275349839681,29079.9264

17,True,False,0.02,0.25,Rot13,2,0,0.006375373,0.001356897,0.1768378,0.009344459,0.69851532263016,29093.304

17,True,False,0.02,0.25,Rot13,2,0,0.00779462,0.0006928729,0.1875131,0.01078962,0.390649351588861,29120.9237

17,True,False,0.02,0.25,Rot13,2,0,0.005918802,9.322866E-05,0.1965837,0.009281955,0.633014487254961,29135.5868

17,True,False,0.02,0.25,Rot13,2,0,0.002981842,0.001702891,0.213057,0.01681036,0.701750271161547,29159.5417

17,True,False,0.02,0.25,Rot13,2,0,0.0005941991,0.003476778,0.2252648,0.01256489,0.455167351684982,29187.1467

17,True,False,0.02,0.25,Rot13,2,0,0.001224757,0.003591713,0.2373256,0.01207784,1.01031745745072,29199.1012

17,True,False,0.02,0.25,Rot13,2,0,0.0009773675,0.003289973,0.2482075,0.01088891,0.813783312387125,29212.4818

17,True,False,0.02,0.25,Rot13,2,0,0.0008131567,0.003319928,0.2580616,0.009855447,0.777274130449358,29225.1613

