PID,taskType,rightHanded,width,length,rotation,execType,trialRep,PositionX,PositionY,PositionZ,Movement,Speed,Timestamp
17,True,False,0.02,0.25,Rot8,2,0,0.003798852,0.001296964,0.0006463453,0,0,0.0069

17,True,False,0.02,0.25,Rot8,2,0,0.004267937,0.001834737,0.002581269,0.002062321,0.0802265967766204,25.7131

17,True,False,0.02,0.25,Rot8,2,0,0.004678743,0.002351099,0.004324481,0.001863915,0.119044501492769,41.3704

17,True,False,0.02,0.25,Rot8,2,0,0.004966831,0.002516736,0.005150266,0.0008901412,0.0753769246340268,53.1796

17,True,False,0.02,0.25,Rot8,2,0,0.005590996,0.002730146,0.006524779,0.001524602,0.10659019389904,67.483

17,True,False,0.02,0.25,Rot8,2,0,0.006207819,0.003091239,0.008349277,0.001959503,0.0749690264876752,93.6205

17,True,False,0.02,0.25,Rot8,2,0,0.006748514,0.003451026,0.01036103,0.002113989,0.0755317196063671,121.6086

17,True,False,0.02,0.25,Rot8,2,0,0.007215048,0.003701146,0.01198644,0.001709437,0.141225606948488,133.7129

17,True,False,0.02,0.25,Rot8,2,0,0.00769781,0.00359953,0.01326779,0.001373042,0.105233326626934,146.7605

17,True,False,0.02,0.25,Rot8,2,0,0.00836703,0.003396319,0.01485519,0.001734642,0.129336051977373,160.1724

17,True,False,0.02,0.25,Rot8,2,0,0.008367011,0.003396172,0.0148551,1.731859E-07,1.3370127727437E-05,173.1256

17,True,False,0.02,0.25,Rot8,2,0,0.008701697,0.003267013,0.01572949,0.000945117,0.0680135992619976,187.0216

17,True,False,0.02,0.25,Rot8,2,0,0.008967554,0.003176207,0.01644804,0.0007715237,0.0306859173010562,212.1642

17,True,False,0.02,0.25,Rot8,2,0,0.009095147,0.003095812,0.0170482,0.0006188097,0.0229585031093419,239.1176

17,True,False,0.02,0.25,Rot8,2,0,0.009288954,0.003235676,0.01747247,0.0004869607,0.0372305515383258,252.1972

17,True,False,0.02,0.25,Rot8,2,0,0.009498963,0.003378996,0.01792542,0.0005194313,0.036399466904584,266.4675

17,True,False,0.02,0.25,Rot8,2,0,0.009624975,0.003399417,0.01834988,0.0004432402,0.0325727485974111,280.0752

17,True,False,0.02,0.25,Rot8,2,0,0.009746725,0.003427402,0.01877051,0.000438789,0.0329077758983699,293.4091

17,True,False,0.02,0.25,Rot8,2,0,0.009869492,0.003472331,0.01921857,0.0004667449,0.0343733112244401,306.9878

17,True,False,0.02,0.25,Rot8,2,0,0.010005,0.003381336,0.01979408,0.0005982125,0.0458372261648187,320.0386

17,True,False,0.02,0.25,Rot8,2,0,0.01015867,0.003265833,0.02044015,0.0006740621,0.024196789347964,347.8961

17,True,False,0.02,0.25,Rot8,2,0,0.01030543,0.003203182,0.02080788,0.0004008618,0.0266392266188395,362.9439

17,True,False,0.02,0.25,Rot8,2,0,0.01038823,0.003139477,0.02135929,0.0005612196,0.0465429578520797,375.002

17,True,False,0.02,0.25,Rot8,2,0,0.01047221,0.002954894,0.02198406,0.0006568486,0.0467854211471316,389.0416

17,True,False,0.02,0.25,Rot8,2,0,0.01054615,0.00277145,0.02259961,0.0006465471,0.0475633118516432,402.635

17,True,False,0.02,0.25,Rot8,2,0,0.01062888,0.002809192,0.02298338,0.0003943973,0.0253307516234263,418.2049

17,True,False,0.02,0.25,Rot8,2,0,0.0107016,0.002868198,0.02332491,0.0003541412,0.0139858471397169,443.5263

17,True,False,0.02,0.25,Rot8,2,0,0.01067315,0.003105084,0.02423505,0.0009408935,0.0600323794065308,459.1994

17,True,False,0.02,0.25,Rot8,2,0,0.01059539,0.003412208,0.02530567,0.001116503,0.0984084708148573,470.545

17,True,False,0.02,0.25,Rot8,2,0,0.01059539,0.003412208,0.02530567,0,0,484.3296

17,True,False,0.02,0.25,Rot8,2,0,0.01059539,0.003412208,0.02530567,0,0,511.664

17,True,False,0.02,0.25,Rot8,2,0,0.01059539,0.003412208,0.02530567,0,0,528.1549

17,True,False,0.02,0.25,Rot8,2,0,0.01059539,0.003412208,0.02530567,0,0,539.4905

17,True,False,0.02,0.25,Rot8,2,0,0.01059539,0.003412208,0.02530567,0,0,553.5077

17,True,False,0.02,0.25,Rot8,2,0,0.01059539,0.003412208,0.02530567,0,0,569.7196

17,True,False,0.02,0.25,Rot8,2,0,0.01059539,0.003412208,0.02530567,0,0,594.785

17,True,False,0.02,0.25,Rot8,2,0,0.01059539,0.003412208,0.02530567,0,0,609.1072

17,True,False,0.02,0.25,Rot8,2,0,0.01059539,0.003412208,0.02530567,0,0,620.9303

17,True,False,0.02,0.25,Rot8,2,0,0.01059539,0.003412208,0.02530567,0,0,635.9882

17,True,False,0.02,0.25,Rot8,2,0,0.01059539,0.003412208,0.02530567,0,0,663.7885

17,True,False,0.02,0.25,Rot8,2,0,0.01059539,0.003412208,0.02530567,0,0,690.5374

17,True,False,0.02,0.25,Rot8,2,0,0.01059539,0.003412208,0.02530567,0,0,701.275

17,True,False,0.02,0.25,Rot8,2,0,0.01059539,0.003412208,0.02530567,0,0,715.4102

17,True,False,0.02,0.25,Rot8,2,0,0.01059539,0.003412208,0.02530567,0,0,728.5948

17,True,False,0.02,0.25,Rot8,2,0,0.01059539,0.003412208,0.02530567,0,0,741.5636

17,True,False,0.02,0.25,Rot8,2,0,0.01059539,0.003412208,0.02530567,0,0,755.5511

17,True,False,0.02,0.25,Rot8,2,0,0.01059539,0.003412208,0.02530567,0,0,781.8391

17,True,False,0.02,0.25,Rot8,2,0,0.01059539,0.003412208,0.02530567,0,0,795.043

17,True,False,0.02,0.25,Rot8,2,0,0.01059539,0.003412208,0.02530567,0,0,808.7344

17,True,False,0.02,0.25,Rot8,2,0,0.01059539,0.003412208,0.02530567,0,0,822.254

17,True,False,0.02,0.25,Rot8,2,0,0.01059539,0.003412208,0.02530567,0,0,837.7154

17,True,False,0.02,0.25,Rot8,2,0,0.01059539,0.003412208,0.02530567,0,0,850.6997

17,True,False,0.02,0.25,Rot8,2,0,0.01059539,0.003412208,0.02530567,0,0,875.936

17,True,False,0.02,0.25,Rot8,2,0,0.01059539,0.003412208,0.02530567,0,0,903.026

17,True,False,0.02,0.25,Rot8,2,0,0.01059539,0.003412208,0.02530567,0,0,916.5901

17,True,False,0.02,0.25,Rot8,2,0,0.01059539,0.003412208,0.02530567,0,0,930.2488

17,True,False,0.02,0.25,Rot8,2,0,0.01059539,0.003412208,0.02530567,0,0,943.5959

17,True,False,0.02,0.25,Rot8,2,0,0.01059539,0.003412208,0.02530567,0,0,957.4669

17,True,False,0.02,0.25,Rot8,2,0,0.01059539,0.003412208,0.02530567,0,0,970.9177

17,True,False,0.02,0.25,Rot8,2,0,0.01059539,0.003412208,0.02530567,0,0,987.3494

17,True,False,0.02,0.25,Rot8,2,0,0.01059539,0.003412208,0.02530567,0,0,1011.4784

17,True,False,0.02,0.25,Rot8,2,0,0.01059539,0.003412208,0.02530567,0,0,1026.8093

17,True,False,0.02,0.25,Rot8,2,0,0.01059539,0.003412208,0.02530567,0,0,1038.673

17,True,False,0.02,0.25,Rot8,2,0,0.01059539,0.003412208,0.02530567,0,0,1053.1254

17,True,False,0.02,0.25,Rot8,2,0,0.01059539,0.003412208,0.02530567,0,0,1067.6037

17,True,False,0.02,0.25,Rot8,2,0,0.01059539,0.003412208,0.02530567,0,0,1093.6825

17,True,False,0.02,0.25,Rot8,2,0,0.01059539,0.003412208,0.02530567,0,0,1121.5245

17,True,False,0.02,0.25,Rot8,2,0,0.01059539,0.003412208,0.02530567,0,0,1133.8578

17,True,False,0.02,0.25,Rot8,2,0,0.01059539,0.003412208,0.02530567,0,0,1147.1091

17,True,False,0.02,0.25,Rot8,2,0,0.01059539,0.003412208,0.02530567,0,0,1159.9792

17,True,False,0.02,0.25,Rot8,2,0,0.01059539,0.003412208,0.02530567,0,0,1173.5343

17,True,False,0.02,0.25,Rot8,2,0,0.01059539,0.003412208,0.02530567,0,0,1187.2334

17,True,False,0.02,0.25,Rot8,2,0,0.01059539,0.003412208,0.02530567,0,0,1214.2884

17,True,False,0.02,0.25,Rot8,2,0,0.01059539,0.003412208,0.02530567,0,0,1227.193

17,True,False,0.02,0.25,Rot8,2,0,0.01059539,0.003412208,0.02530567,0,0,1240.3605

17,True,False,0.02,0.25,Rot8,2,0,0.01059539,0.003412208,0.02530567,0,0,1254.0029

17,True,False,0.02,0.25,Rot8,2,0,0.01059539,0.003412208,0.02530567,0,0,1269.5824

17,True,False,0.02,0.25,Rot8,2,0,0.01059539,0.003412208,0.02530567,0,0,1293.625

17,True,False,0.02,0.25,Rot8,2,0,0.01059539,0.003412208,0.02530567,0,0,1320.4382

17,True,False,0.02,0.25,Rot8,2,0,0.01059539,0.003412208,0.02530567,0,0,1334.9284

17,True,False,0.02,0.25,Rot8,2,0,0.01059539,0.003412208,0.02530567,0,0,1348.2832

17,True,False,0.02,0.25,Rot8,2,0,0.01059539,0.003412208,0.02530567,0,0,1361.5929

17,True,False,0.02,0.25,Rot8,2,0,0.01059539,0.003412208,0.02530567,0,0,1401.9473

17,True,False,0.02,0.25,Rot8,2,0,0.01059539,0.003412208,0.02530567,0,0,1416.7438

17,True,False,0.02,0.25,Rot8,2,0,0.01059539,0.003412208,0.02530567,0,0,1429.8876

17,True,False,0.02,0.25,Rot8,2,0,0.01059539,0.003412208,0.02530567,0,0,1443.3799

17,True,False,0.02,0.25,Rot8,2,0,0.01059539,0.003412208,0.02530567,0,0,1458.0459

17,True,False,0.02,0.25,Rot8,2,0,0.01059539,0.003412208,0.02530567,0,0,1484.5628

17,True,False,0.02,0.25,Rot8,2,0,0.01059539,0.003412208,0.02530567,0,0,1499.0261

17,True,False,0.02,0.25,Rot8,2,0,0.01059539,0.003412208,0.02530567,0,0,1511.4293

17,True,False,0.02,0.25,Rot8,2,0,0.01059539,0.003412208,0.02530567,0,0,1525.6143

17,True,False,0.02,0.25,Rot8,2,0,0.01059539,0.003412208,0.02530567,0,0,1540.5973

17,True,False,0.02,0.25,Rot8,2,0,0.01059539,0.003412208,0.02530567,0,0,1566.6325

17,True,False,0.02,0.25,Rot8,2,0,0.01059539,0.003412208,0.02530567,0,0,1594.6366

17,True,False,0.02,0.25,Rot8,2,0,0.01059539,0.003412208,0.02530567,0,0,1606.234

17,True,False,0.02,0.25,Rot8,2,0,0.01059539,0.003412208,0.02530567,0,0,1619.0585

17,True,False,0.02,0.25,Rot8,2,0,0.01059539,0.003412208,0.02530567,0,0,1632.6485

17,True,False,0.02,0.25,Rot8,2,0,0.01059539,0.003412208,0.02530567,0,0,1645.945

17,True,False,0.02,0.25,Rot8,2,0,0.01059539,0.003412208,0.02530567,0,0,1659.8454

17,True,False,0.02,0.25,Rot8,2,0,0.01059539,0.003412208,0.02530567,0,0,1672.9528

17,True,False,0.02,0.25,Rot8,2,0,0.01059539,0.003412208,0.02530567,0,0,1699.9204

17,True,False,0.02,0.25,Rot8,2,0,0.01059539,0.003412208,0.02530567,0,0,1725.6442

17,True,False,0.02,0.25,Rot8,2,0,0.01059539,0.003412208,0.02530567,0,0,1739.3736

17,True,False,0.02,0.25,Rot8,2,0,0.01059539,0.003412208,0.02530567,0,0,1752.989

17,True,False,0.02,0.25,Rot8,2,0,0.01059539,0.003412208,0.02530567,0,0,1766.4727

17,True,False,0.02,0.25,Rot8,2,0,0.01059539,0.003412208,0.02530567,0,0,1780.6059

17,True,False,0.02,0.25,Rot8,2,0,0.01059539,0.003412208,0.02530567,0,0,1793.9758

17,True,False,0.02,0.25,Rot8,2,0,0.01059539,0.003412208,0.02530567,0,0,1807.6482

17,True,False,0.02,0.25,Rot8,2,0,0.01059539,0.003412208,0.02530567,0,0,1834.6247

17,True,False,0.02,0.25,Rot8,2,0,0.01059539,0.003412208,0.02530567,0,0,1861.2765

17,True,False,0.02,0.25,Rot8,2,0,0.01059539,0.003412208,0.02530567,0,0,1875.2221

17,True,False,0.02,0.25,Rot8,2,0,0.01059539,0.003412208,0.02530567,0,0,1889.1683

17,True,False,0.02,0.25,Rot8,2,0,0.01059539,0.003412208,0.02530567,0,0,1917.7858

17,True,False,0.02,0.25,Rot8,2,0,0.01059539,0.003412208,0.02530567,0,0,1943.4755

17,True,False,0.02,0.25,Rot8,2,0,0.01059539,0.003412208,0.02530567,0,0,1957.4

17,True,False,0.02,0.25,Rot8,2,0,0.01059539,0.003412208,0.02530567,0,0,1971.4988

17,True,False,0.02,0.25,Rot8,2,0,0.01059539,0.003412208,0.02530567,0,0,1984.6838

17,True,False,0.02,0.25,Rot8,2,0,0.01059539,0.003412208,0.02530567,0,0,1999.0647

17,True,False,0.02,0.25,Rot8,2,0,0.01059539,0.003412208,0.02530567,0,0,2013.0721

17,True,False,0.02,0.25,Rot8,2,0,0.01059539,0.003412208,0.02530567,0,0,2026.6844

17,True,False,0.02,0.25,Rot8,2,0,0.01059539,0.003412208,0.02530567,0,0,2040.5214

17,True,False,0.02,0.25,Rot8,2,0,0.01059539,0.003412208,0.02530567,0,0,2067.3348

17,True,False,0.02,0.25,Rot8,2,0,0.01059539,0.003412208,0.02530567,0,0,2083.3698

17,True,False,0.02,0.25,Rot8,2,0,0.01059539,0.003412208,0.02530567,0,0,2095.4986

17,True,False,0.02,0.25,Rot8,2,0,0.01059539,0.003412208,0.02530567,0,0,2109.5586

17,True,False,0.02,0.25,Rot8,2,0,0.01059539,0.003412208,0.02530567,0,0,2124.2108

17,True,False,0.02,0.25,Rot8,2,0,0.01059539,0.003412208,0.02530567,0,0,2150.0067

17,True,False,0.02,0.25,Rot8,2,0,0.01059539,0.003412208,0.02530567,0,0,2164.2727

17,True,False,0.02,0.25,Rot8,2,0,0.01059539,0.003412208,0.02530567,0,0,2176.5052

17,True,False,0.02,0.25,Rot8,2,0,0.01059539,0.003412208,0.02530567,0,0,2192.8934

17,True,False,0.02,0.25,Rot8,2,0,0.01059539,0.003412208,0.02530567,0,0,2218.7849

17,True,False,0.02,0.25,Rot8,2,0,0.01059539,0.003412208,0.02530567,0,0,2234.0017

17,True,False,0.02,0.25,Rot8,2,0,0.01059539,0.003412208,0.02530567,0,0,2246.3322

17,True,False,0.02,0.25,Rot8,2,0,0.01059539,0.003412208,0.02530567,0,0,2260.38

17,True,False,0.02,0.25,Rot8,2,0,0.01059539,0.003412208,0.02530567,0,0,2275.212

17,True,False,0.02,0.25,Rot8,2,0,0.01059539,0.003412208,0.02530567,0,0,2290.5897

17,True,False,0.02,0.25,Rot8,2,0,0.01059539,0.003412208,0.02530567,0,0,2316.3854

17,True,False,0.02,0.25,Rot8,2,0,0.01059539,0.003412208,0.02530567,0,0,2344.3026

17,True,False,0.02,0.25,Rot8,2,0,0.01059539,0.003412208,0.02530567,0,0,2356.525

17,True,False,0.02,0.25,Rot8,2,0,0.01059539,0.003412208,0.02530567,0,0,2369.7092

17,True,False,0.02,0.25,Rot8,2,0,0.01059539,0.003412208,0.02530567,0,0,2382.6046

17,True,False,0.02,0.25,Rot8,2,0,0.01059539,0.003412208,0.02530567,0,0,2396.2399

17,True,False,0.02,0.25,Rot8,2,0,0.01059539,0.003412208,0.02530567,0,0,2410.2816

17,True,False,0.02,0.25,Rot8,2,0,0.01059539,0.003412208,0.02530567,0,0,2422.6899

17,True,False,0.02,0.25,Rot8,2,0,0.01059539,0.003412208,0.02530567,0,0,2448.1869

17,True,False,0.02,0.25,Rot8,2,0,0.01059539,0.003412208,0.02530567,0,0,2474.9069

17,True,False,0.02,0.25,Rot8,2,0,0.01059539,0.003412208,0.02530567,0,0,2488.2006

17,True,False,0.02,0.25,Rot8,2,0,0.01059539,0.003412208,0.02530567,0,0,2501.8565

17,True,False,0.02,0.25,Rot8,2,0,0.01059539,0.003412208,0.02530567,0,0,2516.1199

17,True,False,0.02,0.25,Rot8,2,0,0.01059539,0.003412208,0.02530567,0,0,2529.9937

17,True,False,0.02,0.25,Rot8,2,0,0.01059539,0.003412208,0.02530567,0,0,2543.8775

17,True,False,0.02,0.25,Rot8,2,0,0.01059539,0.003412208,0.02530567,0,0,2557.8764

17,True,False,0.02,0.25,Rot8,2,0,0.01059539,0.003412208,0.02530567,0,0,2584.1341

17,True,False,0.02,0.25,Rot8,2,0,0.01059539,0.003412208,0.02530567,0,0,2611.1587

17,True,False,0.02,0.25,Rot8,2,0,0.01059539,0.003412208,0.02530567,0,0,2625.5804

17,True,False,0.02,0.25,Rot8,2,0,0.01059539,0.003412208,0.02530567,0,0,2639.3261

17,True,False,0.02,0.25,Rot8,2,0,0.01059539,0.003412208,0.02530567,0,0,2653.4565

17,True,False,0.02,0.25,Rot8,2,0,0.01059539,0.003412208,0.02530567,0,0,2666.9779

17,True,False,0.02,0.25,Rot8,2,0,0.01059539,0.003412208,0.02530567,0,0,2681.1711

17,True,False,0.02,0.25,Rot8,2,0,0.01059539,0.003412208,0.02530567,0,0,2695.191

17,True,False,0.02,0.25,Rot8,2,0,0.01059539,0.003412208,0.02530567,0,0,2709.9047

17,True,False,0.02,0.25,Rot8,2,0,0.01059539,0.003412208,0.02530567,0,0,2736.5763

17,True,False,0.02,0.25,Rot8,2,0,0.01059539,0.003412208,0.02530567,0,0,2751.2861

17,True,False,0.02,0.25,Rot8,2,0,0.01059539,0.003412208,0.02530567,0,0,2763.9659

17,True,False,0.02,0.25,Rot8,2,0,0.01059539,0.003412208,0.02530567,0,0,2777.7658

17,True,False,0.02,0.25,Rot8,2,0,0.01059539,0.003412208,0.02530567,0,0,2793.7131

17,True,False,0.02,0.25,Rot8,2,0,0.01059539,0.003412208,0.02530567,0,0,2807.7024

17,True,False,0.02,0.25,Rot8,2,0,0.01059539,0.003412208,0.02530567,0,0,2832.7728

17,True,False,0.02,0.25,Rot8,2,0,0.01059539,0.003412208,0.02530567,0,0,2860.3043

17,True,False,0.02,0.25,Rot8,2,0,0.01059539,0.003412208,0.02530567,0,0,2875.0727

17,True,False,0.02,0.25,Rot8,2,0,0.01059539,0.003412208,0.02530567,0,0,2888.8646

17,True,False,0.02,0.25,Rot8,2,0,0.01059539,0.003412208,0.02530567,0,0,2902.9541

17,True,False,0.02,0.25,Rot8,2,0,0.01059539,0.003412208,0.02530567,0,0,2917.3706

17,True,False,0.02,0.25,Rot8,2,0,0.01059539,0.003412208,0.02530567,0,0,2930.9655

17,True,False,0.02,0.25,Rot8,2,0,0.01059539,0.003412208,0.02530567,0,0,2945.7793

17,True,False,0.02,0.25,Rot8,2,0,0.01059539,0.003412208,0.02530567,0,0,2960.1147

17,True,False,0.02,0.25,Rot8,2,0,0.01059539,0.003412208,0.02530567,0,0,2985.7998

17,True,False,0.02,0.25,Rot8,2,0,0.01059539,0.003412208,0.02530567,0,0,3000.7219

17,True,False,0.02,0.25,Rot8,2,0,0.01059539,0.003412208,0.02530567,0,0,3013.3872

17,True,False,0.02,0.25,Rot8,2,0,0.01059539,0.003412208,0.02530567,0,0,3027.0871

17,True,False,0.02,0.25,Rot8,2,0,0.01059539,0.003412208,0.02530567,0,0,3055.4259

17,True,False,0.02,0.25,Rot8,2,0,0.01059539,0.003412208,0.02530567,0,0,3082.232

17,True,False,0.02,0.25,Rot8,2,0,0.01059539,0.003412208,0.02530567,0,0,3097.2648

17,True,False,0.02,0.25,Rot8,2,0,0.01059539,0.003412208,0.02530567,0,0,3110.2562

17,True,False,0.02,0.25,Rot8,2,0,0.01059539,0.003412208,0.02530567,0,0,3123.392

17,True,False,0.02,0.25,Rot8,2,0,0.01059539,0.003412208,0.02530567,0,0,3138.0451

17,True,False,0.02,0.25,Rot8,2,0,0.01059539,0.003412208,0.02530567,0,0,3165.5837

17,True,False,0.02,0.25,Rot8,2,0,0.01059539,0.003412208,0.02530567,0,0,3194.5305

17,True,False,0.02,0.25,Rot8,2,0,0.01059539,0.003412208,0.02530567,0,0,3207.6272

17,True,False,0.02,0.25,Rot8,2,0,0.01059539,0.003412208,0.02530567,0,0,3220.7051

17,True,False,0.02,0.25,Rot8,2,0,0.01059539,0.003412208,0.02530567,0,0,3234.3233

17,True,False,0.02,0.25,Rot8,2,0,0.01059539,0.003412208,0.02530567,0,0,3247.191

17,True,False,0.02,0.25,Rot8,2,0,0.01059539,0.003412208,0.02530567,0,0,3259.5027

17,True,False,0.02,0.25,Rot8,2,0,0.01059539,0.003412208,0.02530567,0,0,3272.8808

17,True,False,0.02,0.25,Rot8,2,0,0.01059539,0.003412208,0.02530567,0,0,3287.6806

17,True,False,0.02,0.25,Rot8,2,0,0.01059539,0.003412208,0.02530567,0,0,3303.643

17,True,False,0.02,0.25,Rot8,2,0,0.01059539,0.003412208,0.02530567,0,0,3328.2704

17,True,False,0.02,0.25,Rot8,2,0,0.01059539,0.003412208,0.02530567,0,0,3343.7194

17,True,False,0.02,0.25,Rot8,2,0,0.01059539,0.003412208,0.02530567,0,0,3354.6479

17,True,False,0.02,0.25,Rot8,2,0,0.01059539,0.003412208,0.02530567,0,0,3371.2397

17,True,False,0.02,0.25,Rot8,2,0,0.01059539,0.003412208,0.02530567,0,0,3397.5166

17,True,False,0.02,0.25,Rot8,2,0,0.01059539,0.003412208,0.02530567,0,0,3412.4849

17,True,False,0.02,0.25,Rot8,2,0,0.01059539,0.003412208,0.02530567,0,0,3424.7049

17,True,False,0.02,0.25,Rot8,2,0,0.01059539,0.003412208,0.02530567,0,0,3439.6622

17,True,False,0.02,0.25,Rot8,2,0,0.01059539,0.003412208,0.02530567,0,0,3466.0086

17,True,False,0.02,0.25,Rot8,2,0,0.01059539,0.003412208,0.02530567,0,0,3491.6433

17,True,False,0.02,0.25,Rot8,2,0,0.01059539,0.003412208,0.02530567,0,0,3505.1583

17,True,False,0.02,0.25,Rot8,2,0,0.01059539,0.003412208,0.02530567,0,0,3518.81

17,True,False,0.02,0.25,Rot8,2,0,0.01059539,0.003412208,0.02530567,0,0,3532.6654

17,True,False,0.02,0.25,Rot8,2,0,0.01059539,0.003412208,0.02530567,0,0,3545.7832

17,True,False,0.02,0.25,Rot8,2,0,0.01059539,0.003412208,0.02530567,0,0,3559.9111

17,True,False,0.02,0.25,Rot8,2,0,0.01059539,0.003412208,0.02530567,0,0,3574.4278

17,True,False,0.02,0.25,Rot8,2,0,0.01059539,0.003412208,0.02530567,0,0,3587.6281

17,True,False,0.02,0.25,Rot8,2,0,0.01059539,0.003412208,0.02530567,0,0,3613.0007

17,True,False,0.02,0.25,Rot8,2,0,0.01059539,0.003412208,0.02530567,0,0,3639.4807

17,True,False,0.02,0.25,Rot8,2,0,0.01059539,0.003412208,0.02530567,0,0,3653.6547

17,True,False,0.02,0.25,Rot8,2,0,0.01059539,0.003412208,0.02530567,0,0,3667.3531

17,True,False,0.02,0.25,Rot8,2,0,0.01059539,0.003412208,0.02530567,0,0,3681.2075

17,True,False,0.02,0.25,Rot8,2,0,0.01059539,0.003412208,0.02530567,0,0,3695.4127

17,True,False,0.02,0.25,Rot8,2,0,0.01059539,0.003412208,0.02530567,0,0,3709.2324

17,True,False,0.02,0.25,Rot8,2,0,0.01059539,0.003412208,0.02530567,0,0,3725.5938

17,True,False,0.02,0.25,Rot8,2,0,0.01059539,0.003412208,0.02530567,0,0,3738.6307

17,True,False,0.02,0.25,Rot8,2,0,0.01059539,0.003412208,0.02530567,0,0,3763.0129

17,True,False,0.02,0.25,Rot8,2,0,0.01059539,0.003412208,0.02530567,0,0,3776.8488

17,True,False,0.02,0.25,Rot8,2,0,0.01059539,0.003412208,0.02530567,0,0,3790.882

17,True,False,0.02,0.25,Rot8,2,0,0.01059539,0.003412208,0.02530567,0,0,3817.9608

17,True,False,0.02,0.25,Rot8,2,0,0.01059539,0.003412208,0.02530567,0,0,3830.0946

17,True,False,0.02,0.25,Rot8,2,0,0.01059539,0.003412208,0.02530567,0,0,3842.6718

17,True,False,0.02,0.25,Rot8,2,0,0.01059539,0.003412208,0.02530567,0,0,3857.9684

17,True,False,0.02,0.25,Rot8,2,0,0.01059539,0.003412208,0.02530567,0,0,3872.3102

17,True,False,0.02,0.25,Rot8,2,0,0.01059539,0.003412208,0.02530567,0,0,3899.3916

17,True,False,0.02,0.25,Rot8,2,0,0.01059539,0.003412208,0.02530567,0,0,3915.1957

17,True,False,0.02,0.25,Rot8,2,0,0.01059539,0.003412208,0.02530567,0,0,3928.7507

17,True,False,0.02,0.25,Rot8,2,0,0.01059539,0.003412208,0.02530567,0,0,3942.6968

17,True,False,0.02,0.25,Rot8,2,0,0.01059539,0.003412208,0.02530567,0,0,3957.8584

17,True,False,0.02,0.25,Rot8,2,0,0.01059539,0.003412208,0.02530567,0,0,3971.971

17,True,False,0.02,0.25,Rot8,2,0,0.01059539,0.003412208,0.02530567,0,0,3998.1451

17,True,False,0.02,0.25,Rot8,2,0,0.01059539,0.003412208,0.02530567,0,0,4014.7427

17,True,False,0.02,0.25,Rot8,2,0,0.01059539,0.003412208,0.02530567,0,0,4026.3737

17,True,False,0.02,0.25,Rot8,2,0,0.01059539,0.003412208,0.02530567,0,0,4039.524

17,True,False,0.02,0.25,Rot8,2,0,0.01059539,0.003412208,0.02530567,0,0,4054.5724

17,True,False,0.02,0.25,Rot8,2,0,0.01059539,0.003412208,0.02530567,0,0,4081.5167

17,True,False,0.02,0.25,Rot8,2,0,0.01059539,0.003412208,0.02530567,0,0,4097.2725

17,True,False,0.02,0.25,Rot8,2,0,0.01059539,0.003412208,0.02530567,0,0,4109.1314

17,True,False,0.02,0.25,Rot8,2,0,0.01059539,0.003412208,0.02530567,0,0,4122.7457

17,True,False,0.02,0.25,Rot8,2,0,0.01059539,0.003412208,0.02530567,0,0,4138.5918

17,True,False,0.02,0.25,Rot8,2,0,0.01059539,0.003412208,0.02530567,0,0,4164.5327

17,True,False,0.02,0.25,Rot8,2,0,0.01059539,0.003412208,0.02530567,0,0,4180.635

17,True,False,0.02,0.25,Rot8,2,0,0.01059539,0.003412208,0.02530567,0,0,4192.0548

17,True,False,0.02,0.25,Rot8,2,0,0.01059539,0.003412208,0.02530567,0,0,4206.0079

17,True,False,0.02,0.25,Rot8,2,0,0.01059539,0.003412208,0.02530567,0,0,4222.3919

17,True,False,0.02,0.25,Rot8,2,0,0.01059539,0.003412208,0.02530567,0,0,4247.8058

17,True,False,0.02,0.25,Rot8,2,0,0.01059539,0.003412208,0.02530567,0,0,4275.7709

17,True,False,0.02,0.25,Rot8,2,0,0.01059539,0.003412208,0.02530567,0,0,4288.0346

17,True,False,0.02,0.25,Rot8,2,0,0.01059539,0.003412208,0.02530567,0,0,4301.8043

17,True,False,0.02,0.25,Rot8,2,0,0.01059539,0.003412208,0.02530567,0,0,4315.2705

17,True,False,0.02,0.25,Rot8,2,0,0.01059539,0.003412208,0.02530567,0,0,4328.2691

17,True,False,0.02,0.25,Rot8,2,0,0.01059539,0.003412208,0.02530567,0,0,4340.9326

17,True,False,0.02,0.25,Rot8,2,0,0.01059539,0.003412208,0.02530567,0,0,4357.0291

17,True,False,0.02,0.25,Rot8,2,0,0.01059539,0.003412208,0.02530567,0,0,4371.4271

17,True,False,0.02,0.25,Rot8,2,0,0.01059539,0.003412208,0.02530567,0,0,4397.4372

17,True,False,0.02,0.25,Rot8,2,0,0.01059539,0.003412208,0.02530567,0,0,4425.5931

17,True,False,0.02,0.25,Rot8,2,0,0.01059539,0.003412208,0.02530567,0,0,4452.1867

17,True,False,0.02,0.25,Rot8,2,0,0.01059539,0.003412208,0.02530567,0,0,4479.0756

17,True,False,0.02,0.25,Rot8,2,0,0.01059539,0.003412208,0.02530567,0,0,4491.1845

17,True,False,0.02,0.25,Rot8,2,0,0.01059539,0.003412208,0.02530567,0,0,4504.3347

17,True,False,0.02,0.25,Rot8,2,0,0.01059539,0.003412208,0.02530567,0,0,4518.6414

17,True,False,0.02,0.25,Rot8,2,0,0.01059539,0.003412208,0.02530567,0,0,4532.2359

17,True,False,0.02,0.25,Rot8,2,0,0.01059539,0.003412208,0.02530567,0,0,4545.6442

17,True,False,0.02,0.25,Rot8,2,0,0.01059539,0.003412208,0.02530567,0,0,4559.0196

17,True,False,0.02,0.25,Rot8,2,0,0.01059539,0.003412208,0.02530567,0,0,4573.5036

17,True,False,0.02,0.25,Rot8,2,0,0.01059539,0.003412208,0.02530567,0,0,4587.7326

17,True,False,0.02,0.25,Rot8,2,0,0.01059539,0.003412208,0.02530567,0,0,4612.5488

17,True,False,0.02,0.25,Rot8,2,0,0.01059539,0.003412208,0.02530567,0,0,4639.0701

17,True,False,0.02,0.25,Rot8,2,0,0.01059539,0.003412208,0.02530567,0,0,4653.2106

17,True,False,0.02,0.25,Rot8,2,0,0.01059539,0.003412208,0.02530567,0,0,4666.7497

17,True,False,0.02,0.25,Rot8,2,0,0.01059539,0.003412208,0.02530567,0,0,4680.9545

17,True,False,0.02,0.25,Rot8,2,0,0.01059539,0.003412208,0.02530567,0,0,4694.9075

17,True,False,0.02,0.25,Rot8,2,0,0.01059539,0.003412208,0.02530567,0,0,4724.7313

17,True,False,0.02,0.25,Rot8,2,0,0.01059539,0.003412208,0.02530567,0,0,4737.9735

17,True,False,0.02,0.25,Rot8,2,0,0.01059539,0.003412208,0.02530567,0,0,4762.8336

17,True,False,0.02,0.25,Rot8,2,0,0.01059539,0.003412208,0.02530567,0,0,4778.3646

17,True,False,0.02,0.25,Rot8,2,0,0.01059539,0.003412208,0.02530567,0,0,4790.3134

17,True,False,0.02,0.25,Rot8,2,0,0.01059539,0.003412208,0.02530567,0,0,4803.8455

17,True,False,0.02,0.25,Rot8,2,0,0.01059539,0.003412208,0.02530567,0,0,4818.2961

17,True,False,0.02,0.25,Rot8,2,0,0.01059539,0.003412208,0.02530567,0,0,4844.0618

17,True,False,0.02,0.25,Rot8,2,0,0.01059539,0.003412208,0.02530567,0,0,4872.0731

17,True,False,0.02,0.25,Rot8,2,0,0.01059539,0.003412208,0.02530567,0,0,4884.2032

17,True,False,0.02,0.25,Rot8,2,0,0.01059539,0.003412208,0.02530567,0,0,4897.2764

17,True,False,0.02,0.25,Rot8,2,0,0.01059539,0.003412208,0.02530567,0,0,4910.9136

17,True,False,0.02,0.25,Rot8,2,0,0.01059539,0.003412208,0.02530567,0,0,4924.5027

17,True,False,0.02,0.25,Rot8,2,0,0.01059539,0.003412208,0.02530567,0,0,4938.1484

17,True,False,0.02,0.25,Rot8,2,0,0.01059539,0.003412208,0.02530567,0,0,4964.0213

17,True,False,0.02,0.25,Rot8,2,0,0.01059539,0.003412208,0.02530567,0,0,4990.0479

17,True,False,0.02,0.25,Rot8,2,0,0.01059539,0.003412208,0.02530567,0,0,5003.7777

17,True,False,0.02,0.25,Rot8,2,0,0.01059539,0.003412208,0.02530567,0,0,5017.6396

17,True,False,0.02,0.25,Rot8,2,0,0.01059539,0.003412208,0.02530567,0,0,5031.122

17,True,False,0.02,0.25,Rot8,2,0,0.01059539,0.003412208,0.02530567,0,0,5045.1663

17,True,False,0.02,0.25,Rot8,2,0,0.01059539,0.003412208,0.02530567,0,0,5058.4423

17,True,False,0.02,0.25,Rot8,2,0,0.01059539,0.003412208,0.02530567,0,0,5073.5065

17,True,False,0.02,0.25,Rot8,2,0,0.01059539,0.003412208,0.02530567,0,0,5087.3749

17,True,False,0.02,0.25,Rot8,2,0,0.01059539,0.003412208,0.02530567,0,0,5111.6691

17,True,False,0.02,0.25,Rot8,2,0,0.01059539,0.003412208,0.02530567,0,0,5138.3686

17,True,False,0.02,0.25,Rot8,2,0,0.01059539,0.003412208,0.02530567,0,0,5152.6918

17,True,False,0.02,0.25,Rot8,2,0,0.01059539,0.003412208,0.02530567,0,0,5166.3014

17,True,False,0.02,0.25,Rot8,2,0,0.01059539,0.003412208,0.02530567,0,0,5180.1541

17,True,False,0.02,0.25,Rot8,2,0,0.01059539,0.003412208,0.02530567,0,0,5194.2087

17,True,False,0.02,0.25,Rot8,2,0,0.01059539,0.003412208,0.02530567,0,0,5207.5198

17,True,False,0.02,0.25,Rot8,2,0,0.01059539,0.003412208,0.02530567,0,0,5221.3325

17,True,False,0.02,0.25,Rot8,2,0,0.01059539,0.003412208,0.02530567,0,0,5237.6956

17,True,False,0.02,0.25,Rot8,2,0,0.01059539,0.003412208,0.02530567,0,0,5262.2312

17,True,False,0.02,0.25,Rot8,2,0,0.01059539,0.003412208,0.02530567,0,0,5278.3745

17,True,False,0.02,0.25,Rot8,2,0,0.01059539,0.003412208,0.02530567,0,0,5289.7456

17,True,False,0.02,0.25,Rot8,2,0,0.01059539,0.003412208,0.02530567,0,0,5303.5745

17,True,False,0.02,0.25,Rot8,2,0,0.01059539,0.003412208,0.02530567,0,0,5330.5327

17,True,False,0.02,0.25,Rot8,2,0,0.01059539,0.003412208,0.02530567,0,0,5358.8767

17,True,False,0.02,0.25,Rot8,2,0,0.01059539,0.003412208,0.02530567,0,0,5370.594

17,True,False,0.02,0.25,Rot8,2,0,0.01059539,0.003412208,0.02530567,0,0,5383.2961

17,True,False,0.02,0.25,Rot8,2,0,0.01059539,0.003412208,0.02530567,0,0,5396.7052

17,True,False,0.02,0.25,Rot8,2,0,0.01059539,0.003412208,0.02530567,0,0,5409.997

17,True,False,0.02,0.25,Rot8,2,0,0.01059539,0.003412208,0.02530567,0,0,5423.087

17,True,False,0.02,0.25,Rot8,2,0,0.01059539,0.003412208,0.02530567,0,0,5437.0595

17,True,False,0.02,0.25,Rot8,2,0,0.01059539,0.003412208,0.02530567,0,0,5464.3076

17,True,False,0.02,0.25,Rot8,2,0,0.01059539,0.003412208,0.02530567,0,0,5489.9841

17,True,False,0.02,0.25,Rot8,2,0,0.01059539,0.003412208,0.02530567,0,0,5503.559

17,True,False,0.02,0.25,Rot8,2,0,0.01059539,0.003412208,0.02530567,0,0,5517.3893

17,True,False,0.02,0.25,Rot8,2,0,0.01059539,0.003412208,0.02530567,0,0,5531.1134

17,True,False,0.02,0.25,Rot8,2,0,0.01059539,0.003412208,0.02530567,0,0,5544.5709

17,True,False,0.02,0.25,Rot8,2,0,0.01059539,0.003412208,0.02530567,0,0,5558.8255

17,True,False,0.02,0.25,Rot8,2,0,0.01059539,0.003412208,0.02530567,0,0,5585.3406

17,True,False,0.02,0.25,Rot8,2,0,0.01059539,0.003412208,0.02530567,0,0,5599.3561

17,True,False,0.02,0.25,Rot8,2,0,0.01059539,0.003412208,0.02530567,0,0,5613.0917

17,True,False,0.02,0.25,Rot8,2,0,0.01059539,0.003412208,0.02530567,0,0,5626.7262

17,True,False,0.02,0.25,Rot8,2,0,0.01059539,0.003412208,0.02530567,0,0,5640.7239

17,True,False,0.02,0.25,Rot8,2,0,0.01059539,0.003412208,0.02530567,0,0,5654.447

17,True,False,0.02,0.25,Rot8,2,0,0.01059539,0.003412208,0.02530567,0,0,5680.5296

17,True,False,0.02,0.25,Rot8,2,0,0.01059539,0.003412208,0.02530567,0,0,5694.5388

17,True,False,0.02,0.25,Rot8,2,0,0.01059539,0.003412208,0.02530567,0,0,5708.1304

17,True,False,0.02,0.25,Rot8,2,0,0.01059539,0.003412208,0.02530567,0,0,5721.6365

17,True,False,0.02,0.25,Rot8,2,0,0.01059539,0.003412208,0.02530567,0,0,5749.7795

17,True,False,0.02,0.25,Rot8,2,0,0.01059539,0.003412208,0.02530567,0,0,5778.5823

17,True,False,0.02,0.25,Rot8,2,0,0.01059539,0.003412208,0.02530567,0,0,5791.7422

17,True,False,0.02,0.25,Rot8,2,0,0.01059539,0.003412208,0.02530567,0,0,5804.226

17,True,False,0.02,0.25,Rot8,2,0,0.01059539,0.003412208,0.02530567,0,0,5818.9803

17,True,False,0.02,0.25,Rot8,2,0,0.01059539,0.003412208,0.02530567,0,0,5833.3687

17,True,False,0.02,0.25,Rot8,2,0,0.01059539,0.003412208,0.02530567,0,0,5847.1812

17,True,False,0.02,0.25,Rot8,2,0,0.01059539,0.003412208,0.02530567,0,0,5860.6858

17,True,False,0.02,0.25,Rot8,2,0,0.01059539,0.003412208,0.02530567,0,0,5874.7075

17,True,False,0.02,0.25,Rot8,2,0,0.01059539,0.003412208,0.02530567,0,0,5889.2548

17,True,False,0.02,0.25,Rot8,2,0,0.01059539,0.003412208,0.02530567,0,0,5916.1415

17,True,False,0.02,0.25,Rot8,2,0,0.01059539,0.003412208,0.02530567,0,0,5930.3618

17,True,False,0.02,0.25,Rot8,2,0,0.01059539,0.003412208,0.02530567,0,0,5943.7062

17,True,False,0.02,0.25,Rot8,2,0,0.01059539,0.003412208,0.02530567,0,0,5957.6771

17,True,False,0.02,0.25,Rot8,2,0,0.01059539,0.003412208,0.02530567,0,0,5972.2235

17,True,False,0.02,0.25,Rot8,2,0,0.01059539,0.003412208,0.02530567,0,0,5987.7863

17,True,False,0.02,0.25,Rot8,2,0,0.01059539,0.003412208,0.02530567,0,0,6012.5534

17,True,False,0.02,0.25,Rot8,2,0,0.01059539,0.003412208,0.02530567,0,0,6028.7235

17,True,False,0.02,0.25,Rot8,2,0,0.01059539,0.003412208,0.02530567,0,0,6039.6554

17,True,False,0.02,0.25,Rot8,2,0,0.01059539,0.003412208,0.02530567,0,0,6054.0823

17,True,False,0.02,0.25,Rot8,2,0,0.01059539,0.003412208,0.02530567,0,0,6081.9032

17,True,False,0.02,0.25,Rot8,2,0,0.01059539,0.003412208,0.02530567,0,0,6109.044

17,True,False,0.02,0.25,Rot8,2,0,0.01059539,0.003412208,0.02530567,0,0,6121.2364

17,True,False,0.02,0.25,Rot8,2,0,0.01059539,0.003412208,0.02530567,0,0,6134.3311

17,True,False,0.02,0.25,Rot8,2,0,0.01059539,0.003412208,0.02530567,0,0,6147.4001

17,True,False,0.02,0.25,Rot8,2,0,0.01059539,0.003412208,0.02530567,0,0,6160.264

17,True,False,0.02,0.25,Rot8,2,0,0.01059539,0.003412208,0.02530567,0,0,6173.9353

17,True,False,0.02,0.25,Rot8,2,0,0.01059539,0.003412208,0.02530567,0,0,6186.9787

17,True,False,0.02,0.25,Rot8,2,0,0.01059539,0.003412208,0.02530567,0,0,6214.1824

17,True,False,0.02,0.25,Rot8,2,0,0.01059539,0.003412208,0.02530567,0,0,6240.0207

17,True,False,0.02,0.25,Rot8,2,0,0.01059539,0.003412208,0.02530567,0,0,6254.013

17,True,False,0.02,0.25,Rot8,2,0,0.01059539,0.003412208,0.02530567,0,0,6267.4852

17,True,False,0.02,0.25,Rot8,2,0,0.01059539,0.003412208,0.02530567,0,0,6281.1172

17,True,False,0.02,0.25,Rot8,2,0,0.01059539,0.003412208,0.02530567,0,0,6295.0984

17,True,False,0.02,0.25,Rot8,2,0,0.01059539,0.003412208,0.02530567,0,0,6308.6533

17,True,False,0.02,0.25,Rot8,2,0,0.01059539,0.003412208,0.02530567,0,0,6321.9522

17,True,False,0.02,0.25,Rot8,2,0,0.01059539,0.003412208,0.02530567,0,0,6337.6753

17,True,False,0.02,0.25,Rot8,2,0,0.01059539,0.003412208,0.02530567,0,0,6362.1965

17,True,False,0.02,0.25,Rot8,2,0,0.01059539,0.003412208,0.02530567,0,0,6389.854

17,True,False,0.02,0.25,Rot8,2,0,0.01059539,0.003412208,0.02530567,0,0,6403.4502

17,True,False,0.02,0.25,Rot8,2,0,0.01059539,0.003412208,0.02530567,0,0,6417.9611

17,True,False,0.02,0.25,Rot8,2,0,0.01059539,0.003412208,0.02530567,0,0,6431.4057

17,True,False,0.02,0.25,Rot8,2,0,0.01059539,0.003412208,0.02530567,0,0,6458.4194

17,True,False,0.02,0.25,Rot8,2,0,0.01059539,0.003412208,0.02530567,0,0,6485.0936

17,True,False,0.02,0.25,Rot8,2,0,0.01059539,0.003412208,0.02530567,0,0,6498.8004

17,True,False,0.02,0.25,Rot8,2,0,0.01059539,0.003412208,0.02530567,0,0,6512.5895

17,True,False,0.02,0.25,Rot8,2,0,0.01059539,0.003412208,0.02530567,0,0,6525.0893

17,True,False,0.02,0.25,Rot8,2,0,0.01059539,0.003412208,0.02530567,0,0,6538.1977

17,True,False,0.02,0.25,Rot8,2,0,0.01059539,0.003412208,0.02530567,0,0,6550.4272

17,True,False,0.02,0.25,Rot8,2,0,0.01059539,0.003412208,0.02530567,0,0,6564.3892

17,True,False,0.02,0.25,Rot8,2,0,0.01059539,0.003412208,0.02530567,0,0,6590.6301

17,True,False,0.02,0.25,Rot8,2,0,0.01059539,0.003412208,0.02530567,0,0,6607.1191

17,True,False,0.02,0.25,Rot8,2,0,0.01059539,0.003412208,0.02530567,0,0,6617.4556

17,True,False,0.02,0.25,Rot8,2,0,0.01059539,0.003412208,0.02530567,0,0,6632.746

17,True,False,0.02,0.25,Rot8,2,0,0.01059539,0.003412208,0.02530567,0,0,6658.5402

17,True,False,0.02,0.25,Rot8,2,0,0.01059539,0.003412208,0.02530567,0,0,6684.4524

17,True,False,0.02,0.25,Rot8,2,0,0.01059539,0.003412208,0.02530567,0,0,6697.931

17,True,False,0.02,0.25,Rot8,2,0,0.01059539,0.003412208,0.02530567,0,0,6711.672

17,True,False,0.02,0.25,Rot8,2,0,0.01059539,0.003412208,0.02530567,0,0,6725.2916

17,True,False,0.02,0.25,Rot8,2,0,0.01059539,0.003412208,0.02530567,0,0,6739.236

17,True,False,0.02,0.25,Rot8,2,0,0.01059539,0.003412208,0.02530567,0,0,6752.6917

17,True,False,0.02,0.25,Rot8,2,0,0.01059539,0.003412208,0.02530567,0,0,6766.1121

17,True,False,0.02,0.25,Rot8,2,0,0.01059539,0.003412208,0.02530567,0,0,6792.8169

17,True,False,0.02,0.25,Rot8,2,0,0.01059539,0.003412208,0.02530567,0,0,6808.5383

17,True,False,0.02,0.25,Rot8,2,0,0.01059539,0.003412208,0.02530567,0,0,6819.3632

17,True,False,0.02,0.25,Rot8,2,0,0.01059539,0.003412208,0.02530567,0,0,6833.4577

17,True,False,0.02,0.25,Rot8,2,0,0.01059539,0.003412208,0.02530567,0,0,6849.5191

17,True,False,0.02,0.25,Rot8,2,0,0.01059539,0.003412208,0.02530567,0,0,6873.8687

17,True,False,0.02,0.25,Rot8,2,0,0.01059539,0.003412208,0.02530567,0,0,6889.3468

17,True,False,0.02,0.25,Rot8,2,0,0.01059539,0.003412208,0.02530567,0,0,6901.0938

17,True,False,0.02,0.25,Rot8,2,0,0.01059539,0.003412208,0.02530567,0,0,6915.5265

17,True,False,0.02,0.25,Rot8,2,0,0.01059539,0.003412208,0.02530567,0,0,6943.2296

17,True,False,0.02,0.25,Rot8,2,0,0.01059539,0.003412208,0.02530567,0,0,6969.3978

17,True,False,0.02,0.25,Rot8,2,0,0.01059539,0.003412208,0.02530567,0,0,6981.7492

17,True,False,0.02,0.25,Rot8,2,0,0.01059539,0.003412208,0.02530567,0,0,6994.9155

17,True,False,0.02,0.25,Rot8,2,0,0.01059539,0.003412208,0.02530567,0,0,7007.6194

17,True,False,0.02,0.25,Rot8,2,0,0.01059539,0.003412208,0.02530567,0,0,7020.5218

17,True,False,0.02,0.25,Rot8,2,0,0.01059539,0.003412208,0.02530567,0,0,7034.5278

17,True,False,0.02,0.25,Rot8,2,0,0.01059539,0.003412208,0.02530567,0,0,7047.7146

17,True,False,0.02,0.25,Rot8,2,0,0.01059539,0.003412208,0.02530567,0,0,7075.7001

17,True,False,0.02,0.25,Rot8,2,0,0.01059539,0.003412208,0.02530567,0,0,7102.7983

17,True,False,0.02,0.25,Rot8,2,0,0.01059539,0.003412208,0.02530567,0,0,7115.0066

17,True,False,0.02,0.25,Rot8,2,0,0.01059542,0.003412019,0.02530565,1.921191E-07,1.40114315966943E-05,7128.7182

17,True,False,0.02,0.25,Rot8,2,0,0.01056678,0.003525668,0.02525491,0.0001277178,0.00969431593464466,7141.8927

17,True,False,0.02,0.25,Rot8,2,0,0.0102991,0.00445391,0.02473079,0.001099084,0.076749526680268,7156.2131

17,True,False,0.02,0.25,Rot8,2,0,0.009688421,0.006261526,0.02341239,0.002319173,0.165136244781444,7170.2571

17,True,False,0.02,0.25,Rot8,2,0,0.008720759,0.008624068,0.02106218,0.003470082,0.228306858463244,7185.4563

17,True,False,0.02,0.25,Rot8,2,0,0.007855982,0.009853597,0.01843662,0.003025419,0.125582949895676,7209.5473

17,True,False,0.02,0.25,Rot8,2,0,0.007226585,0.01021703,0.01656836,0.002004652,0.126450128265061,7225.4006

17,True,False,0.02,0.25,Rot8,2,0,0.006916097,0.009924109,0.01529288,0.001345004,0.117635036972765,7236.8343

17,True,False,0.02,0.25,Rot8,2,0,0.006564389,0.009892267,0.01427205,0.001080192,0.0774075796235907,7250.7889

17,True,False,0.02,0.25,Rot8,2,0,0.006211543,0.009882721,0.01322442,0.001105492,0.0413958139713843,7277.4943

17,True,False,0.02,0.25,Rot8,2,0,0.005974717,0.01000885,0.01262756,0.0006544026,0.0451595550594079,7291.9852

17,True,False,0.02,0.25,Rot8,2,0,0.005868639,0.009851405,0.01219884,0.0004688663,0.0364850957935198,7304.8361

17,True,False,0.02,0.25,Rot8,2,0,0.00558485,0.009969711,0.01187204,0.0004487024,0.0308834370726807,7319.365

17,True,False,0.02,0.25,Rot8,2,0,0.005322381,0.01006402,0.01158786,0.0003981727,0.0143373554735131,7347.1367

17,True,False,0.02,0.25,Rot8,2,0,0.005008925,0.01010361,0.01138727,0.0003742453,0.0272761622547148,7360.8573

17,True,False,0.02,0.25,Rot8,2,0,0.004604498,0.01010783,0.01124093,0.0004301085,0.0313547282361406,7374.5748

17,True,False,0.02,0.25,Rot8,2,0,0.004103577,0.01009067,0.01113514,0.0005122577,0.0383463723283102,7387.9335

17,True,False,0.02,0.25,Rot8,2,0,0.003611372,0.0100665,0.01105063,0.0004999909,0.0356677802363834,7401.9515

17,True,False,0.02,0.25,Rot8,2,0,0.003242803,0.01004279,0.01115318,0.0003833016,0.0279468049756432,7415.6669

17,True,False,0.02,0.25,Rot8,2,0,0.002877427,0.0100492,0.01125821,0.0003802269,0.0140536409214675,7442.7223

17,True,False,0.02,0.25,Rot8,2,0,0.002491731,0.01007244,0.01136008,0.0003995993,0.0256803629933121,7458.2828

17,True,False,0.02,0.25,Rot8,2,0,0.001944931,0.0101721,0.01147636,0.0005678406,0.0459325092084722,7470.6453

17,True,False,0.02,0.25,Rot8,2,0,0.001611282,0.01003293,0.01186072,0.0005276573,0.04000070771606,7483.8365

17,True,False,0.02,0.25,Rot8,2,0,0.001302367,0.009847169,0.01229363,0.0005633352,0.0340260447881176,7500.3925

17,True,False,0.02,0.25,Rot8,2,0,0.001037521,0.009780998,0.01250339,0.0003442711,0.0138468923860041,7525.2552

17,True,False,0.02,0.25,Rot8,2,0,0.0007811091,0.009733414,0.01269023,0.0003208111,0.020306810741938,7541.0534

17,True,False,0.02,0.25,Rot8,2,0,0.0002518757,0.009721929,0.01284438,0.0005513464,0.0531802651000135,7551.4209

17,True,False,0.02,0.25,Rot8,2,0,-0.0002628663,0.009698011,0.01301309,0.0005422129,0.036312625385247,7566.3527

17,True,False,0.02,0.25,Rot8,2,0,-0.0006626644,0.009747217,0.01324257,0.0004635909,0.0291218606078718,7582.2717

17,True,False,0.02,0.25,Rot8,2,0,-0.001021723,0.009772379,0.01348879,0.0004361005,0.0178900547493717,7606.6484

17,True,False,0.02,0.25,Rot8,2,0,-0.001457299,0.009842153,0.01374356,0.0005094151,0.0309682370940012,7623.098

17,True,False,0.02,0.25,Rot8,2,0,-0.001964799,0.009994745,0.01398195,0.0005810907,0.0472089859998962,7635.4069

17,True,False,0.02,0.25,Rot8,2,0,-0.002385835,0.01000819,0.01435187,0.0005606241,0.0390327940386239,7649.7698

17,True,False,0.02,0.25,Rot8,2,0,-0.002793564,0.009997906,0.01473507,0.0005596337,0.0380591837720421,7664.4741

17,True,False,0.02,0.25,Rot8,2,0,-0.003113503,0.01017625,0.0152289,0.0006148478,0.0238959570877646,7690.2043

17,True,False,0.02,0.25,Rot8,2,0,-0.003437775,0.01039388,0.01570217,0.0006135925,0.0214598360013431,7718.7969

17,True,False,0.02,0.25,Rot8,2,0,-0.00362702,0.01059165,0.01612596,0.0005045052,0.045792509757085,7729.8141

17,True,False,0.02,0.25,Rot8,2,0,-0.003800097,0.0108172,0.01653129,0.0004950933,0.037693249425702,7742.9489

17,True,False,0.02,0.25,Rot8,2,0,-0.003919269,0.01098147,0.0168198,0.0003527424,0.0258375813863153,7756.6012

17,True,False,0.02,0.25,Rot8,2,0,-0.004028934,0.01114023,0.01710408,0.0003435794,0.0258489761045945,7769.893

17,True,False,0.02,0.25,Rot8,2,0,-0.004028945,0.01114025,0.0171041,3.291405E-08,1.23800799390668E-06,7796.4793

17,True,False,0.02,0.25,Rot8,2,0,-0.004046886,0.01119707,0.01725731,0.0001643831,0.012552355311493,7809.5751

17,True,False,0.02,0.25,Rot8,2,0,-0.004094663,0.01135358,0.01747352,0.0002711547,0.0207306389203744,7822.655

17,True,False,0.02,0.25,Rot8,2,0,-0.004091232,0.01137767,0.0176883,0.0002161589,0.0152109984998823,7836.8657

17,True,False,0.02,0.25,Rot8,2,0,-0.004023901,0.01139689,0.0179636,0.000284064,0.0184338644738671,7852.2756

17,True,False,0.02,0.25,Rot8,2,0,-0.003949529,0.01141638,0.01824275,0.0002895379,0.0217219101219219,7865.6049

17,True,False,0.02,0.25,Rot8,2,0,-0.003866109,0.01145115,0.01842777,0.0002059138,0.00865173030932646,7889.4052

17,True,False,0.02,0.25,Rot8,2,0,-0.003789901,0.01149463,0.01858645,0.0001813227,0.00681733316568634,7916.0025

17,True,False,0.02,0.25,Rot8,2,0,-0.003651015,0.01145397,0.01883701,0.0002893506,0.020573699948035,7930.0666

17,True,False,0.02,0.25,Rot8,2,0,-0.003427259,0.01141619,0.01900851,0.0002844392,0.0212458331892805,7943.4546

17,True,False,0.02,0.25,Rot8,2,0,-0.003308372,0.0113937,0.01909095,0.0001464111,0.0102112606446886,7957.7928

17,True,False,0.02,0.25,Rot8,2,0,-0.003182403,0.01136825,0.01917035,0.0001510652,0.0107034426277663,7971.9065

17,True,False,0.02,0.25,Rot8,2,0,-0.003031931,0.01137021,0.01925996,0.0001751435,0.0128935605945216,7985.4903

17,True,False,0.02,0.25,Rot8,2,0,-0.00287504,0.01137137,0.01934581,0.0001788484,0.0114819371014946,8001.0668

17,True,False,0.02,0.25,Rot8,2,0,-0.002789608,0.01139006,0.01948308,0.0001627605,0.0124818222037958,8014.1066

17,True,False,0.02,0.25,Rot8,2,0,-0.002702377,0.01140846,0.01962128,0.0001644604,0.00417996644297908,8053.4515

17,True,False,0.02,0.25,Rot8,2,0,-0.002626653,0.01156225,0.01968177,0.0001817828,0.00668872471975195,8080.629

17,True,False,0.02,0.25,Rot8,2,0,-0.002440671,0.01182797,0.01989596,0.0003886785,0.0320218863500554,8092.7669

17,True,False,0.02,0.25,Rot8,2,0,-0.002319223,0.01200966,0.02003091,0.0002568554,0.0197027897931533,8105.8034

17,True,False,0.02,0.25,Rot8,2,0,-0.002215929,0.01215431,0.0201216,0.0001995462,0.0158417760054035,8118.3996

17,True,False,0.02,0.25,Rot8,2,0,-0.002107955,0.01230606,0.02020944,0.0002059157,0.0151994247569831,8131.9472

17,True,False,0.02,0.25,Rot8,2,0,-0.002041719,0.01243871,0.02022984,0.00014967,0.0102012697701861,8146.6189

17,True,False,0.02,0.25,Rot8,2,0,-0.00204154,0.01243878,0.02022976,2.066445E-07,8.15815817073108E-06,8171.9487

17,True,False,0.02,0.25,Rot8,2,0,-0.001906625,0.01259301,0.02019503,0.0002078387,0.0077430104414977,8198.7908

17,True,False,0.02,0.25,Rot8,2,0,-0.001784741,0.012833,0.02019149,0.000269186,0.0205883083667992,8211.8655

17,True,False,0.02,0.25,Rot8,2,0,-0.001677121,0.01306839,0.02018145,0.0002590196,0.0194240426752922,8225.2005

17,True,False,0.02,0.25,Rot8,2,0,-0.001626539,0.01318474,0.02017484,0.0001270386,0.00892594900330985,8239.433

17,True,False,0.02,0.25,Rot8,2,0,-0.001627102,0.01328553,0.02019208,0.0001022597,0.00759803363253823,8252.8917

17,True,False,0.02,0.25,Rot8,2,0,-0.00163275,0.01338384,0.0202106,0.0001001966,0.00722788616920772,8266.7542

17,True,False,0.02,0.25,Rot8,2,0,-0.001636814,0.01346092,0.02025133,8.728098E-05,0.00684486883721408,8279.5055

17,True,False,0.02,0.25,Rot8,2,0,-0.001645561,0.01353449,0.02029483,8.59102E-05,0.00534078095086768,8295.5912

17,True,False,0.02,0.25,Rot8,2,0,-0.001627519,0.01359173,0.02035422,8.442978E-05,0.00346147121610933,8319.9825

17,True,False,0.02,0.25,Rot8,2,0,-0.001611333,0.01364492,0.02041721,8.401507E-05,0.0031564794975106,8346.5992

17,True,False,0.02,0.25,Rot8,2,0,-0.001520779,0.01363925,0.02044445,9.473445E-05,0.0067919734123933,8360.5472

17,True,False,0.02,0.25,Rot8,2,0,-0.001485154,0.01362797,0.02049667,6.421292E-05,0.00461259921458528,8374.4684

17,True,False,0.02,0.25,Rot8,2,0,-0.001469675,0.01361817,0.02052078,3.028022E-05,0.00211689121683272,8388.7725

17,True,False,0.02,0.25,Rot8,2,0,-0.001456737,0.01360464,0.02054312,2.91439E-05,0.00214735518805504,8402.3445

17,True,False,0.02,0.25,Rot8,2,0,-0.001371298,0.01366435,0.02058204,0.0001112609,0.00682845922694176,8418.6382

17,True,False,0.02,0.25,Rot8,2,0,-0.001282002,0.01372674,0.02061873,0.0001149484,0.00831459084033245,8432.4631

17,True,False,0.02,0.25,Rot8,2,0,-0.001255974,0.01372856,0.0208749,0.0002574912,0.00969126970946281,8459.0325

17,True,False,0.02,0.25,Rot8,2,0,-0.001226846,0.01372704,0.02114885,0.0002755062,0.0227994415982585,8471.1164

17,True,False,0.02,0.25,Rot8,2,0,-0.001254214,0.01370432,0.02199303,0.0008449296,0.0684685747734718,8483.4568

17,True,False,0.02,0.25,Rot8,2,0,-0.001254214,0.01370432,0.02199303,0,0,8497.9495

17,True,False,0.02,0.25,Rot8,2,0,-0.001254214,0.01370432,0.02199303,0,0,8513.1252

17,True,False,0.02,0.25,Rot8,2,0,-0.001254214,0.01370432,0.02199303,0,0,8539.004

17,True,False,0.02,0.25,Rot8,2,0,-0.001254214,0.01370432,0.02199303,0,0,8566.0181

17,True,False,0.02,0.25,Rot8,2,0,-0.001254214,0.01370432,0.02199303,0,0,8578.3194

17,True,False,0.02,0.25,Rot8,2,0,-0.001254214,0.01370432,0.02199303,0,0,8591.7321

17,True,False,0.02,0.25,Rot8,2,0,-0.001254214,0.01370432,0.02199303,0,0,8604.188

17,True,False,0.02,0.25,Rot8,2,0,-0.001254214,0.01370432,0.02199303,0,0,8617.9215

17,True,False,0.02,0.25,Rot8,2,0,-0.001254214,0.01370432,0.02199303,0,0,8632.6154

17,True,False,0.02,0.25,Rot8,2,0,-0.001254214,0.01370432,0.02199303,0,0,8645.5004

17,True,False,0.02,0.25,Rot8,2,0,-0.001254214,0.01370432,0.02199303,0,0,8671.3348

17,True,False,0.02,0.25,Rot8,2,0,-0.001254214,0.01370432,0.02199303,0,0,8697.8379

17,True,False,0.02,0.25,Rot8,2,0,-0.001254214,0.01370432,0.02199303,0,0,8711.1593

17,True,False,0.02,0.25,Rot8,2,0,-0.001254214,0.01370432,0.02199303,0,0,8724.5716

17,True,False,0.02,0.25,Rot8,2,0,-0.001254214,0.01370432,0.02199303,0,0,8738.7249

17,True,False,0.02,0.25,Rot8,2,0,-0.001254214,0.01370432,0.02199303,0,0,8752.5354

17,True,False,0.02,0.25,Rot8,2,0,-0.001254214,0.01370432,0.02199303,0,0,8765.9295

17,True,False,0.02,0.25,Rot8,2,0,-0.001254214,0.01370432,0.02199303,0,0,8779.4841

17,True,False,0.02,0.25,Rot8,2,0,-0.001254214,0.01370432,0.02199303,0,0,8794.6382

17,True,False,0.02,0.25,Rot8,2,0,-0.001254214,0.01370432,0.02199303,0,0,8819.2867

17,True,False,0.02,0.25,Rot8,2,0,-0.001254214,0.01370432,0.02199303,0,0,8845.8576

17,True,False,0.02,0.25,Rot8,2,0,-0.001254214,0.01370432,0.02199303,0,0,8858.2017

17,True,False,0.02,0.25,Rot8,2,0,-0.001254214,0.01370432,0.02199303,0,0,8870.7569

17,True,False,0.02,0.25,Rot8,2,0,-0.001254214,0.01370432,0.02199303,0,0,8883.1939

17,True,False,0.02,0.25,Rot8,2,0,-0.001254214,0.01370432,0.02199303,0,0,8897.9905

17,True,False,0.02,0.25,Rot8,2,0,-0.001254214,0.01370432,0.02199303,0,0,8924.2422

17,True,False,0.02,0.25,Rot8,2,0,-0.001254214,0.01370432,0.02199303,0,0,8949.8828

17,True,False,0.02,0.25,Rot8,2,0,-0.001254214,0.01370432,0.02199303,0,0,8963.2809

17,True,False,0.02,0.25,Rot8,2,0,-0.001254214,0.01370432,0.02199303,0,0,8976.3122

17,True,False,0.02,0.25,Rot8,2,0,-0.001254214,0.01370432,0.02199303,0,0,8990.0022

17,True,False,0.02,0.25,Rot8,2,0,-0.001254214,0.01370432,0.02199303,0,0,9002.2196

17,True,False,0.02,0.25,Rot8,2,0,-0.001254214,0.01370432,0.02199303,0,0,9016.6687

17,True,False,0.02,0.25,Rot8,2,0,-0.001254214,0.01370432,0.02199303,0,0,9043.0666

17,True,False,0.02,0.25,Rot8,2,0,-0.001254214,0.01370432,0.02199303,0,0,9056.8639

17,True,False,0.02,0.25,Rot8,2,0,-0.001254214,0.01370432,0.02199303,0,0,9070.9195

17,True,False,0.02,0.25,Rot8,2,0,-0.001254214,0.01370432,0.02199303,0,0,9084.0042

17,True,False,0.02,0.25,Rot8,2,0,-0.001254214,0.01370432,0.02199303,0,0,9098.4033

17,True,False,0.02,0.25,Rot8,2,0,-0.001254214,0.01370432,0.02199303,0,0,9113.6029

17,True,False,0.02,0.25,Rot8,2,0,-0.001254214,0.01370432,0.02199303,0,0,9139.2758

17,True,False,0.02,0.25,Rot8,2,0,-0.001254214,0.01370432,0.02199303,0,0,9165.4643

17,True,False,0.02,0.25,Rot8,2,0,-0.001254214,0.01370432,0.02199303,0,0,9179.1413

17,True,False,0.02,0.25,Rot8,2,0,-0.001254214,0.01370432,0.02199303,0,0,9192.7603

17,True,False,0.02,0.25,Rot8,2,0,-0.001254214,0.01370432,0.02199303,0,0,9205.1283

17,True,False,0.02,0.25,Rot8,2,0,-0.001254214,0.01370432,0.02199303,0,0,9218.2639

17,True,False,0.02,0.25,Rot8,2,0,-0.001254214,0.01370432,0.02199303,0,0,9231.0508

17,True,False,0.02,0.25,Rot8,2,0,-0.001254214,0.01370432,0.02199303,0,0,9245.721

17,True,False,0.02,0.25,Rot8,2,0,-0.001254214,0.01370432,0.02199303,0,0,9272.5833

17,True,False,0.02,0.25,Rot8,2,0,-0.001254214,0.01370432,0.02199303,0,0,9288.043

17,True,False,0.02,0.25,Rot8,2,0,-0.001254214,0.01370432,0.02199303,0,0,9299.548

17,True,False,0.02,0.25,Rot8,2,0,-0.001254214,0.01370432,0.02199303,0,0,9313.7252

17,True,False,0.02,0.25,Rot8,2,0,-0.001254214,0.01370432,0.02199303,0,0,9340.6828

17,True,False,0.02,0.25,Rot8,2,0,-0.001254214,0.01370432,0.02199303,0,0,9366.1599

17,True,False,0.02,0.25,Rot8,2,0,-0.001254214,0.01370432,0.02199303,0,0,9379.9111

17,True,False,0.02,0.25,Rot8,2,0,-0.001254214,0.01370432,0.02199303,0,0,9393.1954

17,True,False,0.02,0.25,Rot8,2,0,-0.001254214,0.01370432,0.02199303,0,0,9406.862

17,True,False,0.02,0.25,Rot8,2,0,-0.001254214,0.01370432,0.02199303,0,0,9419.9954

17,True,False,0.02,0.25,Rot8,2,0,-0.001254214,0.01370432,0.02199303,0,0,9434.2826

17,True,False,0.02,0.25,Rot8,2,0,-0.001254214,0.01370432,0.02199303,0,0,9460.9291

17,True,False,0.02,0.25,Rot8,2,0,-0.001254214,0.01370432,0.02199303,0,0,9474.6515

17,True,False,0.02,0.25,Rot8,2,0,-0.001254214,0.01370432,0.02199303,0,0,9488.4173

17,True,False,0.02,0.25,Rot8,2,0,-0.001254214,0.01370432,0.02199303,0,0,9501.3043

17,True,False,0.02,0.25,Rot8,2,0,-0.001254214,0.01370432,0.02199303,0,0,9515.1936

17,True,False,0.02,0.25,Rot8,2,0,-0.001254214,0.01370432,0.02199303,0,0,9529.6148

17,True,False,0.02,0.25,Rot8,2,0,-0.001254214,0.01370432,0.02199303,0,0,9555.6567

17,True,False,0.02,0.25,Rot8,2,0,-0.001254214,0.01370432,0.02199303,0,0,9582.8427

17,True,False,0.02,0.25,Rot8,2,0,-0.001254214,0.01370432,0.02199303,0,0,9596.3969

17,True,False,0.02,0.25,Rot8,2,0,-0.001254214,0.01370432,0.02199303,0,0,9610.2016

17,True,False,0.02,0.25,Rot8,2,0,-0.001254214,0.01370432,0.02199303,0,0,9624.3425

17,True,False,0.02,0.25,Rot8,2,0,-0.001254214,0.01370432,0.02199303,0,0,9638.6331

17,True,False,0.02,0.25,Rot8,2,0,-0.001254214,0.01370432,0.02199303,0,0,9652.5309

17,True,False,0.02,0.25,Rot8,2,0,-0.001254214,0.01370432,0.02199303,0,0,9666.4495

17,True,False,0.02,0.25,Rot8,2,0,-0.001254214,0.01370432,0.02199303,0,0,9680.4271

17,True,False,0.02,0.25,Rot8,2,0,-0.001254214,0.01370432,0.02199303,0,0,9720.7223

17,True,False,0.02,0.25,Rot8,2,0,-0.001254214,0.01370432,0.02199303,0,0,9736.045

17,True,False,0.02,0.25,Rot8,2,0,-0.001254214,0.01370432,0.02199303,0,0,9748.1054

17,True,False,0.02,0.25,Rot8,2,0,-0.001254214,0.01370432,0.02199303,0,0,9761.6608

17,True,False,0.02,0.25,Rot8,2,0,-0.001254214,0.01370432,0.02199303,0,0,9775.981

17,True,False,0.02,0.25,Rot8,2,0,-0.001254214,0.01370432,0.02199303,0,0,9803.1503

17,True,False,0.02,0.25,Rot8,2,0,-0.001254214,0.01370432,0.02199303,0,0,9831.4165

17,True,False,0.02,0.25,Rot8,2,0,-0.001254214,0.01370432,0.02199303,0,0,9860.2376

17,True,False,0.02,0.25,Rot8,2,0,-0.001254214,0.01370432,0.02199303,0,0,9874.3953

17,True,False,0.02,0.25,Rot8,2,0,-0.001254214,0.01370432,0.02199303,0,0,9888.5332

17,True,False,0.02,0.25,Rot8,2,0,-0.001254214,0.01370432,0.02199303,0,0,9902.0471

17,True,False,0.02,0.25,Rot8,2,0,-0.001254214,0.01370432,0.02199303,0,0,9916.8248

17,True,False,0.02,0.25,Rot8,2,0,-0.001254214,0.01370432,0.02199303,0,0,9931.0177

17,True,False,0.02,0.25,Rot8,2,0,-0.001254214,0.01370432,0.02199303,0,0,9943.4859

17,True,False,0.02,0.25,Rot8,2,0,-0.001254214,0.01370432,0.02199303,0,0,9970.1017

17,True,False,0.02,0.25,Rot8,2,0,-0.001254214,0.01370432,0.02199303,0,0,9985.8321

17,True,False,0.02,0.25,Rot8,2,0,-0.001254214,0.01370432,0.02199303,0,0,9997.6472

17,True,False,0.02,0.25,Rot8,2,0,-0.001254214,0.01370432,0.02199303,0,0,10011.6063

17,True,False,0.02,0.25,Rot8,2,0,-0.001254214,0.01370432,0.02199303,0,0,10027.184

17,True,False,0.02,0.25,Rot8,2,0,-0.001254214,0.01370432,0.02199303,0,0,10052.7117

17,True,False,0.02,0.25,Rot8,2,0,-0.001254214,0.01370432,0.02199303,0,0,10068.6984

17,True,False,0.02,0.25,Rot8,2,0,-0.001254214,0.01370432,0.02199303,0,0,10080.0883

17,True,False,0.02,0.25,Rot8,2,0,-0.001254214,0.01370432,0.02199303,0,0,10094.281

17,True,False,0.02,0.25,Rot8,2,0,-0.001254214,0.01370432,0.02199303,0,0,10109.5184

17,True,False,0.02,0.25,Rot8,2,0,-0.001254214,0.01370432,0.02199303,0,0,10135.5989

17,True,False,0.02,0.25,Rot8,2,0,-0.001254214,0.01370432,0.02199303,0,0,10163.0929

17,True,False,0.02,0.25,Rot8,2,0,-0.001254214,0.01370432,0.02199303,0,0,10175.5259

17,True,False,0.02,0.25,Rot8,2,0,-0.001254214,0.01370432,0.02199303,0,0,10189.0816

17,True,False,0.02,0.25,Rot8,2,0,-0.001254214,0.01370432,0.02199303,0,0,10201.3875

17,True,False,0.02,0.25,Rot8,2,0,-0.001254214,0.01370432,0.02199303,0,0,10215.2468

17,True,False,0.02,0.25,Rot8,2,0,-0.001254214,0.01370432,0.02199303,0,0,10230.1799

17,True,False,0.02,0.25,Rot8,2,0,-0.001254214,0.01370432,0.02199303,0,0,10254.3524

17,True,False,0.02,0.25,Rot8,2,0,-0.001254214,0.01370432,0.02199303,0,0,10280.2374

17,True,False,0.02,0.25,Rot8,2,0,-0.001254214,0.01370432,0.02199303,0,0,10293.8019

17,True,False,0.02,0.25,Rot8,2,0,-0.001254214,0.01370432,0.02199303,0,0,10307.6808

17,True,False,0.02,0.25,Rot8,2,0,-0.001254214,0.01370432,0.02199303,0,0,10321.0265

17,True,False,0.02,0.25,Rot8,2,0,-0.001254214,0.01370432,0.02199303,0,0,10335.2025

17,True,False,0.02,0.25,Rot8,2,0,-0.001254214,0.01370432,0.02199303,0,0,10349.2255

17,True,False,0.02,0.25,Rot8,2,0,-0.001254214,0.01370432,0.02199303,0,0,10363.6484

17,True,False,0.02,0.25,Rot8,2,0,-0.001254214,0.01370432,0.02199303,0,0,10377.1034

17,True,False,0.02,0.25,Rot8,2,0,-0.001254214,0.01370432,0.02199303,0,0,10403.0315

17,True,False,0.02,0.25,Rot8,2,0,-0.001254214,0.01370432,0.02199303,0,0,10429.9185

17,True,False,0.02,0.25,Rot8,2,0,-0.001254214,0.01370432,0.02199303,0,0,10444.1436

17,True,False,0.02,0.25,Rot8,2,0,-0.001254214,0.01370432,0.02199303,0,0,10458.0024

17,True,False,0.02,0.25,Rot8,2,0,-0.001254214,0.01370432,0.02199303,0,0,10472.0001

17,True,False,0.02,0.25,Rot8,2,0,-0.001254214,0.01370432,0.02199303,0,0,10486.0911

17,True,False,0.02,0.25,Rot8,2,0,-0.001254214,0.01370432,0.02199303,0,0,10500.3133

17,True,False,0.02,0.25,Rot8,2,0,-0.001254214,0.01370432,0.02199303,0,0,10514.087

17,True,False,0.02,0.25,Rot8,2,0,-0.001254214,0.01370432,0.02199303,0,0,10527.3841

17,True,False,0.02,0.25,Rot8,2,0,-0.001254214,0.01370432,0.02199303,0,0,10554.4074

17,True,False,0.02,0.25,Rot8,2,0,-0.001254214,0.01370432,0.02199303,0,0,10570.6947

17,True,False,0.02,0.25,Rot8,2,0,-0.001254214,0.01370432,0.02199303,0,0,10581.7089

17,True,False,0.02,0.25,Rot8,2,0,-0.001254214,0.01370432,0.02199303,0,0,10596.3244

17,True,False,0.02,0.25,Rot8,2,0,-0.001254214,0.01370432,0.02199303,0,0,10623.4563

17,True,False,0.02,0.25,Rot8,2,0,-0.001254214,0.01370432,0.02199303,0,0,10637.3905

17,True,False,0.02,0.25,Rot8,2,0,-0.001254214,0.01370432,0.02199303,0,0,10650.2453

17,True,False,0.02,0.25,Rot8,2,0,-0.001254214,0.01370432,0.02199303,0,0,10664.5948

17,True,False,0.02,0.25,Rot8,2,0,-0.001254214,0.01370432,0.02199303,0,0,10678.8247

17,True,False,0.02,0.25,Rot8,2,0,-0.001254214,0.01370432,0.02199303,0,0,10692.5258

17,True,False,0.02,0.25,Rot8,2,0,-0.001254214,0.01370432,0.02199303,0,0,10708.6124

17,True,False,0.02,0.25,Rot8,2,0,-0.001254214,0.01370432,0.02199303,0,0,10733.2087

17,True,False,0.02,0.25,Rot8,2,0,-0.001254214,0.01370432,0.02199303,0,0,10749.7226

17,True,False,0.02,0.25,Rot8,2,0,-0.001254214,0.01370432,0.02199303,0,0,10760.4468

17,True,False,0.02,0.25,Rot8,2,0,-0.001254214,0.01370432,0.02199303,0,0,10775.9938

17,True,False,0.02,0.25,Rot8,2,0,-0.001254214,0.01370432,0.02199303,0,0,10802.3883

17,True,False,0.02,0.25,Rot8,2,0,-0.001254214,0.01370432,0.02199303,0,0,10829.9094

17,True,False,0.02,0.25,Rot8,2,0,-0.001254214,0.01370432,0.02199303,0,0,10842.5359

17,True,False,0.02,0.25,Rot8,2,0,-0.001254214,0.01370432,0.02199303,0,0,10855.4889

17,True,False,0.02,0.25,Rot8,2,0,-0.001254214,0.01370432,0.02199303,0,0,10868.7367

17,True,False,0.02,0.25,Rot8,2,0,-0.001254214,0.01370432,0.02199303,0,0,10881.7425

17,True,False,0.02,0.25,Rot8,2,0,-0.001254214,0.01370432,0.02199303,0,0,10896.0925

17,True,False,0.02,0.25,Rot8,2,0,-0.001254214,0.01370432,0.02199303,0,0,10909.943

17,True,False,0.02,0.25,Rot8,2,0,-0.001254214,0.01370432,0.02199303,0,0,10935.8478

17,True,False,0.02,0.25,Rot8,2,0,-0.001254214,0.01370432,0.02199303,0,0,10960.877

17,True,False,0.02,0.25,Rot8,2,0,-0.001254214,0.01370432,0.02199303,0,0,10974.7481

17,True,False,0.02,0.25,Rot8,2,0,-0.001254214,0.01370432,0.02199303,0,0,10988.4802

17,True,False,0.02,0.25,Rot8,2,0,-0.001254214,0.01370432,0.02199303,0,0,11001.9756

17,True,False,0.02,0.25,Rot8,2,0,-0.001254214,0.01370432,0.02199303,0,0,11016.4972

17,True,False,0.02,0.25,Rot8,2,0,-0.001254214,0.01370432,0.02199303,0,0,11030.3509

17,True,False,0.02,0.25,Rot8,2,0,-0.001254214,0.01370432,0.02199303,0,0,11043.8034

17,True,False,0.02,0.25,Rot8,2,0,-0.001254214,0.01370432,0.02199303,0,0,11069.697

17,True,False,0.02,0.25,Rot8,2,0,-0.001254214,0.01370432,0.02199303,0,0,11085.8714

17,True,False,0.02,0.25,Rot8,2,0,-0.001254214,0.01370432,0.02199303,0,0,11096.6384

17,True,False,0.02,0.25,Rot8,2,0,-0.001254214,0.01370432,0.02199303,0,0,11110.8852

17,True,False,0.02,0.25,Rot8,2,0,-0.001254214,0.01370432,0.02199303,0,0,11125.8037

17,True,False,0.02,0.25,Rot8,2,0,-0.001254214,0.01370432,0.02199303,0,0,11151.0198

17,True,False,0.02,0.25,Rot8,2,0,-0.001254214,0.01370432,0.02199303,0,0,11167.7266

17,True,False,0.02,0.25,Rot8,2,0,-0.001254214,0.01370432,0.02199303,0,0,11178.6552

17,True,False,0.02,0.25,Rot8,2,0,-0.001254214,0.01370432,0.02199303,0,0,11192.9548

17,True,False,0.02,0.25,Rot8,2,0,-0.001254214,0.01370432,0.02199303,0,0,11220.4793

17,True,False,0.02,0.25,Rot8,2,0,-0.001254214,0.01370432,0.02199303,0,0,11248.3211

17,True,False,0.02,0.25,Rot8,2,0,-0.001254214,0.01370432,0.02199303,0,0,11274.404

17,True,False,0.02,0.25,Rot8,2,0,-0.001254214,0.01370432,0.02199303,0,0,11285.7672

17,True,False,0.02,0.25,Rot8,2,0,-0.001254214,0.01370432,0.02199303,0,0,11298.664

17,True,False,0.02,0.25,Rot8,2,0,-0.001254214,0.01370432,0.02199303,0,0,11312.2363

17,True,False,0.02,0.25,Rot8,2,0,-0.001254214,0.01370432,0.02199303,0,0,11325.9854

17,True,False,0.02,0.25,Rot8,2,0,-0.001254214,0.01370432,0.02199303,0,0,11352.6632

17,True,False,0.02,0.25,Rot8,2,0,-0.001254214,0.01370432,0.02199303,0,0,11379.6298

17,True,False,0.02,0.25,Rot8,2,0,-0.001254214,0.01370432,0.02199303,0,0,11392.7032

17,True,False,0.02,0.25,Rot8,2,0,-0.001254214,0.01370432,0.02199303,0,0,11406.0193

17,True,False,0.02,0.25,Rot8,2,0,-0.001254214,0.01370432,0.02199303,0,0,11419.5981

17,True,False,0.02,0.25,Rot8,2,0,-0.001254214,0.01370432,0.02199303,0,0,11435.0779

17,True,False,0.02,0.25,Rot8,2,0,-0.001254214,0.01370432,0.02199303,0,0,11458.822

17,True,False,0.02,0.25,Rot8,2,0,-0.001254214,0.01370432,0.02199303,0,0,11485.6409

17,True,False,0.02,0.25,Rot8,2,0,-0.001254214,0.01370432,0.02199303,0,0,11499.6014

17,True,False,0.02,0.25,Rot8,2,0,-0.001254214,0.01370432,0.02199303,0,0,11513.2013

17,True,False,0.02,0.25,Rot8,2,0,-0.001254214,0.01370432,0.02199303,0,0,11527.6894

17,True,False,0.02,0.25,Rot8,2,0,-0.001254214,0.01370432,0.02199303,0,0,11541.1803

17,True,False,0.02,0.25,Rot8,2,0,-0.001254214,0.01370432,0.02199303,0,0,11555.4749

17,True,False,0.02,0.25,Rot8,2,0,-0.001254214,0.01370432,0.02199303,0,0,11570.258

17,True,False,0.02,0.25,Rot8,2,0,-0.001254214,0.01370432,0.02199303,0,0,11585.1447

17,True,False,0.02,0.25,Rot8,2,0,-0.001254214,0.01370432,0.02199303,0,0,11608.8237

17,True,False,0.02,0.25,Rot8,2,0,-0.001254214,0.01370432,0.02199303,0,0,11624.9701

17,True,False,0.02,0.25,Rot8,2,0,-0.001254214,0.01370432,0.02199303,0,0,11636.8299

17,True,False,0.02,0.25,Rot8,2,0,-0.001254214,0.01370432,0.02199303,0,0,11652.8336

17,True,False,0.02,0.25,Rot8,2,0,-0.001254214,0.01370432,0.02199303,0,0,11678.5404

17,True,False,0.02,0.25,Rot8,2,0,-0.001254214,0.01370432,0.02199303,0,0,11704.8125

17,True,False,0.02,0.25,Rot8,2,0,-0.001254214,0.01370432,0.02199303,0,0,11717.5329

17,True,False,0.02,0.25,Rot8,2,0,-0.001254214,0.01370432,0.02199303,0,0,11730.3145

17,True,False,0.02,0.25,Rot8,2,0,-0.001254214,0.01370432,0.02199303,0,0,11743.2084

17,True,False,0.02,0.25,Rot8,2,0,-0.001254214,0.01370432,0.02199303,0,0,11757.0872

17,True,False,0.02,0.25,Rot8,2,0,-0.001254214,0.01370432,0.02199303,0,0,11773.5171

17,True,False,0.02,0.25,Rot8,2,0,-0.001254214,0.01370432,0.02199303,0,0,11798.0631

17,True,False,0.02,0.25,Rot8,2,0,-0.001254214,0.01370432,0.02199303,0,0,11823.6314

17,True,False,0.02,0.25,Rot8,2,0,-0.001254214,0.01370432,0.02199303,0,0,11837.3836

17,True,False,0.02,0.25,Rot8,2,0,-0.001254214,0.01370432,0.02199303,0,0,11851.0454

17,True,False,0.02,0.25,Rot8,2,0,-0.001254214,0.01370432,0.02199303,0,0,11864.4026

17,True,False,0.02,0.25,Rot8,2,0,-0.001254214,0.01370432,0.02199303,0,0,11878.4437

17,True,False,0.02,0.25,Rot8,2,0,-0.001254214,0.01370432,0.02199303,0,0,11892.1489

17,True,False,0.02,0.25,Rot8,2,0,-0.001254214,0.01370432,0.02199303,0,0,11919.2432

17,True,False,0.02,0.25,Rot8,2,0,-0.001254214,0.01370432,0.02199303,0,0,11933.2273

17,True,False,0.02,0.25,Rot8,2,0,-0.001254214,0.01370432,0.02199303,0,0,11946.8748

17,True,False,0.02,0.25,Rot8,2,0,-0.001254214,0.01370432,0.02199303,0,0,11960.2632

17,True,False,0.02,0.25,Rot8,2,0,-0.001254214,0.01370432,0.02199303,0,0,11974.6777

17,True,False,0.02,0.25,Rot8,2,0,-0.001254214,0.01370432,0.02199303,0,0,11988.7933

17,True,False,0.02,0.25,Rot8,2,0,-0.001254214,0.01370432,0.02199303,0,0,12001.8983

17,True,False,0.02,0.25,Rot8,2,0,-0.001254214,0.01370432,0.02199303,0,0,12027.9789

17,True,False,0.02,0.25,Rot8,2,0,-0.001254214,0.01370432,0.02199303,0,0,12054.988

17,True,False,0.02,0.25,Rot8,2,0,-0.001254214,0.01370432,0.02199303,0,0,12069.0804

17,True,False,0.02,0.25,Rot8,2,0,-0.001254214,0.01370432,0.02199303,0,0,12083.2592

17,True,False,0.02,0.25,Rot8,2,0,-0.001254214,0.01370432,0.02199303,0,0,12097.1926

17,True,False,0.02,0.25,Rot8,2,0,-0.001254214,0.01370432,0.02199303,0,0,12111.0877

17,True,False,0.02,0.25,Rot8,2,0,-0.001254214,0.01370432,0.02199303,0,0,12125.0264

17,True,False,0.02,0.25,Rot8,2,0,-0.001254214,0.01370432,0.02199303,0,0,12138.8442

17,True,False,0.02,0.25,Rot8,2,0,-0.001254214,0.01370432,0.02199303,0,0,12153.8045

17,True,False,0.02,0.25,Rot8,2,0,-0.001254214,0.01370432,0.02199303,0,0,12179.7525

17,True,False,0.02,0.25,Rot8,2,0,-0.001254214,0.01370432,0.02199303,0,0,12195.3736

17,True,False,0.02,0.25,Rot8,2,0,-0.001254214,0.01370432,0.02199303,0,0,12207.5143

17,True,False,0.02,0.25,Rot8,2,0,-0.001254214,0.01370432,0.02199303,0,0,12221.442

17,True,False,0.02,0.25,Rot8,2,0,-0.001254214,0.01370432,0.02199303,0,0,12236.7129

17,True,False,0.02,0.25,Rot8,2,0,-0.001254214,0.01370432,0.02199303,0,0,12261.2566

17,True,False,0.02,0.25,Rot8,2,0,-0.001254214,0.01370432,0.02199303,0,0,12276.0453

17,True,False,0.02,0.25,Rot8,2,0,-0.001254214,0.01370432,0.02199303,0,0,12289.4913

17,True,False,0.02,0.25,Rot8,2,0,-0.001254214,0.01370432,0.02199303,0,0,12316.9087

17,True,False,0.02,0.25,Rot8,2,0,-0.001254214,0.01370432,0.02199303,0,0,12331.3193

17,True,False,0.02,0.25,Rot8,2,0,-0.001254214,0.01370432,0.02199303,0,0,12345.1162

17,True,False,0.02,0.25,Rot8,2,0,-0.001254214,0.01370432,0.02199303,0,0,12360.1581

17,True,False,0.02,0.25,Rot8,2,0,-0.001254214,0.01370432,0.02199303,0,0,12375.1207

17,True,False,0.02,0.25,Rot8,2,0,-0.001254214,0.01370432,0.02199303,0,0,12388.2915

17,True,False,0.02,0.25,Rot8,2,0,-0.001254214,0.01370432,0.02199303,0,0,12402.1874

17,True,False,0.02,0.25,Rot8,2,0,-0.001254214,0.01370432,0.02199303,0,0,12427.7832

17,True,False,0.02,0.25,Rot8,2,0,-0.001254214,0.01370432,0.02199303,0,0,12455.7286

17,True,False,0.02,0.25,Rot8,2,0,-0.001254214,0.01370432,0.02199303,0,0,12470.3287

17,True,False,0.02,0.25,Rot8,2,0,-0.001254214,0.01370432,0.02199303,0,0,12486.6944

17,True,False,0.02,0.25,Rot8,2,0,-0.001254214,0.01370432,0.02199303,0,0,12498.1156

17,True,False,0.02,0.25,Rot8,2,0,-0.001254214,0.01370432,0.02199303,0,0,12512.4252

17,True,False,0.02,0.25,Rot8,2,0,-0.001254214,0.01370432,0.02199303,0,0,12526.26

17,True,False,0.02,0.25,Rot8,2,0,-0.001254214,0.01370432,0.02199303,0,0,12539.1143

17,True,False,0.02,0.25,Rot8,2,0,-0.001254214,0.01370432,0.02199303,0,0,12555.6749

17,True,False,0.02,0.25,Rot8,2,0,-0.001254214,0.01370432,0.02199303,0,0,12580.1121

17,True,False,0.02,0.25,Rot8,2,0,-0.001254214,0.01370432,0.02199303,0,0,12595.7978

17,True,False,0.02,0.25,Rot8,2,0,-0.001254214,0.01370432,0.02199303,0,0,12607.7778

17,True,False,0.02,0.25,Rot8,2,0,-0.001254214,0.01370432,0.02199303,0,0,12622.4699

17,True,False,0.02,0.25,Rot8,2,0,-0.001254214,0.01370432,0.02199303,0,0,12650.5668

17,True,False,0.02,0.25,Rot8,2,0,-0.001254214,0.01370432,0.02199303,0,0,12664.5074

17,True,False,0.02,0.25,Rot8,2,0,-0.001254214,0.01370432,0.02199303,0,0,12690.6853

17,True,False,0.02,0.25,Rot8,2,0,-0.001254214,0.01370432,0.02199303,0,0,12717.4372

17,True,False,0.02,0.25,Rot8,2,0,-0.001254214,0.01370432,0.02199303,0,0,12728.9467

17,True,False,0.02,0.25,Rot8,2,0,-0.001254214,0.01370432,0.02199303,0,0,12742.0866

17,True,False,0.02,0.25,Rot8,2,0,-0.001254214,0.01370432,0.02199303,0,0,12756.1962

17,True,False,0.02,0.25,Rot8,2,0,-0.001254214,0.01370432,0.02199303,0,0,12768.4449

17,True,False,0.02,0.25,Rot8,2,0,-0.001254214,0.01370432,0.02199303,0,0,12794.7451

17,True,False,0.02,0.25,Rot8,2,0,-0.001254214,0.01370432,0.02199303,0,0,12820.926

17,True,False,0.02,0.25,Rot8,2,0,-0.001254214,0.01370432,0.02199303,0,0,12834.9567

17,True,False,0.02,0.25,Rot8,2,0,-0.001254214,0.01370432,0.02199303,0,0,12848.5775

17,True,False,0.02,0.25,Rot8,2,0,-0.001254214,0.01370432,0.02199303,0,0,12861.9007

17,True,False,0.02,0.25,Rot8,2,0,-0.001254214,0.01370432,0.02199303,0,0,12875.9473

17,True,False,0.02,0.25,Rot8,2,0,-0.001254214,0.01370432,0.02199303,0,0,12889.683

17,True,False,0.02,0.25,Rot8,2,0,-0.001254214,0.01370432,0.02199303,0,0,12903.2669

17,True,False,0.02,0.25,Rot8,2,0,-0.001254214,0.01370432,0.02199303,0,0,12930.1566

17,True,False,0.02,0.25,Rot8,2,0,-0.001254214,0.01370432,0.02199303,0,0,12958.0482

17,True,False,0.02,0.25,Rot8,2,0,-0.001254214,0.01370432,0.02199303,0,0,12971.8764

17,True,False,0.02,0.25,Rot8,2,0,-0.001254214,0.01370432,0.02199303,0,0,12984.5993

17,True,False,0.02,0.25,Rot8,2,0,-0.001254214,0.01370432,0.02199303,0,0,12998.0743

17,True,False,0.02,0.25,Rot8,2,0,-0.001254214,0.01370432,0.02199303,0,0,13012.7728

17,True,False,0.02,0.25,Rot8,2,0,-0.001254214,0.01370432,0.02199303,0,0,13042.1518

17,True,False,0.02,0.25,Rot8,2,0,-0.001254214,0.01370432,0.02199303,0,0,13054.3572

17,True,False,0.02,0.25,Rot8,2,0,-0.001254214,0.01370432,0.02199303,0,0,13081.273

17,True,False,0.02,0.25,Rot8,2,0,-0.001254214,0.01370432,0.02199303,0,0,13109.015

17,True,False,0.02,0.25,Rot8,2,0,-0.001254214,0.01370432,0.02199303,0,0,13121.0133

17,True,False,0.02,0.25,Rot8,2,0,-0.001254214,0.01370432,0.02199303,0,0,13133.888

17,True,False,0.02,0.25,Rot8,2,0,-0.001254214,0.01370432,0.02199303,0,0,13146.6656

17,True,False,0.02,0.25,Rot8,2,0,-0.001254214,0.01370432,0.02199303,0,0,13160.0847

17,True,False,0.02,0.25,Rot8,2,0,-0.001254214,0.01370432,0.02199303,0,0,13175.2601

17,True,False,0.02,0.25,Rot8,2,0,-0.001254214,0.01370432,0.02199303,0,0,13199.3187

17,True,False,0.02,0.25,Rot8,2,0,-0.001254214,0.01370432,0.02199303,0,0,13225.179

17,True,False,0.02,0.25,Rot8,2,0,-0.001254214,0.01370432,0.02199303,0,0,13238.8323

17,True,False,0.02,0.25,Rot8,2,0,-0.001254214,0.01370432,0.02199303,0,0,13252.6377

17,True,False,0.02,0.25,Rot8,2,0,-0.001254214,0.01370432,0.02199303,0,0,13266.0253

17,True,False,0.02,0.25,Rot8,2,0,-0.001254214,0.01370432,0.02199303,0,0,13280.1883

17,True,False,0.02,0.25,Rot8,2,0,-0.001254214,0.01370432,0.02199303,0,0,13294.1748

17,True,False,0.02,0.25,Rot8,2,0,-0.001254214,0.01370432,0.02199303,0,0,13308.0727

17,True,False,0.02,0.25,Rot8,2,0,-0.001254214,0.01370432,0.02199303,0,0,13334.9633

17,True,False,0.02,0.25,Rot8,2,0,-0.001254214,0.01370432,0.02199303,0,0,13348.8895

17,True,False,0.02,0.25,Rot8,2,0,-0.001254214,0.01370432,0.02199303,0,0,13361.9018

17,True,False,0.02,0.25,Rot8,2,0,-0.001254214,0.01370432,0.02199303,0,0,13376.1139

17,True,False,0.02,0.25,Rot8,2,0,-0.001254214,0.01370432,0.02199303,0,0,13390.3558

17,True,False,0.02,0.25,Rot8,2,0,-0.001254214,0.01370432,0.02199303,0,0,13403.5783

17,True,False,0.02,0.25,Rot8,2,0,-0.001254214,0.01370432,0.02199303,0,0,13429.9487

17,True,False,0.02,0.25,Rot8,2,0,-0.001254214,0.01370432,0.02199303,0,0,13445.6301

17,True,False,0.02,0.25,Rot8,2,0,-0.001254214,0.01370432,0.02199303,0,0,13457.123

17,True,False,0.02,0.25,Rot8,2,0,-0.001254214,0.01370432,0.02199303,0,0,13471.6967

17,True,False,0.02,0.25,Rot8,2,0,-0.001254214,0.01370432,0.02199303,0,0,13487.1102

17,True,False,0.02,0.25,Rot8,2,0,-0.001254214,0.01370432,0.02199303,0,0,13511.7279

17,True,False,0.02,0.25,Rot8,2,0,-0.001254214,0.01370432,0.02199303,0,0,13539.027

17,True,False,0.02,0.25,Rot8,2,0,-0.001254214,0.01370432,0.02199303,0,0,13551.2402

17,True,False,0.02,0.25,Rot8,2,0,-0.001254214,0.01370432,0.02199303,0,0,13563.8673

17,True,False,0.02,0.25,Rot8,2,0,-0.001254214,0.01370432,0.02199303,0,0,13577.6166

17,True,False,0.02,0.25,Rot8,2,0,-0.001254214,0.01370432,0.02199303,0,0,13591.3347

17,True,False,0.02,0.25,Rot8,2,0,-0.001254214,0.01370432,0.02199303,0,0,13603.794

17,True,False,0.02,0.25,Rot8,2,0,-0.001254214,0.01370432,0.02199303,0,0,13630.6239

17,True,False,0.02,0.25,Rot8,2,0,-0.001254214,0.01370432,0.02199303,0,0,13656.5367

17,True,False,0.02,0.25,Rot8,2,0,-0.001254214,0.01370432,0.02199303,0,0,13670.1339

17,True,False,0.02,0.25,Rot8,2,0,-0.001254214,0.01370432,0.02199303,0,0,13683.6237

17,True,False,0.02,0.25,Rot8,2,0,-0.001254214,0.01370432,0.02199303,0,0,13697.8968

17,True,False,0.02,0.25,Rot8,2,0,-0.001254214,0.01370432,0.02199303,0,0,13710.7213

17,True,False,0.02,0.25,Rot8,2,0,-0.001254214,0.01370432,0.02199303,0,0,13724.7815

17,True,False,0.02,0.25,Rot8,2,0,-0.001254214,0.01370432,0.02199303,0,0,13739.3704

17,True,False,0.02,0.25,Rot8,2,0,-0.001254214,0.01370432,0.02199303,0,0,13764.7129

17,True,False,0.02,0.25,Rot8,2,0,-0.001254214,0.01370432,0.02199303,0,0,13791.4585

17,True,False,0.02,0.25,Rot8,2,0,-0.001254214,0.01370432,0.02199303,0,0,13805.3767

17,True,False,0.02,0.25,Rot8,2,0,-0.001254214,0.01370432,0.02199303,0,0,13818.6721

17,True,False,0.02,0.25,Rot8,2,0,-0.001254214,0.01370432,0.02199303,0,0,13833.3105

17,True,False,0.02,0.25,Rot8,2,0,-0.001254214,0.01370432,0.02199303,0,0,13847.4415

17,True,False,0.02,0.25,Rot8,2,0,-0.001254214,0.01370432,0.02199303,0,0,13860.9498

17,True,False,0.02,0.25,Rot8,2,0,-0.001254214,0.01370432,0.02199303,0,0,13875.3768

17,True,False,0.02,0.25,Rot8,2,0,-0.001254214,0.01370432,0.02199303,0,0,13889.4097

17,True,False,0.02,0.25,Rot8,2,0,-0.001254214,0.01370432,0.02199303,0,0,13916.3215

17,True,False,0.02,0.25,Rot8,2,0,-0.001254214,0.01370432,0.02199303,0,0,13931.5154

17,True,False,0.02,0.25,Rot8,2,0,-0.001254214,0.01370432,0.02199303,0,0,13943.4912

17,True,False,0.02,0.25,Rot8,2,0,-0.001254214,0.01370432,0.02199303,0,0,13958.2738

17,True,False,0.02,0.25,Rot8,2,0,-0.001254214,0.01370432,0.02199303,0,0,13973.3163

17,True,False,0.02,0.25,Rot8,2,0,-0.001254214,0.01370432,0.02199303,0,0,13998.9588

17,True,False,0.02,0.25,Rot8,2,0,-0.001254214,0.01370432,0.02199303,0,0,14013.5478

17,True,False,0.02,0.25,Rot8,2,0,-0.001254214,0.01370432,0.02199303,0,0,14026.53

17,True,False,0.02,0.25,Rot8,2,0,-0.001254214,0.01370432,0.02199303,0,0,14039.727

17,True,False,0.02,0.25,Rot8,2,0,-0.001254214,0.01370432,0.02199303,0,0,14054.8216

17,True,False,0.02,0.25,Rot8,2,0,-0.001254214,0.01370432,0.02199303,0,0,14081.3298

17,True,False,0.02,0.25,Rot8,2,0,-0.001254214,0.01370432,0.02199303,0,0,14095.9968

17,True,False,0.02,0.25,Rot8,2,0,-0.001254214,0.01370432,0.02199303,0,0,14108.4076

17,True,False,0.02,0.25,Rot8,2,0,-0.001254214,0.01370432,0.02199303,0,0,14122.2382

17,True,False,0.02,0.25,Rot8,2,0,-0.001254214,0.01370432,0.02199303,0,0,14138.2405

17,True,False,0.02,0.25,Rot8,2,0,-0.001254214,0.01370432,0.02199303,0,0,14164.0925

17,True,False,0.02,0.25,Rot8,2,0,-0.001254214,0.01370432,0.02199303,0,0,14191.1433

17,True,False,0.02,0.25,Rot8,2,0,-0.001254214,0.01370432,0.02199303,0,0,14201.7433

17,True,False,0.02,0.25,Rot8,2,0,-0.001254214,0.01370432,0.02199303,0,0,14215.3419

17,True,False,0.02,0.25,Rot8,2,0,-0.001254214,0.01370432,0.02199303,0,0,14229.0359

17,True,False,0.02,0.25,Rot8,2,0,-0.001254214,0.01370432,0.02199303,0,0,14241.6188

17,True,False,0.02,0.25,Rot8,2,0,-0.001254214,0.01370432,0.02199303,0,0,14256.8963

17,True,False,0.02,0.25,Rot8,2,0,-0.001254214,0.01370432,0.02199303,0,0,14281.6633

17,True,False,0.02,0.25,Rot8,2,0,-0.001254214,0.01370432,0.02199303,0,0,14296.2404

17,True,False,0.02,0.25,Rot8,2,0,-0.001254214,0.01370432,0.02199303,0,0,14307.8341

17,True,False,0.02,0.25,Rot8,2,0,-0.001254214,0.01370432,0.02199303,0,0,14322.2957

17,True,False,0.02,0.25,Rot8,2,0,-0.001254214,0.01370432,0.02199303,0,0,14348.2603

17,True,False,0.02,0.25,Rot8,2,0,-0.001254214,0.01370432,0.02199303,0,0,14375.1257

17,True,False,0.02,0.25,Rot8,2,0,-0.001254214,0.01370432,0.02199303,0,0,14388.8895

17,True,False,0.02,0.25,Rot8,2,0,-0.001254214,0.01370432,0.02199303,0,0,14401.9191

17,True,False,0.02,0.25,Rot8,2,0,-0.001254214,0.01370432,0.02199303,0,0,14416.6988

17,True,False,0.02,0.25,Rot8,2,0,-0.001254214,0.01370432,0.02199303,0,0,14430.6783

17,True,False,0.02,0.25,Rot8,2,0,-0.001254214,0.01370432,0.02199303,0,0,14443.8362

17,True,False,0.02,0.25,Rot8,2,0,-0.001254214,0.01370432,0.02199303,0,0,14458.3159

17,True,False,0.02,0.25,Rot8,2,0,-0.001254214,0.01370432,0.02199303,0,0,14472.7117

17,True,False,0.02,0.25,Rot8,2,0,-0.001254214,0.01370432,0.02199303,0,0,14499.0856

17,True,False,0.02,0.25,Rot8,2,0,-0.001254214,0.01370432,0.02199303,0,0,14514.2326

17,True,False,0.02,0.25,Rot8,2,0,-0.001254214,0.01370432,0.02199303,0,0,14526.8904

17,True,False,0.02,0.25,Rot8,2,0,-0.001254214,0.01370432,0.02199303,0,0,14539.9345

17,True,False,0.02,0.25,Rot8,2,0,-0.001254214,0.01370432,0.02199303,0,0,14554.6752

17,True,False,0.02,0.25,Rot8,2,0,-0.001254214,0.01370432,0.02199303,0,0,14581.4779

17,True,False,0.02,0.25,Rot8,2,0,-0.001254214,0.01370432,0.02199303,0,0,14596.2099

17,True,False,0.02,0.25,Rot8,2,0,-0.001254214,0.01370432,0.02199303,0,0,14609.055

17,True,False,0.02,0.25,Rot8,2,0,-0.001254214,0.01370432,0.02199303,0,0,14623.2861

17,True,False,0.02,0.25,Rot8,2,0,-0.001254214,0.01370432,0.02199303,0,0,14637.1288

17,True,False,0.02,0.25,Rot8,2,0,-0.001254214,0.01370432,0.02199303,0,0,14664.7119

17,True,False,0.02,0.25,Rot8,2,0,-0.001254214,0.01370432,0.02199303,0,0,14681.1119

17,True,False,0.02,0.25,Rot8,2,0,-0.001254214,0.01370432,0.02199303,0,0,14706.0021

17,True,False,0.02,0.25,Rot8,2,0,-0.001254214,0.01370432,0.02199303,0,0,14721.6999

17,True,False,0.02,0.25,Rot8,2,0,-0.001254214,0.01370432,0.02199303,0,0,14734.0749

17,True,False,0.02,0.25,Rot8,2,0,-0.001254214,0.01370432,0.02199303,0,0,14748.9965

17,True,False,0.02,0.25,Rot8,2,0,-0.001254214,0.01370432,0.02199303,0,0,14763.155

17,True,False,0.02,0.25,Rot8,2,0,-0.001254214,0.01370432,0.02199303,0,0,14788.7355

17,True,False,0.02,0.25,Rot8,2,0,-0.001254214,0.01370432,0.02199303,0,0,14816.7943

17,True,False,0.02,0.25,Rot8,2,0,-0.001254214,0.01370432,0.02199303,0,0,14829.152

17,True,False,0.02,0.25,Rot8,2,0,-0.001254214,0.01370432,0.02199303,0,0,14841.9107

17,True,False,0.02,0.25,Rot8,2,0,-0.001254214,0.01370432,0.02199303,0,0,14855.4232

17,True,False,0.02,0.25,Rot8,2,0,-0.001254214,0.01370432,0.02199303,0,0,14868.6541

17,True,False,0.02,0.25,Rot8,2,0,-0.001254214,0.01370432,0.02199303,0,0,14881.3634

17,True,False,0.02,0.25,Rot8,2,0,-0.001254214,0.01370432,0.02199303,0,0,14907.7466

17,True,False,0.02,0.25,Rot8,2,0,-0.001254214,0.01370432,0.02199303,0,0,14933.4841

17,True,False,0.02,0.25,Rot8,2,0,-0.001254214,0.01370432,0.02199303,0,0,14947.5518

17,True,False,0.02,0.25,Rot8,2,0,-0.001254214,0.01370432,0.02199303,0,0,14960.6483

17,True,False,0.02,0.25,Rot8,2,0,-0.001254214,0.01370432,0.02199303,0,0,14974.7841

17,True,False,0.02,0.25,Rot8,2,0,-0.001254214,0.01370432,0.02199303,0,0,14988.4136

17,True,False,0.02,0.25,Rot8,2,0,-0.001254214,0.01370432,0.02199303,0,0,15001.7154

17,True,False,0.02,0.25,Rot8,2,0,-0.001254214,0.01370432,0.02199303,0,0,15016.2216

17,True,False,0.02,0.25,Rot8,2,0,-0.001254214,0.01370432,0.02199303,0,0,15042.7898

17,True,False,0.02,0.25,Rot8,2,0,-0.001254214,0.01370432,0.02199303,0,0,15057.4692

17,True,False,0.02,0.25,Rot8,2,0,-0.001254214,0.01370432,0.02199303,0,0,15070.3464

17,True,False,0.02,0.25,Rot8,2,0,-0.001254214,0.01370432,0.02199303,0,0,15083.8841

17,True,False,0.02,0.25,Rot8,2,0,-0.001254214,0.01370432,0.02199303,0,0,15097.9929

17,True,False,0.02,0.25,Rot8,2,0,-0.001254214,0.01370432,0.02199303,0,0,15124.4371

17,True,False,0.02,0.25,Rot8,2,0,-0.001254214,0.01370432,0.02199303,0,0,15140.2168

17,True,False,0.02,0.25,Rot8,2,0,-0.001254214,0.01370432,0.02199303,0,0,15152.7185

17,True,False,0.02,0.25,Rot8,2,0,-0.001254214,0.01370432,0.02199303,0,0,15167.2745

17,True,False,0.02,0.25,Rot8,2,0,-0.001254214,0.01370432,0.02199303,0,0,15181.6733

17,True,False,0.02,0.25,Rot8,2,0,-0.001254214,0.01370432,0.02199303,0,0,15206.7489

17,True,False,0.02,0.25,Rot8,2,0,-0.001254214,0.01370432,0.02199303,0,0,15234.5317

17,True,False,0.02,0.25,Rot8,2,0,-0.001254214,0.01370432,0.02199303,0,0,15246.5244

17,True,False,0.02,0.25,Rot8,2,0,-0.001254214,0.01370432,0.02199303,0,0,15258.8963

17,True,False,0.02,0.25,Rot8,2,0,-0.001254214,0.01370432,0.02199303,0,0,15272.5922

17,True,False,0.02,0.25,Rot8,2,0,-0.001254214,0.01370432,0.02199303,0,0,15285.3523

17,True,False,0.02,0.25,Rot8,2,0,-0.001254214,0.01370432,0.02199303,0,0,15300.8434

17,True,False,0.02,0.25,Rot8,2,0,-0.001254214,0.01370432,0.02199303,0,0,15325.6684

17,True,False,0.02,0.25,Rot8,2,0,-0.001254214,0.01370432,0.02199303,0,0,15340.1495

17,True,False,0.02,0.25,Rot8,2,0,-0.001254214,0.01370432,0.02199303,0,0,15351.6672

17,True,False,0.02,0.25,Rot8,2,0,-0.001254214,0.01370432,0.02199303,0,0,15378.2271

17,True,False,0.02,0.25,Rot8,2,0,-0.001254214,0.01370432,0.02199303,0,0,15392.0933

17,True,False,0.02,0.25,Rot8,2,0,-0.001254214,0.01370432,0.02199303,0,0,15405.168

17,True,False,0.02,0.25,Rot8,2,0,-0.001254214,0.01370432,0.02199303,0,0,15419.0733

17,True,False,0.02,0.25,Rot8,2,0,-0.001254214,0.01370432,0.02199303,0,0,15432.9697

17,True,False,0.02,0.25,Rot8,2,0,-0.001254214,0.01370432,0.02199303,0,0,15448.3801

17,True,False,0.02,0.25,Rot8,2,0,-0.001254214,0.01370432,0.02199303,0,0,15473.1147

17,True,False,0.02,0.25,Rot8,2,0,-0.001254214,0.01370432,0.02199303,0,0,15499.8527

17,True,False,0.02,0.25,Rot8,2,0,-0.001254214,0.01370432,0.02199303,0,0,15514.3039

17,True,False,0.02,0.25,Rot8,2,0,-0.001254214,0.01370432,0.02199303,0,0,15528.2509

17,True,False,0.02,0.25,Rot8,2,0,-0.001254214,0.01370432,0.02199303,0,0,15541.8745

17,True,False,0.02,0.25,Rot8,2,0,-0.001254214,0.01370432,0.02199303,0,0,15556.1403

17,True,False,0.02,0.25,Rot8,2,0,-0.001254214,0.01370432,0.02199303,0,0,15570.3394

17,True,False,0.02,0.25,Rot8,2,0,-0.001254214,0.01370432,0.02199303,0,0,15584.3923

17,True,False,0.02,0.25,Rot8,2,0,-0.001254214,0.01370432,0.02199303,0,0,15611.235

17,True,False,0.02,0.25,Rot8,2,0,-0.001254214,0.01370432,0.02199303,0,0,15627.1956

17,True,False,0.02,0.25,Rot8,2,0,-0.001254214,0.01370432,0.02199303,0,0,15638.213

17,True,False,0.02,0.25,Rot8,2,0,-0.001254214,0.01370432,0.02199303,0,0,15666.1457

17,True,False,0.02,0.25,Rot8,2,0,-0.001254214,0.01370432,0.02199303,0,0,15694.2447

17,True,False,0.02,0.25,Rot8,2,0,-0.001254214,0.01370432,0.02199303,0,0,15722.3017

17,True,False,0.02,0.25,Rot8,2,0,-0.001254214,0.01370432,0.02199303,0,0,15750.2249

17,True,False,0.02,0.25,Rot8,2,0,-0.001254214,0.01370432,0.02199303,0,0,15777.3887

17,True,False,0.02,0.25,Rot8,2,0,-0.001254214,0.01370432,0.02199303,0,0,15792.443

17,True,False,0.02,0.25,Rot8,2,0,-0.001254214,0.01370432,0.02199303,0,0,15818.0343

17,True,False,0.02,0.25,Rot8,2,0,-0.001254214,0.01370432,0.02199303,0,0,15831.239

17,True,False,0.02,0.25,Rot8,2,0,-0.001254214,0.01370432,0.02199303,0,0,15859.3941

17,True,False,0.02,0.25,Rot8,2,0,-0.001254214,0.01370432,0.02199303,0,0,15870.7619

17,True,False,0.02,0.25,Rot8,2,0,-0.001254214,0.01370432,0.02199303,0,0,15883.5964

17,True,False,0.02,0.25,Rot8,2,0,-0.001254214,0.01370432,0.02199303,0,0,15897.3289

17,True,False,0.02,0.25,Rot8,2,0,-0.001254214,0.01370432,0.02199303,0,0,15910.3259

17,True,False,0.02,0.25,Rot8,2,0,-0.001254214,0.01370432,0.02199303,0,0,15922.9136

17,True,False,0.02,0.25,Rot8,2,0,-0.001254214,0.01370432,0.02199303,0,0,15937.1606

17,True,False,0.02,0.25,Rot8,2,0,-0.001254214,0.01370432,0.02199303,0,0,15963.192

17,True,False,0.02,0.25,Rot8,2,0,-0.001254214,0.01370432,0.02199303,0,0,15977.1012

17,True,False,0.02,0.25,Rot8,2,0,-0.001254214,0.01370432,0.02199303,0,0,15990.7496

17,True,False,0.02,0.25,Rot8,2,0,-0.001254214,0.01370432,0.02199303,0,0,16003.7724

17,True,False,0.02,0.25,Rot8,2,0,-0.001254214,0.01370432,0.02199303,0,0,16017.8618

17,True,False,0.02,0.25,Rot8,2,0,-0.001254214,0.01370432,0.02199303,0,0,16032.2153

17,True,False,0.02,0.25,Rot8,2,0,-0.001254214,0.01370432,0.02199303,0,0,16057.5977

17,True,False,0.02,0.25,Rot8,2,0,-0.001254214,0.01370432,0.02199303,0,0,16084.2349

17,True,False,0.02,0.25,Rot8,2,0,-0.001254214,0.01370432,0.02199303,0,0,16098.197

17,True,False,0.02,0.25,Rot8,2,0,-0.001254214,0.01370432,0.02199303,0,0,16112.1172

17,True,False,0.02,0.25,Rot8,2,0,-0.001254214,0.01370432,0.02199303,0,0,16125.8334

17,True,False,0.02,0.25,Rot8,2,0,-0.001254214,0.01370432,0.02199303,0,0,16140.0013

17,True,False,0.02,0.25,Rot8,2,0,-0.001254214,0.01370432,0.02199303,0,0,16153.831

17,True,False,0.02,0.25,Rot8,2,0,-0.001254214,0.01370432,0.02199303,0,0,16167.6401

17,True,False,0.02,0.25,Rot8,2,0,-0.001254214,0.01370432,0.02199303,0,0,16182.5861

17,True,False,0.02,0.25,Rot8,2,0,-0.001254214,0.01370432,0.02199303,0,0,16207.8451

17,True,False,0.02,0.25,Rot8,2,0,-0.001254214,0.01370432,0.02199303,0,0,16235.7723

17,True,False,0.02,0.25,Rot8,2,0,-0.001254214,0.01370432,0.02199303,0,0,16249.5024

17,True,False,0.02,0.25,Rot8,2,0,-0.001254214,0.01370432,0.02199303,0,0,16263.1379

17,True,False,0.02,0.25,Rot8,2,0,-0.001254214,0.01370432,0.02199303,0,0,16278.2883

17,True,False,0.02,0.25,Rot8,2,0,-0.001254214,0.01370432,0.02199303,0,0,16292.0161

17,True,False,0.02,0.25,Rot8,2,0,-0.001254214,0.01370432,0.02199303,0,0,16305.8574

17,True,False,0.02,0.25,Rot8,2,0,-0.001254214,0.01370432,0.02199303,0,0,16320.2795

17,True,False,0.02,0.25,Rot8,2,0,-0.001254214,0.01370432,0.02199303,0,0,16333.8661

17,True,False,0.02,0.25,Rot8,2,0,-0.001254214,0.01370432,0.02199303,0,0,16363.7294

17,True,False,0.02,0.25,Rot8,2,0,-0.001254214,0.01370432,0.02199303,0,0,16388.0063

17,True,False,0.02,0.25,Rot8,2,0,-0.001254214,0.01370432,0.02199303,0,0,16402.9135

17,True,False,0.02,0.25,Rot8,2,0,-0.001254214,0.01370432,0.02199303,0,0,16415.889

17,True,False,0.02,0.25,Rot8,2,0,-0.001254214,0.01370432,0.02199303,0,0,16431.0808

17,True,False,0.02,0.25,Rot8,2,0,-0.001254214,0.01370432,0.02199303,0,0,16445.3614

17,True,False,0.02,0.25,Rot8,2,0,-0.001254214,0.01370432,0.02199303,0,0,16470.1712

17,True,False,0.02,0.25,Rot8,2,0,-0.001254214,0.01370432,0.02199303,0,0,16485.587

17,True,False,0.02,0.25,Rot8,2,0,-0.001254214,0.01370432,0.02199303,0,0,16498.4581

17,True,False,0.02,0.25,Rot8,2,0,-0.001254214,0.01370432,0.02199303,0,0,16526.3178

17,True,False,0.02,0.25,Rot8,2,0,-0.001254214,0.01370432,0.02199303,0,0,16540.5909

17,True,False,0.02,0.25,Rot8,2,0,-0.001254214,0.01370432,0.02199303,0,0,16553.702

17,True,False,0.02,0.25,Rot8,2,0,-0.001254214,0.01370432,0.02199303,0,0,16566.958

17,True,False,0.02,0.25,Rot8,2,0,-0.001254214,0.01370432,0.02199303,0,0,16583.5184

17,True,False,0.02,0.25,Rot8,2,0,-0.001254214,0.01370432,0.02199303,0,0,16597.1163

17,True,False,0.02,0.25,Rot8,2,0,-0.001254214,0.01370432,0.02199303,0,0,16622.6554

17,True,False,0.02,0.25,Rot8,2,0,-0.001254214,0.01370432,0.02199303,0,0,16649.7591

17,True,False,0.02,0.25,Rot8,2,0,-0.001254214,0.01370432,0.02199303,0,0,16662.5575

17,True,False,0.02,0.25,Rot8,2,0,-0.001254214,0.01370432,0.02199303,0,0,16675.6937

17,True,False,0.02,0.25,Rot8,2,0,-0.001254214,0.01370432,0.02199303,0,0,16688.3186

17,True,False,0.02,0.25,Rot8,2,0,-0.001254214,0.01370432,0.02199303,0,0,16701.2451

17,True,False,0.02,0.25,Rot8,2,0,-0.001254214,0.01370432,0.02199303,0,0,16714.8866

17,True,False,0.02,0.25,Rot8,2,0,-0.001254214,0.01370432,0.02199303,0,0,16729.2653

17,True,False,0.02,0.25,Rot8,2,0,-0.001254214,0.01370432,0.02199303,0,0,16755.312

17,True,False,0.02,0.25,Rot8,2,0,-0.001254214,0.01370432,0.02199303,0,0,16769.5903

17,True,False,0.02,0.25,Rot8,2,0,-0.001254214,0.01370432,0.02199303,0,0,16795.6417

17,True,False,0.02,0.25,Rot8,2,0,-0.001254214,0.01370432,0.02199303,0,0,16823.2358

17,True,False,0.02,0.25,Rot8,2,0,-0.001254214,0.01370432,0.02199303,0,0,16836.9036

17,True,False,0.02,0.25,Rot8,2,0,-0.001254214,0.01370432,0.02199303,0,0,16850.6483

17,True,False,0.02,0.25,Rot8,2,0,-0.001254214,0.01370432,0.02199303,0,0,16864.0131

17,True,False,0.02,0.25,Rot8,2,0,-0.001254214,0.01370432,0.02199303,0,0,16878.5314

17,True,False,0.02,0.25,Rot8,2,0,-0.001254214,0.01370432,0.02199303,0,0,16891.8973

17,True,False,0.02,0.25,Rot8,2,0,-0.001254214,0.01370432,0.02199303,0,0,16905.8376

17,True,False,0.02,0.25,Rot8,2,0,-0.001254214,0.01370432,0.02199303,0,0,16917.9999

17,True,False,0.02,0.25,Rot8,2,0,-0.001254214,0.01370432,0.02199303,0,0,16932.5406

17,True,False,0.02,0.25,Rot8,2,0,-0.001254214,0.01370432,0.02199303,0,0,16959.7723

17,True,False,0.02,0.25,Rot8,2,0,-0.001254214,0.01370432,0.02199303,0,0,16975.1892

17,True,False,0.02,0.25,Rot8,2,0,-0.001254214,0.01370432,0.02199303,0,0,16986.8292

17,True,False,0.02,0.25,Rot8,2,0,-0.001254214,0.01370432,0.02199303,0,0,17000.2614

17,True,False,0.02,0.25,Rot8,2,0,-0.001254214,0.01370432,0.02199303,0,0,17015.4607

17,True,False,0.02,0.25,Rot8,2,0,-0.001254214,0.01370432,0.02199303,0,0,17028.4325

17,True,False,0.02,0.25,Rot8,2,0,-0.001254214,0.01370432,0.02199303,0,0,17055.2596

17,True,False,0.02,0.25,Rot8,2,0,-0.001254214,0.01370432,0.02199303,0,0,17082.5303

17,True,False,0.02,0.25,Rot8,2,0,-0.001254214,0.01370432,0.02199303,0,0,17097.4558

17,True,False,0.02,0.25,Rot8,2,0,-0.001254214,0.01370432,0.02199303,0,0,17111.4863

17,True,False,0.02,0.25,Rot8,2,0,-0.001254214,0.01370432,0.02199303,0,0,17125.1048

17,True,False,0.02,0.25,Rot8,2,0,-0.001254214,0.01370432,0.02199303,0,0,17138.7416

17,True,False,0.02,0.25,Rot8,2,0,-0.001254214,0.01370432,0.02199303,0,0,17152.4831

17,True,False,0.02,0.25,Rot8,2,0,-0.001254214,0.01370432,0.02199303,0,0,17166.3967

17,True,False,0.02,0.25,Rot8,2,0,-0.001254214,0.01370432,0.02199303,0,0,17179.9047

17,True,False,0.02,0.25,Rot8,2,0,-0.001254214,0.01370432,0.02199303,0,0,17196.0984

17,True,False,0.02,0.25,Rot8,2,0,-0.001254214,0.01370432,0.02199303,0,0,17221.0516

17,True,False,0.02,0.25,Rot8,2,0,-0.001254214,0.01370432,0.02199303,0,0,17248.3992

17,True,False,0.02,0.25,Rot8,2,0,-0.001254214,0.01370432,0.02199303,0,0,17260.5026

17,True,False,0.02,0.25,Rot8,2,0,-0.001254214,0.01370432,0.02199303,0,0,17273.4299

17,True,False,0.02,0.25,Rot8,2,0,-0.001254214,0.01370432,0.02199303,0,0,17286.1842

17,True,False,0.02,0.25,Rot8,2,0,-0.001254214,0.01370432,0.02199303,0,0,17299.4518

17,True,False,0.02,0.25,Rot8,2,0,-0.001254214,0.01370432,0.02199303,0,0,17313.4219

17,True,False,0.02,0.25,Rot8,2,0,-0.001254214,0.01370432,0.02199303,0,0,17338.6033

17,True,False,0.02,0.25,Rot8,2,0,-0.001254214,0.01370432,0.02199303,0,0,17364.3207

17,True,False,0.02,0.25,Rot8,2,0,-0.001254214,0.01370432,0.02199303,0,0,17378.444

17,True,False,0.02,0.25,Rot8,2,0,-0.001254214,0.01370432,0.02199303,0,0,17392.0331

17,True,False,0.02,0.25,Rot8,2,0,-0.001254214,0.01370432,0.02199303,0,0,17405.3753

17,True,False,0.02,0.25,Rot8,2,0,-0.001254214,0.01370432,0.02199303,0,0,17419.6519

17,True,False,0.02,0.25,Rot8,2,0,-0.001254214,0.01370432,0.02199303,0,0,17433.6917

17,True,False,0.02,0.25,Rot8,2,0,-0.001254214,0.01370432,0.02199303,0,0,17447.4214

17,True,False,0.02,0.25,Rot8,2,0,-0.001254214,0.01370432,0.02199303,0,0,17461.6432

17,True,False,0.02,0.25,Rot8,2,0,-0.001254214,0.01370432,0.02199303,0,0,17487.1848

17,True,False,0.02,0.25,Rot8,2,0,-0.001254214,0.01370432,0.02199303,0,0,17513.9472

17,True,False,0.02,0.25,Rot8,2,0,-0.001254214,0.01370432,0.02199303,0,0,17527.7303

17,True,False,0.02,0.25,Rot8,2,0,-0.001254214,0.01370432,0.02199303,0,0,17540.7591

17,True,False,0.02,0.25,Rot8,2,0,-0.001254214,0.01370432,0.02199303,0,0,17555.8855

17,True,False,0.02,0.25,Rot8,2,0,-0.001254214,0.01370432,0.02199303,0,0,17570.0287

17,True,False,0.02,0.25,Rot8,2,0,-0.001254214,0.01370432,0.02199303,0,0,17583.4754

17,True,False,0.02,0.25,Rot8,2,0,-0.001254214,0.01370432,0.02199303,0,0,17596.5378

17,True,False,0.02,0.25,Rot8,2,0,-0.001254214,0.01370432,0.02199303,0,0,17623.6481

17,True,False,0.02,0.25,Rot8,2,0,-0.001254214,0.01370432,0.02199303,0,0,17637.6118

17,True,False,0.02,0.25,Rot8,2,0,-0.001254214,0.01370432,0.02199303,0,0,17651.0669

17,True,False,0.02,0.25,Rot8,2,0,-0.001254214,0.01370432,0.02199303,0,0,17665.3063

17,True,False,0.02,0.25,Rot8,2,0,-0.001254214,0.01370432,0.02199303,0,0,17679.8622

17,True,False,0.02,0.25,Rot8,2,0,-0.001254214,0.01370432,0.02199303,0,0,17706.4128

17,True,False,0.02,0.25,Rot8,2,0,-0.001254214,0.01370432,0.02199303,0,0,17720.977

17,True,False,0.02,0.25,Rot8,2,0,-0.001254214,0.01370432,0.02199303,0,0,17733.2276

17,True,False,0.02,0.25,Rot8,2,0,-0.001254214,0.01370432,0.02199303,0,0,17749.4642

17,True,False,0.02,0.25,Rot8,2,0,-0.001254214,0.01370432,0.02199303,0,0,17774.7864

17,True,False,0.02,0.25,Rot8,2,0,-0.001254214,0.01370432,0.02199303,0,0,17789.2921

17,True,False,0.02,0.25,Rot8,2,0,-0.001254214,0.01370432,0.02199303,0,0,17805.4239

17,True,False,0.02,0.25,Rot8,2,0,-0.001254214,0.01370432,0.02199303,0,0,17818.4972

17,True,False,0.02,0.25,Rot8,2,0,-0.001254214,0.01370432,0.02199303,0,0,17844.7428

17,True,False,0.02,0.25,Rot8,2,0,-0.001254214,0.01370432,0.02199303,0,0,17855.948

17,True,False,0.02,0.25,Rot8,2,0,-0.001254214,0.01370432,0.02199303,0,0,17869.0243

17,True,False,0.02,0.25,Rot8,2,0,-0.001254214,0.01370432,0.02199303,0,0,17881.8202

17,True,False,0.02,0.25,Rot8,2,0,-0.001254214,0.01370432,0.02199303,0,0,17895.385

17,True,False,0.02,0.25,Rot8,2,0,-0.001254214,0.01370432,0.02199303,0,0,17923.3082

17,True,False,0.02,0.25,Rot8,2,0,-0.001254214,0.01370432,0.02199303,0,0,17949.0345

17,True,False,0.02,0.25,Rot8,2,0,-0.001254214,0.01370432,0.02199303,0,0,17962.7906

17,True,False,0.02,0.25,Rot8,2,0,-0.001254214,0.01370432,0.02199303,0,0,17976.0191

17,True,False,0.02,0.25,Rot8,2,0,-0.001254214,0.01370432,0.02199303,0,0,17989.7688

17,True,False,0.02,0.25,Rot8,2,0,-0.001254214,0.01370432,0.02199303,0,0,18003.2227

17,True,False,0.02,0.25,Rot8,2,0,-0.001254214,0.01370432,0.02199303,0,0,18043.4241

17,True,False,0.02,0.25,Rot8,2,0,-0.001254214,0.01370432,0.02199303,0,0,18057.1794

17,True,False,0.02,0.25,Rot8,2,0,-0.001254214,0.01370432,0.02199303,0,0,18069.7594

17,True,False,0.02,0.25,Rot8,2,0,-0.001254214,0.01370432,0.02199303,0,0,18082.9655

17,True,False,0.02,0.25,Rot8,2,0,-0.001254214,0.01370432,0.02199303,0,0,18097.673

17,True,False,0.02,0.25,Rot8,2,0,-0.001254214,0.01370432,0.02199303,0,0,18124.5935

17,True,False,0.02,0.25,Rot8,2,0,-0.001254214,0.01370432,0.02199303,0,0,18151.6793

17,True,False,0.02,0.25,Rot8,2,0,-0.001254214,0.01370432,0.02199303,0,0,18164.0168

17,True,False,0.02,0.25,Rot8,2,0,-0.001254214,0.01370432,0.02199303,0,0,18176.5265

17,True,False,0.02,0.25,Rot8,2,0,-0.001254214,0.01370432,0.02199303,0,0,18189.6079

17,True,False,0.02,0.25,Rot8,2,0,-0.001254214,0.01370432,0.02199303,0,0,18202.3098

17,True,False,0.02,0.25,Rot8,2,0,-0.001254214,0.01370432,0.02199303,0,0,18216.7328

17,True,False,0.02,0.25,Rot8,2,0,-0.001254214,0.01370432,0.02199303,0,0,18230.8412

17,True,False,0.02,0.25,Rot8,2,0,-0.001254214,0.01370432,0.02199303,0,0,18255.7227

17,True,False,0.02,0.25,Rot8,2,0,-0.001254214,0.01370432,0.02199303,0,0,18281.9754

17,True,False,0.02,0.25,Rot8,2,0,-0.001254214,0.01370432,0.02199303,0,0,18295.5928

17,True,False,0.02,0.25,Rot8,2,0,-0.001254214,0.01370432,0.02199303,0,0,18309.3837

17,True,False,0.02,0.25,Rot8,2,0,-0.001254214,0.01370432,0.02199303,0,0,18322.5367

17,True,False,0.02,0.25,Rot8,2,0,-0.001254214,0.01370432,0.02199303,0,0,18336.6585

17,True,False,0.02,0.25,Rot8,2,0,-0.001254214,0.01370432,0.02199303,0,0,18350.4599

17,True,False,0.02,0.25,Rot8,2,0,-0.001254214,0.01370432,0.02199303,0,0,18363.0961

17,True,False,0.02,0.25,Rot8,2,0,-0.001254214,0.01370432,0.02199303,0,0,18390.5046

17,True,False,0.02,0.25,Rot8,2,0,-0.001254214,0.01370432,0.02199303,0,0,18417.2404

17,True,False,0.02,0.25,Rot8,2,0,-0.001254214,0.01370432,0.02199303,0,0,18430.8122

17,True,False,0.02,0.25,Rot8,2,0,-0.001254214,0.01370432,0.02199303,0,0,18443.3746

17,True,False,0.02,0.25,Rot8,2,0,-0.001254214,0.01370432,0.02199303,0,0,18457.9153

17,True,False,0.02,0.25,Rot8,2,0,-0.001254214,0.01370432,0.02199303,0,0,18471.8957

17,True,False,0.02,0.25,Rot8,2,0,-0.001254214,0.01370432,0.02199303,0,0,18484.9271

17,True,False,0.02,0.25,Rot8,2,0,-0.001254214,0.01370432,0.02199303,0,0,18500.337

17,True,False,0.02,0.25,Rot8,2,0,-0.001254214,0.01370432,0.02199303,0,0,18526.677

17,True,False,0.02,0.25,Rot8,2,0,-0.001254214,0.01370432,0.02199303,0,0,18552.7427

17,True,False,0.02,0.25,Rot8,2,0,-0.001254214,0.01370432,0.02199303,0,0,18565.8698

17,True,False,0.02,0.25,Rot8,2,0,-0.001254214,0.01370432,0.02199303,0,0,18577.9714

17,True,False,0.02,0.25,Rot8,2,0,-0.001254214,0.01370432,0.02199303,0,0,18590.9258

17,True,False,0.02,0.25,Rot8,2,0,-0.001254214,0.01370432,0.02199303,0,0,18603.9484

17,True,False,0.02,0.25,Rot8,2,0,-0.001254214,0.01370432,0.02199303,0,0,18617.4504

17,True,False,0.02,0.25,Rot8,2,0,-0.001254214,0.01370432,0.02199303,0,0,18643.6436

17,True,False,0.02,0.25,Rot8,2,0,-0.001254214,0.01370432,0.02199303,0,0,18658.9645

17,True,False,0.02,0.25,Rot8,2,0,-0.001254214,0.01370432,0.02199303,0,0,18669.8817

17,True,False,0.02,0.25,Rot8,2,0,-0.001254214,0.01370432,0.02199303,0,0,18683.2866

17,True,False,0.02,0.25,Rot8,2,0,-0.001254214,0.01370432,0.02199303,0,0,18710.6472

17,True,False,0.02,0.25,Rot8,2,0,-0.001254214,0.01370432,0.02199303,0,0,18724.4686

17,True,False,0.02,0.25,Rot8,2,0,-0.001254214,0.01370432,0.02199303,0,0,18736.9688

17,True,False,0.02,0.25,Rot8,2,0,-0.001254214,0.01370432,0.02199303,0,0,18751.2126

17,True,False,0.02,0.25,Rot8,2,0,-0.001254214,0.01370432,0.02199303,0,0,18777.9691

17,True,False,0.02,0.25,Rot8,2,0,-0.001254214,0.01370432,0.02199303,0,0,18791.8763

17,True,False,0.02,0.25,Rot8,2,0,-0.001254214,0.01370432,0.02199303,0,0,18805.5333

17,True,False,0.02,0.25,Rot8,2,0,-0.001254214,0.01370432,0.02199303,0,0,18819.9066

17,True,False,0.02,0.25,Rot8,2,0,-0.001254214,0.01370432,0.02199303,0,0,18834.8637

17,True,False,0.02,0.25,Rot8,2,0,-0.001254214,0.01370432,0.02199303,0,0,18847.7009

17,True,False,0.02,0.25,Rot8,2,0,-0.001254214,0.01370432,0.02199303,0,0,18862.8628

17,True,False,0.02,0.25,Rot8,2,0,-0.001254214,0.01370432,0.02199303,0,0,18887.2385

17,True,False,0.02,0.25,Rot8,2,0,-0.001254214,0.01370432,0.02199303,0,0,18915.7372

17,True,False,0.02,0.25,Rot8,2,0,-0.001254214,0.01370432,0.02199303,0,0,18926.8993

17,True,False,0.02,0.25,Rot8,2,0,-0.001254214,0.01370432,0.02199303,0,0,18939.7235

17,True,False,0.02,0.25,Rot8,2,0,-0.001254214,0.01370432,0.02199303,0,0,18952.6473

17,True,False,0.02,0.25,Rot8,2,0,-0.001254214,0.01370432,0.02199303,0,0,18979.254

17,True,False,0.02,0.25,Rot8,2,0,-0.001254214,0.01370432,0.02199303,0,0,18991.5887

17,True,False,0.02,0.25,Rot8,2,0,-0.001254214,0.01370432,0.02199303,0,0,19004.755

17,True,False,0.02,0.25,Rot8,2,0,-0.001254214,0.01370432,0.02199303,0,0,19018.707

17,True,False,0.02,0.25,Rot8,2,0,-0.001254214,0.01370432,0.02199303,0,0,19032.1158

17,True,False,0.02,0.25,Rot8,2,0,-0.001254214,0.01370432,0.02199303,0,0,19046.7204

17,True,False,0.02,0.25,Rot8,2,0,-0.001254214,0.01370432,0.02199303,0,0,19071.0796

17,True,False,0.02,0.25,Rot8,2,0,-0.001254214,0.01370432,0.02199303,0,0,19097.6416

17,True,False,0.02,0.25,Rot8,2,0,-0.001254214,0.01370432,0.02199303,0,0,19111.5243

17,True,False,0.02,0.25,Rot8,2,0,-0.001254214,0.01370432,0.02199303,0,0,19125.263

17,True,False,0.02,0.25,Rot8,2,0,-0.001254214,0.01370432,0.02199303,0,0,19139.4583

17,True,False,0.02,0.25,Rot8,2,0,-0.001254214,0.01370432,0.02199303,0,0,19153.7109

17,True,False,0.02,0.25,Rot8,2,0,-0.001254214,0.01370432,0.02199303,0,0,19168.1907

17,True,False,0.02,0.25,Rot8,2,0,-0.001254214,0.01370432,0.02199303,0,0,19180.5199

17,True,False,0.02,0.25,Rot8,2,0,-0.001254214,0.01370432,0.02199303,0,0,19207.3077

17,True,False,0.02,0.25,Rot8,2,0,-0.001254214,0.01370432,0.02199303,0,0,19222.2196

17,True,False,0.02,0.25,Rot8,2,0,-0.001254214,0.01370432,0.02199303,0,0,19235.2713

17,True,False,0.02,0.25,Rot8,2,0,-0.001254214,0.01370432,0.02199303,0,0,19248.8838

17,True,False,0.02,0.25,Rot8,2,0,-0.001254214,0.01370432,0.02199303,0,0,19265.1898

17,True,False,0.02,0.25,Rot8,2,0,-0.001254214,0.01370432,0.02199303,0,0,19289.3388

17,True,False,0.02,0.25,Rot8,2,0,-0.001254214,0.01370432,0.02199303,0,0,19305.8672

17,True,False,0.02,0.25,Rot8,2,0,-0.001254214,0.01370432,0.02199303,0,0,19318.3135

17,True,False,0.02,0.25,Rot8,2,0,-0.001254214,0.01370432,0.02199303,0,0,19331.3298

17,True,False,0.02,0.25,Rot8,2,0,-0.001254214,0.01370432,0.02199303,0,0,19358.7785

17,True,False,0.02,0.25,Rot8,2,0,-0.001254214,0.01370432,0.02199303,0,0,19372.97

17,True,False,0.02,0.25,Rot8,2,0,-0.001254214,0.01370432,0.02199303,0,0,19384.844

17,True,False,0.02,0.25,Rot8,2,0,-0.001254214,0.01370432,0.02199303,0,0,19399.9434

17,True,False,0.02,0.25,Rot8,2,0,-0.001254214,0.01370432,0.02199303,0,0,19416.0094

17,True,False,0.02,0.25,Rot8,2,0,-0.001254214,0.01370432,0.02199303,0,0,19441.1391

17,True,False,0.02,0.25,Rot8,2,0,-0.001254214,0.01370432,0.02199303,0,0,19456.0959

17,True,False,0.02,0.25,Rot8,2,0,-0.001254214,0.01370432,0.02199303,0,0,19467.641

17,True,False,0.02,0.25,Rot8,2,0,-0.001254214,0.01370432,0.02199303,0,0,19482.0029

17,True,False,0.02,0.25,Rot8,2,0,-0.001254214,0.01370432,0.02199303,0,0,19496.3824

17,True,False,0.02,0.25,Rot8,2,0,-0.001254214,0.01370432,0.02199303,0,0,19523.9056

17,True,False,0.02,0.25,Rot8,2,0,-0.001254214,0.01370432,0.02199303,0,0,19551.521

17,True,False,0.02,0.25,Rot8,2,0,-0.001254214,0.01370432,0.02199303,0,0,19564.281

17,True,False,0.02,0.25,Rot8,2,0,-0.001254214,0.01370432,0.02199303,0,0,19577.406

17,True,False,0.02,0.25,Rot8,2,0,-0.001254214,0.01370432,0.02199303,0,0,19590.6051

17,True,False,0.02,0.25,Rot8,2,0,-0.001254214,0.01370432,0.02199303,0,0,19603.5215

17,True,False,0.02,0.25,Rot8,2,0,-0.001254214,0.01370432,0.02199303,0,0,19617.039

17,True,False,0.02,0.25,Rot8,2,0,-0.001254214,0.01370432,0.02199303,0,0,19631.32

17,True,False,0.02,0.25,Rot8,2,0,-0.001254214,0.01370432,0.02199303,0,0,19656.1788

17,True,False,0.02,0.25,Rot8,2,0,-0.001254214,0.01370432,0.02199303,0,0,19682.5993

17,True,False,0.02,0.25,Rot8,2,0,-0.001254214,0.01370432,0.02199303,0,0,19708.6424

17,True,False,0.02,0.25,Rot8,2,0,-0.001254214,0.01370432,0.02199303,0,0,19722.483

17,True,False,0.02,0.25,Rot8,2,0,-0.001254214,0.01370432,0.02199303,0,0,19735.6679

17,True,False,0.02,0.25,Rot8,2,0,-0.001254214,0.01370432,0.02199303,0,0,19750.064

17,True,False,0.02,0.25,Rot8,2,0,-0.001254214,0.01370432,0.02199303,0,0,19763.628

17,True,False,0.02,0.25,Rot8,2,0,-0.001254214,0.01370432,0.02199303,0,0,19777.8633

17,True,False,0.02,0.25,Rot8,2,0,-0.001254214,0.01370432,0.02199303,0,0,19793.3211

17,True,False,0.02,0.25,Rot8,2,0,-0.001254214,0.01370432,0.02199303,0,0,19818.9359

17,True,False,0.02,0.25,Rot8,2,0,-0.001254214,0.01370432,0.02199303,0,0,19834.983

17,True,False,0.02,0.25,Rot8,2,0,-0.001254214,0.01370432,0.02199303,0,0,19846.386

17,True,False,0.02,0.25,Rot8,2,0,-0.001254214,0.01370432,0.02199303,0,0,19859.8065

17,True,False,0.02,0.25,Rot8,2,0,-0.001254214,0.01370432,0.02199303,0,0,19875.0567

17,True,False,0.02,0.25,Rot8,2,0,-0.001254214,0.01370432,0.02199303,0,0,19901.9799

17,True,False,0.02,0.25,Rot8,2,0,-0.001254214,0.01370432,0.02199303,0,0,19928.1783

17,True,False,0.02,0.25,Rot8,2,0,-0.001254214,0.01370432,0.02199303,0,0,19940.5852

17,True,False,0.02,0.25,Rot8,2,0,-0.001254214,0.01370432,0.02199303,0,0,19953.7032

17,True,False,0.02,0.25,Rot8,2,0,-0.001254214,0.01370432,0.02199303,0,0,19980.3222

17,True,False,0.02,0.25,Rot8,2,0,-0.001254214,0.01370432,0.02199303,0,0,20007.1489

17,True,False,0.02,0.25,Rot8,2,0,-0.001254214,0.01370432,0.02199303,0,0,20019.7065

17,True,False,0.02,0.25,Rot8,2,0,-0.001254214,0.01370432,0.02199303,0,0,20033.1048

17,True,False,0.02,0.25,Rot8,2,0,-0.001254214,0.01370432,0.02199303,0,0,20046.1901

17,True,False,0.02,0.25,Rot8,2,0,-0.001254214,0.01370432,0.02199303,0,0,20060.2355

17,True,False,0.02,0.25,Rot8,2,0,-0.001254214,0.01370432,0.02199303,0,0,20073.5595

17,True,False,0.02,0.25,Rot8,2,0,-0.001254214,0.01370432,0.02199303,0,0,20099.1256

17,True,False,0.02,0.25,Rot8,2,0,-0.001254214,0.01370432,0.02199303,0,0,20125.7071

17,True,False,0.02,0.25,Rot8,2,0,-0.001254214,0.01370432,0.02199303,0,0,20139.5885

17,True,False,0.02,0.25,Rot8,2,0,-0.001254214,0.01370432,0.02199303,0,0,20152.7876

17,True,False,0.02,0.25,Rot8,2,0,-0.001254214,0.01370432,0.02199303,0,0,20166.7554

17,True,False,0.02,0.25,Rot8,2,0,-0.001254214,0.01370432,0.02199303,0,0,20181.0861

17,True,False,0.02,0.25,Rot8,2,0,-0.001254214,0.01370432,0.02199303,0,0,20194.4295

17,True,False,0.02,0.25,Rot8,2,0,-0.001254214,0.01370432,0.02199303,0,0,20208.2381

17,True,False,0.02,0.25,Rot8,2,0,-0.001254214,0.01370432,0.02199303,0,0,20235.1251

17,True,False,0.02,0.25,Rot8,2,0,-0.001254214,0.01370432,0.02199303,0,0,20262.7627

17,True,False,0.02,0.25,Rot8,2,0,-0.001254214,0.01370432,0.02199303,0,0,20277.5713

17,True,False,0.02,0.25,Rot8,2,0,-0.001254214,0.01370432,0.02199303,0,0,20291.4965

17,True,False,0.02,0.25,Rot8,2,0,-0.001254214,0.01370432,0.02199303,0,0,20304.6548

17,True,False,0.02,0.25,Rot8,2,0,-0.001254214,0.01370432,0.02199303,0,0,20319.2797

17,True,False,0.02,0.25,Rot8,2,0,-0.001254214,0.01370432,0.02199303,0,0,20333.1296

17,True,False,0.02,0.25,Rot8,2,0,-0.001254214,0.01370432,0.02199303,0,0,20346.506

17,True,False,0.02,0.25,Rot8,2,0,-0.001254214,0.01370432,0.02199303,0,0,20360.8873

17,True,False,0.02,0.25,Rot8,2,0,-0.001254214,0.01370432,0.02199303,0,0,20375.0837

17,True,False,0.02,0.25,Rot8,2,0,-0.001254214,0.01370432,0.02199303,0,0,20402.0618

17,True,False,0.02,0.25,Rot8,2,0,-0.001254214,0.01370432,0.02199303,0,0,20417.6729

17,True,False,0.02,0.25,Rot8,2,0,-0.001254214,0.01370432,0.02199303,0,0,20429.784

17,True,False,0.02,0.25,Rot8,2,0,-0.001254214,0.01370432,0.02199303,0,0,20443.0489

17,True,False,0.02,0.25,Rot8,2,0,-0.001254214,0.01370432,0.02199303,0,0,20470.8292

17,True,False,0.02,0.25,Rot8,2,0,-0.001254214,0.01370432,0.02199303,0,0,20485.6151

17,True,False,0.02,0.25,Rot8,2,0,-0.001254214,0.01370432,0.02199303,0,0,20498.4089

17,True,False,0.02,0.25,Rot8,2,0,-0.001254214,0.01370432,0.02199303,0,0,20512.2735

17,True,False,0.02,0.25,Rot8,2,0,-0.001254214,0.01370432,0.02199303,0,0,20539.4511

17,True,False,0.02,0.25,Rot8,2,0,-0.001254214,0.01370432,0.02199303,0,0,20551.2899

17,True,False,0.02,0.25,Rot8,2,0,-0.001254214,0.01370432,0.02199303,0,0,20564.114

17,True,False,0.02,0.25,Rot8,2,0,-0.001254214,0.01370432,0.02199303,0,0,20577.6247

17,True,False,0.02,0.25,Rot8,2,0,-0.001254214,0.01370432,0.02199303,0,0,20593.2623

17,True,False,0.02,0.25,Rot8,2,0,-0.001254214,0.01370432,0.02199303,0,0,20606.4117

17,True,False,0.02,0.25,Rot8,2,0,-0.001254214,0.01370432,0.02199303,0,0,20632.5222

17,True,False,0.02,0.25,Rot8,2,0,-0.001254214,0.01370432,0.02199303,0,0,20648.7722

17,True,False,0.02,0.25,Rot8,2,0,-0.001254214,0.01370432,0.02199303,0,0,20659.6133

17,True,False,0.02,0.25,Rot8,2,0,-0.001254214,0.01370432,0.02199303,0,0,20686.1481

17,True,False,0.02,0.25,Rot8,2,0,-0.001254214,0.01370432,0.02199303,0,0,20712.1554

17,True,False,0.02,0.25,Rot8,2,0,-0.001254214,0.01370432,0.02199303,0,0,20726.0085

17,True,False,0.02,0.25,Rot8,2,0,-0.001254214,0.01370432,0.02199303,0,0,20739.6087

17,True,False,0.02,0.25,Rot8,2,0,-0.001254214,0.01370432,0.02199303,0,0,20753.1592

17,True,False,0.02,0.25,Rot8,2,0,-0.001254214,0.01370432,0.02199303,0,0,20766.9286

17,True,False,0.02,0.25,Rot8,2,0,-0.001254214,0.01370432,0.02199303,0,0,20780.5481

17,True,False,0.02,0.25,Rot8,2,0,-0.001254214,0.01370432,0.02199303,0,0,20794.9658

17,True,False,0.02,0.25,Rot8,2,0,-0.001254214,0.01370432,0.02199303,0,0,20807.717

17,True,False,0.02,0.25,Rot8,2,0,-0.001254214,0.01370432,0.02199303,0,0,20834.6337

17,True,False,0.02,0.25,Rot8,2,0,-0.001254214,0.01370432,0.02199303,0,0,20861.3883

17,True,False,0.02,0.25,Rot8,2,0,-0.001254214,0.01370432,0.02199303,0,0,20875.2314

17,True,False,0.02,0.25,Rot8,2,0,-0.001254214,0.01370432,0.02199303,0,0,20888.0303

17,True,False,0.02,0.25,Rot8,2,0,-0.001254214,0.01370432,0.02199303,0,0,20902.1564

17,True,False,0.02,0.25,Rot8,2,0,-0.001254214,0.01370432,0.02199303,0,0,20916.441

17,True,False,0.02,0.25,Rot8,2,0,-0.001254214,0.01370432,0.02199303,0,0,20930.229

17,True,False,0.02,0.25,Rot8,2,0,-0.001254214,0.01370432,0.02199303,0,0,20943.575

17,True,False,0.02,0.25,Rot8,2,0,-0.001254214,0.01370432,0.02199303,0,0,20970.6271

17,True,False,0.02,0.25,Rot8,2,0,-0.001254214,0.01370432,0.02199303,0,0,20984.8264

17,True,False,0.02,0.25,Rot8,2,0,-0.001254214,0.01370432,0.02199303,0,0,20999.1595

17,True,False,0.02,0.25,Rot8,2,0,-0.001254214,0.01370432,0.02199303,0,0,21013.0146

17,True,False,0.02,0.25,Rot8,2,0,-0.001254214,0.01370432,0.02199303,0,0,21026.7126

17,True,False,0.02,0.25,Rot8,2,0,-0.001254214,0.01370432,0.02199303,0,0,21041.7294

17,True,False,0.02,0.25,Rot8,2,0,-0.001254214,0.01370432,0.02199303,0,0,21067.3953

17,True,False,0.02,0.25,Rot8,2,0,-0.001254214,0.01370432,0.02199303,0,0,21096.4251

17,True,False,0.02,0.25,Rot8,2,0,-0.001254214,0.01370432,0.02199303,0,0,21110.3757

17,True,False,0.02,0.25,Rot8,2,0,-0.001254214,0.01370432,0.02199303,0,0,21124.485

17,True,False,0.02,0.25,Rot8,2,0,-0.001254214,0.01370432,0.02199303,0,0,21138.6897

17,True,False,0.02,0.25,Rot8,2,0,-0.001254214,0.01370432,0.02199303,0,0,21152.3344

17,True,False,0.02,0.25,Rot8,2,0,-0.001254214,0.01370432,0.02199303,0,0,21166.1768

17,True,False,0.02,0.25,Rot8,2,0,-0.001254214,0.01370432,0.02199303,0,0,21180.6174

17,True,False,0.02,0.25,Rot8,2,0,-0.001254214,0.01370432,0.02199303,0,0,21194.9796

17,True,False,0.02,0.25,Rot8,2,0,-0.001254214,0.01370432,0.02199303,0,0,21208.6461

17,True,False,0.02,0.25,Rot8,2,0,-0.001254214,0.01370432,0.02199303,0,0,21235.7391

17,True,False,0.02,0.25,Rot8,2,0,-0.001254214,0.01370432,0.02199303,0,0,21251.7614

17,True,False,0.02,0.25,Rot8,2,0,-0.001254214,0.01370432,0.02199303,0,0,21262.8806

17,True,False,0.02,0.25,Rot8,2,0,-0.001254214,0.01370432,0.02199303,0,0,21276.2555

17,True,False,0.02,0.25,Rot8,2,0,-0.001254214,0.01370432,0.02199303,0,0,21303.6234

17,True,False,0.02,0.25,Rot8,2,0,-0.001254214,0.01370432,0.02199303,0,0,21317.8535

17,True,False,0.02,0.25,Rot8,2,0,-0.001254214,0.01370432,0.02199303,0,0,21332.1356

17,True,False,0.02,0.25,Rot8,2,0,-0.001254214,0.01370432,0.02199303,0,0,21373.8831

17,True,False,0.02,0.25,Rot8,2,0,-0.001254214,0.01370432,0.02199303,0,0,21386.4058

17,True,False,0.02,0.25,Rot8,2,0,-0.001254214,0.01370432,0.02199303,0,0,21400.344

17,True,False,0.02,0.25,Rot8,2,0,-0.001254214,0.01370432,0.02199303,0,0,21415.408

17,True,False,0.02,0.25,Rot8,2,0,-0.001254214,0.01370432,0.02199303,0,0,21428.7034

17,True,False,0.02,0.25,Rot8,2,0,-0.001254214,0.01370432,0.02199303,0,0,21442.7639

17,True,False,0.02,0.25,Rot8,2,0,-0.001254214,0.01370432,0.02199303,0,0,21469.7565

17,True,False,0.02,0.25,Rot8,2,0,-0.001254214,0.01370432,0.02199303,0,0,21497.8564

17,True,False,0.02,0.25,Rot8,2,0,-0.001254214,0.01370432,0.02199303,0,0,21509.4949

17,True,False,0.02,0.25,Rot8,2,0,-0.001254214,0.01370432,0.02199303,0,0,21522.2275

17,True,False,0.02,0.25,Rot8,2,0,-0.001254214,0.01370432,0.02199303,0,0,21535.5179

17,True,False,0.02,0.25,Rot8,2,0,-0.001254214,0.01370432,0.02199303,0,0,21548.7007

17,True,False,0.02,0.25,Rot8,2,0,-0.001254214,0.01370432,0.02199303,0,0,21561.8308

17,True,False,0.02,0.25,Rot8,2,0,-0.001254214,0.01370432,0.02199303,0,0,21576.0143

17,True,False,0.02,0.25,Rot8,2,0,-0.001254214,0.01370432,0.02199303,0,0,21602.6781

17,True,False,0.02,0.25,Rot8,2,0,-0.001254214,0.01370432,0.02199303,0,0,21628.4934

17,True,False,0.02,0.25,Rot8,2,0,-0.001254214,0.01370432,0.02199303,0,0,21642.0761

17,True,False,0.02,0.25,Rot8,2,0,-0.001254214,0.01370432,0.02199303,0,0,21655.9735

17,True,False,0.02,0.25,Rot8,2,0,-0.001254214,0.01370432,0.02199303,0,0,21669.612

17,True,False,0.02,0.25,Rot8,2,0,-0.001254214,0.01370432,0.02199303,0,0,21683.0161

17,True,False,0.02,0.25,Rot8,2,0,-0.001254214,0.01370432,0.02199303,0,0,21697.0007

17,True,False,0.02,0.25,Rot8,2,0,-0.001254214,0.01370432,0.02199303,0,0,21711.0196

17,True,False,0.02,0.25,Rot8,2,0,-0.001254214,0.01370432,0.02199303,0,0,21737.3064

17,True,False,0.02,0.25,Rot8,2,0,-0.001254214,0.01370432,0.02199303,0,0,21764.0486

17,True,False,0.02,0.25,Rot8,2,0,-0.001254214,0.01370432,0.02199303,0,0,21778.2285

17,True,False,0.02,0.25,Rot8,2,0,-0.001254214,0.01370432,0.02199303,0,0,21791.9622

17,True,False,0.02,0.25,Rot8,2,0,-0.001254214,0.01370432,0.02199303,0,0,21805.7315

17,True,False,0.02,0.25,Rot8,2,0,-0.001254214,0.01370432,0.02199303,0,0,21819.9522

17,True,False,0.02,0.25,Rot8,2,0,-0.001254214,0.01370432,0.02199303,0,0,21833.9115

17,True,False,0.02,0.25,Rot8,2,0,-0.001254214,0.01370432,0.02199303,0,0,21848.3947

17,True,False,0.02,0.25,Rot8,2,0,-0.001254214,0.01370432,0.02199303,0,0,21860.7238

17,True,False,0.02,0.25,Rot8,2,0,-0.001254214,0.01370432,0.02199303,0,0,21887.9191

17,True,False,0.02,0.25,Rot8,2,0,-0.001254214,0.01370432,0.02199303,0,0,21903.1695

17,True,False,0.02,0.25,Rot8,2,0,-0.001254214,0.01370432,0.02199303,0,0,21915.8815

17,True,False,0.02,0.25,Rot8,2,0,-0.001254214,0.01370432,0.02199303,0,0,21928.923

17,True,False,0.02,0.25,Rot8,2,0,-0.001254214,0.01370432,0.02199303,0,0,21942.6657

17,True,False,0.02,0.25,Rot8,2,0,-0.001254214,0.01370432,0.02199303,0,0,21969.3605

17,True,False,0.02,0.25,Rot8,2,0,-0.001254214,0.01370432,0.02199303,0,0,21985.6767

17,True,False,0.02,0.25,Rot8,2,0,-0.001254214,0.01370432,0.02199303,0,0,21996.6009

17,True,False,0.02,0.25,Rot8,2,0,-0.001254214,0.01370432,0.02199303,0,0,22010.7953

17,True,False,0.02,0.25,Rot8,2,0,-0.001254214,0.01370432,0.02199303,0,0,22026.5313

17,True,False,0.02,0.25,Rot8,2,0,-0.001254214,0.01370432,0.02199303,0,0,22052.0625

17,True,False,0.02,0.25,Rot8,2,0,-0.001254214,0.01370432,0.02199303,0,0,22068.2801

17,True,False,0.02,0.25,Rot8,2,0,-0.001254214,0.01370432,0.02199303,0,0,22079.7988

17,True,False,0.02,0.25,Rot8,2,0,-0.001254214,0.01370432,0.02199303,0,0,22094.7215

17,True,False,0.02,0.25,Rot8,2,0,-0.001254214,0.01370432,0.02199303,0,0,22108.2854

17,True,False,0.02,0.25,Rot8,2,0,-0.001254214,0.01370432,0.02199303,0,0,22135.5109

17,True,False,0.02,0.25,Rot8,2,0,-0.001254214,0.01370432,0.02199303,0,0,22163.2977

17,True,False,0.02,0.25,Rot8,2,0,-0.001254214,0.01370432,0.02199303,0,0,22175.3815

17,True,False,0.02,0.25,Rot8,2,0,-0.001254214,0.01370432,0.02199303,0,0,22188.7535

17,True,False,0.02,0.25,Rot8,2,0,-0.001254214,0.01370432,0.02199303,0,0,22201.5811

17,True,False,0.02,0.25,Rot8,2,0,-0.001254214,0.01370432,0.02199303,0,0,22229.24

17,True,False,0.02,0.25,Rot8,2,0,-0.001254214,0.01370432,0.02199303,0,0,22241.3384

17,True,False,0.02,0.25,Rot8,2,0,-0.001254214,0.01370432,0.02199303,0,0,22255.2045

17,True,False,0.02,0.25,Rot8,2,0,-0.001254214,0.01370432,0.02199303,0,0,22268.742

17,True,False,0.02,0.25,Rot8,2,0,-0.001254214,0.01370432,0.02199303,0,0,22281.6891

17,True,False,0.02,0.25,Rot8,2,0,-0.001254214,0.01370432,0.02199303,0,0,22295.2414

17,True,False,0.02,0.25,Rot8,2,0,-0.001254214,0.01370432,0.02199303,0,0,22310.0336

17,True,False,0.02,0.25,Rot8,2,0,-0.001254214,0.01370432,0.02199303,0,0,22334.8038

17,True,False,0.02,0.25,Rot8,2,0,-0.001254214,0.01370432,0.02199303,0,0,22361.4746

17,True,False,0.02,0.25,Rot8,2,0,-0.001254214,0.01370432,0.02199303,0,0,22375.3596

17,True,False,0.02,0.25,Rot8,2,0,-0.001254214,0.01370432,0.02199303,0,0,22389.2677

17,True,False,0.02,0.25,Rot8,2,0,-0.001254214,0.01370432,0.02199303,0,0,22403.1891

17,True,False,0.02,0.25,Rot8,2,0,-0.001254214,0.01370432,0.02199303,0,0,22417.4047

17,True,False,0.02,0.25,Rot8,2,0,-0.001254214,0.01370432,0.02199303,0,0,22431.0475

17,True,False,0.02,0.25,Rot8,2,0,-0.001254214,0.01370432,0.02199303,0,0,22444.7192

17,True,False,0.02,0.25,Rot8,2,0,-0.001254214,0.01370432,0.02199303,0,0,22472.362

17,True,False,0.02,0.25,Rot8,2,0,-0.001254214,0.01370432,0.02199303,0,0,22487.0286

17,True,False,0.02,0.25,Rot8,2,0,-0.001254214,0.01370432,0.02199303,0,0,22499.6225

17,True,False,0.02,0.25,Rot8,2,0,-0.001254214,0.01370432,0.02199303,0,0,22513.9847

17,True,False,0.02,0.25,Rot8,2,0,-0.001254214,0.01370432,0.02199303,0,0,22529.2086

17,True,False,0.02,0.25,Rot8,2,0,-0.001254214,0.01370432,0.02199303,0,0,22554.943

17,True,False,0.02,0.25,Rot8,2,0,-0.001254214,0.01370432,0.02199303,0,0,22570.151

17,True,False,0.02,0.25,Rot8,2,0,-0.001254214,0.01370432,0.02199303,0,0,22581.9997

17,True,False,0.02,0.25,Rot8,2,0,-0.001254214,0.01370432,0.02199303,0,0,22596.3809

17,True,False,0.02,0.25,Rot8,2,0,-0.001254214,0.01370432,0.02199303,0,0,22611.4067

17,True,False,0.02,0.25,Rot8,2,0,-0.001254214,0.01370432,0.02199303,0,0,22637.1255

17,True,False,0.02,0.25,Rot8,2,0,-0.001254214,0.01370432,0.02199303,0,0,22652.9936

17,True,False,0.02,0.25,Rot8,2,0,-0.001254214,0.01370432,0.02199303,0,0,22664.7002

17,True,False,0.02,0.25,Rot8,2,0,-0.001254214,0.01370432,0.02199303,0,0,22679.085

17,True,False,0.02,0.25,Rot8,2,0,-0.001254214,0.01370432,0.02199303,0,0,22694.53

17,True,False,0.02,0.25,Rot8,2,0,-0.001254214,0.01370432,0.02199303,0,0,22720.1674

17,True,False,0.02,0.25,Rot8,2,0,-0.001254214,0.01370432,0.02199303,0,0,22734.4312

17,True,False,0.02,0.25,Rot8,2,0,-0.001254214,0.01370432,0.02199303,0,0,22748.3466

17,True,False,0.02,0.25,Rot8,2,0,-0.001254214,0.01370432,0.02199303,0,0,22763.1846

17,True,False,0.02,0.25,Rot8,2,0,-0.001254214,0.01370432,0.02199303,0,0,22775.8984

17,True,False,0.02,0.25,Rot8,2,0,-0.001254214,0.01370432,0.02199303,0,0,22791.7264

17,True,False,0.02,0.25,Rot8,2,0,-0.001254214,0.01370432,0.02199303,0,0,22817.4426

17,True,False,0.02,0.25,Rot8,2,0,-0.001254214,0.01370432,0.02199303,0,0,22844.6602

17,True,False,0.02,0.25,Rot8,2,0,-0.001254214,0.01370432,0.02199303,0,0,22857.0309

17,True,False,0.02,0.25,Rot8,2,0,-0.001254214,0.01370432,0.02199303,0,0,22870.3098

17,True,False,0.02,0.25,Rot8,2,0,-0.001254214,0.01370432,0.02199303,0,0,22882.6546

17,True,False,0.02,0.25,Rot8,2,0,-0.001254214,0.01370432,0.02199303,0,0,22896.4183

17,True,False,0.02,0.25,Rot8,2,0,-0.001254214,0.01370432,0.02199303,0,0,22924.4159

17,True,False,0.02,0.25,Rot8,2,0,-0.001254214,0.01370432,0.02199303,0,0,22937.5679

17,True,False,0.02,0.25,Rot8,2,0,-0.001254214,0.01370432,0.02199303,0,0,22950.2666

17,True,False,0.02,0.25,Rot8,2,0,-0.001254214,0.01370432,0.02199303,0,0,22963.7653

17,True,False,0.02,0.25,Rot8,2,0,-0.001254214,0.01370432,0.02199303,0,0,22989.8473

17,True,False,0.02,0.25,Rot8,2,0,-0.001254214,0.01370432,0.02199303,0,0,23003.1851

17,True,False,0.02,0.25,Rot8,2,0,-0.001254214,0.01370432,0.02199303,0,0,23031.0947

17,True,False,0.02,0.25,Rot8,2,0,-0.001254214,0.01370432,0.02199303,0,0,23045.2518

17,True,False,0.02,0.25,Rot8,2,0,-0.001254214,0.01370432,0.02199303,0,0,23056.8107

17,True,False,0.02,0.25,Rot8,2,0,-0.001254214,0.01370432,0.02199303,0,0,23083.3443

17,True,False,0.02,0.25,Rot8,2,0,-0.001254214,0.01370432,0.02199303,0,0,23097.6269

17,True,False,0.02,0.25,Rot8,2,0,-0.001254214,0.01370432,0.02199303,0,0,23110.3195

17,True,False,0.02,0.25,Rot8,2,0,-0.001254214,0.01370432,0.02199303,0,0,23126.9387

17,True,False,0.02,0.25,Rot8,2,0,-0.001254214,0.01370432,0.02199303,0,0,23151.0276

17,True,False,0.02,0.25,Rot8,2,0,-0.001254214,0.01370432,0.02199303,0,0,23179.0796

17,True,False,0.02,0.25,Rot8,2,0,-0.001254214,0.01370432,0.02199303,0,0,23190.8405

17,True,False,0.02,0.25,Rot8,2,0,-0.001254214,0.01370432,0.02199303,0,0,23203.3713

17,True,False,0.02,0.25,Rot8,2,0,-0.001254214,0.01370432,0.02199303,0,0,23217.5307

17,True,False,0.02,0.25,Rot8,2,0,-0.001254214,0.01370432,0.02199303,0,0,23230.9624

17,True,False,0.02,0.25,Rot8,2,0,-0.001254214,0.01370432,0.02199303,0,0,23244.7478

17,True,False,0.02,0.25,Rot8,2,0,-0.001254214,0.01370432,0.02199303,0,0,23258.6847

17,True,False,0.02,0.25,Rot8,2,0,-0.001254214,0.01370432,0.02199303,0,0,23283.969

17,True,False,0.02,0.25,Rot8,2,0,-0.001254214,0.01370432,0.02199303,0,0,23309.401

17,True,False,0.02,0.25,Rot8,2,0,-0.001254214,0.01370432,0.02199303,0,0,23322.9508

17,True,False,0.02,0.25,Rot8,2,0,-0.001254214,0.01370432,0.02199303,0,0,23336.6605

17,True,False,0.02,0.25,Rot8,2,0,-0.001254214,0.01370432,0.02199303,0,0,23352.7676

17,True,False,0.02,0.25,Rot8,2,0,-0.001254214,0.01370432,0.02199303,0,0,23378.1475

17,True,False,0.02,0.25,Rot8,2,0,-0.001254214,0.01370432,0.02199303,0,0,23391.2192

17,True,False,0.02,0.25,Rot8,2,0,-0.001254214,0.01370432,0.02199303,0,0,23404.7558

17,True,False,0.02,0.25,Rot8,2,0,-0.001254214,0.01370432,0.02199303,0,0,23418.8334

17,True,False,0.02,0.25,Rot8,2,0,-0.001254214,0.01370432,0.02199303,0,0,23432.825

17,True,False,0.02,0.25,Rot8,2,0,-0.001254214,0.01370432,0.02199303,0,0,23446.2448

17,True,False,0.02,0.25,Rot8,2,0,-0.001254214,0.01370432,0.02199303,0,0,23462.4613

17,True,False,0.02,0.25,Rot8,2,0,-0.001254214,0.01370432,0.02199303,0,0,23473.7254

17,True,False,0.02,0.25,Rot8,2,0,-0.001254214,0.01370432,0.02199303,0,0,23500.468

17,True,False,0.02,0.25,Rot8,2,0,-0.001254214,0.01370432,0.02199303,0,0,23526.9325

17,True,False,0.02,0.25,Rot8,2,0,-0.001254214,0.01370432,0.02199303,0,0,23540.7637

17,True,False,0.02,0.25,Rot8,2,0,-0.001254214,0.01370432,0.02199303,0,0,23554.1142

17,True,False,0.02,0.25,Rot8,2,0,-0.001254214,0.01370432,0.02199303,0,0,23568.6252

17,True,False,0.02,0.25,Rot8,2,0,-0.001254214,0.01370432,0.02199303,0,0,23582.1501

17,True,False,0.02,0.25,Rot8,2,0,-0.001254214,0.01370432,0.02199303,0,0,23596.6193

17,True,False,0.02,0.25,Rot8,2,0,-0.001254214,0.01370432,0.02199303,0,0,23611.7766

17,True,False,0.02,0.25,Rot8,2,0,-0.001254214,0.01370432,0.02199303,0,0,23625.7618

17,True,False,0.02,0.25,Rot8,2,0,-0.001254214,0.01370432,0.02199303,0,0,23650.0903

17,True,False,0.02,0.25,Rot8,2,0,-0.001254214,0.01370432,0.02199303,0,0,23665.4222

17,True,False,0.02,0.25,Rot8,2,0,-0.001254214,0.01370432,0.02199303,0,0,23677.9577

17,True,False,0.02,0.25,Rot8,2,0,-0.001254214,0.01370432,0.02199303,0,0,23693.665

17,True,False,0.02,0.25,Rot8,2,0,-0.001254214,0.01370432,0.02199303,0,0,23707.2806

17,True,False,0.02,0.25,Rot8,2,0,-0.001254214,0.01370432,0.02199303,0,0,23732.9926

17,True,False,0.02,0.25,Rot8,2,0,-0.001254214,0.01370432,0.02199303,0,0,23747.5612

17,True,False,0.02,0.25,Rot8,2,0,-0.001254214,0.01370432,0.02199303,0,0,23759.6879

17,True,False,0.02,0.25,Rot8,2,0,-0.001254214,0.01370432,0.02199303,0,0,23787.8254

17,True,False,0.02,0.25,Rot8,2,0,-0.001254214,0.01370432,0.02199303,0,0,23802.8929

17,True,False,0.02,0.25,Rot8,2,0,-0.001254214,0.01370432,0.02199303,0,0,23814.8565

17,True,False,0.02,0.25,Rot8,2,0,-0.001254214,0.01370432,0.02199303,0,0,23828.0974

17,True,False,0.02,0.25,Rot8,2,0,-0.001254214,0.01370432,0.02199303,0,0,23843.6789

17,True,False,0.02,0.25,Rot8,2,0,-0.001254214,0.01370432,0.02199303,0,0,23855.6044

17,True,False,0.02,0.25,Rot8,2,0,-0.001254214,0.01370432,0.02199303,0,0,23873.007

17,True,False,0.02,0.25,Rot8,2,0,-0.001254214,0.01370432,0.02199303,0,0,23897.4852

17,True,False,0.02,0.25,Rot8,2,0,-0.001254214,0.01370432,0.02199303,0,0,23925.3784

17,True,False,0.02,0.25,Rot8,2,0,-0.001254214,0.01370432,0.02199303,0,0,23938.3117

17,True,False,0.02,0.25,Rot8,2,0,-0.001254214,0.01370432,0.02199303,0,0,23951.5623

17,True,False,0.02,0.25,Rot8,2,0,-0.001254214,0.01370432,0.02199303,0,0,23964.0778

17,True,False,0.02,0.25,Rot8,2,0,-0.001254214,0.01370432,0.02199303,0,0,23978.1149

17,True,False,0.02,0.25,Rot8,2,0,-0.001254214,0.01370432,0.02199303,0,0,24005.9174

17,True,False,0.02,0.25,Rot8,2,0,-0.001254214,0.01370432,0.02199303,0,0,24018.7263

17,True,False,0.02,0.25,Rot8,2,0,-0.001254214,0.01370432,0.02199303,0,0,24032.4467

17,True,False,0.02,0.25,Rot8,2,0,-0.001254214,0.01370432,0.02199303,0,0,24045.4061

17,True,False,0.02,0.25,Rot8,2,0,-0.001254214,0.01370432,0.02199303,0,0,24059.7875

17,True,False,0.02,0.25,Rot8,2,0,-0.001254214,0.01370432,0.02199303,0,0,24085.8282

17,True,False,0.02,0.25,Rot8,2,0,-0.001254214,0.01370432,0.02199303,0,0,24112.3556

17,True,False,0.02,0.25,Rot8,2,0,-0.001254214,0.01370432,0.02199303,0,0,24126.008

17,True,False,0.02,0.25,Rot8,2,0,-0.001254214,0.01370432,0.02199303,0,0,24139.6255

17,True,False,0.02,0.25,Rot8,2,0,-0.001254214,0.01370432,0.02199303,0,0,24153.9757

17,True,False,0.02,0.25,Rot8,2,0,-0.001254214,0.01370432,0.02199303,0,0,24167.7313

17,True,False,0.02,0.25,Rot8,2,0,-0.001254214,0.01370432,0.02199303,0,0,24181.1582

17,True,False,0.02,0.25,Rot8,2,0,-0.001254214,0.01370432,0.02199303,0,0,24195.3388

17,True,False,0.02,0.25,Rot8,2,0,-0.001254214,0.01370432,0.02199303,0,0,24209.9261

17,True,False,0.02,0.25,Rot8,2,0,-0.001254214,0.01370432,0.02199303,0,0,24224.3984

17,True,False,0.02,0.25,Rot8,2,0,-0.001254214,0.01370432,0.02199303,0,0,24248.7254

17,True,False,0.02,0.25,Rot8,2,0,-0.001254214,0.01370432,0.02199303,0,0,24264.6881

17,True,False,0.02,0.25,Rot8,2,0,-0.001254214,0.01370432,0.02199303,0,0,24276.296

17,True,False,0.02,0.25,Rot8,2,0,-0.001254214,0.01370432,0.02199303,0,0,24291.2873

17,True,False,0.02,0.25,Rot8,2,0,-0.001254214,0.01370432,0.02199303,0,0,24317.5968

17,True,False,0.02,0.25,Rot8,2,0,-0.001254214,0.01370432,0.02199303,0,0,24344.4465

17,True,False,0.02,0.25,Rot8,2,0,-0.001254214,0.01370432,0.02199303,0,0,24356.8841

17,True,False,0.02,0.25,Rot8,2,0,-0.001254214,0.01370432,0.02199303,0,0,24369.9794

17,True,False,0.02,0.25,Rot8,2,0,-0.001254214,0.01370432,0.02199303,0,0,24382.4598

17,True,False,0.02,0.25,Rot8,2,0,-0.001254214,0.01370432,0.02199303,0,0,24396.1849

17,True,False,0.02,0.25,Rot8,2,0,-0.001254214,0.01370432,0.02199303,0,0,24410.629

17,True,False,0.02,0.25,Rot8,2,0,-0.001254214,0.01370432,0.02199303,0,0,24435.354

17,True,False,0.02,0.25,Rot8,2,0,-0.001254214,0.01370432,0.02199303,0,0,24460.6997

17,True,False,0.02,0.25,Rot8,2,0,-0.001254214,0.01370432,0.02199303,0,0,24474.5728

17,True,False,0.02,0.25,Rot8,2,0,-0.001254214,0.01370432,0.02199303,0,0,24488.2744

17,True,False,0.02,0.25,Rot8,2,0,-0.001254214,0.01370432,0.02199303,0,0,24504.7195

17,True,False,0.02,0.25,Rot8,2,0,-0.001254214,0.01370432,0.02199303,0,0,24529.9253

17,True,False,0.02,0.25,Rot8,2,0,-0.001254214,0.01370432,0.02199303,0,0,24542.8411

17,True,False,0.02,0.25,Rot8,2,0,-0.001254214,0.01370432,0.02199303,0,0,24557.4325

17,True,False,0.02,0.25,Rot8,2,0,-0.001254214,0.01370432,0.02199303,0,0,24570.6796

17,True,False,0.02,0.25,Rot8,2,0,-0.001254214,0.01370432,0.02199303,0,0,24584.1108

17,True,False,0.02,0.25,Rot8,2,0,-0.001254214,0.01370432,0.02199303,0,0,24598.0928

17,True,False,0.02,0.25,Rot8,2,0,-0.001254214,0.01370432,0.02199303,0,0,24611.8236

17,True,False,0.02,0.25,Rot8,2,0,-0.001254214,0.01370432,0.02199303,0,0,24626.8153

17,True,False,0.02,0.25,Rot8,2,0,-0.001254214,0.01370432,0.02199303,0,0,24652.2823

17,True,False,0.02,0.25,Rot8,2,0,-0.001254214,0.01370432,0.02199303,0,0,24667.1268

17,True,False,0.02,0.25,Rot8,2,0,-0.001254214,0.01370432,0.02199303,0,0,24693.2337

17,True,False,0.02,0.25,Rot8,2,0,-0.001254214,0.01370432,0.02199303,0,0,24720.2755

17,True,False,0.02,0.25,Rot8,2,0,-0.001254214,0.01370432,0.02199303,0,0,24732.1069

17,True,False,0.02,0.25,Rot8,2,0,-0.001254214,0.01370432,0.02199303,0,0,24745.0285

17,True,False,0.02,0.25,Rot8,2,0,-0.001254214,0.01370432,0.02199303,0,0,24758.1761

17,True,False,0.02,0.25,Rot8,2,0,-0.001254214,0.01370432,0.02199303,0,0,24772.607

17,True,False,0.02,0.25,Rot8,2,0,-0.001254214,0.01370432,0.02199303,0,0,24785.694

17,True,False,0.02,0.25,Rot8,2,0,-0.001254214,0.01370432,0.02199303,0,0,24810.788

17,True,False,0.02,0.25,Rot8,2,0,-0.001254214,0.01370432,0.02199303,0,0,24837.2277

17,True,False,0.02,0.25,Rot8,2,0,-0.001254214,0.01370432,0.02199303,0,0,24850.8527

17,True,False,0.02,0.25,Rot8,2,0,-0.001254214,0.01370432,0.02199303,0,0,24864.1287

17,True,False,0.02,0.25,Rot8,2,0,-0.001254214,0.01370432,0.02199303,0,0,24878.2489

17,True,False,0.02,0.25,Rot8,2,0,-0.001254214,0.01370432,0.02199303,0,0,24892.0397

17,True,False,0.02,0.25,Rot8,2,0,-0.001254214,0.01370432,0.02199303,0,0,24906.6952

17,True,False,0.02,0.25,Rot8,2,0,-0.001254214,0.01370432,0.02199303,0,0,24920.1756

17,True,False,0.02,0.25,Rot8,2,0,-0.001254214,0.01370432,0.02199303,0,0,24945.4577

17,True,False,0.02,0.25,Rot8,2,0,-0.001254214,0.01370432,0.02199303,0,0,24971.9218

17,True,False,0.02,0.25,Rot8,2,0,-0.001254214,0.01370432,0.02199303,0,0,24986.0573

17,True,False,0.02,0.25,Rot8,2,0,-0.001254214,0.01370432,0.02199303,0,0,24999.876

17,True,False,0.02,0.25,Rot8,2,0,-0.001254214,0.01370432,0.02199303,0,0,25014.4868

17,True,False,0.02,0.25,Rot8,2,0,-0.001254214,0.01370432,0.02199303,0,0,25028.3709

17,True,False,0.02,0.25,Rot8,2,0,-0.001254214,0.01370432,0.02199303,0,0,25041.8116

17,True,False,0.02,0.25,Rot8,2,0,-0.001254214,0.01370432,0.02199303,0,0,25055.8497

17,True,False,0.02,0.25,Rot8,2,0,-0.001254214,0.01370432,0.02199303,0,0,25070.1278

17,True,False,0.02,0.25,Rot8,2,0,-0.001254214,0.01370432,0.02199303,0,0,25096.1158

17,True,False,0.02,0.25,Rot8,2,0,-0.001254214,0.01370432,0.02199303,0,0,25111.4824

17,True,False,0.02,0.25,Rot8,2,0,-0.001254214,0.01370432,0.02199303,0,0,25123.1833

17,True,False,0.02,0.25,Rot8,2,0,-0.001254214,0.01370432,0.02199303,0,0,25137.3052

17,True,False,0.02,0.25,Rot8,2,0,-0.001254214,0.01370432,0.02199303,0,0,25153.0777

17,True,False,0.02,0.25,Rot8,2,0,-0.001254214,0.01370432,0.02199303,0,0,25178.5241

17,True,False,0.02,0.25,Rot8,2,0,-0.001254214,0.01370432,0.02199303,0,0,25194.2262

17,True,False,0.02,0.25,Rot8,2,0,-0.001254214,0.01370432,0.02199303,0,0,25205.9933

17,True,False,0.02,0.25,Rot8,2,0,-0.001254214,0.01370432,0.02199303,0,0,25220.2236

17,True,False,0.02,0.25,Rot8,2,0,-0.001254214,0.01370432,0.02199303,0,0,25235.1356

17,True,False,0.02,0.25,Rot8,2,0,-0.001254214,0.01370432,0.02199303,0,0,25260.7791

17,True,False,0.02,0.25,Rot8,2,0,-0.001254214,0.01370432,0.02199303,0,0,25275.8895

17,True,False,0.02,0.25,Rot8,2,0,-0.001254214,0.01370432,0.02199303,0,0,25290.2154

17,True,False,0.02,0.25,Rot8,2,0,-0.001254214,0.01370432,0.02199303,0,0,25301.4172

17,True,False,0.02,0.25,Rot8,2,0,-0.001254214,0.01370432,0.02199303,0,0,25328.8734

17,True,False,0.02,0.25,Rot8,2,0,-0.001254214,0.01370432,0.02199303,0,0,25344.5975

17,True,False,0.02,0.25,Rot8,2,0,-0.001254214,0.01370432,0.02199303,0,0,25356.2861

17,True,False,0.02,0.25,Rot8,2,0,-0.001254214,0.01370432,0.02199303,0,0,25371.0957

17,True,False,0.02,0.25,Rot8,2,0,-0.001254214,0.01370432,0.02199303,0,0,25387.2562

17,True,False,0.02,0.25,Rot8,2,0,-0.001254214,0.01370432,0.02199303,0,0,25412.217

17,True,False,0.02,0.25,Rot8,2,0,-0.001254214,0.01370432,0.02199303,0,0,25440.4779

17,True,False,0.02,0.25,Rot8,2,0,-0.001254214,0.01370432,0.02199303,0,0,25452.8836

17,True,False,0.02,0.25,Rot8,2,0,-0.001254214,0.01370432,0.02199303,0,0,25465.5503

17,True,False,0.02,0.25,Rot8,2,0,-0.001254214,0.01370432,0.02199303,0,0,25479.2784

17,True,False,0.02,0.25,Rot8,2,0,-0.001254214,0.01370432,0.02199303,0,0,25492.304

17,True,False,0.02,0.25,Rot8,2,0,-0.001254214,0.01370432,0.02199303,0,0,25505.5433

17,True,False,0.02,0.25,Rot8,2,0,-0.001254214,0.01370432,0.02199303,0,0,25519.5332

17,True,False,0.02,0.25,Rot8,2,0,-0.001254214,0.01370432,0.02199303,0,0,25544.8683

17,True,False,0.02,0.25,Rot8,2,0,-0.001254214,0.01370432,0.02199303,0,0,25571.2048

17,True,False,0.02,0.25,Rot8,2,0,-0.001254214,0.01370432,0.02199303,0,0,25585.0706

17,True,False,0.02,0.25,Rot8,2,0,-0.001254214,0.01370432,0.02199303,0,0,25598.8473

17,True,False,0.02,0.25,Rot8,2,0,-0.001254214,0.01370432,0.02199303,0,0,25613.0996

17,True,False,0.02,0.25,Rot8,2,0,-0.001254214,0.01370432,0.02199303,0,0,25626.3303

17,True,False,0.02,0.25,Rot8,2,0,-0.001254214,0.01370432,0.02199303,0,0,25641.0862

17,True,False,0.02,0.25,Rot8,2,0,-0.001254214,0.01370432,0.02199303,0,0,25656.2538

17,True,False,0.02,0.25,Rot8,2,0,-0.001254214,0.01370432,0.02199303,0,0,25669.3391

17,True,False,0.02,0.25,Rot8,2,0,-0.001254214,0.01370432,0.02199303,0,0,25694.2555

17,True,False,0.02,0.25,Rot8,2,0,-0.001254214,0.01370432,0.02199303,0,0,25721.3891

17,True,False,0.02,0.25,Rot8,2,0,-0.001254214,0.01370432,0.02199303,0,0,25735.1272

17,True,False,0.02,0.25,Rot8,2,0,-0.001254214,0.01370432,0.02199303,0,0,25749.2588

17,True,False,0.02,0.25,Rot8,2,0,-0.001254214,0.01370432,0.02199303,0,0,25762.7419

17,True,False,0.02,0.25,Rot8,2,0,-0.001254214,0.01370432,0.02199303,0,0,25777.59

17,True,False,0.02,0.25,Rot8,2,0,-0.001254214,0.01370432,0.02199303,0,0,25791.589

17,True,False,0.02,0.25,Rot8,2,0,-0.001254214,0.01370432,0.02199303,0,0,25805.0447

17,True,False,0.02,0.25,Rot8,2,0,-0.001254214,0.01370432,0.02199303,0,0,25831.8065

17,True,False,0.02,0.25,Rot8,2,0,-0.001254214,0.01370432,0.02199303,0,0,25846.0515

17,True,False,0.02,0.25,Rot8,2,0,-0.001254214,0.01370432,0.02199303,0,0,25859.4049

17,True,False,0.02,0.25,Rot8,2,0,-0.001254214,0.01370432,0.02199303,0,0,25873.7187

17,True,False,0.02,0.25,Rot8,2,0,-0.001254214,0.01370432,0.02199303,0,0,25887.9796

17,True,False,0.02,0.25,Rot8,2,0,-0.001254214,0.01370432,0.02199303,0,0,25915.1609

17,True,False,0.02,0.25,Rot8,2,0,-0.001254214,0.01370432,0.02199303,0,0,25931.0222

17,True,False,0.02,0.25,Rot8,2,0,-0.001254214,0.01370432,0.02199303,0,0,25942.3371

17,True,False,0.02,0.25,Rot8,2,0,-0.001254214,0.01370432,0.02199303,0,0,25955.7728

17,True,False,0.02,0.25,Rot8,2,0,-0.001254214,0.01370432,0.02199303,0,0,25983.3168

17,True,False,0.02,0.25,Rot8,2,0,-0.001254214,0.01370432,0.02199303,0,0,25997.9148

17,True,False,0.02,0.25,Rot8,2,0,-0.001254214,0.01370432,0.02199303,0,0,26012.0306

17,True,False,0.02,0.25,Rot8,2,0,-0.001254214,0.01370432,0.02199303,0,0,26024.5901

17,True,False,0.02,0.25,Rot8,2,0,-0.001254214,0.01370432,0.02199303,0,0,26039.4144

17,True,False,0.02,0.25,Rot8,2,0,-0.001254214,0.01370432,0.02199303,0,0,26052.8819

17,True,False,0.02,0.25,Rot8,2,0,-0.001254214,0.01370432,0.02199303,0,0,26067.9538

17,True,False,0.02,0.25,Rot8,2,0,-0.001254214,0.01370432,0.02199303,0,0,26093.4039

17,True,False,0.02,0.25,Rot8,2,0,-0.001254214,0.01370432,0.02199303,0,0,26120.9675

17,True,False,0.02,0.25,Rot8,2,0,-0.001254214,0.01370432,0.02199303,0,0,26133.4429

17,True,False,0.02,0.25,Rot8,2,0,-0.001254214,0.01370432,0.02199303,0,0,26146.4628

17,True,False,0.02,0.25,Rot8,2,0,-0.001254214,0.01370432,0.02199303,0,0,26159.5201

17,True,False,0.02,0.25,Rot8,2,0,-0.001254214,0.01370432,0.02199303,0,0,26173.6953

17,True,False,0.02,0.25,Rot8,2,0,-0.001254214,0.01370432,0.02199303,0,0,26186.8013

17,True,False,0.02,0.25,Rot8,2,0,-0.001254214,0.01370432,0.02199303,0,0,26211.8145

17,True,False,0.02,0.25,Rot8,2,0,-0.001254214,0.01370432,0.02199303,0,0,26238.3352

17,True,False,0.02,0.25,Rot8,2,0,-0.001254214,0.01370432,0.02199303,0,0,26252.1754

17,True,False,0.02,0.25,Rot8,2,0,-0.001254214,0.01370432,0.02199303,0,0,26265.7204

17,True,False,0.02,0.25,Rot8,2,0,-0.001254214,0.01370432,0.02199303,0,0,26279.2917

17,True,False,0.02,0.25,Rot8,2,0,-0.001254214,0.01370432,0.02199303,0,0,26293.5204

17,True,False,0.02,0.25,Rot8,2,0,-0.001254214,0.01370432,0.02199303,0,0,26307.0609

17,True,False,0.02,0.25,Rot8,2,0,-0.001254214,0.01370432,0.02199303,0,0,26320.5608

17,True,False,0.02,0.25,Rot8,2,0,-0.001254214,0.01370432,0.02199303,0,0,26361.2798

17,True,False,0.02,0.25,Rot8,2,0,-0.001254214,0.01370432,0.02199303,0,0,26388.1237

17,True,False,0.02,0.25,Rot8,2,0,-0.001254214,0.01370432,0.02199303,0,0,26402.2022

17,True,False,0.02,0.25,Rot8,2,0,-0.001254214,0.01370432,0.02199303,0,0,26416.1709

17,True,False,0.02,0.25,Rot8,2,0,-0.001254214,0.01370432,0.02199303,0,0,26430.3154

17,True,False,0.02,0.25,Rot8,2,0,-0.001254214,0.01370432,0.02199303,0,0,26444.0227

17,True,False,0.02,0.25,Rot8,2,0,-0.001254214,0.01370432,0.02199303,0,0,26458.2781

17,True,False,0.02,0.25,Rot8,2,0,-0.001254214,0.01370432,0.02199303,0,0,26472.2561

17,True,False,0.02,0.25,Rot8,2,0,-0.001254214,0.01370432,0.02199303,0,0,26485.1739

17,True,False,0.02,0.25,Rot8,2,0,-0.001254214,0.01370432,0.02199303,0,0,26512.7329

17,True,False,0.02,0.25,Rot8,2,0,-0.001254214,0.01370432,0.02199303,0,0,26527.0395

17,True,False,0.02,0.25,Rot8,2,0,-0.001254214,0.01370432,0.02199303,0,0,26538.5109

17,True,False,0.02,0.25,Rot8,2,0,-0.001254214,0.01370432,0.02199303,0,0,26553.0501

17,True,False,0.02,0.25,Rot8,2,0,-0.001254214,0.01370432,0.02199303,0,0,26569.1936

17,True,False,0.02,0.25,Rot8,2,0,-0.001254214,0.01370432,0.02199303,0,0,26594.224

17,True,False,0.02,0.25,Rot8,2,0,-0.001254214,0.01370432,0.02199303,0,0,26610.1023

17,True,False,0.02,0.25,Rot8,2,0,-0.001254214,0.01370432,0.02199303,0,0,26621.4894

17,True,False,0.02,0.25,Rot8,2,0,-0.001254214,0.01370432,0.02199303,0,0,26635.4647

17,True,False,0.02,0.25,Rot8,2,0,-0.001254214,0.01370432,0.02199303,0,0,26651.0005

17,True,False,0.02,0.25,Rot8,2,0,-0.001254214,0.01370432,0.02199303,0,0,26676.387

17,True,False,0.02,0.25,Rot8,2,0,-0.001254214,0.01370432,0.02199303,0,0,26691.957

17,True,False,0.02,0.25,Rot8,2,0,-0.001254214,0.01370432,0.02199303,0,0,26703.1565

17,True,False,0.02,0.25,Rot8,2,0,-0.001254214,0.01370432,0.02199303,0,0,26718.4461

17,True,False,0.02,0.25,Rot8,2,0,-0.001254214,0.01370432,0.02199303,0,0,26733.8494

17,True,False,0.02,0.25,Rot8,2,0,-0.001254214,0.01370432,0.02199303,0,0,26758.7565

17,True,False,0.02,0.25,Rot8,2,0,-0.001254214,0.01370432,0.02199303,0,0,26774.2676

17,True,False,0.02,0.25,Rot8,2,0,-0.001254214,0.01370432,0.02199303,0,0,26786.0703

17,True,False,0.02,0.25,Rot8,2,0,-0.001254214,0.01370432,0.02199303,0,0,26801.3806

17,True,False,0.02,0.25,Rot8,2,0,-0.001254214,0.01370432,0.02199303,0,0,26828.287

17,True,False,0.02,0.25,Rot8,2,0,-0.001254214,0.01370432,0.02199303,0,0,26843.4421

17,True,False,0.02,0.25,Rot8,2,0,-0.001254214,0.01370432,0.02199303,0,0,26854.3793

17,True,False,0.02,0.25,Rot8,2,0,-0.001254214,0.01370432,0.02199303,0,0,26869.9756

17,True,False,0.02,0.25,Rot8,2,0,-0.001254214,0.01370432,0.02199303,0,0,26895.5539

17,True,False,0.02,0.25,Rot8,2,0,-0.001254214,0.01370432,0.02199303,0,0,26920.9928

17,True,False,0.02,0.25,Rot8,2,0,-0.001254214,0.01370432,0.02199303,0,0,26948.7576

17,True,False,0.02,0.25,Rot8,2,0,-0.001254214,0.01370432,0.02199303,0,0,26961.5057

17,True,False,0.02,0.25,Rot8,2,0,-0.001254214,0.01370432,0.02199303,0,0,26975.2776

17,True,False,0.02,0.25,Rot8,2,0,-0.001254214,0.01370432,0.02199303,0,0,26988.7335

17,True,False,0.02,0.25,Rot8,2,0,-0.001254214,0.01370432,0.02199303,0,0,27002.034

17,True,False,0.02,0.25,Rot8,2,0,-0.001254214,0.01370432,0.02199303,0,0,27017.2311

17,True,False,0.02,0.25,Rot8,2,0,-0.001254214,0.01370432,0.02199303,0,0,27042.0575

17,True,False,0.02,0.25,Rot8,2,0,-0.001254214,0.01370432,0.02199303,0,0,27069.057

17,True,False,0.02,0.25,Rot8,2,0,-0.001254214,0.01370432,0.02199303,0,0,27082.8896

17,True,False,0.02,0.25,Rot8,2,0,-0.001254214,0.01370432,0.02199303,0,0,27096.661

17,True,False,0.02,0.25,Rot8,2,0,-0.001254214,0.01370432,0.02199303,0,0,27110.7255

17,True,False,0.02,0.25,Rot8,2,0,-0.001254214,0.01370432,0.02199303,0,0,27124.2669

17,True,False,0.02,0.25,Rot8,2,0,-0.001254214,0.01370432,0.02199303,0,0,27138.7418

17,True,False,0.02,0.25,Rot8,2,0,-0.001254214,0.01370432,0.02199303,0,0,27153.327

17,True,False,0.02,0.25,Rot8,2,0,-0.001254214,0.01370432,0.02199303,0,0,27168.0407

17,True,False,0.02,0.25,Rot8,2,0,-0.001254214,0.01370432,0.02199303,0,0,27193.1239

17,True,False,0.02,0.25,Rot8,2,0,-0.001254214,0.01370432,0.02199303,0,0,27220.3523

17,True,False,0.02,0.25,Rot8,2,0,-0.001254214,0.01370432,0.02199303,0,0,27235.1323

17,True,False,0.02,0.25,Rot8,2,0,-0.001254214,0.01370432,0.02199303,0,0,27249.5173

17,True,False,0.02,0.25,Rot8,2,0,-0.001254214,0.01370432,0.02199303,0,0,27263.1178

17,True,False,0.02,0.25,Rot8,2,0,-0.001254214,0.01370432,0.02199303,0,0,27277.512

17,True,False,0.02,0.25,Rot8,2,0,-0.001254214,0.01370432,0.02199303,0,0,27291.8422

17,True,False,0.02,0.25,Rot8,2,0,-0.001254214,0.01370432,0.02199303,0,0,27305.6903

17,True,False,0.02,0.25,Rot8,2,0,-0.001254214,0.01370432,0.02199303,0,0,27319.6906

17,True,False,0.02,0.25,Rot8,2,0,-0.001254214,0.01370432,0.02199303,0,0,27347.021

17,True,False,0.02,0.25,Rot8,2,0,-0.001254214,0.01370432,0.02199303,0,0,27362.3

17,True,False,0.02,0.25,Rot8,2,0,-0.001254214,0.01370432,0.02199303,0,0,27374.5274

17,True,False,0.02,0.25,Rot8,2,0,-0.001254214,0.01370432,0.02199303,0,0,27388.5466

17,True,False,0.02,0.25,Rot8,2,0,-0.001254214,0.01370432,0.02199303,0,0,27403.5449

17,True,False,0.02,0.25,Rot8,2,0,-0.001254214,0.01370432,0.02199303,0,0,27417.0004

17,True,False,0.02,0.25,Rot8,2,0,-0.001254214,0.01370432,0.02199303,0,0,27442.7773

17,True,False,0.02,0.25,Rot8,2,0,-0.001254214,0.01370432,0.02199303,0,0,27470.2133

17,True,False,0.02,0.25,Rot8,2,0,-0.001254214,0.01370432,0.02199303,0,0,27482.1583

17,True,False,0.02,0.25,Rot8,2,0,-0.001254214,0.01370432,0.02199303,0,0,27495.161

17,True,False,0.02,0.25,Rot8,2,0,-0.001254214,0.01370432,0.02199303,0,0,27508.3915

17,True,False,0.02,0.25,Rot8,2,0,-0.001254214,0.01370432,0.02199303,0,0,27520.8851

17,True,False,0.02,0.25,Rot8,2,0,-0.001254214,0.01370432,0.02199303,0,0,27535.5763

17,True,False,0.02,0.25,Rot8,2,0,-0.001254214,0.01370432,0.02199303,0,0,27550.3409

17,True,False,0.02,0.25,Rot8,2,0,-0.001254214,0.01370432,0.02199303,0,0,27575.8791

17,True,False,0.02,0.25,Rot8,2,0,-0.001254214,0.01370432,0.02199303,0,0,27604.3097

17,True,False,0.02,0.25,Rot8,2,0,-0.001254214,0.01370432,0.02199303,0,0,27617.3823

17,True,False,0.02,0.25,Rot8,2,0,-0.001254214,0.01370432,0.02199303,0,0,27630.7273

17,True,False,0.02,0.25,Rot8,2,0,-0.001254214,0.01370432,0.02199303,0,0,27643.9994

17,True,False,0.02,0.25,Rot8,2,0,-0.001254214,0.01370432,0.02199303,0,0,27657.5339

17,True,False,0.02,0.25,Rot8,2,0,-0.001254214,0.01370432,0.02199303,0,0,27671.2015

17,True,False,0.02,0.25,Rot8,2,0,-0.001254214,0.01370432,0.02199303,0,0,27697.0656

17,True,False,0.02,0.25,Rot8,2,0,-0.001254214,0.01370432,0.02199303,0,0,27710.4338

17,True,False,0.02,0.25,Rot8,2,0,-0.001254214,0.01370432,0.02199303,0,0,27723.9108

17,True,False,0.02,0.25,Rot8,2,0,-0.001254214,0.01370432,0.02199303,0,0,27738.2507

17,True,False,0.02,0.25,Rot8,2,0,-0.001254214,0.01370432,0.02199303,0,0,27751.4012

17,True,False,0.02,0.25,Rot8,2,0,-0.001254214,0.01370432,0.02199303,0,0,27778.3236

17,True,False,0.02,0.25,Rot8,2,0,-0.001254214,0.01370432,0.02199303,0,0,27805.2278

17,True,False,0.02,0.25,Rot8,2,0,-0.001254214,0.01370432,0.02199303,0,0,27819.5155

17,True,False,0.02,0.25,Rot8,2,0,-0.001254214,0.01370432,0.02199303,0,0,27833.2188

17,True,False,0.02,0.25,Rot8,2,0,-0.001254214,0.01370432,0.02199303,0,0,27847.0169

17,True,False,0.02,0.25,Rot8,2,0,-0.001254214,0.01370432,0.02199303,0,0,27860.6529

17,True,False,0.02,0.25,Rot8,2,0,-0.001254214,0.01370432,0.02199303,0,0,27874.3659

17,True,False,0.02,0.25,Rot8,2,0,-0.001254214,0.01370432,0.02199303,0,0,27888.2039

17,True,False,0.02,0.25,Rot8,2,0,-0.001254214,0.01370432,0.02199303,0,0,27902.4838

17,True,False,0.02,0.25,Rot8,2,0,-0.001254214,0.01370432,0.02199303,0,0,27929.5143

17,True,False,0.02,0.25,Rot8,2,0,-0.001254214,0.01370432,0.02199303,0,0,27944.7711

17,True,False,0.02,0.25,Rot8,2,0,-0.001254214,0.01370432,0.02199303,0,0,27956.5497

17,True,False,0.02,0.25,Rot8,2,0,-0.001254214,0.01370432,0.02199303,0,0,27971.0132

17,True,False,0.02,0.25,Rot8,2,0,-0.001254214,0.01370432,0.02199303,0,0,27997.584

17,True,False,0.02,0.25,Rot8,2,0,-0.001254214,0.01370432,0.02199303,0,0,28022.8866

17,True,False,0.02,0.25,Rot8,2,0,-0.001254214,0.01370432,0.02199303,0,0,28035.6484

17,True,False,0.02,0.25,Rot8,2,0,-0.001254214,0.01370432,0.02199303,0,0,28049.2223

17,True,False,0.02,0.25,Rot8,2,0,-0.001254214,0.01370432,0.02199303,0,0,28065.3207

17,True,False,0.02,0.25,Rot8,2,0,-0.001254214,0.01370432,0.02199303,0,0,28077.385

17,True,False,0.02,0.25,Rot8,2,0,-0.001254214,0.01370432,0.02199303,0,0,28093.4929

17,True,False,0.02,0.25,Rot8,2,0,-0.001254214,0.01370432,0.02199303,0,0,28117.6664

17,True,False,0.02,0.25,Rot8,2,0,-0.001254214,0.01370432,0.02199303,0,0,28143.6918

17,True,False,0.02,0.25,Rot8,2,0,-0.001254214,0.01370432,0.02199303,0,0,28170.7666

17,True,False,0.02,0.25,Rot8,2,0,-0.001254214,0.01370432,0.02199303,0,0,28198.7102

17,True,False,0.02,0.25,Rot8,2,0,-0.001254214,0.01370432,0.02199303,0,0,28211.2871

17,True,False,0.02,0.25,Rot8,2,0,-0.001254214,0.01370432,0.02199303,0,0,28224.8792

17,True,False,0.02,0.25,Rot8,2,0,-0.001254214,0.01370432,0.02199303,0,0,28238.6164

17,True,False,0.02,0.25,Rot8,2,0,-0.001254214,0.01370432,0.02199303,0,0,28252.5225

17,True,False,0.02,0.25,Rot8,2,0,-0.001254214,0.01370432,0.02199303,0,0,28265.9265

17,True,False,0.02,0.25,Rot8,2,0,-0.001254214,0.01370432,0.02199303,0,0,28279.1901

17,True,False,0.02,0.25,Rot8,2,0,-0.001254214,0.01370432,0.02199303,0,0,28305.7725

17,True,False,0.02,0.25,Rot8,2,0,-0.001254226,0.01370413,0.02199291,2.286419E-07,1.53077972535403E-05,28320.7088

17,True,False,0.02,0.25,Rot8,2,0,-0.00141019,0.01392755,0.02219148,0.0003371535,0.0266756489954004,28333.3478

17,True,False,0.02,0.25,Rot8,2,0,-0.001762797,0.01442718,0.02270696,0.0007997989,0.0583041524688382,28347.0655

17,True,False,0.02,0.25,Rot8,2,0,-0.002616906,0.01562407,0.02420623,0.002099965,0.144729335591215,28361.5751

17,True,False,0.02,0.25,Rot8,2,0,-0.003115525,0.01635603,0.02552848,0.001591461,0.0612446791603662,28387.5604

17,True,False,0.02,0.25,Rot8,2,0,-0.003452355,0.0169141,0.02718414,0.001779348,0.110089115539973,28403.7232

17,True,False,0.02,0.25,Rot8,2,0,-0.00338799,0.01701137,0.02853741,0.001358289,0.12670486338108,28414.4433

17,True,False,0.02,0.25,Rot8,2,0,-0.00306611,0.01676519,0.02927405,0.000840743,0.0572471405752083,28429.1295

17,True,False,0.02,0.25,Rot8,2,0,-0.002671088,0.01634434,0.03054678,0.001397499,0.0521196370973992,28455.9428

17,True,False,0.02,0.25,Rot8,2,0,-0.002274285,0.01587417,0.03186713,0.001456657,0.0536006580227659,28483.1189

17,True,False,0.02,0.25,Rot8,2,0,-0.001973518,0.01532173,0.03402838,0.002250922,0.185270211902778,28495.2683

17,True,False,0.02,0.25,Rot8,2,0,-0.0008509608,0.01370063,0.04015712,0.006438134,0.490588056214706,28508.3916

17,True,False,0.02,0.25,Rot8,2,0,0.0002648064,0.01198507,0.04657581,0.006737038,0.55471247607328,28520.5367

17,True,False,0.02,0.25,Rot8,2,0,0.0002647862,0.01198492,0.04657575,1.600348E-07,1.16635810939886E-05,28534.2576

17,True,False,0.02,0.25,Rot8,2,0,0.001744818,0.01087222,0.05409296,0.007741895,0.532260939178545,28548.8029

17,True,False,0.02,0.25,Rot8,2,0,0.00292382,0.009981218,0.06005729,0.006144688,0.25328264125516,28573.0631

17,True,False,0.02,0.25,Rot8,2,0,0.002758361,0.009464919,0.06571847,0.005687084,0.211145748521846,28599.9975

17,True,False,0.02,0.25,Rot8,2,0,0.002375659,0.008756473,0.07093902,0.005282279,0.397672145147526,28613.2805

17,True,False,0.02,0.25,Rot8,2,0,0.002068706,0.007954039,0.07744491,0.006562374,0.473168476523111,28627.1495

17,True,False,0.02,0.25,Rot8,2,0,0.002206898,0.007071272,0.08259685,0.005228851,0.394532002635958,28640.4028

17,True,False,0.02,0.25,Rot8,2,0,0.002355657,0.0064055,0.08683313,0.004290857,0.299145781933253,28654.7465

17,True,False,0.02,0.25,Rot8,2,0,0.002509778,0.005862965,0.09056099,0.003770277,0.27108497236186,28668.6546

17,True,False,0.02,0.25,Rot8,2,0,0.002365035,0.005299777,0.09479949,0.004278203,0.315006884969364,28682.2359

17,True,False,0.02,0.25,Rot8,2,0,0.002258163,0.004780591,0.09881996,0.00405526,0.297834884101827,28695.8517

17,True,False,0.02,0.25,Rot8,2,0,0.002656708,0.00384156,0.1043736,0.005646515,0.214925194363361,28722.1237

17,True,False,0.02,0.25,Rot8,2,0,0.003005706,0.003007411,0.1095257,0.005230903,0.378370948886414,28735.9485

17,True,False,0.02,0.25,Rot8,2,0,0.003065263,0.002542657,0.1134477,0.003949868,0.291049953734155,28749.5196

17,True,False,0.02,0.25,Rot8,2,0,0.003211617,0.002017129,0.1182019,0.004785404,0.351279037711539,28763.1424

17,True,False,0.02,0.25,Rot8,2,0,0.003284684,0.001985982,0.1211838,0.002982944,0.110023827900615,28790.2542

17,True,False,0.02,0.25,Rot8,2,0,0.003354696,0.001926218,0.1239363,0.002754044,0.170566006289205,28806.4007

17,True,False,0.02,0.25,Rot8,2,0,0.002930797,0.001932582,0.126791,0.002885984,0.282156717966034,28816.629

17,True,False,0.02,0.25,Rot8,2,0,0.002399416,0.001885019,0.1308116,0.004055902,0.320596814654069,28829.2801

17,True,False,0.02,0.25,Rot8,2,0,0.002343635,0.002056325,0.1351062,0.004298351,0.155373137587353,28856.9448

17,True,False,0.02,0.25,Rot8,2,0,0.00227104,0.002163715,0.1391702,0.00406603,0.287762777595515,28871.0746

17,True,False,0.02,0.25,Rot8,2,0,0.002754635,0.002801291,0.1441981,0.005091262,0.403338529035659,28883.6974

17,True,False,0.02,0.25,Rot8,2,0,0.003248487,0.003518062,0.1502037,0.006068292,0.422736093425548,28898.0522

17,True,False,0.02,0.25,Rot8,2,0,0.004099568,0.004106264,0.1570146,0.006889059,0.451081972481764,28913.3245

17,True,False,0.02,0.25,Rot8,2,0,0.004772998,0.00463919,0.1629162,0.005963688,0.230992235971105,28939.1422

17,True,False,0.02,0.25,Rot8,2,0,0.006406575,0.005531291,0.1681698,0.005573573,0.213086380042635,28965.2986

17,True,False,0.02,0.25,Rot8,2,0,0.006902253,0.005471085,0.1735458,0.005399179,0.407574426042016,28978.5457

17,True,False,0.02,0.25,Rot8,2,0,0.007530091,0.005532072,0.1806371,0.007119344,0.552563885694737,28991.4299

17,True,False,0.02,0.25,Rot8,2,0,0.007530078,0.005531988,0.1806371,9.588553E-08,7.57640965387522E-06,29004.0857

17,True,False,0.02,0.25,Rot8,2,0,0.008096234,0.006326267,0.1870216,0.006458587,0.460593950173901,29018.108

17,True,False,0.02,0.25,Rot8,2,0,0.008520479,0.00697497,0.1922871,0.005322264,0.378690202078352,29032.1624

17,True,False,0.02,0.25,Rot8,2,0,0.008546821,0.007421031,0.1998685,0.00759454,0.608395467711476,29044.6453

17,True,False,0.02,0.25,Rot8,2,0,0.008561898,0.007907975,0.2066842,0.006833121,0.262060423357332,29070.7199

17,True,False,0.02,0.25,Rot8,2,0,0.009479877,0.008102841,0.2112999,0.004710054,0.173753986313512,29097.8275

17,True,False,0.02,0.25,Rot8,2,0,0.01135429,0.008085962,0.2178111,0.006775675,0.489402182876419,29111.6723

17,True,False,0.02,0.25,Rot8,2,0,0.01342652,0.008285297,0.2264639,0.008899715,0.69707101718731,29124.4396

17,True,False,0.02,0.25,Rot8,2,0,0.0151749,0.00858435,0.2346394,0.008365731,0.577935417474761,29138.9148

17,True,False,0.02,0.25,Rot8,2,0,0.01456837,0.008003228,0.2466526,0.01204251,0.886815649854143,29152.4943

17,True,False,0.02,0.25,Rot8,2,0,0.01411542,0.007744321,0.256423,0.009784358,0.700845053454336,29166.4551

