PID,taskType,rightHanded,width,length,rotation,execType,trialRep,PositionX,PositionY,PositionZ,Movement,Speed,Timestamp
17,True,False,0.02,0.25,Rot17,2,0,0.006693367,0.001685381,0.0005269721,0,0,0.0045

17,True,False,0.02,0.25,Rot17,2,0,0.005847016,0.001543641,0.003074244,0.002687935,0.1070408363267,25.1158

17,True,False,0.02,0.25,Rot17,2,0,0.005100986,0.001416922,0.005330957,0.002380205,0.0858034663892733,52.856

17,True,False,0.02,0.25,Rot17,2,0,0.004604058,0.001273275,0.00740464,0.002137225,0.151035307675325,67.0065

17,True,False,0.02,0.25,Rot17,2,0,0.003791188,0.0008416178,0.01046989,0.003200445,0.231951607951345,80.8044

17,True,False,0.02,0.25,Rot17,2,0,0.003038019,0.0003558399,0.01375347,0.003403691,0.242376318707439,94.8474

17,True,False,0.02,0.25,Rot17,2,0,0.001394797,-0.0003046989,0.01635066,0.003143547,0.213673736033256,109.5593

17,True,False,0.02,0.25,Rot17,2,0,1.240703E-05,-0.0008757114,0.01851136,0.002627871,0.189864114220802,123.4001

17,True,False,0.02,0.25,Rot17,2,0,-0.001204907,-0.001386285,0.02039774,0.002302379,0.171791149765261,136.8023

17,True,False,0.02,0.25,Rot17,2,0,-0.001440761,-0.001424551,0.02128088,0.0009148918,0.0596343152519268,152.144

17,True,False,0.02,0.25,Rot17,2,0,-0.001698444,-0.001476407,0.02211093,0.0008706778,0.0576982252680259,167.2342

17,True,False,0.02,0.25,Rot17,2,0,-0.001674542,-0.001395345,0.02325889,0.001151062,0.0470814916270347,191.6825

17,True,False,0.02,0.25,Rot17,2,0,-0.001697999,-0.0013268,0.02453531,0.00127848,0.0469198111606885,218.9307

17,True,False,0.02,0.25,Rot17,2,0,-0.00165723,-0.001383782,0.02541595,0.0008834191,0.0603667521883818,233.5649

17,True,False,0.02,0.25,Rot17,2,0,-0.001686664,-0.001172185,0.02678759,0.001388174,0.0543448559902585,259.1087

17,True,False,0.02,0.25,Rot17,2,0,-0.001828862,-0.0008894206,0.02879076,0.002028021,0.159286579167081,271.8406

17,True,False,0.02,0.25,Rot17,2,0,-0.002171308,-0.0008542539,0.02991548,0.001176228,0.0738094690658831,287.7766

17,True,False,0.02,0.25,Rot17,2,0,-0.002692625,-0.0008140804,0.0315528,0.001718777,0.0667545657818038,313.5243

17,True,False,0.02,0.25,Rot17,2,0,-0.003156794,-0.000632167,0.03306667,0.001593845,0.0968885257014314,329.9746

17,True,False,0.02,0.25,Rot17,2,0,-0.003216205,-0.0004558565,0.03412597,0.001075516,0.0904958271040529,341.8593

17,True,False,0.02,0.25,Rot17,2,0,-0.003317737,-0.000158787,0.03576069,0.00166459,0.132726517948566,354.4008

17,True,False,0.02,0.25,Rot17,2,0,-0.003413945,9.834746E-05,0.03723785,0.001502463,0.0912852225325776,370.8598

17,True,False,0.02,0.25,Rot17,2,0,-0.003542788,0.0002629755,0.03908255,0.001856504,0.133606649286826,384.7551

17,True,False,0.02,0.25,Rot17,2,0,-0.003661149,0.0004014967,0.04081606,0.001743061,0.0680317022593672,410.3764

17,True,False,0.02,0.25,Rot17,2,0,-0.00421866,0.0003666875,0.04250233,0.001776381,0.0632091925777117,438.4796

17,True,False,0.02,0.25,Rot17,2,0,-0.004558026,0.0004719493,0.04387505,0.001417964,0.117329677181219,450.5649

17,True,False,0.02,0.25,Rot17,2,0,-0.004973484,0.0005208251,0.04584046,0.002009429,0.149192500951907,464.0336

17,True,False,0.02,0.25,Rot17,2,0,-0.005145016,0.0004796979,0.04826707,0.002433012,0.191767516083355,476.7209

17,True,False,0.02,0.25,Rot17,2,0,-0.00514499,0.0004796979,0.04826701,5.851975E-08,4.24102250582177E-06,490.5194

17,True,False,0.02,0.25,Rot17,2,0,-0.00523035,0.0004329678,0.05033886,0.002074134,0.0741609721977341,518.4874

17,True,False,0.02,0.25,Rot17,2,0,-0.005137293,0.0002400872,0.05162534,0.00130418,0.0466573416886819,546.4397

17,True,False,0.02,0.25,Rot17,2,0,-0.00500172,0.0004465577,0.05232645,0.0007433447,0.0623590365244233,558.3601

17,True,False,0.02,0.25,Rot17,2,0,-0.004852401,0.0007086989,0.05315382,0.000880658,0.0682484903151641,571.2638

17,True,False,0.02,0.25,Rot17,2,0,-0.004599681,0.001172185,0.0541377,0.001116559,0.0794494872284288,585.3175

17,True,False,0.02,0.25,Rot17,2,0,-0.004404069,0.001600027,0.05501213,0.0009929453,0.0750661706579225,598.5451

17,True,False,0.02,0.25,Rot17,2,0,-0.004388296,0.001892209,0.05569363,0.0007416586,0.0515649458304743,612.9281

17,True,False,0.02,0.25,Rot17,2,0,-0.004376679,0.002160787,0.05632652,0.0006876249,0.0509574488046654,626.4222

17,True,False,0.02,0.25,Rot17,2,0,-0.004370083,0.002421021,0.05694038,0.0006667692,0.0475018461046678,640.4589

17,True,False,0.02,0.25,Rot17,2,0,-0.004384816,0.002631545,0.05752117,0.0006179484,0.0239314512168548,666.2805

17,True,False,0.02,0.25,Rot17,2,0,-0.004693212,0.002682805,0.05812693,0.000681677,0.046731172540624,680.8677

17,True,False,0.02,0.25,Rot17,2,0,-0.005009459,0.002716541,0.05877211,0.0007193062,0.0563119428982177,693.6413

17,True,False,0.02,0.25,Rot17,2,0,-0.005488481,0.002807975,0.05966736,0.001019462,0.0687121885708972,708.478

17,True,False,0.02,0.25,Rot17,2,0,-0.005785899,0.002822995,0.06037872,0.0007711774,0.0543507495678622,722.6669

17,True,False,0.02,0.25,Rot17,2,0,-0.006064442,0.002836704,0.06103268,0.0007109414,0.0583279090861032,734.8556

17,True,False,0.02,0.25,Rot17,2,0,-0.006222846,0.002876997,0.06141131,0.0004124035,0.0154387702460621,761.5678

17,True,False,0.02,0.25,Rot17,2,0,-0.006326861,0.002905726,0.06180538,0.0004085765,0.0287634713353413,775.7725

17,True,False,0.02,0.25,Rot17,2,0,-0.006443527,0.002957463,0.06231334,0.0005237453,0.0396137487948813,788.9938

17,True,False,0.02,0.25,Rot17,2,0,-0.006584661,0.003002405,0.06282439,0.0005320817,0.0345512084527159,804.3936

17,True,False,0.02,0.25,Rot17,2,0,-0.006767962,0.00303781,0.06311534,0.0003456907,0.0132074081057488,830.5676

17,True,False,0.02,0.25,Rot17,2,0,-0.006780609,0.003122091,0.06333433,0.0002349936,0.00864334779679063,857.7554

17,True,False,0.02,0.25,Rot17,2,0,-0.006785443,0.003289938,0.06370923,0.0004107854,0.0291194645667934,871.8623

17,True,False,0.02,0.25,Rot17,2,0,-0.006788651,0.003496646,0.0640582,0.0004056096,0.0288755857983812,885.9091

17,True,False,0.02,0.25,Rot17,2,0,-0.006795566,0.003618717,0.06427534,0.000249196,0.0173013121613912,900.3124

17,True,False,0.02,0.25,Rot17,2,0,-0.006686585,0.00375545,0.0645683,0.0003411694,0.0252398405576823,913.8295

17,True,False,0.02,0.25,Rot17,2,0,-0.006564396,0.003905415,0.06489152,0.0003766849,0.0260288894410114,928.3013

17,True,False,0.02,0.25,Rot17,2,0,-0.006594897,0.003934741,0.06507917,0.0001923687,0.0134560280929248,942.5974

17,True,False,0.02,0.25,Rot17,2,0,-0.00662194,0.003960847,0.06525674,0.0001815045,0.0133966477166099,956.1459

17,True,False,0.02,0.25,Rot17,2,0,-0.006650752,0.003984808,0.06543893,0.0001859957,0.0120056893455993,971.6382

17,True,False,0.02,0.25,Rot17,2,0,-0.006687354,0.004034519,0.06564285,0.0002130614,0.00826014625950056,997.4321

17,True,False,0.02,0.25,Rot17,2,0,-0.006664239,0.004158973,0.06577765,0.0001849194,0.00660825106694039,1025.4152

17,True,False,0.02,0.25,Rot17,2,0,-0.006601319,0.004432797,0.06604452,0.0003875038,0.0273022641652236,1039.6083

17,True,False,0.02,0.25,Rot17,2,0,-0.006522628,0.004729509,0.06630917,0.0004052986,0.0312964644961332,1052.5586

17,True,False,0.02,0.25,Rot17,2,0,-0.006209014,0.005012512,0.06632194,0.0004226204,0.0283740716335132,1067.4532

17,True,False,0.02,0.25,Rot17,2,0,-0.006057591,0.005208134,0.06630705,0.0002478278,0.0176061571504074,1081.5294

17,True,False,0.02,0.25,Rot17,2,0,-0.005929143,0.005389571,0.06629136,0.0002228549,0.0164535355947516,1095.0739

17,True,False,0.02,0.25,Rot17,2,0,-0.005818952,0.005604863,0.06635544,0.0002501982,0.0170754581642801,1109.7264

17,True,False,0.02,0.25,Rot17,2,0,-0.005714431,0.005821228,0.06642102,0.0002490748,0.0178822546415514,1123.655

17,True,False,0.02,0.25,Rot17,2,0,-0.005616727,0.006037116,0.06648825,0.0002463212,0.0156253555205446,1139.4192

17,True,False,0.02,0.25,Rot17,2,0,-0.00559088,0.006234169,0.06647335,0.0001992987,0.00798142797007761,1164.3895

17,True,False,0.02,0.25,Rot17,2,0,-0.005574485,0.006482124,0.06643482,0.0002514657,0.00918404758360203,1191.7702

17,True,False,0.02,0.25,Rot17,2,0,-0.00579686,0.006719231,0.06646571,0.0003265342,0.0241191094294469,1205.3086

17,True,False,0.02,0.25,Rot17,2,0,-0.006134298,0.006986379,0.06633428,0.0004500088,0.0316097335513649,1219.545

17,True,False,0.02,0.25,Rot17,2,0,-0.006326978,0.007384777,0.06606506,0.000518001,0.0341369583849246,1234.7192

17,True,False,0.02,0.25,Rot17,2,0,-0.006612609,0.00771749,0.06582242,0.0005011577,0.0361789257963812,1248.5714

17,True,False,0.02,0.25,Rot17,2,0,-0.006612609,0.00771749,0.06582242,0,0,1262.2545

17,True,False,0.02,0.25,Rot17,2,0,-0.006612609,0.00771749,0.06582242,0,0,1275.7338

17,True,False,0.02,0.25,Rot17,2,0,-0.006612609,0.00771749,0.06582242,0,0,1290.2835

17,True,False,0.02,0.25,Rot17,2,0,-0.006612609,0.00771749,0.06582242,0,0,1304.6901

17,True,False,0.02,0.25,Rot17,2,0,-0.006612609,0.00771749,0.06582242,0,0,1318.2772

17,True,False,0.02,0.25,Rot17,2,0,-0.006612609,0.00771749,0.06582242,0,0,1344.147

17,True,False,0.02,0.25,Rot17,2,0,-0.006612609,0.00771749,0.06582242,0,0,1372.0111

17,True,False,0.02,0.25,Rot17,2,0,-0.006612609,0.00771749,0.06582242,0,0,1386.5341

17,True,False,0.02,0.25,Rot17,2,0,-0.006612609,0.00771749,0.06582242,0,0,1399.9468

17,True,False,0.02,0.25,Rot17,2,0,-0.006612609,0.00771749,0.06582242,0,0,1415.3034

17,True,False,0.02,0.25,Rot17,2,0,-0.006612609,0.00771749,0.06582242,0,0,1429.1207

17,True,False,0.02,0.25,Rot17,2,0,-0.006612609,0.00771749,0.06582242,0,0,1443.0209

17,True,False,0.02,0.25,Rot17,2,0,-0.006612609,0.00771749,0.06582242,0,0,1456.7424

17,True,False,0.02,0.25,Rot17,2,0,-0.006612609,0.00771749,0.06582242,0,0,1471.5146

17,True,False,0.02,0.25,Rot17,2,0,-0.006612609,0.00771749,0.06582242,0,0,1487.0106

17,True,False,0.02,0.25,Rot17,2,0,-0.006612609,0.00771749,0.06582242,0,0,1511.9526

17,True,False,0.02,0.25,Rot17,2,0,-0.006612609,0.00771749,0.06582242,0,0,1538.9102

17,True,False,0.02,0.25,Rot17,2,0,-0.006612609,0.00771749,0.06582242,0,0,1553.4092

17,True,False,0.02,0.25,Rot17,2,0,-0.006612609,0.00771749,0.06582242,0,0,1567.2844

17,True,False,0.02,0.25,Rot17,2,0,-0.006612609,0.00771749,0.06582242,0,0,1581.0778

17,True,False,0.02,0.25,Rot17,2,0,-0.006612609,0.00771749,0.06582242,0,0,1595.7151

17,True,False,0.02,0.25,Rot17,2,0,-0.006612609,0.00771749,0.06582242,0,0,1610.0098

17,True,False,0.02,0.25,Rot17,2,0,-0.006612609,0.00771749,0.06582242,0,0,1624.1637

17,True,False,0.02,0.25,Rot17,2,0,-0.006612609,0.00771749,0.06582242,0,0,1637.8046

17,True,False,0.02,0.25,Rot17,2,0,-0.006612609,0.00771749,0.06582242,0,0,1664.9112

17,True,False,0.02,0.25,Rot17,2,0,-0.006612609,0.00771749,0.06582242,0,0,1679.2496

17,True,False,0.02,0.25,Rot17,2,0,-0.006612609,0.00771749,0.06582242,0,0,1691.8595

17,True,False,0.02,0.25,Rot17,2,0,-0.006612609,0.00771749,0.06582242,0,0,1706.4488

17,True,False,0.02,0.25,Rot17,2,0,-0.006612609,0.00771749,0.06582242,0,0,1721.6443

17,True,False,0.02,0.25,Rot17,2,0,-0.006612609,0.00771749,0.06582242,0,0,1734.4165

17,True,False,0.02,0.25,Rot17,2,0,-0.006612609,0.00771749,0.06582242,0,0,1761.0266

17,True,False,0.02,0.25,Rot17,2,0,-0.006612609,0.00771749,0.06582242,0,0,1788.5259

17,True,False,0.02,0.25,Rot17,2,0,-0.006612609,0.00771749,0.06582242,0,0,1802.3049

17,True,False,0.02,0.25,Rot17,2,0,-0.006612609,0.00771749,0.06582242,0,0,1816.7183

17,True,False,0.02,0.25,Rot17,2,0,-0.006612609,0.00771749,0.06582242,0,0,1831.6194

17,True,False,0.02,0.25,Rot17,2,0,-0.006612609,0.00771749,0.06582242,0,0,1845.0308

17,True,False,0.02,0.25,Rot17,2,0,-0.006612609,0.00771749,0.06582242,0,0,1861.3048

17,True,False,0.02,0.25,Rot17,2,0,-0.006612609,0.00771749,0.06582242,0,0,1887.9308

17,True,False,0.02,0.25,Rot17,2,0,-0.006612609,0.00771749,0.06582242,0,0,1901.2578

17,True,False,0.02,0.25,Rot17,2,0,-0.006612609,0.00771749,0.06582242,0,0,1930.387

17,True,False,0.02,0.25,Rot17,2,0,-0.006612609,0.00771749,0.06582242,0,0,1943.6777

17,True,False,0.02,0.25,Rot17,2,0,-0.006612609,0.00771749,0.06582242,0,0,1968.7727

17,True,False,0.02,0.25,Rot17,2,0,-0.006612609,0.00771749,0.06582242,0,0,1984.826

17,True,False,0.02,0.25,Rot17,2,0,-0.006612609,0.00771749,0.06582242,0,0,1996.8333

17,True,False,0.02,0.25,Rot17,2,0,-0.006612609,0.00771749,0.06582242,0,0,2013.2438

17,True,False,0.02,0.25,Rot17,2,0,-0.006612609,0.00771749,0.06582242,0,0,2037.9801

17,True,False,0.02,0.25,Rot17,2,0,-0.006612609,0.00771749,0.06582242,0,0,2054.2947

17,True,False,0.02,0.25,Rot17,2,0,-0.006612609,0.00771749,0.06582242,0,0,2065.7239

17,True,False,0.02,0.25,Rot17,2,0,-0.006612609,0.00771749,0.06582242,0,0,2079.5002

17,True,False,0.02,0.25,Rot17,2,0,-0.006612609,0.00771749,0.06582242,0,0,2094.5906

17,True,False,0.02,0.25,Rot17,2,0,-0.006612609,0.00771749,0.06582242,0,0,2121.2592

17,True,False,0.02,0.25,Rot17,2,0,-0.006612609,0.00771749,0.06582242,0,0,2137.6157

17,True,False,0.02,0.25,Rot17,2,0,-0.006612609,0.00771749,0.06582242,0,0,2149.2938

17,True,False,0.02,0.25,Rot17,2,0,-0.006612609,0.00771749,0.06582242,0,0,2163.7251

17,True,False,0.02,0.25,Rot17,2,0,-0.006612609,0.00771749,0.06582242,0,0,2178.4291

17,True,False,0.02,0.25,Rot17,2,0,-0.006612609,0.00771749,0.06582242,0,0,2204.0569

17,True,False,0.02,0.25,Rot17,2,0,-0.006612609,0.00771749,0.06582242,0,0,2219.1407

17,True,False,0.02,0.25,Rot17,2,0,-0.006612609,0.00771749,0.06582242,0,0,2232.78

17,True,False,0.02,0.25,Rot17,2,0,-0.006612609,0.00771749,0.06582242,0,0,2246.8444

17,True,False,0.02,0.25,Rot17,2,0,-0.006612609,0.00771749,0.06582242,0,0,2260.9529

17,True,False,0.02,0.25,Rot17,2,0,-0.006612609,0.00771749,0.06582242,0,0,2288.0145

17,True,False,0.02,0.25,Rot17,2,0,-0.006612609,0.00771749,0.06582242,0,0,2304.2831

17,True,False,0.02,0.25,Rot17,2,0,-0.006612609,0.00771749,0.06582242,0,0,2315.9173

17,True,False,0.02,0.25,Rot17,2,0,-0.006612609,0.00771749,0.06582242,0,0,2329.4083

17,True,False,0.02,0.25,Rot17,2,0,-0.006612609,0.00771749,0.06582242,0,0,2356.3427

17,True,False,0.02,0.25,Rot17,2,0,-0.006612609,0.00771749,0.06582242,0,0,2370.5914

17,True,False,0.02,0.25,Rot17,2,0,-0.006612609,0.00771749,0.06582242,0,0,2383.6472

17,True,False,0.02,0.25,Rot17,2,0,-0.006612609,0.00771749,0.06582242,0,0,2398.5434

17,True,False,0.02,0.25,Rot17,2,0,-0.006612609,0.00771749,0.06582242,0,0,2412.0461

17,True,False,0.02,0.25,Rot17,2,0,-0.006612609,0.00771749,0.06582242,0,0,2427.2206

17,True,False,0.02,0.25,Rot17,2,0,-0.006612609,0.00771749,0.06582242,0,0,2453.5727

17,True,False,0.02,0.25,Rot17,2,0,-0.006612609,0.00771749,0.06582242,0,0,2480.9978

17,True,False,0.02,0.25,Rot17,2,0,-0.006612609,0.00771749,0.06582242,0,0,2493.4317

17,True,False,0.02,0.25,Rot17,2,0,-0.006612609,0.00771749,0.06582242,0,0,2506.699

17,True,False,0.02,0.25,Rot17,2,0,-0.006612609,0.00771749,0.06582242,0,0,2519.6955

17,True,False,0.02,0.25,Rot17,2,0,-0.006612609,0.00771749,0.06582242,0,0,2532.8589

17,True,False,0.02,0.25,Rot17,2,0,-0.006612609,0.00771749,0.06582242,0,0,2547.8991

17,True,False,0.02,0.25,Rot17,2,0,-0.006612609,0.00771749,0.06582242,0,0,2560.7436

17,True,False,0.02,0.25,Rot17,2,0,-0.006612609,0.00771749,0.06582242,0,0,2586.5415

17,True,False,0.02,0.25,Rot17,2,0,-0.006612609,0.00771749,0.06582242,0,0,2612.3529

17,True,False,0.02,0.25,Rot17,2,0,-0.006612609,0.00771749,0.06582242,0,0,2626.3422

17,True,False,0.02,0.25,Rot17,2,0,-0.006612609,0.00771749,0.06582242,0,0,2640.2628

17,True,False,0.02,0.25,Rot17,2,0,-0.006612609,0.00771749,0.06582242,0,0,2653.7434

17,True,False,0.02,0.25,Rot17,2,0,-0.006612609,0.00771749,0.06582242,0,0,2667.9461

17,True,False,0.02,0.25,Rot17,2,0,-0.006612609,0.00771749,0.06582242,0,0,2681.6768

17,True,False,0.02,0.25,Rot17,2,0,-0.006612609,0.00771749,0.06582242,0,0,2695.3132

17,True,False,0.02,0.25,Rot17,2,0,-0.006612609,0.00771749,0.06582242,0,0,2722.4197

17,True,False,0.02,0.25,Rot17,2,0,-0.006612609,0.00771749,0.06582242,0,0,2748.763

17,True,False,0.02,0.25,Rot17,2,0,-0.006612609,0.00771749,0.06582242,0,0,2762.85

17,True,False,0.02,0.25,Rot17,2,0,-0.006612609,0.00771749,0.06582242,0,0,2775.9364

17,True,False,0.02,0.25,Rot17,2,0,-0.006612609,0.00771749,0.06582242,0,0,2790.3566

17,True,False,0.02,0.25,Rot17,2,0,-0.006612609,0.00771749,0.06582242,0,0,2804.2581

17,True,False,0.02,0.25,Rot17,2,0,-0.006612609,0.00771749,0.06582242,0,0,2818.1109

17,True,False,0.02,0.25,Rot17,2,0,-0.006612609,0.00771749,0.06582242,0,0,2832.2729

17,True,False,0.02,0.25,Rot17,2,0,-0.006612609,0.00771749,0.06582242,0,0,2846.2952

17,True,False,0.02,0.25,Rot17,2,0,-0.006612609,0.00771749,0.06582242,0,0,2862.0225

17,True,False,0.02,0.25,Rot17,2,0,-0.006612609,0.00771749,0.06582242,0,0,2886.8614

17,True,False,0.02,0.25,Rot17,2,0,-0.006612609,0.00771749,0.06582242,0,0,2914.0047

17,True,False,0.02,0.25,Rot17,2,0,-0.006612609,0.00771749,0.06582242,0,0,2928.2415

17,True,False,0.02,0.25,Rot17,2,0,-0.006612609,0.00771749,0.06582242,0,0,2942.2157

17,True,False,0.02,0.25,Rot17,2,0,-0.006612609,0.00771749,0.06582242,0,0,2955.7035

17,True,False,0.02,0.25,Rot17,2,0,-0.006612609,0.00771749,0.06582242,0,0,2970.0292

17,True,False,0.02,0.25,Rot17,2,0,-0.006612609,0.00771749,0.06582242,0,0,2983.9111

17,True,False,0.02,0.25,Rot17,2,0,-0.006612609,0.00771749,0.06582242,0,0,2998.5339

17,True,False,0.02,0.25,Rot17,2,0,-0.006612609,0.00771749,0.06582242,0,0,3012.4843

17,True,False,0.02,0.25,Rot17,2,0,-0.006612609,0.00771749,0.06582242,0,0,3038.9003

17,True,False,0.02,0.25,Rot17,2,0,-0.006612609,0.00771749,0.06582242,0,0,3052.9002

17,True,False,0.02,0.25,Rot17,2,0,-0.006612609,0.00771749,0.06582242,0,0,3067.0377

17,True,False,0.02,0.25,Rot17,2,0,-0.006612609,0.00771749,0.06582242,0,0,3081.461

17,True,False,0.02,0.25,Rot17,2,0,-0.006612609,0.00771749,0.06582242,0,0,3094.6691

17,True,False,0.02,0.25,Rot17,2,0,-0.006612609,0.00771749,0.06582242,0,0,3122.4096

17,True,False,0.02,0.25,Rot17,2,0,-0.006612609,0.00771749,0.06582242,0,0,3138.4877

17,True,False,0.02,0.25,Rot17,2,0,-0.006612609,0.00771749,0.06582242,0,0,3149.7759

17,True,False,0.02,0.25,Rot17,2,0,-0.006612609,0.00771749,0.06582242,0,0,3163.8578

17,True,False,0.02,0.25,Rot17,2,0,-0.006612609,0.00771749,0.06582242,0,0,3191.3546

17,True,False,0.02,0.25,Rot17,2,0,-0.006612609,0.00771749,0.06582242,0,0,3205.394

17,True,False,0.02,0.25,Rot17,2,0,-0.006612609,0.00771749,0.06582242,0,0,3219.0917

17,True,False,0.02,0.25,Rot17,2,0,-0.006612609,0.00771749,0.06582242,0,0,3233.6796

17,True,False,0.02,0.25,Rot17,2,0,-0.006612609,0.00771749,0.06582242,0,0,3247.5957

17,True,False,0.02,0.25,Rot17,2,0,-0.006612609,0.00771749,0.06582242,0,0,3275.6803

17,True,False,0.02,0.25,Rot17,2,0,-0.006612609,0.00771749,0.06582242,0,0,3304.3551

17,True,False,0.02,0.25,Rot17,2,0,-0.006612609,0.00771749,0.06582242,0,0,3317.6235

17,True,False,0.02,0.25,Rot17,2,0,-0.006612609,0.00771749,0.06582242,0,0,3331.5746

17,True,False,0.02,0.25,Rot17,2,0,-0.006612609,0.00771749,0.06582242,0,0,3345.8957

17,True,False,0.02,0.25,Rot17,2,0,-0.006612609,0.00771749,0.06582242,0,0,3359.7925

17,True,False,0.02,0.25,Rot17,2,0,-0.006612609,0.00771749,0.06582242,0,0,3374.2705

17,True,False,0.02,0.25,Rot17,2,0,-0.006612609,0.00771749,0.06582242,0,0,3388.7941

17,True,False,0.02,0.25,Rot17,2,0,-0.006612609,0.00771749,0.06582242,0,0,3402.3923

17,True,False,0.02,0.25,Rot17,2,0,-0.006612609,0.00771749,0.06582242,0,0,3416.2423

17,True,False,0.02,0.25,Rot17,2,0,-0.006612609,0.00771749,0.06582242,0,0,3432.521

17,True,False,0.02,0.25,Rot17,2,0,-0.006612609,0.00771749,0.06582242,0,0,3445.6845

17,True,False,0.02,0.25,Rot17,2,0,-0.006612609,0.00771749,0.06582242,0,0,3470.636

17,True,False,0.02,0.25,Rot17,2,0,-0.006612609,0.00771749,0.06582242,0,0,3497.8321

17,True,False,0.02,0.25,Rot17,2,0,-0.006612609,0.00771749,0.06582242,0,0,3511.9333

17,True,False,0.02,0.25,Rot17,2,0,-0.006612609,0.00771749,0.06582242,0,0,3526.4084

17,True,False,0.02,0.25,Rot17,2,0,-0.006612609,0.00771749,0.06582242,0,0,3539.9072

17,True,False,0.02,0.25,Rot17,2,0,-0.006612609,0.00771749,0.06582242,0,0,3554.0984

17,True,False,0.02,0.25,Rot17,2,0,-0.006612609,0.00771749,0.06582242,0,0,3568.7752

17,True,False,0.02,0.25,Rot17,2,0,-0.006612609,0.00771749,0.06582242,0,0,3609.4379

17,True,False,0.02,0.25,Rot17,2,0,-0.006612609,0.00771749,0.06582242,0,0,3623.5549

17,True,False,0.02,0.25,Rot17,2,0,-0.006612609,0.00771749,0.06582242,0,0,3637.3009

17,True,False,0.02,0.25,Rot17,2,0,-0.006612609,0.00771749,0.06582242,0,0,3651.9186

17,True,False,0.02,0.25,Rot17,2,0,-0.006612609,0.00771749,0.06582242,0,0,3665.4751

17,True,False,0.02,0.25,Rot17,2,0,-0.006612609,0.00771749,0.06582242,0,0,3679.3542

17,True,False,0.02,0.25,Rot17,2,0,-0.006612609,0.00771749,0.06582242,0,0,3706.4304

17,True,False,0.02,0.25,Rot17,2,0,-0.006612609,0.00771749,0.06582242,0,0,3720.2425

17,True,False,0.02,0.25,Rot17,2,0,-0.006612609,0.00771749,0.06582242,0,0,3733.9682

17,True,False,0.02,0.25,Rot17,2,0,-0.006612609,0.00771749,0.06582242,0,0,3747.9956

17,True,False,0.02,0.25,Rot17,2,0,-0.006612609,0.00771749,0.06582242,0,0,3762.2271

17,True,False,0.02,0.25,Rot17,2,0,-0.006612609,0.00771749,0.06582242,0,0,3778.3118

17,True,False,0.02,0.25,Rot17,2,0,-0.006612609,0.00771749,0.06582242,0,0,3802.2884

17,True,False,0.02,0.25,Rot17,2,0,-0.006612609,0.00771749,0.06582242,0,0,3818.6201

17,True,False,0.02,0.25,Rot17,2,0,-0.006612609,0.00771749,0.06582242,0,0,3829.9656

17,True,False,0.02,0.25,Rot17,2,0,-0.006612609,0.00771749,0.06582242,0,0,3844.6784

17,True,False,0.02,0.25,Rot17,2,0,-0.006612609,0.00771749,0.06582242,0,0,3860.2004

17,True,False,0.02,0.25,Rot17,2,0,-0.006612609,0.00771749,0.06582242,0,0,3884.9718

17,True,False,0.02,0.25,Rot17,2,0,-0.006612609,0.00771749,0.06582242,0,0,3900.3711

17,True,False,0.02,0.25,Rot17,2,0,-0.006612609,0.00771749,0.06582242,0,0,3912.4922

17,True,False,0.02,0.25,Rot17,2,0,-0.006612609,0.00771749,0.06582242,0,0,3927.8647

17,True,False,0.02,0.25,Rot17,2,0,-0.006612609,0.00771749,0.06582242,0,0,3954.6129

17,True,False,0.02,0.25,Rot17,2,0,-0.006612609,0.00771749,0.06582242,0,0,3981.1889

17,True,False,0.02,0.25,Rot17,2,0,-0.006612609,0.00771749,0.06582242,0,0,3993.9072

17,True,False,0.02,0.25,Rot17,2,0,-0.006612609,0.00771749,0.06582242,0,0,4007.1008

17,True,False,0.02,0.25,Rot17,2,0,-0.006612609,0.00771749,0.06582242,0,0,4019.8804

17,True,False,0.02,0.25,Rot17,2,0,-0.006612609,0.00771749,0.06582242,0,0,4032.6038

17,True,False,0.02,0.25,Rot17,2,0,-0.006612609,0.00771749,0.06582242,0,0,4059.5315

17,True,False,0.02,0.25,Rot17,2,0,-0.006612609,0.00771749,0.06582242,0,0,4072.7655

17,True,False,0.02,0.25,Rot17,2,0,-0.006612609,0.00771749,0.06582242,0,0,4085.6695

17,True,False,0.02,0.25,Rot17,2,0,-0.006612609,0.00771749,0.06582242,0,0,4099.208

17,True,False,0.02,0.25,Rot17,2,0,-0.006612609,0.00771749,0.06582242,0,0,4113.7932

17,True,False,0.02,0.25,Rot17,2,0,-0.006612609,0.00771749,0.06582242,0,0,4126.8875

17,True,False,0.02,0.25,Rot17,2,0,-0.006612609,0.00771749,0.06582242,0,0,4152.3286

17,True,False,0.02,0.25,Rot17,2,0,-0.006612609,0.00771749,0.06582242,0,0,4179.2182

17,True,False,0.02,0.25,Rot17,2,0,-0.006612609,0.00771749,0.06582242,0,0,4193.495

17,True,False,0.02,0.25,Rot17,2,0,-0.006612609,0.00771749,0.06582242,0,0,4207.162

17,True,False,0.02,0.25,Rot17,2,0,-0.006612609,0.00771749,0.06582242,0,0,4221.1861

17,True,False,0.02,0.25,Rot17,2,0,-0.006612609,0.00771749,0.06582242,0,0,4235.7573

17,True,False,0.02,0.25,Rot17,2,0,-0.006612609,0.00771749,0.06582242,0,0,4249.5342

17,True,False,0.02,0.25,Rot17,2,0,-0.006612609,0.00771749,0.06582242,0,0,4263.2235

17,True,False,0.02,0.25,Rot17,2,0,-0.006612609,0.00771749,0.06582242,0,0,4277.926

17,True,False,0.02,0.25,Rot17,2,0,-0.006612609,0.00771749,0.06582242,0,0,4303.5075

17,True,False,0.02,0.25,Rot17,2,0,-0.006612609,0.00771749,0.06582242,0,0,4319.6224

17,True,False,0.02,0.25,Rot17,2,0,-0.006612609,0.00771749,0.06582242,0,0,4330.8646

17,True,False,0.02,0.25,Rot17,2,0,-0.006612609,0.00771749,0.06582242,0,0,4345.0106

17,True,False,0.02,0.25,Rot17,2,0,-0.006612609,0.00771749,0.06582242,0,0,4360.4041

17,True,False,0.02,0.25,Rot17,2,0,-0.006612609,0.00771749,0.06582242,0,0,4385.8354

17,True,False,0.02,0.25,Rot17,2,0,-0.006612609,0.00771749,0.06582242,0,0,4412.9961

17,True,False,0.02,0.25,Rot17,2,0,-0.006612609,0.00771749,0.06582242,0,0,4425.1385

17,True,False,0.02,0.25,Rot17,2,0,-0.006612609,0.00771749,0.06582242,0,0,4437.6994

17,True,False,0.02,0.25,Rot17,2,0,-0.006612609,0.00771749,0.06582242,0,0,4451.2696

17,True,False,0.02,0.25,Rot17,2,0,-0.006612609,0.00771749,0.06582242,0,0,4464.1139

17,True,False,0.02,0.25,Rot17,2,0,-0.006612609,0.00771749,0.06582242,0,0,4477.9121

17,True,False,0.02,0.25,Rot17,2,0,-0.006612609,0.00771749,0.06582242,0,0,4504.6609

17,True,False,0.02,0.25,Rot17,2,0,-0.006612609,0.00771749,0.06582242,0,0,4521.813

17,True,False,0.02,0.25,Rot17,2,0,-0.006612609,0.00771749,0.06582242,0,0,4532.7216

17,True,False,0.02,0.25,Rot17,2,0,-0.006612609,0.00771749,0.06582242,0,0,4546.1021

17,True,False,0.02,0.25,Rot17,2,0,-0.006612609,0.00771749,0.06582242,0,0,4572.7558

17,True,False,0.02,0.25,Rot17,2,0,-0.006612609,0.00771749,0.06582242,0,0,4598.4825

17,True,False,0.02,0.25,Rot17,2,0,-0.006612609,0.00771749,0.06582242,0,0,4612.3651

17,True,False,0.02,0.25,Rot17,2,0,-0.006612609,0.00771749,0.06582242,0,0,4626.2954

17,True,False,0.02,0.25,Rot17,2,0,-0.006612609,0.00771749,0.06582242,0,0,4639.6788

17,True,False,0.02,0.25,Rot17,2,0,-0.006612609,0.00771749,0.06582242,0,0,4653.8946

17,True,False,0.02,0.25,Rot17,2,0,-0.006612609,0.00771749,0.06582242,0,0,4667.7816

17,True,False,0.02,0.25,Rot17,2,0,-0.006612609,0.00771749,0.06582242,0,0,4695.2579

17,True,False,0.02,0.25,Rot17,2,0,-0.006612609,0.00771749,0.06582242,0,0,4723.6444

17,True,False,0.02,0.25,Rot17,2,0,-0.006612609,0.00771749,0.06582242,0,0,4736.4352

17,True,False,0.02,0.25,Rot17,2,0,-0.006612609,0.00771749,0.06582242,0,0,4750.8183

17,True,False,0.02,0.25,Rot17,2,0,-0.006612609,0.00771749,0.06582242,0,0,4765.303

17,True,False,0.02,0.25,Rot17,2,0,-0.006612609,0.00771749,0.06582242,0,0,4777.4693

17,True,False,0.02,0.25,Rot17,2,0,-0.006612609,0.00771749,0.06582242,0,0,4804.4888

17,True,False,0.02,0.25,Rot17,2,0,-0.006612609,0.00771749,0.06582242,0,0,4818.6225

17,True,False,0.02,0.25,Rot17,2,0,-0.006612609,0.00771749,0.06582242,0,0,4831.4985

17,True,False,0.02,0.25,Rot17,2,0,-0.006612609,0.00771749,0.06582242,0,0,4846.7883

17,True,False,0.02,0.25,Rot17,2,0,-0.006612609,0.00771749,0.06582242,0,0,4860.5662

17,True,False,0.02,0.25,Rot17,2,0,-0.006612609,0.00771749,0.06582242,0,0,4885.8607

17,True,False,0.02,0.25,Rot17,2,0,-0.006612609,0.00771749,0.06582242,0,0,4902.1697

17,True,False,0.02,0.25,Rot17,2,0,-0.006612609,0.00771749,0.06582242,0,0,4913.273

17,True,False,0.02,0.25,Rot17,2,0,-0.006612609,0.00771749,0.06582242,0,0,4929.221

17,True,False,0.02,0.25,Rot17,2,0,-0.006612609,0.00771749,0.06582242,0,0,4954.9325

17,True,False,0.02,0.25,Rot17,2,0,-0.006612609,0.00771749,0.06582242,0,0,4982.0819

17,True,False,0.02,0.25,Rot17,2,0,-0.006612609,0.00771749,0.06582242,0,0,4997.5377

17,True,False,0.02,0.25,Rot17,2,0,-0.006612609,0.00771749,0.06582242,0,0,5011.4176

17,True,False,0.02,0.25,Rot17,2,0,-0.006612609,0.00771749,0.06582242,0,0,5025.302

17,True,False,0.02,0.25,Rot17,2,0,-0.006612609,0.00771749,0.06582242,0,0,5038.7626

17,True,False,0.02,0.25,Rot17,2,0,-0.006612609,0.00771749,0.06582242,0,0,5053.8383

17,True,False,0.02,0.25,Rot17,2,0,-0.006612609,0.00771749,0.06582242,0,0,5067.6229

17,True,False,0.02,0.25,Rot17,2,0,-0.006612609,0.00771749,0.06582242,0,0,5082.0745

17,True,False,0.02,0.25,Rot17,2,0,-0.006612609,0.00771749,0.06582242,0,0,5095.9197

17,True,False,0.02,0.25,Rot17,2,0,-0.006612609,0.00771749,0.06582242,0,0,5110.6408

17,True,False,0.02,0.25,Rot17,2,0,-0.006612609,0.00771749,0.06582242,0,0,5135.8413

17,True,False,0.02,0.25,Rot17,2,0,-0.006612609,0.00771749,0.06582242,0,0,5151.8521

17,True,False,0.02,0.25,Rot17,2,0,-0.006612609,0.00771749,0.06582242,0,0,5163.4623

17,True,False,0.02,0.25,Rot17,2,0,-0.006612609,0.00771749,0.06582242,0,0,5178.0403

17,True,False,0.02,0.25,Rot17,2,0,-0.006612609,0.00771749,0.06582242,0,0,5193.3907

17,True,False,0.02,0.25,Rot17,2,0,-0.006612609,0.00771749,0.06582242,0,0,5218.0038

17,True,False,0.02,0.25,Rot17,2,0,-0.006612609,0.00771749,0.06582242,0,0,5233.794

17,True,False,0.02,0.25,Rot17,2,0,-0.006612609,0.00771749,0.06582242,0,0,5257.9943

17,True,False,0.02,0.25,Rot17,2,0,-0.006612609,0.00771749,0.06582242,0,0,5272.8886

17,True,False,0.02,0.25,Rot17,2,0,-0.006612609,0.00771749,0.06582242,0,0,5288.5322

17,True,False,0.02,0.25,Rot17,2,0,-0.006612609,0.00771749,0.06582242,0,0,5313.8891

17,True,False,0.02,0.25,Rot17,2,0,-0.006612609,0.00771749,0.06582242,0,0,5341.7903

17,True,False,0.02,0.25,Rot17,2,0,-0.006612609,0.00771749,0.06582242,0,0,5354.2309

17,True,False,0.02,0.25,Rot17,2,0,-0.006612609,0.00771749,0.06582242,0,0,5367.4174

17,True,False,0.02,0.25,Rot17,2,0,-0.006612609,0.00771749,0.06582242,0,0,5380.5902

17,True,False,0.02,0.25,Rot17,2,0,-0.006612609,0.00771749,0.06582242,0,0,5393.607

17,True,False,0.02,0.25,Rot17,2,0,-0.006612609,0.00771749,0.06582242,0,0,5408.0641

17,True,False,0.02,0.25,Rot17,2,0,-0.006612609,0.00771749,0.06582242,0,0,5422.4997

17,True,False,0.02,0.25,Rot17,2,0,-0.006612609,0.00771749,0.06582242,0,0,5447.4728

17,True,False,0.02,0.25,Rot17,2,0,-0.006612609,0.00771749,0.06582242,0,0,5461.8549

17,True,False,0.02,0.25,Rot17,2,0,-0.006612609,0.00771749,0.06582242,0,0,5473.409

17,True,False,0.02,0.25,Rot17,2,0,-0.006612609,0.00771749,0.06582242,0,0,5489.0632

17,True,False,0.02,0.25,Rot17,2,0,-0.006612609,0.00771749,0.06582242,0,0,5513.3102

17,True,False,0.02,0.25,Rot17,2,0,-0.006612609,0.00771749,0.06582242,0,0,5540.0696

17,True,False,0.02,0.25,Rot17,2,0,-0.006612609,0.00771749,0.06582242,0,0,5554.1438

17,True,False,0.02,0.25,Rot17,2,0,-0.006612609,0.00771749,0.06582242,0,0,5568.1805

17,True,False,0.02,0.25,Rot17,2,0,-0.006612609,0.00771749,0.06582242,0,0,5582.2577

17,True,False,0.02,0.25,Rot17,2,0,-0.006612609,0.00771749,0.06582242,0,0,5596.0632

17,True,False,0.02,0.25,Rot17,2,0,-0.006612609,0.00771749,0.06582242,0,0,5610.2013

17,True,False,0.02,0.25,Rot17,2,0,-0.006612609,0.00771749,0.06582242,0,0,5623.8489

17,True,False,0.02,0.25,Rot17,2,0,-0.006612609,0.00771749,0.06582242,0,0,5639.5251

17,True,False,0.02,0.25,Rot17,2,0,-0.006612609,0.00771749,0.06582242,0,0,5664.212

17,True,False,0.02,0.25,Rot17,2,0,-0.006612609,0.00771749,0.06582242,0,0,5691.631

17,True,False,0.02,0.25,Rot17,2,0,-0.006612609,0.00771749,0.06582242,0,0,5706.1531

17,True,False,0.02,0.25,Rot17,2,0,-0.006612609,0.00771749,0.06582242,0,0,5719.8156

17,True,False,0.02,0.25,Rot17,2,0,-0.006612609,0.00771749,0.06582242,0,0,5734.2169

17,True,False,0.02,0.25,Rot17,2,0,-0.006612609,0.00771749,0.06582242,0,0,5748.5809

17,True,False,0.02,0.25,Rot17,2,0,-0.006612609,0.00771749,0.06582242,0,0,5762.5331

17,True,False,0.02,0.25,Rot17,2,0,-0.006612609,0.00771749,0.06582242,0,0,5776.4415

17,True,False,0.02,0.25,Rot17,2,0,-0.006612609,0.00771749,0.06582242,0,0,5790.4877

17,True,False,0.02,0.25,Rot17,2,0,-0.006612609,0.00771749,0.06582242,0,0,5816.8485

17,True,False,0.02,0.25,Rot17,2,0,-0.006612609,0.00771749,0.06582242,0,0,5831.403

17,True,False,0.02,0.25,Rot17,2,0,-0.006612609,0.00771749,0.06582242,0,0,5845.1657

17,True,False,0.02,0.25,Rot17,2,0,-0.006612609,0.00771749,0.06582242,0,0,5859.5617

17,True,False,0.02,0.25,Rot17,2,0,-0.006612609,0.00771749,0.06582242,0,0,5874.0813

17,True,False,0.02,0.25,Rot17,2,0,-0.006612609,0.00771749,0.06582242,0,0,5889.5499

17,True,False,0.02,0.25,Rot17,2,0,-0.006612609,0.00771749,0.06582242,0,0,5913.8234

17,True,False,0.02,0.25,Rot17,2,0,-0.006612609,0.00771749,0.06582242,0,0,5929.9624

17,True,False,0.02,0.25,Rot17,2,0,-0.006612609,0.00771749,0.06582242,0,0,5942.168

17,True,False,0.02,0.25,Rot17,2,0,-0.006612609,0.00771749,0.06582242,0,0,5957.768

17,True,False,0.02,0.25,Rot17,2,0,-0.006612609,0.00771749,0.06582242,0,0,5982.8315

17,True,False,0.02,0.25,Rot17,2,0,-0.006612609,0.00771749,0.06582242,0,0,5997.6676

17,True,False,0.02,0.25,Rot17,2,0,-0.006612609,0.00771749,0.06582242,0,0,6010.9159

17,True,False,0.02,0.25,Rot17,2,0,-0.006612609,0.00771749,0.06582242,0,0,6025.1957

17,True,False,0.02,0.25,Rot17,2,0,-0.006612609,0.00771749,0.06582242,0,0,6040.1645

17,True,False,0.02,0.25,Rot17,2,0,-0.006612609,0.00771749,0.06582242,0,0,6066.7705

17,True,False,0.02,0.25,Rot17,2,0,-0.006612609,0.00771749,0.06582242,0,0,6083.2098

17,True,False,0.02,0.25,Rot17,2,0,-0.006612609,0.00771749,0.06582242,0,0,6095.1077

17,True,False,0.02,0.25,Rot17,2,0,-0.006612609,0.00771749,0.06582242,0,0,6109.0729

17,True,False,0.02,0.25,Rot17,2,0,-0.006612609,0.00771749,0.06582242,0,0,6136.2251

17,True,False,0.02,0.25,Rot17,2,0,-0.006612609,0.00771749,0.06582242,0,0,6164.4954

17,True,False,0.02,0.25,Rot17,2,0,-0.006612609,0.00771749,0.06582242,0,0,6193.7547

17,True,False,0.02,0.25,Rot17,2,0,-0.006612609,0.00771749,0.06582242,0,0,6206.8793

17,True,False,0.02,0.25,Rot17,2,0,-0.006612609,0.00771749,0.06582242,0,0,6220.9569

17,True,False,0.02,0.25,Rot17,2,0,-0.006612609,0.00771749,0.06582242,0,0,6235.1922

17,True,False,0.02,0.25,Rot17,2,0,-0.006612609,0.00771749,0.06582242,0,0,6249.677

17,True,False,0.02,0.25,Rot17,2,0,-0.006612609,0.00771749,0.06582242,0,0,6263.7562

17,True,False,0.02,0.25,Rot17,2,0,-0.006612609,0.00771749,0.06582242,0,0,6277.332

17,True,False,0.02,0.25,Rot17,2,0,-0.006612609,0.00771749,0.06582242,0,0,6291.6883

17,True,False,0.02,0.25,Rot17,2,0,-0.006612609,0.00771749,0.06582242,0,0,6306.6266

17,True,False,0.02,0.25,Rot17,2,0,-0.006612609,0.00771749,0.06582242,0,0,6331.9726

17,True,False,0.02,0.25,Rot17,2,0,-0.006612609,0.00771749,0.06582242,0,0,6347.293

17,True,False,0.02,0.25,Rot17,2,0,-0.006612609,0.00771749,0.06582242,0,0,6359.8209

17,True,False,0.02,0.25,Rot17,2,0,-0.006612609,0.00771749,0.06582242,0,0,6374.0616

17,True,False,0.02,0.25,Rot17,2,0,-0.006612609,0.00771749,0.06582242,0,0,6401.1332

17,True,False,0.02,0.25,Rot17,2,0,-0.006612609,0.00771749,0.06582242,0,0,6414.9032

17,True,False,0.02,0.25,Rot17,2,0,-0.006612609,0.00771749,0.06582242,0,0,6429.0495

17,True,False,0.02,0.25,Rot17,2,0,-0.006612609,0.00771749,0.06582242,0,0,6442.9

17,True,False,0.02,0.25,Rot17,2,0,-0.006612609,0.00771749,0.06582242,0,0,6457.2535

17,True,False,0.02,0.25,Rot17,2,0,-0.006612609,0.00771749,0.06582242,0,0,6484.3674

17,True,False,0.02,0.25,Rot17,2,0,-0.006612609,0.00771749,0.06582242,0,0,6498.7921

17,True,False,0.02,0.25,Rot17,2,0,-0.006612609,0.00771749,0.06582242,0,0,6512.5887

17,True,False,0.02,0.25,Rot17,2,0,-0.006612609,0.00771749,0.06582242,0,0,6526.8809

17,True,False,0.02,0.25,Rot17,2,0,-0.006612609,0.00771749,0.06582242,0,0,6540.9665

17,True,False,0.02,0.25,Rot17,2,0,-0.006612609,0.00771749,0.06582242,0,0,6555.4054

17,True,False,0.02,0.25,Rot17,2,0,-0.006612609,0.00771749,0.06582242,0,0,6582.2581

17,True,False,0.02,0.25,Rot17,2,0,-0.006612609,0.00771749,0.06582242,0,0,6609.0491

17,True,False,0.02,0.25,Rot17,2,0,-0.006612609,0.00771749,0.06582242,0,0,6622.8165

17,True,False,0.02,0.25,Rot17,2,0,-0.006612609,0.00771749,0.06582242,0,0,6636.5545

17,True,False,0.02,0.25,Rot17,2,0,-0.006612609,0.00771749,0.06582242,0,0,6651.5659

17,True,False,0.02,0.25,Rot17,2,0,-0.006612609,0.00771749,0.06582242,0,0,6666.0334

17,True,False,0.02,0.25,Rot17,2,0,-0.006612609,0.00771749,0.06582242,0,0,6680.3093

17,True,False,0.02,0.25,Rot17,2,0,-0.006612609,0.00771749,0.06582242,0,0,6693.5999

17,True,False,0.02,0.25,Rot17,2,0,-0.006612609,0.00771749,0.06582242,0,0,6708.4949

17,True,False,0.02,0.25,Rot17,2,0,-0.006612609,0.00771749,0.06582242,0,0,6722.7489

17,True,False,0.02,0.25,Rot17,2,0,-0.006612609,0.00771749,0.06582242,0,0,6748.8487

17,True,False,0.02,0.25,Rot17,2,0,-0.006612609,0.00771749,0.06582242,0,0,6762.8648

17,True,False,0.02,0.25,Rot17,2,0,-0.006612609,0.00771749,0.06582242,0,0,6776.1188

17,True,False,0.02,0.25,Rot17,2,0,-0.006612609,0.00771749,0.06582242,0,0,6791.3738

17,True,False,0.02,0.25,Rot17,2,0,-0.006612609,0.00771749,0.06582242,0,0,6804.8367

17,True,False,0.02,0.25,Rot17,2,0,-0.006612609,0.00771749,0.06582242,0,0,6831.3152

17,True,False,0.02,0.25,Rot17,2,0,-0.006612609,0.00771749,0.06582242,0,0,6846.7634

17,True,False,0.02,0.25,Rot17,2,0,-0.006612609,0.00771749,0.06582242,0,0,6858.5857

17,True,False,0.02,0.25,Rot17,2,0,-0.006612609,0.00771749,0.06582242,0,0,6873.0418

17,True,False,0.02,0.25,Rot17,2,0,-0.006612609,0.00771749,0.06582242,0,0,6888.9526

17,True,False,0.02,0.25,Rot17,2,0,-0.006612609,0.00771749,0.06582242,0,0,6928.5416

17,True,False,0.02,0.25,Rot17,2,0,-0.006612609,0.00771749,0.06582242,0,0,6944.2205

17,True,False,0.02,0.25,Rot17,2,0,-0.006612609,0.00771749,0.06582242,0,0,6955.5124

17,True,False,0.02,0.25,Rot17,2,0,-0.006612609,0.00771749,0.06582242,0,0,6969.6356

17,True,False,0.02,0.25,Rot17,2,0,-0.006612609,0.00771749,0.06582242,0,0,6997.3922

17,True,False,0.02,0.25,Rot17,2,0,-0.006612609,0.00771749,0.06582242,0,0,7011.6797

17,True,False,0.02,0.25,Rot17,2,0,-0.006612609,0.00771749,0.06582242,0,0,7025.3263

17,True,False,0.02,0.25,Rot17,2,0,-0.006612609,0.00771749,0.06582242,0,0,7039.4117

17,True,False,0.02,0.25,Rot17,2,0,-0.006612609,0.00771749,0.06582242,0,0,7054.6878

17,True,False,0.02,0.25,Rot17,2,0,-0.006612609,0.00771749,0.06582242,0,0,7081.368

17,True,False,0.02,0.25,Rot17,2,0,-0.006612609,0.00771749,0.06582242,0,0,7096.5757

17,True,False,0.02,0.25,Rot17,2,0,-0.006612609,0.00771749,0.06582242,0,0,7109.2559

17,True,False,0.02,0.25,Rot17,2,0,-0.006612609,0.00771749,0.06582242,0,0,7123.4137

17,True,False,0.02,0.25,Rot17,2,0,-0.006612609,0.00771749,0.06582242,0,0,7137.9484

17,True,False,0.02,0.25,Rot17,2,0,-0.006612609,0.00771749,0.06582242,0,0,7151.3282

17,True,False,0.02,0.25,Rot17,2,0,-0.006612609,0.00771749,0.06582242,0,0,7166.7903

17,True,False,0.02,0.25,Rot17,2,0,-0.006612609,0.00771749,0.06582242,0,0,7192.4146

17,True,False,0.02,0.25,Rot17,2,0,-0.006612609,0.00771749,0.06582242,0,0,7208.7015

17,True,False,0.02,0.25,Rot17,2,0,-0.006612609,0.00771749,0.06582242,0,0,7219.9367

17,True,False,0.02,0.25,Rot17,2,0,-0.006612609,0.00771749,0.06582242,0,0,7234.4776

17,True,False,0.02,0.25,Rot17,2,0,-0.006612609,0.00771749,0.06582242,0,0,7250.2732

17,True,False,0.02,0.25,Rot17,2,0,-0.006612609,0.00771749,0.06582242,0,0,7274.7564

17,True,False,0.02,0.25,Rot17,2,0,-0.006612609,0.00771749,0.06582242,0,0,7291.3583

17,True,False,0.02,0.25,Rot17,2,0,-0.006612609,0.00771749,0.06582242,0,0,7302.7335

17,True,False,0.02,0.25,Rot17,2,0,-0.006612609,0.00771749,0.06582242,0,0,7318.0914

17,True,False,0.02,0.25,Rot17,2,0,-0.006612609,0.00771749,0.06582242,0,0,7343.8586

17,True,False,0.02,0.25,Rot17,2,0,-0.006612609,0.00771749,0.06582242,0,0,7372.1704

17,True,False,0.02,0.25,Rot17,2,0,-0.006612609,0.00771749,0.06582242,0,0,7386.7884

17,True,False,0.02,0.25,Rot17,2,0,-0.006612609,0.00771749,0.06582242,0,0,7401.086

17,True,False,0.02,0.25,Rot17,2,0,-0.006612609,0.00771749,0.06582242,0,0,7414.6269

17,True,False,0.02,0.25,Rot17,2,0,-0.006612609,0.00771749,0.06582242,0,0,7429.7252

17,True,False,0.02,0.25,Rot17,2,0,-0.006612609,0.00771749,0.06582242,0,0,7443.8488

17,True,False,0.02,0.25,Rot17,2,0,-0.006612609,0.00771749,0.06582242,0,0,7457.6585

17,True,False,0.02,0.25,Rot17,2,0,-0.006612609,0.00771749,0.06582242,0,0,7472.1192

17,True,False,0.02,0.25,Rot17,2,0,-0.006612609,0.00771749,0.06582242,0,0,7486.0914

17,True,False,0.02,0.25,Rot17,2,0,-0.006612609,0.00771749,0.06582242,0,0,7500.5274

17,True,False,0.02,0.25,Rot17,2,0,-0.006612609,0.00771749,0.06582242,0,0,7526.8287

17,True,False,0.02,0.25,Rot17,2,0,-0.006612609,0.00771749,0.06582242,0,0,7553.8606

17,True,False,0.02,0.25,Rot17,2,0,-0.006612609,0.00771749,0.06582242,0,0,7568.2384

17,True,False,0.02,0.25,Rot17,2,0,-0.006612609,0.00771749,0.06582242,0,0,7582.2074

17,True,False,0.02,0.25,Rot17,2,0,-0.006612609,0.00771749,0.06582242,0,0,7596.5169

17,True,False,0.02,0.25,Rot17,2,0,-0.006612609,0.00771749,0.06582242,0,0,7610.7839

17,True,False,0.02,0.25,Rot17,2,0,-0.006612609,0.00771749,0.06582242,0,0,7624.7013

17,True,False,0.02,0.25,Rot17,2,0,-0.006612609,0.00771749,0.06582242,0,0,7652.9673

17,True,False,0.02,0.25,Rot17,2,0,-0.006612609,0.00771749,0.06582242,0,0,7681.6925

17,True,False,0.02,0.25,Rot17,2,0,-0.006612609,0.00771749,0.06582242,0,0,7694.8174

17,True,False,0.02,0.25,Rot17,2,0,-0.006612609,0.00771749,0.06582242,0,0,7707.7135

17,True,False,0.02,0.25,Rot17,2,0,-0.006612609,0.00771749,0.06582242,0,0,7721.8062

17,True,False,0.02,0.25,Rot17,2,0,-0.006612609,0.00771749,0.06582242,0,0,7736.65

17,True,False,0.02,0.25,Rot17,2,0,-0.006612609,0.00771749,0.06582242,0,0,7750.2196

17,True,False,0.02,0.25,Rot17,2,0,-0.006612609,0.00771749,0.06582242,0,0,7776.0188

17,True,False,0.02,0.25,Rot17,2,0,-0.006612609,0.00771749,0.06582242,0,0,7792.0257

17,True,False,0.02,0.25,Rot17,2,0,-0.006612609,0.00771749,0.06582242,0,0,7803.403

17,True,False,0.02,0.25,Rot17,2,0,-0.006612609,0.00771749,0.06582242,0,0,7817.5847

17,True,False,0.02,0.25,Rot17,2,0,-0.006612609,0.00771749,0.06582242,0,0,7832.4375

17,True,False,0.02,0.25,Rot17,2,0,-0.006612609,0.00771749,0.06582242,0,0,7858.1576

17,True,False,0.02,0.25,Rot17,2,0,-0.006612609,0.00771749,0.06582242,0,0,7885.9513

17,True,False,0.02,0.25,Rot17,2,0,-0.006612609,0.00771749,0.06582242,0,0,7900.7686

17,True,False,0.02,0.25,Rot17,2,0,-0.006612609,0.00771749,0.06582242,0,0,7915.0057

17,True,False,0.02,0.25,Rot17,2,0,-0.006612609,0.00771749,0.06582242,0,0,7929.2724

17,True,False,0.02,0.25,Rot17,2,0,-0.006612609,0.00771749,0.06582242,0,0,7943.3808

17,True,False,0.02,0.25,Rot17,2,0,-0.006612609,0.00771749,0.06582242,0,0,7956.9568

17,True,False,0.02,0.25,Rot17,2,0,-0.006612609,0.00771749,0.06582242,0,0,7971.5443

17,True,False,0.02,0.25,Rot17,2,0,-0.006612609,0.00771749,0.06582242,0,0,7987.5758

17,True,False,0.02,0.25,Rot17,2,0,-0.006612609,0.00771749,0.06582242,0,0,8012.465

17,True,False,0.02,0.25,Rot17,2,0,-0.006612609,0.00771749,0.06582242,0,0,8028.1301

17,True,False,0.02,0.25,Rot17,2,0,-0.006612609,0.00771749,0.06582242,0,0,8040.3609

17,True,False,0.02,0.25,Rot17,2,0,-0.006612609,0.00771749,0.06582242,0,0,8054.362

17,True,False,0.02,0.25,Rot17,2,0,-0.006612609,0.00771749,0.06582242,0,0,8070.6391

17,True,False,0.02,0.25,Rot17,2,0,-0.006612609,0.00771749,0.06582242,0,0,8084.0792

17,True,False,0.02,0.25,Rot17,2,0,-0.006612609,0.00771749,0.06582242,0,0,8109.0338

17,True,False,0.02,0.25,Rot17,2,0,-0.006612609,0.00771749,0.06582242,0,0,8136.3632

17,True,False,0.02,0.25,Rot17,2,0,-0.006612609,0.00771749,0.06582242,0,0,8150.309

17,True,False,0.02,0.25,Rot17,2,0,-0.006612609,0.00771749,0.06582242,0,0,8164.7952

17,True,False,0.02,0.25,Rot17,2,0,-0.006612609,0.00771749,0.06582242,0,0,8179.3177

17,True,False,0.02,0.25,Rot17,2,0,-0.006612609,0.00771749,0.06582242,0,0,8193.8393

17,True,False,0.02,0.25,Rot17,2,0,-0.006612609,0.00771749,0.06582242,0,0,8207.8983

17,True,False,0.02,0.25,Rot17,2,0,-0.006612609,0.00771749,0.06582242,0,0,8222.0815

17,True,False,0.02,0.25,Rot17,2,0,-0.006612609,0.00771749,0.06582242,0,0,8236.297

17,True,False,0.02,0.25,Rot17,2,0,-0.006612609,0.00771749,0.06582242,0,0,8250.688

17,True,False,0.02,0.25,Rot17,2,0,-0.006612609,0.00771749,0.06582242,0,0,8276.881

17,True,False,0.02,0.25,Rot17,2,0,-0.006612609,0.00771749,0.06582242,0,0,8303.5989

17,True,False,0.02,0.25,Rot17,2,0,-0.006612609,0.00771749,0.06582242,0,0,8318.1592

17,True,False,0.02,0.25,Rot17,2,0,-0.006612609,0.00771749,0.06582242,0,0,8331.957

17,True,False,0.02,0.25,Rot17,2,0,-0.006612609,0.00771749,0.06582242,0,0,8346.5419

17,True,False,0.02,0.25,Rot17,2,0,-0.006612609,0.00771749,0.06582242,0,0,8360.8505

17,True,False,0.02,0.25,Rot17,2,0,-0.006612609,0.00771749,0.06582242,0,0,8374.2856

17,True,False,0.02,0.25,Rot17,2,0,-0.006612609,0.00771749,0.06582242,0,0,8388.9906

17,True,False,0.02,0.25,Rot17,2,0,-0.006612609,0.00771749,0.06582242,0,0,8415.8719

17,True,False,0.02,0.25,Rot17,2,0,-0.006612609,0.00771749,0.06582242,0,0,8430.1829

17,True,False,0.02,0.25,Rot17,2,0,-0.006612609,0.00771749,0.06582242,0,0,8444.3048

17,True,False,0.02,0.25,Rot17,2,0,-0.006612609,0.00771749,0.06582242,0,0,8458.0839

17,True,False,0.02,0.25,Rot17,2,0,-0.006612609,0.00771749,0.06582242,0,0,8472.167

17,True,False,0.02,0.25,Rot17,2,0,-0.006612609,0.00771749,0.06582242,0,0,8486.65

17,True,False,0.02,0.25,Rot17,2,0,-0.006612609,0.00771749,0.06582242,0,0,8502.308

17,True,False,0.02,0.25,Rot17,2,0,-0.006612609,0.00771749,0.06582242,0,0,8526.5532

17,True,False,0.02,0.25,Rot17,2,0,-0.006612609,0.00771749,0.06582242,0,0,8553.7314

17,True,False,0.02,0.25,Rot17,2,0,-0.006612609,0.00771749,0.06582242,0,0,8567.6223

17,True,False,0.02,0.25,Rot17,2,0,-0.006612609,0.00771749,0.06582242,0,0,8596.7392

17,True,False,0.02,0.25,Rot17,2,0,-0.006612609,0.00771749,0.06582242,0,0,8611.0664

17,True,False,0.02,0.25,Rot17,2,0,-0.006612609,0.00771749,0.06582242,0,0,8624.6394

17,True,False,0.02,0.25,Rot17,2,0,-0.006612609,0.00771749,0.06582242,0,0,8640.1274

17,True,False,0.02,0.25,Rot17,2,0,-0.006612609,0.00771749,0.06582242,0,0,8653.617

17,True,False,0.02,0.25,Rot17,2,0,-0.006612609,0.00771749,0.06582242,0,0,8678.5751

17,True,False,0.02,0.25,Rot17,2,0,-0.006612609,0.00771749,0.06582242,0,0,8705.4949

17,True,False,0.02,0.25,Rot17,2,0,-0.006612609,0.00771749,0.06582242,0,0,8720.0789

17,True,False,0.02,0.25,Rot17,2,0,-0.006612609,0.00771749,0.06582242,0,0,8734.6542

17,True,False,0.02,0.25,Rot17,2,0,-0.006612609,0.00771749,0.06582242,0,0,8748.3847

17,True,False,0.02,0.25,Rot17,2,0,-0.006612609,0.00771749,0.06582242,0,0,8761.4893

17,True,False,0.02,0.25,Rot17,2,0,-0.006612609,0.00771749,0.06582242,0,0,8775.2074

17,True,False,0.02,0.25,Rot17,2,0,-0.006612609,0.00771749,0.06582242,0,0,8789.6497

17,True,False,0.02,0.25,Rot17,2,0,-0.006612609,0.00771749,0.06582242,0,0,8805.8971

17,True,False,0.02,0.25,Rot17,2,0,-0.006612609,0.00771749,0.06582242,0,0,8830.6277

17,True,False,0.02,0.25,Rot17,2,0,-0.006612609,0.00771749,0.06582242,0,0,8846.2418

17,True,False,0.02,0.25,Rot17,2,0,-0.006612609,0.00771749,0.06582242,0,0,8857.8307

17,True,False,0.02,0.25,Rot17,2,0,-0.006612609,0.00771749,0.06582242,0,0,8872.0898

17,True,False,0.02,0.25,Rot17,2,0,-0.006612609,0.00771749,0.06582242,0,0,8887.4416

17,True,False,0.02,0.25,Rot17,2,0,-0.006612609,0.00771749,0.06582242,0,0,8913.3016

17,True,False,0.02,0.25,Rot17,2,0,-0.006612609,0.00771749,0.06582242,0,0,8929.6446

17,True,False,0.02,0.25,Rot17,2,0,-0.006612609,0.00771749,0.06582242,0,0,8941.221

17,True,False,0.02,0.25,Rot17,2,0,-0.006612609,0.00771749,0.06582242,0,0,8954.8501

17,True,False,0.02,0.25,Rot17,2,0,-0.006612609,0.00771749,0.06582242,0,0,8970.6483

17,True,False,0.02,0.25,Rot17,2,0,-0.006612609,0.00771749,0.06582242,0,0,8996.0773

17,True,False,0.02,0.25,Rot17,2,0,-0.006612609,0.00771749,0.06582242,0,0,9010.5869

17,True,False,0.02,0.25,Rot17,2,0,-0.006612609,0.00771749,0.06582242,0,0,9023.252

17,True,False,0.02,0.25,Rot17,2,0,-0.006612609,0.00771749,0.06582242,0,0,9039.4634

17,True,False,0.02,0.25,Rot17,2,0,-0.006612609,0.00771749,0.06582242,0,0,9064.8095

17,True,False,0.02,0.25,Rot17,2,0,-0.006612609,0.00771749,0.06582242,0,0,9081.7637

17,True,False,0.02,0.25,Rot17,2,0,-0.006612609,0.00771749,0.06582242,0,0,9092.8192

17,True,False,0.02,0.25,Rot17,2,0,-0.006612609,0.00771749,0.06582242,0,0,9107.8214

17,True,False,0.02,0.25,Rot17,2,0,-0.006612609,0.00771749,0.06582242,0,0,9135.0354

17,True,False,0.02,0.25,Rot17,2,0,-0.006612609,0.00771749,0.06582242,0,0,9150.0519

17,True,False,0.02,0.25,Rot17,2,0,-0.006612609,0.00771749,0.06582242,0,0,9164.0901

17,True,False,0.02,0.25,Rot17,2,0,-0.006612609,0.00771749,0.06582242,0,0,9180.5874

17,True,False,0.02,0.25,Rot17,2,0,-0.006612609,0.00771749,0.06582242,0,0,9206.2444

17,True,False,0.02,0.25,Rot17,2,0,-0.006612609,0.00771749,0.06582242,0,0,9232.5811

17,True,False,0.02,0.25,Rot17,2,0,-0.006612609,0.00771749,0.06582242,0,0,9247.7349

17,True,False,0.02,0.25,Rot17,2,0,-0.006612609,0.00771749,0.06582242,0,0,9264.205

17,True,False,0.02,0.25,Rot17,2,0,-0.006612609,0.00771749,0.06582242,0,0,9289.3446

17,True,False,0.02,0.25,Rot17,2,0,-0.006612609,0.00771749,0.06582242,0,0,9303.8419

17,True,False,0.02,0.25,Rot17,2,0,-0.006612609,0.00771749,0.06582242,0,0,9318.0527

17,True,False,0.02,0.25,Rot17,2,0,-0.006612609,0.00771749,0.06582242,0,0,9346.4594

17,True,False,0.02,0.25,Rot17,2,0,-0.006612609,0.00771749,0.06582242,0,0,9359.8717

17,True,False,0.02,0.25,Rot17,2,0,-0.006612609,0.00771749,0.06582242,0,0,9372.9613

17,True,False,0.02,0.25,Rot17,2,0,-0.006612609,0.00771749,0.06582242,0,0,9387.7987

17,True,False,0.02,0.25,Rot17,2,0,-0.006612609,0.00771749,0.06582242,0,0,9401.2947

17,True,False,0.02,0.25,Rot17,2,0,-0.006612609,0.00771749,0.06582242,0,0,9415.3963

17,True,False,0.02,0.25,Rot17,2,0,-0.006612609,0.00771749,0.06582242,0,0,9429.5701

17,True,False,0.02,0.25,Rot17,2,0,-0.006612609,0.00771749,0.06582242,0,0,9444.1331

17,True,False,0.02,0.25,Rot17,2,0,-0.006612609,0.00771749,0.06582242,0,0,9471.3791

17,True,False,0.02,0.25,Rot17,2,0,-0.006612609,0.00771749,0.06582242,0,0,9485.1587

17,True,False,0.02,0.25,Rot17,2,0,-0.006612609,0.00771749,0.06582242,0,0,9498.9051

17,True,False,0.02,0.25,Rot17,2,0,-0.006612609,0.00771749,0.06582242,0,0,9513.3214

17,True,False,0.02,0.25,Rot17,2,0,-0.006612609,0.00771749,0.06582242,0,0,9527.4344

17,True,False,0.02,0.25,Rot17,2,0,-0.006612609,0.00771749,0.06582242,0,0,9541.1339

17,True,False,0.02,0.25,Rot17,2,0,-0.006612609,0.00771749,0.06582242,0,0,9554.8613

17,True,False,0.02,0.25,Rot17,2,0,-0.006612609,0.00771749,0.06582242,0,0,9582.1084

17,True,False,0.02,0.25,Rot17,2,0,-0.006612609,0.00771749,0.06582242,0,0,9598.1087

17,True,False,0.02,0.25,Rot17,2,0,-0.006612609,0.00771749,0.06582242,0,0,9609.2955

17,True,False,0.02,0.25,Rot17,2,0,-0.006612609,0.00771749,0.06582242,0,0,9623.831

17,True,False,0.02,0.25,Rot17,2,0,-0.006612609,0.00771749,0.06582242,0,0,9651.3154

17,True,False,0.02,0.25,Rot17,2,0,-0.006612609,0.00771749,0.06582242,0,0,9665.9642

17,True,False,0.02,0.25,Rot17,2,0,-0.006612609,0.00771749,0.06582242,0,0,9678.9153

17,True,False,0.02,0.25,Rot17,2,0,-0.006612609,0.00771749,0.06582242,0,0,9693.0145

17,True,False,0.02,0.25,Rot17,2,0,-0.006612609,0.00771749,0.06582242,0,0,9707.6986

17,True,False,0.02,0.25,Rot17,2,0,-0.006612609,0.00771749,0.06582242,0,0,9721.6219

17,True,False,0.02,0.25,Rot17,2,0,-0.006612609,0.00771749,0.06582242,0,0,9748.4145

17,True,False,0.02,0.25,Rot17,2,0,-0.006612609,0.00771749,0.06582242,0,0,9775.8974

17,True,False,0.02,0.25,Rot17,2,0,-0.006612609,0.00771749,0.06582242,0,0,9790.1715

17,True,False,0.02,0.25,Rot17,2,0,-0.006612609,0.00771749,0.06582242,0,0,9803.7915

17,True,False,0.02,0.25,Rot17,2,0,-0.006612609,0.00771749,0.06582242,0,0,9817.7049

17,True,False,0.02,0.25,Rot17,2,0,-0.006612609,0.00771749,0.06582242,0,0,9832.5995

17,True,False,0.02,0.25,Rot17,2,0,-0.006612609,0.00771749,0.06582242,0,0,9846.6944

17,True,False,0.02,0.25,Rot17,2,0,-0.006612609,0.00771749,0.06582242,0,0,9860.4853

17,True,False,0.02,0.25,Rot17,2,0,-0.006612609,0.00771749,0.06582242,0,0,9874.5388

17,True,False,0.02,0.25,Rot17,2,0,-0.006612609,0.00771749,0.06582242,0,0,9888.8434

17,True,False,0.02,0.25,Rot17,2,0,-0.006612609,0.00771749,0.06582242,0,0,9915.5109

17,True,False,0.02,0.25,Rot17,2,0,-0.006612609,0.00771749,0.06582242,0,0,9930.5507

17,True,False,0.02,0.25,Rot17,2,0,-0.006612609,0.00771749,0.06582242,0,0,9943.3388

17,True,False,0.02,0.25,Rot17,2,0,-0.006612609,0.00771749,0.06582242,0,0,9956.9439

17,True,False,0.02,0.25,Rot17,2,0,-0.006612609,0.00771749,0.06582242,0,0,9971.3922

17,True,False,0.02,0.25,Rot17,2,0,-0.006612609,0.00771749,0.06582242,0,0,9998.8415

17,True,False,0.02,0.25,Rot17,2,0,-0.006612609,0.00771749,0.06582242,0,0,10026.077

17,True,False,0.02,0.25,Rot17,2,0,-0.006612609,0.00771749,0.06582242,0,0,10039.8903

17,True,False,0.02,0.25,Rot17,2,0,-0.006612609,0.00771749,0.06582242,0,0,10054.2188

17,True,False,0.02,0.25,Rot17,2,0,-0.006612609,0.00771749,0.06582242,0,0,10069.1847

17,True,False,0.02,0.25,Rot17,2,0,-0.006612609,0.00771749,0.06582242,0,0,10083.33

17,True,False,0.02,0.25,Rot17,2,0,-0.006612609,0.00771749,0.06582242,0,0,10096.8267

17,True,False,0.02,0.25,Rot17,2,0,-0.006612609,0.00771749,0.06582242,0,0,10111.1705

17,True,False,0.02,0.25,Rot17,2,0,-0.006612609,0.00771749,0.06582242,0,0,10125.2406

17,True,False,0.02,0.25,Rot17,2,0,-0.006612609,0.00771749,0.06582242,0,0,10141.0103

17,True,False,0.02,0.25,Rot17,2,0,-0.006612609,0.00771749,0.06582242,0,0,10165.8992

17,True,False,0.02,0.25,Rot17,2,0,-0.006612609,0.00771749,0.06582242,0,0,10182.0099

17,True,False,0.02,0.25,Rot17,2,0,-0.006612609,0.00771749,0.06582242,0,0,10193.05

17,True,False,0.02,0.25,Rot17,2,0,-0.006612609,0.00771749,0.06582242,0,0,10207.426

17,True,False,0.02,0.25,Rot17,2,0,-0.006612609,0.00771749,0.06582242,0,0,10234.6545

17,True,False,0.02,0.25,Rot17,2,0,-0.006612609,0.00771749,0.06582242,0,0,10263.7592

17,True,False,0.02,0.25,Rot17,2,0,-0.006612609,0.00771749,0.06582242,0,0,10278.6738

17,True,False,0.02,0.25,Rot17,2,0,-0.006612609,0.00771749,0.06582242,0,0,10305.7972

17,True,False,0.02,0.25,Rot17,2,0,-0.006612609,0.00771749,0.06582242,0,0,10318.8337

17,True,False,0.02,0.25,Rot17,2,0,-0.006612609,0.00771749,0.06582242,0,0,10333.3508

17,True,False,0.02,0.25,Rot17,2,0,-0.006612609,0.00771749,0.06582242,0,0,10347.3114

17,True,False,0.02,0.25,Rot17,2,0,-0.006612609,0.00771749,0.06582242,0,0,10361.2762

17,True,False,0.02,0.25,Rot17,2,0,-0.006612609,0.00771749,0.06582242,0,0,10374.8471

17,True,False,0.02,0.25,Rot17,2,0,-0.006612609,0.00771749,0.06582242,0,0,10389.3454

17,True,False,0.02,0.25,Rot17,2,0,-0.006612609,0.00771749,0.06582242,0,0,10402.9369

17,True,False,0.02,0.25,Rot17,2,0,-0.006612609,0.00771749,0.06582242,0,0,10417.0541

17,True,False,0.02,0.25,Rot17,2,0,-0.006612609,0.00771749,0.06582242,0,0,10431.7541

17,True,False,0.02,0.25,Rot17,2,0,-0.006612609,0.00771749,0.06582242,0,0,10457.4098

17,True,False,0.02,0.25,Rot17,2,0,-0.006612609,0.00771749,0.06582242,0,0,10484.5599

17,True,False,0.02,0.25,Rot17,2,0,-0.006612609,0.00771749,0.06582242,0,0,10498.8261

17,True,False,0.02,0.25,Rot17,2,0,-0.006612609,0.00771749,0.06582242,0,0,10512.844

17,True,False,0.02,0.25,Rot17,2,0,-0.006612609,0.00771749,0.06582242,0,0,10527.1457

17,True,False,0.02,0.25,Rot17,2,0,-0.006612609,0.00771749,0.06582242,0,0,10540.8123

17,True,False,0.02,0.25,Rot17,2,0,-0.006612609,0.00771749,0.06582242,0,0,10554.7316

17,True,False,0.02,0.25,Rot17,2,0,-0.006612609,0.00771749,0.06582242,0,0,10569.4079

17,True,False,0.02,0.25,Rot17,2,0,-0.006612609,0.00771749,0.06582242,0,0,10582.8637

17,True,False,0.02,0.25,Rot17,2,0,-0.006612609,0.00771749,0.06582242,0,0,10598.3794

17,True,False,0.02,0.25,Rot17,2,0,-0.006612609,0.00771749,0.06582242,0,0,10623.3259

17,True,False,0.02,0.25,Rot17,2,0,-0.006612609,0.00771749,0.06582242,0,0,10650.7401

17,True,False,0.02,0.25,Rot17,2,0,-0.006612609,0.00771749,0.06582242,0,0,10664.3953

17,True,False,0.02,0.25,Rot17,2,0,-0.006612609,0.00771749,0.06582242,0,0,10677.3213

17,True,False,0.02,0.25,Rot17,2,0,-0.006612609,0.00771749,0.06582242,0,0,10690.9595

17,True,False,0.02,0.25,Rot17,2,0,-0.006612609,0.00771749,0.06582242,0,0,10705.4946

17,True,False,0.02,0.25,Rot17,2,0,-0.006612609,0.00771749,0.06582242,0,0,10719.6121

17,True,False,0.02,0.25,Rot17,2,0,-0.006612609,0.00771749,0.06582242,0,0,10733.5849

17,True,False,0.02,0.25,Rot17,2,0,-0.006612609,0.00771749,0.06582242,0,0,10761.1151

17,True,False,0.02,0.25,Rot17,2,0,-0.006612609,0.00771749,0.06582242,0,0,10775.3321

17,True,False,0.02,0.25,Rot17,2,0,-0.006612609,0.00771749,0.06582242,0,0,10789.4808

17,True,False,0.02,0.25,Rot17,2,0,-0.006612609,0.00771749,0.06582242,0,0,10803.2967

17,True,False,0.02,0.25,Rot17,2,0,-0.006612609,0.00771749,0.06582242,0,0,10817.8677

17,True,False,0.02,0.25,Rot17,2,0,-0.006612609,0.00771749,0.06582242,0,0,10831.4863

17,True,False,0.02,0.25,Rot17,2,0,-0.006612609,0.00771749,0.06582242,0,0,10859.0091

17,True,False,0.02,0.25,Rot17,2,0,-0.006612609,0.00771749,0.06582242,0,0,10886.5706

17,True,False,0.02,0.25,Rot17,2,0,-0.006612609,0.00771749,0.06582242,0,0,10901.1499

17,True,False,0.02,0.25,Rot17,2,0,-0.006612609,0.00771749,0.06582242,0,0,10915.2337

17,True,False,0.02,0.25,Rot17,2,0,-0.006612609,0.00771749,0.06582242,0,0,10929.436

17,True,False,0.02,0.25,Rot17,2,0,-0.006612609,0.00771749,0.06582242,0,0,10943.4083

17,True,False,0.02,0.25,Rot17,2,0,-0.006612609,0.00771749,0.06582242,0,0,10957.5277

17,True,False,0.02,0.25,Rot17,2,0,-0.006612609,0.00771749,0.06582242,0,0,10971.8686

17,True,False,0.02,0.25,Rot17,2,0,-0.006612609,0.00771749,0.06582242,0,0,10987.2922

17,True,False,0.02,0.25,Rot17,2,0,-0.006612609,0.00771749,0.06582242,0,0,10999.558

17,True,False,0.02,0.25,Rot17,2,0,-0.006612609,0.00771749,0.06582242,0,0,11013.9071

17,True,False,0.02,0.25,Rot17,2,0,-0.006612609,0.00771749,0.06582242,0,0,11040.113

17,True,False,0.02,0.25,Rot17,2,0,-0.006612609,0.00771749,0.06582242,0,0,11056.027

17,True,False,0.02,0.25,Rot17,2,0,-0.006612609,0.00771749,0.06582242,0,0,11067.3796

17,True,False,0.02,0.25,Rot17,2,0,-0.006612609,0.00771749,0.06582242,0,0,11082.1117

17,True,False,0.02,0.25,Rot17,2,0,-0.006612609,0.00771749,0.06582242,0,0,11097.4139

17,True,False,0.02,0.25,Rot17,2,0,-0.006612609,0.00771749,0.06582242,0,0,11121.8561

17,True,False,0.02,0.25,Rot17,2,0,-0.006612609,0.00771749,0.06582242,0,0,11150.1285

17,True,False,0.02,0.25,Rot17,2,0,-0.006612609,0.00771749,0.06582242,0,0,11163.6824

17,True,False,0.02,0.25,Rot17,2,0,-0.006612609,0.00771749,0.06582242,0,0,11176.9101

17,True,False,0.02,0.25,Rot17,2,0,-0.006612609,0.00771749,0.06582242,0,0,11192.1397

17,True,False,0.02,0.25,Rot17,2,0,-0.006612609,0.00771749,0.06582242,0,0,11206.2932

17,True,False,0.02,0.25,Rot17,2,0,-0.006612609,0.00771749,0.06582242,0,0,11220.3639

17,True,False,0.02,0.25,Rot17,2,0,-0.006612609,0.00771749,0.06582242,0,0,11233.8237

17,True,False,0.02,0.25,Rot17,2,0,-0.006612609,0.00771749,0.06582242,0,0,11249.3864

17,True,False,0.02,0.25,Rot17,2,0,-0.006612609,0.00771749,0.06582242,0,0,11275.7847

17,True,False,0.02,0.25,Rot17,2,0,-0.006612609,0.00771749,0.06582242,0,0,11303.4479

17,True,False,0.02,0.25,Rot17,2,0,-0.006612609,0.00771749,0.06582242,0,0,11318.4271

17,True,False,0.02,0.25,Rot17,2,0,-0.006612609,0.00771749,0.06582242,0,0,11346.2933

17,True,False,0.02,0.25,Rot17,2,0,-0.006612609,0.00771749,0.06582242,0,0,11359.143

17,True,False,0.02,0.25,Rot17,2,0,-0.006612609,0.00771749,0.06582242,0,0,11372.8554

17,True,False,0.02,0.25,Rot17,2,0,-0.006612609,0.00771749,0.06582242,0,0,11386.5351

17,True,False,0.02,0.25,Rot17,2,0,-0.006612609,0.00771749,0.06582242,0,0,11401.3774

17,True,False,0.02,0.25,Rot17,2,0,-0.006612609,0.00771749,0.06582242,0,0,11415.2933

17,True,False,0.02,0.25,Rot17,2,0,-0.006612609,0.00771749,0.06582242,0,0,11442.1665

17,True,False,0.02,0.25,Rot17,2,0,-0.006612609,0.00771749,0.06582242,0,0,11456.8262

17,True,False,0.02,0.25,Rot17,2,0,-0.006612609,0.00771749,0.06582242,0,0,11469.8079

17,True,False,0.02,0.25,Rot17,2,0,-0.006612609,0.00771749,0.06582242,0,0,11484.5877

17,True,False,0.02,0.25,Rot17,2,0,-0.006612609,0.00771749,0.06582242,0,0,11499.9354

17,True,False,0.02,0.25,Rot17,2,0,-0.006612609,0.00771749,0.06582242,0,0,11525.3789

17,True,False,0.02,0.25,Rot17,2,0,-0.006612609,0.00771749,0.06582242,0,0,11541.6059

17,True,False,0.02,0.25,Rot17,2,0,-0.006612609,0.00771749,0.06582242,0,0,11553.2664

17,True,False,0.02,0.25,Rot17,2,0,-0.006612609,0.00771749,0.06582242,0,0,11567.8593

17,True,False,0.02,0.25,Rot17,2,0,-0.006612609,0.00771749,0.06582242,0,0,11595.0312

17,True,False,0.02,0.25,Rot17,2,0,-0.006612609,0.00771749,0.06582242,0,0,11609.4825

17,True,False,0.02,0.25,Rot17,2,0,-0.006612609,0.00771749,0.06582242,0,0,11623.2741

17,True,False,0.02,0.25,Rot17,2,0,-0.006612609,0.00771749,0.06582242,0,0,11637.5176

17,True,False,0.02,0.25,Rot17,2,0,-0.006612609,0.00771749,0.06582242,0,0,11652.0245

17,True,False,0.02,0.25,Rot17,2,0,-0.006612609,0.00771749,0.06582242,0,0,11666.0636

17,True,False,0.02,0.25,Rot17,2,0,-0.006612609,0.00771749,0.06582242,0,0,11681.0623

17,True,False,0.02,0.25,Rot17,2,0,-0.006612609,0.00771749,0.06582242,0,0,11706.5289

17,True,False,0.02,0.25,Rot17,2,0,-0.006612609,0.00771749,0.06582242,0,0,11733.7945

17,True,False,0.02,0.25,Rot17,2,0,-0.006612609,0.00771749,0.06582242,0,0,11748.5149

17,True,False,0.02,0.25,Rot17,2,0,-0.006612609,0.00771749,0.06582242,0,0,11762.4758

17,True,False,0.02,0.25,Rot17,2,0,-0.006612609,0.00771749,0.06582242,0,0,11776.3737

17,True,False,0.02,0.25,Rot17,2,0,-0.006612609,0.00771749,0.06582242,0,0,11790.506

17,True,False,0.02,0.25,Rot17,2,0,-0.006612609,0.00771749,0.06582242,0,0,11804.9637

17,True,False,0.02,0.25,Rot17,2,0,-0.006612609,0.00771749,0.06582242,0,0,11819.0953

17,True,False,0.02,0.25,Rot17,2,0,-0.006612609,0.00771749,0.06582242,0,0,11832.6701

17,True,False,0.02,0.25,Rot17,2,0,-0.006612609,0.00771749,0.06582242,0,0,11859.6009

17,True,False,0.02,0.25,Rot17,2,0,-0.006612609,0.00771749,0.06582242,0,0,11874.2034

17,True,False,0.02,0.25,Rot17,2,0,-0.006612609,0.00771749,0.06582242,0,0,11888.1463

17,True,False,0.02,0.25,Rot17,2,0,-0.006612609,0.00771749,0.06582242,0,0,11928.7364

17,True,False,0.02,0.25,Rot17,2,0,-0.006612609,0.00771749,0.06582242,0,0,11942.5413

17,True,False,0.02,0.25,Rot17,2,0,-0.006612609,0.00771749,0.06582242,0,0,11955.959

17,True,False,0.02,0.25,Rot17,2,0,-0.006612609,0.00771749,0.06582242,0,0,11970.4471

17,True,False,0.02,0.25,Rot17,2,0,-0.006612609,0.00771749,0.06582242,0,0,11985.0684

17,True,False,0.02,0.25,Rot17,2,0,-0.006612609,0.00771749,0.06582242,0,0,12011.7253

17,True,False,0.02,0.25,Rot17,2,0,-0.006612609,0.00771749,0.06582242,0,0,12027.765

17,True,False,0.02,0.25,Rot17,2,0,-0.006612609,0.00771749,0.06582242,0,0,12039.2999

17,True,False,0.02,0.25,Rot17,2,0,-0.006612609,0.00771749,0.06582242,0,0,12053.0304

17,True,False,0.02,0.25,Rot17,2,0,-0.006612609,0.00771749,0.06582242,0,0,12068.0652

17,True,False,0.02,0.25,Rot17,2,0,-0.006612609,0.00771749,0.06582242,0,0,12082.1324

17,True,False,0.02,0.25,Rot17,2,0,-0.006612609,0.00771749,0.06582242,0,0,12107.9135

17,True,False,0.02,0.25,Rot17,2,0,-0.006612609,0.00771749,0.06582242,0,0,12135.3864

17,True,False,0.02,0.25,Rot17,2,0,-0.006612609,0.00771749,0.06582242,0,0,12150.4216

17,True,False,0.02,0.25,Rot17,2,0,-0.006612609,0.00771749,0.06582242,0,0,12164.5608

17,True,False,0.02,0.25,Rot17,2,0,-0.006612609,0.00771749,0.06582242,0,0,12178.0562

17,True,False,0.02,0.25,Rot17,2,0,-0.006612609,0.00771749,0.06582242,0,0,12192.9442

17,True,False,0.02,0.25,Rot17,2,0,-0.006612609,0.00771749,0.06582242,0,0,12207.2349

17,True,False,0.02,0.25,Rot17,2,0,-0.006612609,0.00771749,0.06582242,0,0,12221.6463

17,True,False,0.02,0.25,Rot17,2,0,-0.006612609,0.00771749,0.06582242,0,0,12235.1526

17,True,False,0.02,0.25,Rot17,2,0,-0.006612609,0.00771749,0.06582242,0,0,12262.4022

17,True,False,0.02,0.25,Rot17,2,0,-0.006612609,0.00771749,0.06582242,0,0,12277.4229

17,True,False,0.02,0.25,Rot17,2,0,-0.006612609,0.00771749,0.06582242,0,0,12289.5131

17,True,False,0.02,0.25,Rot17,2,0,-0.006612609,0.00771749,0.06582242,0,0,12303.9485

17,True,False,0.02,0.25,Rot17,2,0,-0.006612609,0.00771749,0.06582242,0,0,12319.5672

17,True,False,0.02,0.25,Rot17,2,0,-0.006612609,0.00771749,0.06582242,0,0,12332.133

17,True,False,0.02,0.25,Rot17,2,0,-0.006612609,0.00771749,0.06582242,0,0,12358.3533

17,True,False,0.02,0.25,Rot17,2,0,-0.006612609,0.00771749,0.06582242,0,0,12374.5316

17,True,False,0.02,0.25,Rot17,2,0,-0.006612609,0.00771749,0.06582242,0,0,12399.8335

17,True,False,0.02,0.25,Rot17,2,0,-0.006612609,0.00771749,0.06582242,0,0,12428.2248

17,True,False,0.02,0.25,Rot17,2,0,-0.006612609,0.00771749,0.06582242,0,0,12441.5559

17,True,False,0.02,0.25,Rot17,2,0,-0.006612609,0.00771749,0.06582242,0,0,12455.0426

17,True,False,0.02,0.25,Rot17,2,0,-0.006612609,0.00771749,0.06582242,0,0,12470.1968

17,True,False,0.02,0.25,Rot17,2,0,-0.006612609,0.00771749,0.06582242,0,0,12484.5165

17,True,False,0.02,0.25,Rot17,2,0,-0.006612609,0.00771749,0.06582242,0,0,12497.9546

17,True,False,0.02,0.25,Rot17,2,0,-0.006612609,0.00771749,0.06582242,0,0,12513.0113

17,True,False,0.02,0.25,Rot17,2,0,-0.006612609,0.00771749,0.06582242,0,0,12526.7603

17,True,False,0.02,0.25,Rot17,2,0,-0.006612609,0.00771749,0.06582242,0,0,12540.4591

17,True,False,0.02,0.25,Rot17,2,0,-0.006612609,0.00771749,0.06582242,0,0,12554.9596

17,True,False,0.02,0.25,Rot17,2,0,-0.006612609,0.00771749,0.06582242,0,0,12568.9701

17,True,False,0.02,0.25,Rot17,2,0,-0.006612609,0.00771749,0.06582242,0,0,12584.2921

17,True,False,0.02,0.25,Rot17,2,0,-0.006612609,0.00771749,0.06582242,0,0,12609.3039

17,True,False,0.02,0.25,Rot17,2,0,-0.006612609,0.00771749,0.06582242,0,0,12636.753

17,True,False,0.02,0.25,Rot17,2,0,-0.006612609,0.00771749,0.06582242,0,0,12650.6612

17,True,False,0.02,0.25,Rot17,2,0,-0.006612609,0.00771749,0.06582242,0,0,12664.9327

17,True,False,0.02,0.25,Rot17,2,0,-0.006612609,0.00771749,0.06582242,0,0,12678.9341

17,True,False,0.02,0.25,Rot17,2,0,-0.006612609,0.00771749,0.06582242,0,0,12693.3898

17,True,False,0.02,0.25,Rot17,2,0,-0.006612609,0.00771749,0.06582242,0,0,12707.7167

17,True,False,0.02,0.25,Rot17,2,0,-0.006612609,0.00771749,0.06582242,0,0,12722.0201

17,True,False,0.02,0.25,Rot17,2,0,-0.006612609,0.00771749,0.06582242,0,0,12735.3131

17,True,False,0.02,0.25,Rot17,2,0,-0.006612609,0.00771749,0.06582242,0,0,12749.8004

17,True,False,0.02,0.25,Rot17,2,0,-0.006612609,0.00771749,0.06582242,0,0,12776.1423

17,True,False,0.02,0.25,Rot17,2,0,-0.006612609,0.00771749,0.06582242,0,0,12790.7924

17,True,False,0.02,0.25,Rot17,2,0,-0.006612609,0.00771749,0.06582242,0,0,12804.0362

17,True,False,0.02,0.25,Rot17,2,0,-0.006612609,0.00771749,0.06582242,0,0,12818.7683

17,True,False,0.02,0.25,Rot17,2,0,-0.006612609,0.00771749,0.06582242,0,0,12832.1332

17,True,False,0.02,0.25,Rot17,2,0,-0.006612609,0.00771749,0.06582242,0,0,12858.5278

17,True,False,0.02,0.25,Rot17,2,0,-0.006612609,0.00771749,0.06582242,0,0,12886.0454

17,True,False,0.02,0.25,Rot17,2,0,-0.006612609,0.00771749,0.06582242,0,0,12901.1644

17,True,False,0.02,0.25,Rot17,2,0,-0.006612609,0.00771749,0.06582242,0,0,12915.2896

17,True,False,0.02,0.25,Rot17,2,0,-0.006612609,0.00771749,0.06582242,0,0,12929.4447

17,True,False,0.02,0.25,Rot17,2,0,-0.006612609,0.00771749,0.06582242,0,0,12943.611

17,True,False,0.02,0.25,Rot17,2,0,-0.006612609,0.00771749,0.06582242,0,0,12957.1856

17,True,False,0.02,0.25,Rot17,2,0,-0.006612609,0.00771749,0.06582242,0,0,12971.9811

17,True,False,0.02,0.25,Rot17,2,0,-0.006612609,0.00771749,0.06582242,0,0,12998.8343

17,True,False,0.02,0.25,Rot17,2,0,-0.006612609,0.00771749,0.06582242,0,0,13012.7451

17,True,False,0.02,0.25,Rot17,2,0,-0.006612609,0.00771749,0.06582242,0,0,13026.8964

17,True,False,0.02,0.25,Rot17,2,0,-0.006612609,0.00771749,0.06582242,0,0,13041.2107

17,True,False,0.02,0.25,Rot17,2,0,-0.006612609,0.00771749,0.06582242,0,0,13054.4064

17,True,False,0.02,0.25,Rot17,2,0,-0.006612609,0.00771749,0.06582242,0,0,13069.4008

17,True,False,0.02,0.25,Rot17,2,0,-0.006612609,0.00771749,0.06582242,0,0,13095.6437

17,True,False,0.02,0.25,Rot17,2,0,-0.006612609,0.00771749,0.06582242,0,0,13109.531

17,True,False,0.02,0.25,Rot17,2,0,-0.006612609,0.00771749,0.06582242,0,0,13123.445

17,True,False,0.02,0.25,Rot17,2,0,-0.006612609,0.00771749,0.06582242,0,0,13138.043

17,True,False,0.02,0.25,Rot17,2,0,-0.006612609,0.00771749,0.06582242,0,0,13151.6185

17,True,False,0.02,0.25,Rot17,2,0,-0.006612609,0.00771749,0.06582242,0,0,13167.7086

17,True,False,0.02,0.25,Rot17,2,0,-0.006612609,0.00771749,0.06582242,0,0,13192.5604

17,True,False,0.02,0.25,Rot17,2,0,-0.006612609,0.00771749,0.06582242,0,0,13220.0988

17,True,False,0.02,0.25,Rot17,2,0,-0.006612609,0.00771749,0.06582242,0,0,13234.2019

17,True,False,0.02,0.25,Rot17,2,0,-0.006612609,0.00771749,0.06582242,0,0,13248.0007

17,True,False,0.02,0.25,Rot17,2,0,-0.006612609,0.00771749,0.06582242,0,0,13262.7356

17,True,False,0.02,0.25,Rot17,2,0,-0.006612609,0.00771749,0.06582242,0,0,13276.5432

17,True,False,0.02,0.25,Rot17,2,0,-0.006612609,0.00771749,0.06582242,0,0,13291.0826

17,True,False,0.02,0.25,Rot17,2,0,-0.006612609,0.00771749,0.06582242,0,0,13305.0825

17,True,False,0.02,0.25,Rot17,2,0,-0.006612609,0.00771749,0.06582242,0,0,13318.9719

17,True,False,0.02,0.25,Rot17,2,0,-0.006612609,0.00771749,0.06582242,0,0,13333.0379

17,True,False,0.02,0.25,Rot17,2,0,-0.006612609,0.00771749,0.06582242,0,0,13360.1463

17,True,False,0.02,0.25,Rot17,2,0,-0.006612609,0.00771749,0.06582242,0,0,13387.0582

17,True,False,0.02,0.25,Rot17,2,0,-0.006612609,0.00771749,0.06582242,0,0,13401.5915

17,True,False,0.02,0.25,Rot17,2,0,-0.006612609,0.00771749,0.06582242,0,0,13414.9731

17,True,False,0.02,0.25,Rot17,2,0,-0.006612609,0.00771749,0.06582242,0,0,13429.6068

17,True,False,0.02,0.25,Rot17,2,0,-0.006612609,0.00771749,0.06582242,0,0,13443.6823

17,True,False,0.02,0.25,Rot17,2,0,-0.006612609,0.00771749,0.06582242,0,0,13460.1015

17,True,False,0.02,0.25,Rot17,2,0,-0.006612609,0.00771749,0.06582242,0,0,13486.0341

17,True,False,0.02,0.25,Rot17,2,0,-0.006612609,0.00771749,0.06582242,0,0,13499.3712

17,True,False,0.02,0.25,Rot17,2,0,-0.006612609,0.00771749,0.06582242,0,0,13513.9854

17,True,False,0.02,0.25,Rot17,2,0,-0.006612609,0.00771749,0.06582242,0,0,13527.6748

17,True,False,0.02,0.25,Rot17,2,0,-0.006612609,0.00771749,0.06582242,0,0,13541.9297

17,True,False,0.02,0.25,Rot17,2,0,-0.006612609,0.00771749,0.06582242,0,0,13555.4625

17,True,False,0.02,0.25,Rot17,2,0,-0.006612609,0.00771749,0.06582242,0,0,13585.2654

17,True,False,0.02,0.25,Rot17,2,0,-0.006612609,0.00771749,0.06582242,0,0,13610.0791

17,True,False,0.02,0.25,Rot17,2,0,-0.006612609,0.00771749,0.06582242,0,0,13625.8291

17,True,False,0.02,0.25,Rot17,2,0,-0.006612609,0.00771749,0.06582242,0,0,13637.2626

17,True,False,0.02,0.25,Rot17,2,0,-0.006612609,0.00771749,0.06582242,0,0,13651.3932

17,True,False,0.02,0.25,Rot17,2,0,-0.006612609,0.00771749,0.06582242,0,0,13667.2737

17,True,False,0.02,0.25,Rot17,2,0,-0.006612609,0.00771749,0.06582242,0,0,13692.6603

17,True,False,0.02,0.25,Rot17,2,0,-0.006612609,0.00771749,0.06582242,0,0,13719.6633

17,True,False,0.02,0.25,Rot17,2,0,-0.006612609,0.00771749,0.06582242,0,0,13734.5036

17,True,False,0.02,0.25,Rot17,2,0,-0.006612609,0.00771749,0.06582242,0,0,13748.7969

17,True,False,0.02,0.25,Rot17,2,0,-0.006612609,0.00771749,0.06582242,0,0,13762.4611

17,True,False,0.02,0.25,Rot17,2,0,-0.006612609,0.00771749,0.06582242,0,0,13776.5293

17,True,False,0.02,0.25,Rot17,2,0,-0.006612609,0.00771749,0.06582242,0,0,13791.1133

17,True,False,0.02,0.25,Rot17,2,0,-0.006612609,0.00771749,0.06582242,0,0,13805.1132

17,True,False,0.02,0.25,Rot17,2,0,-0.006612609,0.00771749,0.06582242,0,0,13818.782

17,True,False,0.02,0.25,Rot17,2,0,-0.006612609,0.00771749,0.06582242,0,0,13846.2616

17,True,False,0.02,0.25,Rot17,2,0,-0.006612609,0.00771749,0.06582242,0,0,13860.3931

17,True,False,0.02,0.25,Rot17,2,0,-0.006612609,0.00771749,0.06582242,0,0,13874.0781

17,True,False,0.02,0.25,Rot17,2,0,-0.006612609,0.00771749,0.06582242,0,0,13888.4965

17,True,False,0.02,0.25,Rot17,2,0,-0.006612609,0.00771749,0.06582242,0,0,13903.1186

17,True,False,0.02,0.25,Rot17,2,0,-0.006612609,0.00771749,0.06582242,0,0,13915.8109

17,True,False,0.02,0.25,Rot17,2,0,-0.006612609,0.00771749,0.06582242,0,0,13931.9307

17,True,False,0.02,0.25,Rot17,2,0,-0.006612609,0.00771749,0.06582242,0,0,13956.7339

17,True,False,0.02,0.25,Rot17,2,0,-0.006612609,0.00771749,0.06582242,0,0,13983.691

17,True,False,0.02,0.25,Rot17,2,0,-0.006612609,0.00771749,0.06582242,0,0,13997.8306

17,True,False,0.02,0.25,Rot17,2,0,-0.006612609,0.00771749,0.06582242,0,0,14011.9437

17,True,False,0.02,0.25,Rot17,2,0,-0.006612609,0.00771749,0.06582242,0,0,14026.5037

17,True,False,0.02,0.25,Rot17,2,0,-0.006612609,0.00771749,0.06582242,0,0,14040.6481

17,True,False,0.02,0.25,Rot17,2,0,-0.006612609,0.00771749,0.06582242,0,0,14054.4108

17,True,False,0.02,0.25,Rot17,2,0,-0.006612609,0.00771749,0.06582242,0,0,14068.886

17,True,False,0.02,0.25,Rot17,2,0,-0.006612609,0.00771749,0.06582242,0,0,14096.6192

17,True,False,0.02,0.25,Rot17,2,0,-0.006612609,0.00771749,0.06582242,0,0,14110.9966

17,True,False,0.02,0.25,Rot17,2,0,-0.006612609,0.00771749,0.06582242,0,0,14124.9092

17,True,False,0.02,0.25,Rot17,2,0,-0.006612609,0.00771749,0.06582242,0,0,14138.4822

17,True,False,0.02,0.25,Rot17,2,0,-0.006612609,0.00771749,0.06582242,0,0,14153.1281

17,True,False,0.02,0.25,Rot17,2,0,-0.006612609,0.00771749,0.06582242,0,0,14167.1834

17,True,False,0.02,0.25,Rot17,2,0,-0.006612609,0.00771749,0.06582242,0,0,14194.0122

17,True,False,0.02,0.25,Rot17,2,0,-0.006612609,0.00771749,0.06582242,0,0,14220.999

17,True,False,0.02,0.25,Rot17,2,0,-0.006612609,0.00771749,0.06582242,0,0,14235.833

17,True,False,0.02,0.25,Rot17,2,0,-0.006612609,0.00771749,0.06582242,0,0,14249.4818

17,True,False,0.02,0.25,Rot17,2,0,-0.006612609,0.00771749,0.06582242,0,0,14263.7304

17,True,False,0.02,0.25,Rot17,2,0,-0.006612609,0.00771749,0.06582242,0,0,14277.3088

17,True,False,0.02,0.25,Rot17,2,0,-0.006612609,0.00771749,0.06582242,0,0,14291.8515

17,True,False,0.02,0.25,Rot17,2,0,-0.006612609,0.00771749,0.06582242,0,0,14305.9869

17,True,False,0.02,0.25,Rot17,2,0,-0.006612609,0.00771749,0.06582242,0,0,14320.7882

17,True,False,0.02,0.25,Rot17,2,0,-0.006612609,0.00771749,0.06582242,0,0,14333.3617

17,True,False,0.02,0.25,Rot17,2,0,-0.006612609,0.00771749,0.06582242,0,0,14349.5239

17,True,False,0.02,0.25,Rot17,2,0,-0.006612609,0.00771749,0.06582242,0,0,14373.9926

17,True,False,0.02,0.25,Rot17,2,0,-0.006612609,0.00771749,0.06582242,0,0,14400.8887

17,True,False,0.02,0.25,Rot17,2,0,-0.006612609,0.00771749,0.06582242,0,0,14415.2071

17,True,False,0.02,0.25,Rot17,2,0,-0.006612609,0.00771749,0.06582242,0,0,14429.0632

17,True,False,0.02,0.25,Rot17,2,0,-0.006612609,0.00771749,0.06582242,0,0,14443.699

17,True,False,0.02,0.25,Rot17,2,0,-0.006612609,0.00771749,0.06582242,0,0,14457.2332

17,True,False,0.02,0.25,Rot17,2,0,-0.006612609,0.00771749,0.06582242,0,0,14471.8686

17,True,False,0.02,0.25,Rot17,2,0,-0.006612609,0.00771749,0.06582242,0,0,14487.3332

17,True,False,0.02,0.25,Rot17,2,0,-0.006612609,0.00771749,0.06582242,0,0,14499.6127

17,True,False,0.02,0.25,Rot17,2,0,-0.006612609,0.00771749,0.06582242,0,0,14526.0371

17,True,False,0.02,0.25,Rot17,2,0,-0.006612609,0.00771749,0.06582242,0,0,14540.005

17,True,False,0.02,0.25,Rot17,2,0,-0.006612609,0.00771749,0.06582242,0,0,14567.7775

17,True,False,0.02,0.25,Rot17,2,0,-0.006612609,0.00771749,0.06582242,0,0,14596.2312

17,True,False,0.02,0.25,Rot17,2,0,-0.006612609,0.00771749,0.06582242,0,0,14609.5115

17,True,False,0.02,0.25,Rot17,2,0,-0.006612609,0.00771749,0.06582242,0,0,14623.8604

17,True,False,0.02,0.25,Rot17,2,0,-0.006612609,0.00771749,0.06582242,0,0,14637.9444

17,True,False,0.02,0.25,Rot17,2,0,-0.006612609,0.00771749,0.06582242,0,0,14651.6726

17,True,False,0.02,0.25,Rot17,2,0,-0.006612609,0.00771749,0.06582242,0,0,14679.1251

17,True,False,0.02,0.25,Rot17,2,0,-0.006612609,0.00771749,0.06582242,0,0,14693.1079

17,True,False,0.02,0.25,Rot17,2,0,-0.006612609,0.00771749,0.06582242,0,0,14707.7442

17,True,False,0.02,0.25,Rot17,2,0,-0.006612609,0.00771749,0.06582242,0,0,14721.5835

17,True,False,0.02,0.25,Rot17,2,0,-0.006612609,0.00771749,0.06582242,0,0,14735.3805

17,True,False,0.02,0.25,Rot17,2,0,-0.006612609,0.00771749,0.06582242,0,0,14762.4274

17,True,False,0.02,0.25,Rot17,2,0,-0.006612609,0.00771749,0.06582242,0,0,14776.0752

17,True,False,0.02,0.25,Rot17,2,0,-0.006612609,0.00771749,0.06582242,0,0,14790.1297

17,True,False,0.02,0.25,Rot17,2,0,-0.006612609,0.00771749,0.06582242,0,0,14804.906

17,True,False,0.02,0.25,Rot17,2,0,-0.006612609,0.00771749,0.06582242,0,0,14818.6854

17,True,False,0.02,0.25,Rot17,2,0,-0.006612609,0.00771749,0.06582242,0,0,14845.6893

17,True,False,0.02,0.25,Rot17,2,0,-0.006612609,0.00771749,0.06582242,0,0,14860.1218

17,True,False,0.02,0.25,Rot17,2,0,-0.006612609,0.00771749,0.06582242,0,0,14874.2948

17,True,False,0.02,0.25,Rot17,2,0,-0.006612609,0.00771749,0.06582242,0,0,14888.1188

17,True,False,0.02,0.25,Rot17,2,0,-0.006612609,0.00771749,0.06582242,0,0,14902.47

17,True,False,0.02,0.25,Rot17,2,0,-0.006612609,0.00771749,0.06582242,0,0,14917.7403

17,True,False,0.02,0.25,Rot17,2,0,-0.006612609,0.00771749,0.06582242,0,0,14942.8965

17,True,False,0.02,0.25,Rot17,2,0,-0.006612609,0.00771749,0.06582242,0,0,14959.3414

17,True,False,0.02,0.25,Rot17,2,0,-0.006612609,0.00771749,0.06582242,0,0,14970.2221

17,True,False,0.02,0.25,Rot17,2,0,-0.006612609,0.00771749,0.06582242,0,0,14984.9606

17,True,False,0.02,0.25,Rot17,2,0,-0.006612609,0.00771749,0.06582242,0,0,14999.5237

17,True,False,0.02,0.25,Rot17,2,0,-0.006612609,0.00771749,0.06582242,0,0,15025.2918

17,True,False,0.02,0.25,Rot17,2,0,-0.006612609,0.00771749,0.06582242,0,0,15041.0139

17,True,False,0.02,0.25,Rot17,2,0,-0.006612609,0.00771749,0.06582242,0,0,15052.9907

17,True,False,0.02,0.25,Rot17,2,0,-0.006612609,0.00771749,0.06582242,0,0,15067.1645

17,True,False,0.02,0.25,Rot17,2,0,-0.006612609,0.00771749,0.06582242,0,0,15082.5925

17,True,False,0.02,0.25,Rot17,2,0,-0.006612609,0.00771749,0.06582242,0,0,15108.4864

17,True,False,0.02,0.25,Rot17,2,0,-0.006612609,0.00771749,0.06582242,0,0,15136.1949

17,True,False,0.02,0.25,Rot17,2,0,-0.006612609,0.00771749,0.06582242,0,0,15149.898

17,True,False,0.02,0.25,Rot17,2,0,-0.006612609,0.00771749,0.06582242,0,0,15163.9037

17,True,False,0.02,0.25,Rot17,2,0,-0.006612609,0.00771749,0.06582242,0,0,15177.8502

17,True,False,0.02,0.25,Rot17,2,0,-0.006612609,0.00771749,0.06582242,0,0,15193.0733

17,True,False,0.02,0.25,Rot17,2,0,-0.006612609,0.00771749,0.06582242,0,0,15206.864

17,True,False,0.02,0.25,Rot17,2,0,-0.006612609,0.00771749,0.06582242,0,0,15221.1231

17,True,False,0.02,0.25,Rot17,2,0,-0.006612609,0.00771749,0.06582242,0,0,15261.5197

17,True,False,0.02,0.25,Rot17,2,0,-0.006612609,0.00771749,0.06582242,0,0,15275.4235

17,True,False,0.02,0.25,Rot17,2,0,-0.006612609,0.00771749,0.06582242,0,0,15289.6889

17,True,False,0.02,0.25,Rot17,2,0,-0.006612609,0.00771749,0.06582242,0,0,15303.6606

17,True,False,0.02,0.25,Rot17,2,0,-0.006612609,0.00771749,0.06582242,0,0,15317.6706

17,True,False,0.02,0.25,Rot17,2,0,-0.006612609,0.00771749,0.06582242,0,0,15344.9817

17,True,False,0.02,0.25,Rot17,2,0,-0.006612609,0.00771749,0.06582242,0,0,15359.1453

17,True,False,0.02,0.25,Rot17,2,0,-0.006612609,0.00771749,0.06582242,0,0,15372.5802

17,True,False,0.02,0.25,Rot17,2,0,-0.006612609,0.00771749,0.06582242,0,0,15387.1228

17,True,False,0.02,0.25,Rot17,2,0,-0.006612609,0.00771749,0.06582242,0,0,15401.3887

17,True,False,0.02,0.25,Rot17,2,0,-0.006612609,0.00771749,0.06582242,0,0,15415.3779

17,True,False,0.02,0.25,Rot17,2,0,-0.006612609,0.00771749,0.06582242,0,0,15442.4084

17,True,False,0.02,0.25,Rot17,2,0,-0.006612609,0.00771749,0.06582242,0,0,15469.7956

17,True,False,0.02,0.25,Rot17,2,0,-0.006612609,0.00771749,0.06582242,0,0,15484.2551

17,True,False,0.02,0.25,Rot17,2,0,-0.006612609,0.00771749,0.06582242,0,0,15497.8157

17,True,False,0.02,0.25,Rot17,2,0,-0.006612609,0.00771749,0.06582242,0,0,15512.06

17,True,False,0.02,0.25,Rot17,2,0,-0.006612609,0.00771749,0.06582242,0,0,15526.5558

17,True,False,0.02,0.25,Rot17,2,0,-0.006612609,0.00771749,0.06582242,0,0,15540.6094

17,True,False,0.02,0.25,Rot17,2,0,-0.006612609,0.00771749,0.06582242,0,0,15554.2071

17,True,False,0.02,0.25,Rot17,2,0,-0.006612609,0.00771749,0.06582242,0,0,15568.6993

17,True,False,0.02,0.25,Rot17,2,0,-0.006612609,0.00771749,0.06582242,0,0,15583.7073

17,True,False,0.02,0.25,Rot17,2,0,-0.006612609,0.00771749,0.06582242,0,0,15609.3122

17,True,False,0.02,0.25,Rot17,2,0,-0.006612609,0.00771749,0.06582242,0,0,15624.827

17,True,False,0.02,0.25,Rot17,2,0,-0.006612609,0.00771749,0.06582242,0,0,15636.6279

17,True,False,0.02,0.25,Rot17,2,0,-0.006612609,0.00771749,0.06582242,0,0,15650.8231

17,True,False,0.02,0.25,Rot17,2,0,-0.006612609,0.00771749,0.06582242,0,0,15665.8679

17,True,False,0.02,0.25,Rot17,2,0,-0.006612609,0.00771749,0.06582242,0,0,15691.9989

17,True,False,0.02,0.25,Rot17,2,0,-0.006612609,0.00771749,0.06582242,0,0,15708.5152

17,True,False,0.02,0.25,Rot17,2,0,-0.006612609,0.00771749,0.06582242,0,0,15734.6271

17,True,False,0.02,0.25,Rot17,2,0,-0.006612609,0.00771749,0.06582242,0,0,15748.3292

17,True,False,0.02,0.25,Rot17,2,0,-0.006612609,0.00771749,0.06582242,0,0,15760.6917

17,True,False,0.02,0.25,Rot17,2,0,-0.006612609,0.00771749,0.06582242,0,0,15774.4341

17,True,False,0.02,0.25,Rot17,2,0,-0.006612609,0.00771749,0.06582242,0,0,15788.7046

17,True,False,0.02,0.25,Rot17,2,0,-0.006612609,0.00771749,0.06582242,0,0,15803.3515

17,True,False,0.02,0.25,Rot17,2,0,-0.006612609,0.00771749,0.06582242,0,0,15817.1927

17,True,False,0.02,0.25,Rot17,2,0,-0.006612609,0.00771749,0.06582242,0,0,15831.4507

17,True,False,0.02,0.25,Rot17,2,0,-0.006612609,0.00771749,0.06582242,0,0,15858.7686

17,True,False,0.02,0.25,Rot17,2,0,-0.006612609,0.00771749,0.06582242,0,0,15885.5866

17,True,False,0.02,0.25,Rot17,2,0,-0.006612609,0.00771749,0.06582242,0,0,15899.6594

17,True,False,0.02,0.25,Rot17,2,0,-0.006612609,0.00771749,0.06582242,0,0,15914.3818

17,True,False,0.02,0.25,Rot17,2,0,-0.006612609,0.00771749,0.06582242,0,0,15928.5374

17,True,False,0.02,0.25,Rot17,2,0,-0.006612609,0.00771749,0.06582242,0,0,15942.4669

17,True,False,0.02,0.25,Rot17,2,0,-0.006612609,0.00771749,0.06582242,0,0,15956.1807

17,True,False,0.02,0.25,Rot17,2,0,-0.006612609,0.00771749,0.06582242,0,0,15971.1684

17,True,False,0.02,0.25,Rot17,2,0,-0.006612609,0.00771749,0.06582242,0,0,15986.9586

17,True,False,0.02,0.25,Rot17,2,0,-0.006612609,0.00771749,0.06582242,0,0,16000.5896

17,True,False,0.02,0.25,Rot17,2,0,-0.006612609,0.00771749,0.06582242,0,0,16025.1242

17,True,False,0.02,0.25,Rot17,2,0,-0.006612609,0.00771749,0.06582242,0,0,16041.3306

17,True,False,0.02,0.25,Rot17,2,0,-0.006612609,0.00771749,0.06582242,0,0,16052.9201

17,True,False,0.02,0.25,Rot17,2,0,-0.006612609,0.00771749,0.06582242,0,0,16067.2137

17,True,False,0.02,0.25,Rot17,2,0,-0.006612609,0.00771749,0.06582242,0,0,16094.8135

17,True,False,0.02,0.25,Rot17,2,0,-0.006612609,0.00771749,0.06582242,0,0,16108.9847

17,True,False,0.02,0.25,Rot17,2,0,-0.006612609,0.00771749,0.06582242,0,0,16122.8761

17,True,False,0.02,0.25,Rot17,2,0,-0.006612609,0.00771749,0.06582242,0,0,16136.64

17,True,False,0.02,0.25,Rot17,2,0,-0.006612609,0.00771749,0.06582242,0,0,16151.6255

17,True,False,0.02,0.25,Rot17,2,0,-0.006612609,0.00771749,0.06582242,0,0,16166.1068

17,True,False,0.02,0.25,Rot17,2,0,-0.006612609,0.00771749,0.06582242,0,0,16192.2006

17,True,False,0.02,0.25,Rot17,2,0,-0.006612609,0.00771749,0.06582242,0,0,16219.2838

17,True,False,0.02,0.25,Rot17,2,0,-0.006612609,0.00771749,0.06582242,0,0,16233.9953

17,True,False,0.02,0.25,Rot17,2,0,-0.006612609,0.00771749,0.06582242,0,0,16248.1155

17,True,False,0.02,0.25,Rot17,2,0,-0.006612609,0.00771749,0.06582242,0,0,16262.3388

17,True,False,0.02,0.25,Rot17,2,0,-0.006612609,0.00771749,0.06582242,0,0,16275.6678

17,True,False,0.02,0.25,Rot17,2,0,-0.006612609,0.00771749,0.06582242,0,0,16290.8259

17,True,False,0.02,0.25,Rot17,2,0,-0.006612609,0.00771749,0.06582242,0,0,16304.6081

17,True,False,0.02,0.25,Rot17,2,0,-0.006612609,0.00771749,0.06582242,0,0,16318.922

17,True,False,0.02,0.25,Rot17,2,0,-0.006612609,0.00771749,0.06582242,0,0,16345.8706

17,True,False,0.02,0.25,Rot17,2,0,-0.006612609,0.00771749,0.06582242,0,0,16360.8264

17,True,False,0.02,0.25,Rot17,2,0,-0.006612609,0.00771749,0.06582242,0,0,16373.3392

17,True,False,0.02,0.25,Rot17,2,0,-0.006612609,0.00771749,0.06582242,0,0,16387.7974

17,True,False,0.02,0.25,Rot17,2,0,-0.006612609,0.00771749,0.06582242,0,0,16402.5953

17,True,False,0.02,0.25,Rot17,2,0,-0.006612609,0.00771749,0.06582242,0,0,16415.3694

17,True,False,0.02,0.25,Rot17,2,0,-0.006612609,0.00771749,0.06582242,0,0,16431.5674

17,True,False,0.02,0.25,Rot17,2,0,-0.006612609,0.00771749,0.06582242,0,0,16455.9265

17,True,False,0.02,0.25,Rot17,2,0,-0.006612609,0.00771749,0.06582242,0,0,16483.7192

17,True,False,0.02,0.25,Rot17,2,0,-0.006612609,0.00771749,0.06582242,0,0,16497.4952

17,True,False,0.02,0.25,Rot17,2,0,-0.006612609,0.00771749,0.06582242,0,0,16511.977

17,True,False,0.02,0.25,Rot17,2,0,-0.006612609,0.00771749,0.06582242,0,0,16526.2688

17,True,False,0.02,0.25,Rot17,2,0,-0.006612609,0.00771749,0.06582242,0,0,16540.1266

17,True,False,0.02,0.25,Rot17,2,0,-0.006612609,0.00771749,0.06582242,0,0,16554.7474

17,True,False,0.02,0.25,Rot17,2,0,-0.006612609,0.00771749,0.06582242,0,0,16568.4448

17,True,False,0.02,0.25,Rot17,2,0,-0.006612609,0.00771749,0.06582242,0,0,16582.7097

17,True,False,0.02,0.25,Rot17,2,0,-0.006612609,0.00771749,0.06582242,0,0,16608.8574

17,True,False,0.02,0.25,Rot17,2,0,-0.006612609,0.00771749,0.06582242,0,0,16622.75

17,True,False,0.02,0.25,Rot17,2,0,-0.006612609,0.00771749,0.06582242,0,0,16636.6561

17,True,False,0.02,0.25,Rot17,2,0,-0.006612609,0.00771749,0.06582242,0,0,16651.5097

17,True,False,0.02,0.25,Rot17,2,0,-0.006612609,0.00771749,0.06582242,0,0,16666.8954

17,True,False,0.02,0.25,Rot17,2,0,-0.006612609,0.00771749,0.06582242,0,0,16681.0718

17,True,False,0.02,0.25,Rot17,2,0,-0.006612609,0.00771749,0.06582242,0,0,16705.8403

17,True,False,0.02,0.25,Rot17,2,0,-0.006612609,0.00771749,0.06582242,0,0,16732.8779

17,True,False,0.02,0.25,Rot17,2,0,-0.006612609,0.00771749,0.06582242,0,0,16746.729

17,True,False,0.02,0.25,Rot17,2,0,-0.006612609,0.00771749,0.06582242,0,0,16761.22

17,True,False,0.02,0.25,Rot17,2,0,-0.006612609,0.00771749,0.06582242,0,0,16775.2604

17,True,False,0.02,0.25,Rot17,2,0,-0.006612609,0.00771749,0.06582242,0,0,16789.5438

17,True,False,0.02,0.25,Rot17,2,0,-0.006612609,0.00771749,0.06582242,0,0,16803.8332

17,True,False,0.02,0.25,Rot17,2,0,-0.006612609,0.00771749,0.06582242,0,0,16818.1022

17,True,False,0.02,0.25,Rot17,2,0,-0.006612609,0.00771749,0.06582242,0,0,16845.7036

17,True,False,0.02,0.25,Rot17,2,0,-0.006612609,0.00771749,0.06582242,0,0,16874.4461

17,True,False,0.02,0.25,Rot17,2,0,-0.006612609,0.00771749,0.06582242,0,0,16888.1836

17,True,False,0.02,0.25,Rot17,2,0,-0.006612609,0.00771749,0.06582242,0,0,16902.0991

17,True,False,0.02,0.25,Rot17,2,0,-0.006612609,0.00771749,0.06582242,0,0,16931.3309

17,True,False,0.02,0.25,Rot17,2,0,-0.006612609,0.00771749,0.06582242,0,0,16944.7173

17,True,False,0.02,0.25,Rot17,2,0,-0.006612609,0.00771749,0.06582242,0,0,16969.4823

17,True,False,0.02,0.25,Rot17,2,0,-0.006612609,0.00771749,0.06582242,0,0,16984.5971

17,True,False,0.02,0.25,Rot17,2,0,-0.006612609,0.00771749,0.06582242,0,0,16997.1646

17,True,False,0.02,0.25,Rot17,2,0,-0.006612609,0.00771749,0.06582242,0,0,17024.6535

17,True,False,0.02,0.25,Rot17,2,0,-0.006612609,0.00771749,0.06582242,0,0,17038.9076

17,True,False,0.02,0.25,Rot17,2,0,-0.006612609,0.00771749,0.06582242,0,0,17052.1713

17,True,False,0.02,0.25,Rot17,2,0,-0.006612609,0.00771749,0.06582242,0,0,17067.0258

17,True,False,0.02,0.25,Rot17,2,0,-0.006612609,0.00771749,0.06582242,0,0,17081.9743

17,True,False,0.02,0.25,Rot17,2,0,-0.006612609,0.00771749,0.06582242,0,0,17095.5723

17,True,False,0.02,0.25,Rot17,2,0,-0.006612609,0.00771749,0.06582242,0,0,17122.3133

17,True,False,0.02,0.25,Rot17,2,0,-0.006612609,0.00771749,0.06582242,0,0,17149.8064

17,True,False,0.02,0.25,Rot17,2,0,-0.006612609,0.00771749,0.06582242,0,0,17164.2195

17,True,False,0.02,0.25,Rot17,2,0,-0.006612609,0.00771749,0.06582242,0,0,17178.1447

17,True,False,0.02,0.25,Rot17,2,0,-0.006612609,0.00771749,0.06582242,0,0,17192.931

17,True,False,0.02,0.25,Rot17,2,0,-0.006612609,0.00771749,0.06582242,0,0,17206.7306

17,True,False,0.02,0.25,Rot17,2,0,-0.006612609,0.00771749,0.06582242,0,0,17221.1594

17,True,False,0.02,0.25,Rot17,2,0,-0.006612609,0.00771749,0.06582242,0,0,17235.4976

17,True,False,0.02,0.25,Rot17,2,0,-0.006612609,0.00771749,0.06582242,0,0,17251.2051

17,True,False,0.02,0.25,Rot17,2,0,-0.006612609,0.00771749,0.06582242,0,0,17263.4505

17,True,False,0.02,0.25,Rot17,2,0,-0.006612609,0.00771749,0.06582242,0,0,17290.0122

17,True,False,0.02,0.25,Rot17,2,0,-0.006612609,0.00771749,0.06582242,0,0,17305.2862

17,True,False,0.02,0.25,Rot17,2,0,-0.006612609,0.00771749,0.06582242,0,0,17317.3127

17,True,False,0.02,0.25,Rot17,2,0,-0.006612609,0.00771749,0.06582242,0,0,17331.6713

17,True,False,0.02,0.25,Rot17,2,0,-0.006612609,0.00771749,0.06582242,0,0,17345.5344

17,True,False,0.02,0.25,Rot17,2,0,-0.006612609,0.00771749,0.06582242,0,0,17373.0594

17,True,False,0.02,0.25,Rot17,2,0,-0.006612609,0.00771749,0.06582242,0,0,17400.1814

17,True,False,0.02,0.25,Rot17,2,0,-0.006612609,0.00771749,0.06582242,0,0,17414.0122

17,True,False,0.02,0.25,Rot17,2,0,-0.006612609,0.00771749,0.06582242,0,0,17427.5709

17,True,False,0.02,0.25,Rot17,2,0,-0.006612609,0.00771749,0.06582242,0,0,17442.1899

17,True,False,0.02,0.25,Rot17,2,0,-0.006612609,0.00771749,0.06582242,0,0,17456.078

17,True,False,0.02,0.25,Rot17,2,0,-0.006612609,0.00771749,0.06582242,0,0,17470.784

17,True,False,0.02,0.25,Rot17,2,0,-0.006612609,0.00771749,0.06582242,0,0,17484.4683

17,True,False,0.02,0.25,Rot17,2,0,-0.006612609,0.00771749,0.06582242,0,0,17499.1555

17,True,False,0.02,0.25,Rot17,2,0,-0.006612609,0.00771749,0.06582242,0,0,17513.8824

17,True,False,0.02,0.25,Rot17,2,0,-0.006612609,0.00771749,0.06582242,0,0,17539.6922

17,True,False,0.02,0.25,Rot17,2,0,-0.006612609,0.00771749,0.06582242,0,0,17555.4418

17,True,False,0.02,0.25,Rot17,2,0,-0.006612609,0.00771749,0.06582242,0,0,17568.2084

17,True,False,0.02,0.25,Rot17,2,0,-0.006612609,0.00771749,0.06582242,0,0,17581.9549

17,True,False,0.02,0.25,Rot17,2,0,-0.006612609,0.00771749,0.06582242,0,0,17608.6654

17,True,False,0.02,0.25,Rot17,2,0,-0.006612609,0.00771749,0.06582242,0,0,17622.9314

17,True,False,0.02,0.25,Rot17,2,0,-0.006612609,0.00771749,0.06582242,0,0,17636.3525

17,True,False,0.02,0.25,Rot17,2,0,-0.006612609,0.00771749,0.06582242,0,0,17651.2833

17,True,False,0.02,0.25,Rot17,2,0,-0.006612609,0.00771749,0.06582242,0,0,17665.4235

17,True,False,0.02,0.25,Rot17,2,0,-0.006612609,0.00771749,0.06582242,0,0,17679.3092

17,True,False,0.02,0.25,Rot17,2,0,-0.006612609,0.00771749,0.06582242,0,0,17694.8926

17,True,False,0.02,0.25,Rot17,2,0,-0.006612609,0.00771749,0.06582242,0,0,17719.7442

17,True,False,0.02,0.25,Rot17,2,0,-0.006612609,0.00771749,0.06582242,0,0,17747.124

17,True,False,0.02,0.25,Rot17,2,0,-0.006612609,0.00771749,0.06582242,0,0,17761.3277

17,True,False,0.02,0.25,Rot17,2,0,-0.006612609,0.00771749,0.06582242,0,0,17775.9731

17,True,False,0.02,0.25,Rot17,2,0,-0.006612609,0.00771749,0.06582242,0,0,17790.2205

17,True,False,0.02,0.25,Rot17,2,0,-0.006612609,0.00771749,0.06582242,0,0,17804.1086

17,True,False,0.02,0.25,Rot17,2,0,-0.006612609,0.00771749,0.06582242,0,0,17818.3317

17,True,False,0.02,0.25,Rot17,2,0,-0.006612609,0.00771749,0.06582242,0,0,17833.3552

17,True,False,0.02,0.25,Rot17,2,0,-0.006612609,0.00771749,0.06582242,0,0,17847.1391

17,True,False,0.02,0.25,Rot17,2,0,-0.006612609,0.00771749,0.06582242,0,0,17862.3458

17,True,False,0.02,0.25,Rot17,2,0,-0.006612609,0.00771749,0.06582242,0,0,17886.9911

17,True,False,0.02,0.25,Rot17,2,0,-0.006612609,0.00771749,0.06582242,0,0,17913.8588

17,True,False,0.02,0.25,Rot17,2,0,-0.006612609,0.00771749,0.06582242,0,0,17928.4273

17,True,False,0.02,0.25,Rot17,2,0,-0.006612609,0.00771749,0.06582242,0,0,17942.6434

17,True,False,0.02,0.25,Rot17,2,0,-0.006612609,0.00771749,0.06582242,0,0,17956.5406

17,True,False,0.02,0.25,Rot17,2,0,-0.006612609,0.00771749,0.06582242,0,0,17970.7663

17,True,False,0.02,0.25,Rot17,2,0,-0.006612609,0.00771749,0.06582242,0,0,17985.046

17,True,False,0.02,0.25,Rot17,2,0,-0.006612609,0.00771749,0.06582242,0,0,18000.5761

17,True,False,0.02,0.25,Rot17,2,0,-0.006612609,0.00771749,0.06582242,0,0,18026.7312

17,True,False,0.02,0.25,Rot17,2,0,-0.006612609,0.00771749,0.06582242,0,0,18055.2166

17,True,False,0.02,0.25,Rot17,2,0,-0.006612609,0.00771749,0.06582242,0,0,18069.0344

17,True,False,0.02,0.25,Rot17,2,0,-0.006612609,0.00771749,0.06582242,0,0,18083.1531

17,True,False,0.02,0.25,Rot17,2,0,-0.006612609,0.00771749,0.06582242,0,0,18096.9621

17,True,False,0.02,0.25,Rot17,2,0,-0.006612609,0.00771749,0.06582242,0,0,18111.29

17,True,False,0.02,0.25,Rot17,2,0,-0.006612609,0.00771749,0.06582242,0,0,18125.2907

17,True,False,0.02,0.25,Rot17,2,0,-0.006612609,0.00771749,0.06582242,0,0,18139.0796

17,True,False,0.02,0.25,Rot17,2,0,-0.006612609,0.00771749,0.06582242,0,0,18153.7018

17,True,False,0.02,0.25,Rot17,2,0,-0.006612609,0.00771749,0.06582242,0,0,18167.5153

17,True,False,0.02,0.25,Rot17,2,0,-0.006612609,0.00771749,0.06582242,0,0,18182.0946

17,True,False,0.02,0.25,Rot17,2,0,-0.006612609,0.00771749,0.06582242,0,0,18195.7641

17,True,False,0.02,0.25,Rot17,2,0,-0.006612609,0.00771749,0.06582242,0,0,18222.0051

17,True,False,0.02,0.25,Rot17,2,0,-0.006612609,0.00771749,0.06582242,0,0,18248.7181

17,True,False,0.02,0.25,Rot17,2,0,-0.006612609,0.00771749,0.06582242,0,0,18262.649

17,True,False,0.02,0.25,Rot17,2,0,-0.006612609,0.00771749,0.06582242,0,0,18276.119

17,True,False,0.02,0.25,Rot17,2,0,-0.006612609,0.00771749,0.06582242,0,0,18290.9277

17,True,False,0.02,0.25,Rot17,2,0,-0.006612609,0.00771749,0.06582242,0,0,18305.0402

17,True,False,0.02,0.25,Rot17,2,0,-0.006612609,0.00771749,0.06582242,0,0,18318.6966

17,True,False,0.02,0.25,Rot17,2,0,-0.006612609,0.00771749,0.06582242,0,0,18332.901

17,True,False,0.02,0.25,Rot17,2,0,-0.006612609,0.00771749,0.06582242,0,0,18346.7926

17,True,False,0.02,0.25,Rot17,2,0,-0.006612609,0.00771749,0.06582242,0,0,18374.0615

17,True,False,0.02,0.25,Rot17,2,0,-0.006612609,0.00771749,0.06582242,0,0,18389.7469

17,True,False,0.02,0.25,Rot17,2,0,-0.006612609,0.00771749,0.06582242,0,0,18401.1853

17,True,False,0.02,0.25,Rot17,2,0,-0.006612609,0.00771749,0.06582242,0,0,18414.9843

17,True,False,0.02,0.25,Rot17,2,0,-0.006612609,0.00771749,0.06582242,0,0,18431.1336

17,True,False,0.02,0.25,Rot17,2,0,-0.006612609,0.00771749,0.06582242,0,0,18444.0864

17,True,False,0.02,0.25,Rot17,2,0,-0.006612609,0.00771749,0.06582242,0,0,18469.2525

17,True,False,0.02,0.25,Rot17,2,0,-0.006612609,0.00771749,0.06582242,0,0,18484.9617

17,True,False,0.02,0.25,Rot17,2,0,-0.006612609,0.00771749,0.06582242,0,0,18496.775

17,True,False,0.02,0.25,Rot17,2,0,-0.006612609,0.00771749,0.06582242,0,0,18512.7587

17,True,False,0.02,0.25,Rot17,2,0,-0.006612609,0.00771749,0.06582242,0,0,18538.2203

17,True,False,0.02,0.25,Rot17,2,0,-0.006612609,0.00771749,0.06582242,0,0,18553.8111

17,True,False,0.02,0.25,Rot17,2,0,-0.006612609,0.00771749,0.06582242,0,0,18566.0954

17,True,False,0.02,0.25,Rot17,2,0,-0.006612609,0.00771749,0.06582242,0,0,18606.7548

17,True,False,0.02,0.25,Rot17,2,0,-0.006612609,0.00771749,0.06582242,0,0,18622.1679

17,True,False,0.02,0.25,Rot17,2,0,-0.006612609,0.00771749,0.06582242,0,0,18634.6373

17,True,False,0.02,0.25,Rot17,2,0,-0.006612609,0.00771749,0.06582242,0,0,18649.1178

17,True,False,0.02,0.25,Rot17,2,0,-0.006612609,0.00771749,0.06582242,0,0,18664.1827

17,True,False,0.02,0.25,Rot17,2,0,-0.006612609,0.00771749,0.06582242,0,0,18690.242

17,True,False,0.02,0.25,Rot17,2,0,-0.006612609,0.00771749,0.06582242,0,0,18705.3303

17,True,False,0.02,0.25,Rot17,2,0,-0.006612609,0.00771749,0.06582242,0,0,18717.8986

17,True,False,0.02,0.25,Rot17,2,0,-0.006612609,0.00771749,0.06582242,0,0,18732.5025

17,True,False,0.02,0.25,Rot17,2,0,-0.006612609,0.00771749,0.06582242,0,0,18747.5717

17,True,False,0.02,0.25,Rot17,2,0,-0.006612609,0.00771749,0.06582242,0,0,18773.8398

17,True,False,0.02,0.25,Rot17,2,0,-0.006612609,0.00771749,0.06582242,0,0,18789.0699

17,True,False,0.02,0.25,Rot17,2,0,-0.006612609,0.00771749,0.06582242,0,0,18801.9245

17,True,False,0.02,0.25,Rot17,2,0,-0.006612609,0.00771749,0.06582242,0,0,18816.1806

17,True,False,0.02,0.25,Rot17,2,0,-0.006612609,0.00771749,0.06582242,0,0,18832.0276

17,True,False,0.02,0.25,Rot17,2,0,-0.006612609,0.00771749,0.06582242,0,0,18857.163

17,True,False,0.02,0.25,Rot17,2,0,-0.006612609,0.00771749,0.06582242,0,0,18885.1786

17,True,False,0.02,0.25,Rot17,2,0,-0.006612609,0.00771749,0.06582242,0,0,18898.9497

17,True,False,0.02,0.25,Rot17,2,0,-0.006612609,0.00771749,0.06582242,0,0,18913.2296

17,True,False,0.02,0.25,Rot17,2,0,-0.006612609,0.00771749,0.06582242,0,0,18928.4554

17,True,False,0.02,0.25,Rot17,2,0,-0.006612609,0.00771749,0.06582242,0,0,18942.6554

17,True,False,0.02,0.25,Rot17,2,0,-0.006612609,0.00771749,0.06582242,0,0,18956.1989

17,True,False,0.02,0.25,Rot17,2,0,-0.006612609,0.00771749,0.06582242,0,0,18970.9211

17,True,False,0.02,0.25,Rot17,2,0,-0.006612609,0.00771749,0.06582242,0,0,18985.3612

17,True,False,0.02,0.25,Rot17,2,0,-0.006612609,0.00771749,0.06582242,0,0,18998.8261

17,True,False,0.02,0.25,Rot17,2,0,-0.006612609,0.00771749,0.06582242,0,0,19025.0156

17,True,False,0.02,0.25,Rot17,2,0,-0.006612609,0.00771749,0.06582242,0,0,19040.5219

17,True,False,0.02,0.25,Rot17,2,0,-0.006612609,0.00771749,0.06582242,0,0,19052.527

17,True,False,0.02,0.25,Rot17,2,0,-0.006612609,0.00771749,0.06582242,0,0,19067.6101

17,True,False,0.02,0.25,Rot17,2,0,-0.006612609,0.00771749,0.06582242,0,0,19081.834

17,True,False,0.02,0.25,Rot17,2,0,-0.006612609,0.00771749,0.06582242,0,0,19108.2942

17,True,False,0.02,0.25,Rot17,2,0,-0.006612609,0.00771749,0.06582242,0,0,19135.7787

17,True,False,0.02,0.25,Rot17,2,0,-0.006612609,0.00771749,0.06582242,0,0,19150.5294

17,True,False,0.02,0.25,Rot17,2,0,-0.006612609,0.00771749,0.06582242,0,0,19164.3199

17,True,False,0.02,0.25,Rot17,2,0,-0.006612609,0.00771749,0.06582242,0,0,19177.9955

17,True,False,0.02,0.25,Rot17,2,0,-0.006612609,0.00771749,0.06582242,0,0,19192.9975

17,True,False,0.02,0.25,Rot17,2,0,-0.006612609,0.00771749,0.06582242,0,0,19207.069

17,True,False,0.02,0.25,Rot17,2,0,-0.006612609,0.00771749,0.06582242,0,0,19234.6573

17,True,False,0.02,0.25,Rot17,2,0,-0.006612609,0.00771749,0.06582242,0,0,19262.6138

17,True,False,0.02,0.25,Rot17,2,0,-0.006612609,0.00771749,0.06582242,0,0,19276.1621

17,True,False,0.02,0.25,Rot17,2,0,-0.006612609,0.00771749,0.06582242,0,0,19289.9803

17,True,False,0.02,0.25,Rot17,2,0,-0.006612609,0.00771749,0.06582242,0,0,19304.3082

17,True,False,0.02,0.25,Rot17,2,0,-0.006612609,0.00771749,0.06582242,0,0,19318.6103

17,True,False,0.02,0.25,Rot17,2,0,-0.006612609,0.00771749,0.06582242,0,0,19331.8746

17,True,False,0.02,0.25,Rot17,2,0,-0.006612609,0.00771749,0.06582242,0,0,19358.9726

17,True,False,0.02,0.25,Rot17,2,0,-0.006612609,0.00771749,0.06582242,0,0,19373.3397

17,True,False,0.02,0.25,Rot17,2,0,-0.006612609,0.00771749,0.06582242,0,0,19387.1024

17,True,False,0.02,0.25,Rot17,2,0,-0.006612609,0.00771749,0.06582242,0,0,19400.9375

17,True,False,0.02,0.25,Rot17,2,0,-0.006612609,0.00771749,0.06582242,0,0,19414.9368

17,True,False,0.02,0.25,Rot17,2,0,-0.006612609,0.00771749,0.06582242,0,0,19442.1482

17,True,False,0.02,0.25,Rot17,2,0,-0.006612609,0.00771749,0.06582242,0,0,19457.6185

17,True,False,0.02,0.25,Rot17,2,0,-0.006612609,0.00771749,0.06582242,0,0,19469.5274

17,True,False,0.02,0.25,Rot17,2,0,-0.006612609,0.00771749,0.06582242,0,0,19483.9914

17,True,False,0.02,0.25,Rot17,2,0,-0.006612609,0.00771749,0.06582242,0,0,19511.3002

17,True,False,0.02,0.25,Rot17,2,0,-0.006612609,0.00771749,0.06582242,0,0,19525.6311

17,True,False,0.02,0.25,Rot17,2,0,-0.006612609,0.00771749,0.06582242,0,0,19539.1089

17,True,False,0.02,0.25,Rot17,2,0,-0.006612609,0.00771749,0.06582242,0,0,19553.7539

17,True,False,0.02,0.25,Rot17,2,0,-0.006612609,0.00771749,0.06582242,0,0,19569.3408

17,True,False,0.02,0.25,Rot17,2,0,-0.006612609,0.00771749,0.06582242,0,0,19581.7819

17,True,False,0.02,0.25,Rot17,2,0,-0.006612609,0.00771749,0.06582242,0,0,19609.1563

17,True,False,0.02,0.25,Rot17,2,0,-0.006612609,0.00771749,0.06582242,0,0,19624.6905

17,True,False,0.02,0.25,Rot17,2,0,-0.006612609,0.00771749,0.06582242,0,0,19636.3505

17,True,False,0.02,0.25,Rot17,2,0,-0.006612609,0.00771749,0.06582242,0,0,19650.6715

17,True,False,0.02,0.25,Rot17,2,0,-0.006612609,0.00771749,0.06582242,0,0,19667.3121

17,True,False,0.02,0.25,Rot17,2,0,-0.006612609,0.00771749,0.06582242,0,0,19691.8986

17,True,False,0.02,0.25,Rot17,2,0,-0.006612609,0.00771749,0.06582242,0,0,19706.6725

17,True,False,0.02,0.25,Rot17,2,0,-0.006612609,0.00771749,0.06582242,0,0,19720.2841

17,True,False,0.02,0.25,Rot17,2,0,-0.006612609,0.00771749,0.06582242,0,0,19734.2994

17,True,False,0.02,0.25,Rot17,2,0,-0.006612609,0.00771749,0.06582242,0,0,19748.0273

17,True,False,0.02,0.25,Rot17,2,0,-0.006612609,0.00771749,0.06582242,0,0,19764.0849

17,True,False,0.02,0.25,Rot17,2,0,-0.006612609,0.00771749,0.06582242,0,0,19788.6979

17,True,False,0.02,0.25,Rot17,2,0,-0.006612609,0.00771749,0.06582242,0,0,19804.6076

17,True,False,0.02,0.25,Rot17,2,0,-0.006612609,0.00771749,0.06582242,0,0,19816.1547

17,True,False,0.02,0.25,Rot17,2,0,-0.006612609,0.00771749,0.06582242,0,0,19832.2274

17,True,False,0.02,0.25,Rot17,2,0,-0.006612609,0.00771749,0.06582242,0,0,19857.7735

17,True,False,0.02,0.25,Rot17,2,0,-0.006612609,0.00771749,0.06582242,0,0,19885.402

17,True,False,0.02,0.25,Rot17,2,0,-0.006612609,0.00771749,0.06582242,0,0,19899.2456

17,True,False,0.02,0.25,Rot17,2,0,-0.006612609,0.00771749,0.06582242,0,0,19914.2863

17,True,False,0.02,0.25,Rot17,2,0,-0.006612609,0.00771749,0.06582242,0,0,19928.1848

17,True,False,0.02,0.25,Rot17,2,0,-0.006612609,0.00771749,0.06582242,0,0,19942.632

17,True,False,0.02,0.25,Rot17,2,0,-0.006612609,0.00771749,0.06582242,0,0,19955.7654

17,True,False,0.02,0.25,Rot17,2,0,-0.006612609,0.00771749,0.06582242,0,0,19970.8451

17,True,False,0.02,0.25,Rot17,2,0,-0.006612609,0.00771749,0.06582242,0,0,19998.0941

17,True,False,0.02,0.25,Rot17,2,0,-0.006612609,0.00771749,0.06582242,0,0,20012.0073

17,True,False,0.02,0.25,Rot17,2,0,-0.006612609,0.00771749,0.06582242,0,0,20026.7348

17,True,False,0.02,0.25,Rot17,2,0,-0.006612609,0.00771749,0.06582242,0,0,20040.5131

17,True,False,0.02,0.25,Rot17,2,0,-0.006612609,0.00771749,0.06582242,0,0,20053.9791

17,True,False,0.02,0.25,Rot17,2,0,-0.006612609,0.00771749,0.06582242,0,0,20068.2617

17,True,False,0.02,0.25,Rot17,2,0,-0.006612609,0.00771749,0.06582242,0,0,20082.4969

17,True,False,0.02,0.25,Rot17,2,0,-0.006612609,0.00771749,0.06582242,0,0,20109.5593

17,True,False,0.02,0.25,Rot17,2,0,-0.006612609,0.00771749,0.06582242,0,0,20125.4064

17,True,False,0.02,0.25,Rot17,2,0,-0.006612609,0.00771749,0.06582242,0,0,20137.1821

17,True,False,0.02,0.25,Rot17,2,0,-0.006612609,0.00771749,0.06582242,0,0,20151.554

17,True,False,0.02,0.25,Rot17,2,0,-0.006612609,0.00771749,0.06582242,0,0,20178.7203

17,True,False,0.02,0.25,Rot17,2,0,-0.006612609,0.00771749,0.06582242,0,0,20192.9433

17,True,False,0.02,0.25,Rot17,2,0,-0.006612609,0.00771749,0.06582242,0,0,20206.0176

17,True,False,0.02,0.25,Rot17,2,0,-0.006612609,0.00771749,0.06582242,0,0,20220.2618

17,True,False,0.02,0.25,Rot17,2,0,-0.006612609,0.00771749,0.06582242,0,0,20235.3651

17,True,False,0.02,0.25,Rot17,2,0,-0.006612609,0.00771749,0.06582242,0,0,20262.3662

17,True,False,0.02,0.25,Rot17,2,0,-0.006612609,0.00771749,0.06582242,0,0,20289.5305

17,True,False,0.02,0.25,Rot17,2,0,-0.006612609,0.00771749,0.06582242,0,0,20304.4131

17,True,False,0.02,0.25,Rot17,2,0,-0.006612609,0.00771749,0.06582242,0,0,20317.1416

17,True,False,0.02,0.25,Rot17,2,0,-0.006612609,0.00771749,0.06582242,0,0,20331.6972

17,True,False,0.02,0.25,Rot17,2,0,-0.006612609,0.00771749,0.06582242,0,0,20346.9884

17,True,False,0.02,0.25,Rot17,2,0,-0.006612609,0.00771749,0.06582242,0,0,20360.8878

17,True,False,0.02,0.25,Rot17,2,0,-0.006612609,0.00771749,0.06582242,0,0,20386.2122

17,True,False,0.02,0.25,Rot17,2,0,-0.006612609,0.00771749,0.06582242,0,0,20402.5877

17,True,False,0.02,0.25,Rot17,2,0,-0.006612609,0.00771749,0.06582242,0,0,20413.7628

17,True,False,0.02,0.25,Rot17,2,0,-0.006612609,0.00771749,0.06582242,0,0,20428.2532

17,True,False,0.02,0.25,Rot17,2,0,-0.006612609,0.00771749,0.06582242,0,0,20455.5619

17,True,False,0.02,0.25,Rot17,2,0,-0.006612609,0.00771749,0.06582242,0,0,20484.653

17,True,False,0.02,0.25,Rot17,2,0,-0.006612609,0.00771749,0.06582242,0,0,20497.4341

17,True,False,0.02,0.25,Rot17,2,0,-0.006612609,0.00771749,0.06582242,0,0,20511.574

17,True,False,0.02,0.25,Rot17,2,0,-0.006612609,0.00771749,0.06582242,0,0,20525.638

17,True,False,0.02,0.25,Rot17,2,0,-0.006612609,0.00771749,0.06582242,0,0,20539.3722

17,True,False,0.02,0.25,Rot17,2,0,-0.006612609,0.00771749,0.06582242,0,0,20554.2371

17,True,False,0.02,0.25,Rot17,2,0,-0.006612609,0.00771749,0.06582242,0,0,20568.3735

17,True,False,0.02,0.25,Rot17,2,0,-0.006612609,0.00771749,0.06582242,0,0,20582.5016

17,True,False,0.02,0.25,Rot17,2,0,-0.006612609,0.00771749,0.06582242,0,0,20595.8919

17,True,False,0.02,0.25,Rot17,2,0,-0.006612609,0.00771749,0.06582242,0,0,20610.28

17,True,False,0.02,0.25,Rot17,2,0,-0.006612609,0.00771749,0.06582242,0,0,20626.4623

17,True,False,0.02,0.25,Rot17,2,0,-0.006612609,0.00771749,0.06582242,0,0,20649.9903

17,True,False,0.02,0.25,Rot17,2,0,-0.006612609,0.00771749,0.06582242,0,0,20666.0516

17,True,False,0.02,0.25,Rot17,2,0,-0.006612609,0.00771749,0.06582242,0,0,20677.6519

17,True,False,0.02,0.25,Rot17,2,0,-0.006612609,0.00771749,0.06582242,0,0,20693.4967

17,True,False,0.02,0.25,Rot17,2,0,-0.006612609,0.00771749,0.06582242,0,0,20719.4053

17,True,False,0.02,0.25,Rot17,2,0,-0.006612609,0.00771749,0.06582242,0,0,20746.4702

17,True,False,0.02,0.25,Rot17,2,0,-0.006612609,0.00771749,0.06582242,0,0,20760.4079

17,True,False,0.02,0.25,Rot17,2,0,-0.006612609,0.00771749,0.06582242,0,0,20774.1802

17,True,False,0.02,0.25,Rot17,2,0,-0.006612609,0.00771749,0.06582242,0,0,20788.5162

17,True,False,0.02,0.25,Rot17,2,0,-0.006612609,0.00771749,0.06582242,0,0,20803.2319

17,True,False,0.02,0.25,Rot17,2,0,-0.006612609,0.00771749,0.06582242,0,0,20816.7899

17,True,False,0.02,0.25,Rot17,2,0,-0.006612609,0.00771749,0.06582242,0,0,20831.3037

17,True,False,0.02,0.25,Rot17,2,0,-0.006612609,0.00771749,0.06582242,0,0,20845.7482

17,True,False,0.02,0.25,Rot17,2,0,-0.006612609,0.00771749,0.06582242,0,0,20860.5771

17,True,False,0.02,0.25,Rot17,2,0,-0.006612609,0.00771749,0.06582242,0,0,20886.0635

17,True,False,0.02,0.25,Rot17,2,0,-0.006612609,0.00771749,0.06582242,0,0,20902.3021

17,True,False,0.02,0.25,Rot17,2,0,-0.006612609,0.00771749,0.06582242,0,0,20914.3169

17,True,False,0.02,0.25,Rot17,2,0,-0.006612609,0.00771749,0.06582242,0,0,20928.4746

17,True,False,0.02,0.25,Rot17,2,0,-0.006612609,0.00771749,0.06582242,0,0,20956.0697

17,True,False,0.02,0.25,Rot17,2,0,-0.006612609,0.00771749,0.06582242,0,0,20970.4051

17,True,False,0.02,0.25,Rot17,2,0,-0.006612609,0.00771749,0.06582242,0,0,20984.0461

17,True,False,0.02,0.25,Rot17,2,0,-0.006612609,0.00771749,0.06582242,0,0,20997.896

17,True,False,0.02,0.25,Rot17,2,0,-0.006612609,0.00771749,0.06582242,0,0,21013.0462

17,True,False,0.02,0.25,Rot17,2,0,-0.006612609,0.00771749,0.06582242,0,0,21039.5294

17,True,False,0.02,0.25,Rot17,2,0,-0.006612609,0.00771749,0.06582242,0,0,21055.3537

17,True,False,0.02,0.25,Rot17,2,0,-0.006612609,0.00771749,0.06582242,0,0,21067.5332

17,True,False,0.02,0.25,Rot17,2,0,-0.006612609,0.00771749,0.06582242,0,0,21081.4849

17,True,False,0.02,0.25,Rot17,2,0,-0.006612609,0.00771749,0.06582242,0,0,21096.0384

17,True,False,0.02,0.25,Rot17,2,0,-0.006612609,0.00771749,0.06582242,0,0,21109.0349

17,True,False,0.02,0.25,Rot17,2,0,-0.006612609,0.00771749,0.06582242,0,0,21135.9671

17,True,False,0.02,0.25,Rot17,2,0,-0.006612609,0.00771749,0.06582242,0,0,21150.4384

17,True,False,0.02,0.25,Rot17,2,0,-0.006612609,0.00771749,0.06582242,0,0,21164.3718

17,True,False,0.02,0.25,Rot17,2,0,-0.006612609,0.00771749,0.06582242,0,0,21178.192

17,True,False,0.02,0.25,Rot17,2,0,-0.006612609,0.00771749,0.06582242,0,0,21192.1465

17,True,False,0.02,0.25,Rot17,2,0,-0.006612609,0.00771749,0.06582242,0,0,21219.6091

17,True,False,0.02,0.25,Rot17,2,0,-0.006612609,0.00771749,0.06582242,0,0,21236.1131

17,True,False,0.02,0.25,Rot17,2,0,-0.006612609,0.00771749,0.06582242,0,0,21247.2927

17,True,False,0.02,0.25,Rot17,2,0,-0.006612609,0.00771749,0.06582242,0,0,21261.1125

17,True,False,0.02,0.25,Rot17,2,0,-0.006612609,0.00771749,0.06582242,0,0,21276.267

17,True,False,0.02,0.25,Rot17,2,0,-0.006612609,0.00771749,0.06582242,0,0,21302.3383

17,True,False,0.02,0.25,Rot17,2,0,-0.006612609,0.00771749,0.06582242,0,0,21330.3471

17,True,False,0.02,0.25,Rot17,2,0,-0.006612609,0.00771749,0.06582242,0,0,21344.8957

17,True,False,0.02,0.25,Rot17,2,0,-0.006612609,0.00771749,0.06582242,0,0,21358.1339

17,True,False,0.02,0.25,Rot17,2,0,-0.006612609,0.00771749,0.06582242,0,0,21372.4454

17,True,False,0.02,0.25,Rot17,2,0,-0.006612609,0.00771749,0.06582242,0,0,21387.3784

17,True,False,0.02,0.25,Rot17,2,0,-0.006612609,0.00771749,0.06582242,0,0,21401.3968

17,True,False,0.02,0.25,Rot17,2,0,-0.006612609,0.00771749,0.06582242,0,0,21414.8237

17,True,False,0.02,0.25,Rot17,2,0,-0.006612609,0.00771749,0.06582242,0,0,21429.2457

17,True,False,0.02,0.25,Rot17,2,0,-0.006612609,0.00771749,0.06582242,0,0,21443.4836

17,True,False,0.02,0.25,Rot17,2,0,-0.006612609,0.00771749,0.06582242,0,0,21470.1653

17,True,False,0.02,0.25,Rot17,2,0,-0.006612609,0.00771749,0.06582242,0,0,21484.9713

17,True,False,0.02,0.25,Rot17,2,0,-0.006612609,0.00771749,0.06582242,0,0,21498.0328

17,True,False,0.02,0.25,Rot17,2,0,-0.006612609,0.00771749,0.06582242,0,0,21512.611

17,True,False,0.02,0.25,Rot17,2,0,-0.006612609,0.00771749,0.06582242,0,0,21526.1384

17,True,False,0.02,0.25,Rot17,2,0,-0.006612609,0.00771749,0.06582242,0,0,21553.0763

17,True,False,0.02,0.25,Rot17,2,0,-0.006612609,0.00771749,0.06582242,0,0,21568.722

17,True,False,0.02,0.25,Rot17,2,0,-0.006612609,0.00771749,0.06582242,0,0,21581.1656

17,True,False,0.02,0.25,Rot17,2,0,-0.006612609,0.00771749,0.06582242,0,0,21594.7016

17,True,False,0.02,0.25,Rot17,2,0,-0.006612609,0.00771749,0.06582242,0,0,21609.4144

17,True,False,0.02,0.25,Rot17,2,0,-0.006612609,0.00771749,0.06582242,0,0,21635.8012

17,True,False,0.02,0.25,Rot17,2,0,-0.006612609,0.00771749,0.06582242,0,0,21650.3371

17,True,False,0.02,0.25,Rot17,2,0,-0.006612609,0.00771749,0.06582242,0,0,21663.8192

17,True,False,0.02,0.25,Rot17,2,0,-0.006612609,0.00771749,0.06582242,0,0,21691.2267

17,True,False,0.02,0.25,Rot17,2,0,-0.006612609,0.00771749,0.06582242,0,0,21720.4524

17,True,False,0.02,0.25,Rot17,2,0,-0.006612609,0.00771749,0.06582242,0,0,21733.7738

17,True,False,0.02,0.25,Rot17,2,0,-0.006612609,0.00771749,0.06582242,0,0,21747.1314

17,True,False,0.02,0.25,Rot17,2,0,-0.006612609,0.00771749,0.06582242,0,0,21761.5182

17,True,False,0.02,0.25,Rot17,2,0,-0.006612609,0.00771749,0.06582242,0,0,21774.7899

17,True,False,0.02,0.25,Rot17,2,0,-0.006612609,0.00771749,0.06582242,0,0,21789.9284

17,True,False,0.02,0.25,Rot17,2,0,-0.006612609,0.00771749,0.06582242,0,0,21804.2962

17,True,False,0.02,0.25,Rot17,2,0,-0.006612609,0.00771749,0.06582242,0,0,21817.7965

17,True,False,0.02,0.25,Rot17,2,0,-0.006612609,0.00771749,0.06582242,0,0,21832.3148

17,True,False,0.02,0.25,Rot17,2,0,-0.006612609,0.00771749,0.06582242,0,0,21847.7585

17,True,False,0.02,0.25,Rot17,2,0,-0.006612609,0.00771749,0.06582242,0,0,21859.8989

17,True,False,0.02,0.25,Rot17,2,0,-0.006612609,0.00771749,0.06582242,0,0,21887.0825

17,True,False,0.02,0.25,Rot17,2,0,-0.006612609,0.00771749,0.06582242,0,0,21902.7185

17,True,False,0.02,0.25,Rot17,2,0,-0.006612609,0.00771749,0.06582242,0,0,21927.1784

17,True,False,0.02,0.25,Rot17,2,0,-0.006612609,0.00771749,0.06582242,0,0,21954.8079

17,True,False,0.02,0.25,Rot17,2,0,-0.006612609,0.00771749,0.06582242,0,0,21969.4145

17,True,False,0.02,0.25,Rot17,2,0,-0.006612609,0.00771749,0.06582242,0,0,21983.2412

17,True,False,0.02,0.25,Rot17,2,0,-0.006612609,0.00771749,0.06582242,0,0,21997.6155

17,True,False,0.02,0.25,Rot17,2,0,-0.006612609,0.00771749,0.06582242,0,0,22011.9181

17,True,False,0.02,0.25,Rot17,2,0,-0.006612609,0.00771749,0.06582242,0,0,22026.0186

17,True,False,0.02,0.25,Rot17,2,0,-0.006612609,0.00771749,0.06582242,0,0,22040.3164

17,True,False,0.02,0.25,Rot17,2,0,-0.006612609,0.00771749,0.06582242,0,0,22055.6664

17,True,False,0.02,0.25,Rot17,2,0,-0.006612609,0.00771749,0.06582242,0,0,22080.9539

17,True,False,0.02,0.25,Rot17,2,0,-0.006612609,0.00771749,0.06582242,0,0,22108.3277

17,True,False,0.02,0.25,Rot17,2,0,-0.006612609,0.00771749,0.06582242,0,0,22122.2129

17,True,False,0.02,0.25,Rot17,2,0,-0.006612609,0.00771749,0.06582242,0,0,22136.5165

17,True,False,0.02,0.25,Rot17,2,0,-0.006612609,0.00771749,0.06582242,0,0,22150.8307

17,True,False,0.02,0.25,Rot17,2,0,-0.006612609,0.00771749,0.06582242,0,0,22164.0963

17,True,False,0.02,0.25,Rot17,2,0,-0.006612599,0.007717609,0.06582242,1.198804E-07,8.35368734313568E-06,22178.4469

17,True,False,0.02,0.25,Rot17,2,0,-0.006614872,0.007718921,0.06582489,3.601493E-06,0.000250448035181323,22192.8271

17,True,False,0.02,0.25,Rot17,2,0,-0.006639489,0.007722139,0.0658543,3.849098E-05,0.00144022345279076,22219.5528

17,True,False,0.02,0.25,Rot17,2,0,-0.006745624,0.007685304,0.06598124,0.000169512,0.0118881541259302,22233.8117

17,True,False,0.02,0.25,Rot17,2,0,-0.007000268,0.007423401,0.06627819,0.0004707605,0.0338520782041534,22247.7181

17,True,False,0.02,0.25,Rot17,2,0,-0.007158945,0.007203699,0.06645611,0.0003241963,0.0226759876414174,22262.015

17,True,False,0.02,0.25,Rot17,2,0,-0.007338103,0.006954909,0.06658218,0.0003314937,0.0247730947035893,22275.3962

17,True,False,0.02,0.25,Rot17,2,0,-0.007463767,0.006778599,0.06662224,0.0002201851,0.0136871432197533,22291.4832

17,True,False,0.02,0.25,Rot17,2,0,-0.007597975,0.006589056,0.06664828,0.0002337018,0.0090412113044575,22317.3317

17,True,False,0.02,0.25,Rot17,2,0,-0.00771242,0.006351114,0.06671,0.0002711501,0.0181765220685271,22332.2493

17,True,False,0.02,0.25,Rot17,2,0,-0.008102339,0.005838037,0.06688911,0.0006688538,0.0516186494709877,22345.2069

17,True,False,0.02,0.25,Rot17,2,0,-0.008563994,0.005201698,0.06710306,0.0008147567,0.0606384739680826,22358.6432

17,True,False,0.02,0.25,Rot17,2,0,-0.009007624,0.004590631,0.06729649,0.0007795037,0.0442585506660894,22376.2557

17,True,False,0.02,0.25,Rot17,2,0,-0.009229394,0.004175306,0.06742664,0.0004884821,0.0198652337407321,22400.8455

17,True,False,0.02,0.25,Rot17,2,0,-0.009552201,0.00359881,0.06756008,0.0006740628,0.0450540609015605,22415.8067

17,True,False,0.02,0.25,Rot17,2,0,-0.009896531,0.003096939,0.06761341,0.0006109672,0.0473827324260971,22428.701

17,True,False,0.02,0.25,Rot17,2,0,-0.01016828,0.002546788,0.06778689,0.000637657,0.0447981558843244,22442.935

17,True,False,0.02,0.25,Rot17,2,0,-0.01041052,0.002056838,0.06793274,0.000565692,0.0410198153461919,22456.7257

17,True,False,0.02,0.25,Rot17,2,0,-0.01063161,0.001609207,0.06805877,0.000514916,0.0355070384151285,22471.2275

17,True,False,0.02,0.25,Rot17,2,0,-0.01108671,0.001131774,0.06812426,0.0006628285,0.0248926299717805,22497.855

17,True,False,0.02,0.25,Rot17,2,0,-0.01142591,0.0008943091,0.06824299,0.0004307528,0.0156459318443199,22525.3863

17,True,False,0.02,0.25,Rot17,2,0,-0.01180894,0.0006876003,0.06831047,0.0004404481,0.0317044776685025,22539.2786

17,True,False,0.02,0.25,Rot17,2,0,-0.01233554,0.0004282009,0.06830691,0.0005870272,0.0416006823685772,22553.3896

17,True,False,0.02,0.25,Rot17,2,0,-0.01294273,4.315498E-05,0.06839641,0.0007245379,0.0497820518041281,22567.9438

17,True,False,0.02,0.25,Rot17,2,0,-0.01344445,-0.0002653586,0.0685875,0.0006192086,0.0437575388561781,22582.0947

17,True,False,0.02,0.25,Rot17,2,0,-0.01390957,-0.0005409705,0.06875622,0.0005663623,0.0410612802869238,22595.8878

17,True,False,0.02,0.25,Rot17,2,0,-0.01435803,-0.0006191717,0.06862088,0.0004749132,0.0331171549950316,22610.2282

17,True,False,0.02,0.25,Rot17,2,0,-0.01478828,-0.0006732927,0.06847305,0.0004581533,0.0311970260287724,22624.914

17,True,False,0.02,0.25,Rot17,2,0,-0.01522554,-0.0007143006,0.06831022,0.0004683887,0.0181931740424538,22650.6593

17,True,False,0.02,0.25,Rot17,2,0,-0.0154411,-0.0007381425,0.06824839,0.0002255175,0.0155950939782098,22665.1201

17,True,False,0.02,0.25,Rot17,2,0,-0.01579458,-0.0007611498,0.06823412,0.0003545122,0.0267762472305333,22678.3599

17,True,False,0.02,0.25,Rot17,2,0,-0.01606899,-0.0007721171,0.06822338,0.0002748377,0.0180977423503464,22693.5462

17,True,False,0.02,0.25,Rot17,2,0,-0.01624863,-0.000753878,0.06819269,0.0001831612,0.00671089718769273,22720.8393

17,True,False,0.02,0.25,Rot17,2,0,-0.01642732,-0.000736831,0.06816611,0.0001814535,0.0128248372049195,22734.9879

17,True,False,0.02,0.25,Rot17,2,0,-0.01655352,-0.0008244499,0.06814826,0.0001546717,0.0107160115411749,22749.4216

17,True,False,0.02,0.25,Rot17,2,0,-0.01679466,-0.0008872732,0.06815243,0.0002492222,0.0174886664404243,22763.6721

17,True,False,0.02,0.25,Rot17,2,0,-0.01690722,-0.000929354,0.06812665,0.0001229059,0.00911920740779551,22777.1498

17,True,False,0.02,0.25,Rot17,2,0,-0.01699246,-0.000972031,0.0681008,9.876573E-05,0.00677103663332578,22791.7363

17,True,False,0.02,0.25,Rot17,2,0,-0.01706896,-0.001017211,0.06807704,9.196781E-05,0.00681202639317709,22805.2371

17,True,False,0.02,0.25,Rot17,2,0,-0.01698409,-0.001084564,0.06804594,0.0001127256,0.00415579874997239,22832.362

17,True,False,0.02,0.25,Rot17,2,0,-0.01694055,-0.001184343,0.06801347,0.0001136015,0.00745710526916779,22847.596

17,True,False,0.02,0.25,Rot17,2,0,-0.0168179,-0.001402138,0.06794812,0.0002583596,0.0213801269774283,22859.6801

17,True,False,0.02,0.25,Rot17,2,0,-0.01674786,-0.001515268,0.06791562,0.0001369672,0.00996161175889119,22873.4296

17,True,False,0.02,0.25,Rot17,2,0,-0.01673365,-0.00163245,0.06790939,0.0001182058,0.00429004836715068,22900.9831

17,True,False,0.02,0.25,Rot17,2,0,-0.01676364,-0.001794337,0.06794482,0.0001684089,0.0120129065260069,22915.0021

17,True,False,0.02,0.25,Rot17,2,0,-0.01682666,-0.002134798,0.06802045,0.0003544095,0.0249649169618229,22929.1984

17,True,False,0.02,0.25,Rot17,2,0,-0.01688424,-0.002327917,0.06811342,0.0002219314,0.0080832232537836,22956.6542

17,True,False,0.02,0.25,Rot17,2,0,-0.01694926,-0.002562402,0.0682314,0.0002704262,0.00927066366020212,22985.8243

17,True,False,0.02,0.25,Rot17,2,0,-0.0171528,-0.002910136,0.06831069,0.0004106514,0.0318702494787049,22998.7094

17,True,False,0.02,0.25,Rot17,2,0,-0.01734541,-0.003181933,0.06841898,0.0003502825,0.0240388771507722,23013.2809

17,True,False,0.02,0.25,Rot17,2,0,-0.01744471,-0.003318189,0.06847537,0.0001777818,0.0127421128796635,23027.2332

17,True,False,0.02,0.25,Rot17,2,0,-0.01751104,-0.003433226,0.06848769,0.0001333611,0.00908559672590581,23041.9115

17,True,False,0.02,0.25,Rot17,2,0,-0.01757606,-0.003546236,0.06849854,0.0001308321,0.00967864701327663,23055.4291

17,True,False,0.02,0.25,Rot17,2,0,-0.01763978,-0.003657816,0.06850755,0.000128807,0.00482884476903264,23082.1036

17,True,False,0.02,0.25,Rot17,2,0,-0.01766666,-0.003707407,0.06855328,7.261669E-05,0.00265688640894961,23109.4351

17,True,False,0.02,0.25,Rot17,2,0,-0.01778528,-0.003694175,0.06859346,0.000125929,0.00903176319858467,23123.378

17,True,False,0.02,0.25,Rot17,2,0,-0.01789851,-0.00364375,0.06861925,0.0001266146,0.00950781003714592,23136.6949

17,True,False,0.02,0.25,Rot17,2,0,-0.01796489,-0.003350018,0.06846955,0.0003362933,0.022330976117393,23151.7544

17,True,False,0.02,0.25,Rot17,2,0,-0.01802403,-0.002923606,0.06817773,0.0005200822,0.0356472202197759,23166.3441

17,True,False,0.02,0.25,Rot17,2,0,-0.01802403,-0.002923606,0.06817773,0,0,23180.1987

17,True,False,0.02,0.25,Rot17,2,0,-0.01802403,-0.002923606,0.06817773,0,0,23193.481

17,True,False,0.02,0.25,Rot17,2,0,-0.01802403,-0.002923606,0.06817773,0,0,23207.7827

17,True,False,0.02,0.25,Rot17,2,0,-0.01802403,-0.002923606,0.06817773,0,0,23221.9373

17,True,False,0.02,0.25,Rot17,2,0,-0.01802403,-0.002923606,0.06817773,0,0,23248.7409

17,True,False,0.02,0.25,Rot17,2,0,-0.01802403,-0.002923606,0.06817773,0,0,23264.3355

17,True,False,0.02,0.25,Rot17,2,0,-0.01802403,-0.002923606,0.06817773,0,0,23275.8781

17,True,False,0.02,0.25,Rot17,2,0,-0.01802403,-0.002923606,0.06817773,0,0,23290.3466

17,True,False,0.02,0.25,Rot17,2,0,-0.01802403,-0.002923606,0.06817773,0,0,23318.2123

17,True,False,0.02,0.25,Rot17,2,0,-0.01802403,-0.002923606,0.06817773,0,0,23333.7297

17,True,False,0.02,0.25,Rot17,2,0,-0.01802403,-0.002923606,0.06817773,0,0,23345.7987

17,True,False,0.02,0.25,Rot17,2,0,-0.01802403,-0.002923606,0.06817773,0,0,23359.1966

17,True,False,0.02,0.25,Rot17,2,0,-0.01802403,-0.002923606,0.06817773,0,0,23373.5338

17,True,False,0.02,0.25,Rot17,2,0,-0.01802403,-0.002923606,0.06817773,0,0,23389.1182

17,True,False,0.02,0.25,Rot17,2,0,-0.01802403,-0.002923606,0.06817773,0,0,23414.7122

17,True,False,0.02,0.25,Rot17,2,0,-0.01802403,-0.002923606,0.06817773,0,0,23430.0956

17,True,False,0.02,0.25,Rot17,2,0,-0.01802403,-0.002923606,0.06817773,0,0,23442.4962

17,True,False,0.02,0.25,Rot17,2,0,-0.01802403,-0.002923606,0.06817773,0,0,23457.2747

17,True,False,0.02,0.25,Rot17,2,0,-0.01802403,-0.002923606,0.06817773,0,0,23470.6657

17,True,False,0.02,0.25,Rot17,2,0,-0.01802403,-0.002923606,0.06817773,0,0,23497.6798

17,True,False,0.02,0.25,Rot17,2,0,-0.01802403,-0.002923606,0.06817773,0,0,23525.2057

17,True,False,0.02,0.25,Rot17,2,0,-0.01802403,-0.002923606,0.06817773,0,0,23539.8743

17,True,False,0.02,0.25,Rot17,2,0,-0.01802403,-0.002923606,0.06817773,0,0,23553.6303

17,True,False,0.02,0.25,Rot17,2,0,-0.01802403,-0.002923606,0.06817773,0,0,23568.3546

17,True,False,0.02,0.25,Rot17,2,0,-0.01802403,-0.002923606,0.06817773,0,0,23609.1208

17,True,False,0.02,0.25,Rot17,2,0,-0.01802403,-0.002923606,0.06817773,0,0,23623.6534

17,True,False,0.02,0.25,Rot17,2,0,-0.01802403,-0.002923606,0.06817773,0,0,23636.9443

17,True,False,0.02,0.25,Rot17,2,0,-0.01802403,-0.002923606,0.06817773,0,0,23651.7655

17,True,False,0.02,0.25,Rot17,2,0,-0.01802403,-0.002923606,0.06817773,0,0,23665.6547

17,True,False,0.02,0.25,Rot17,2,0,-0.01802403,-0.002923606,0.06817773,0,0,23679.4806

17,True,False,0.02,0.25,Rot17,2,0,-0.01802403,-0.002923606,0.06817773,0,0,23695.0487

17,True,False,0.02,0.25,Rot17,2,0,-0.01802403,-0.002923606,0.06817773,0,0,23720.2385

17,True,False,0.02,0.25,Rot17,2,0,-0.01802403,-0.002923606,0.06817773,0,0,23747.7237

17,True,False,0.02,0.25,Rot17,2,0,-0.01802403,-0.002923606,0.06817773,0,0,23762.0694

17,True,False,0.02,0.25,Rot17,2,0,-0.01802403,-0.002923606,0.06817773,0,0,23774.5677

17,True,False,0.02,0.25,Rot17,2,0,-0.01802403,-0.002923606,0.06817773,0,0,23789.8278

17,True,False,0.02,0.25,Rot17,2,0,-0.01802403,-0.002923606,0.06817773,0,0,23803.8979

17,True,False,0.02,0.25,Rot17,2,0,-0.01802403,-0.002923606,0.06817773,0,0,23817.4198

17,True,False,0.02,0.25,Rot17,2,0,-0.01802403,-0.002923606,0.06817773,0,0,23832.7976

17,True,False,0.02,0.25,Rot17,2,0,-0.01802403,-0.002923606,0.06817773,0,0,23859.6915

17,True,False,0.02,0.25,Rot17,2,0,-0.01802403,-0.002923606,0.06817773,0,0,23873.8536

17,True,False,0.02,0.25,Rot17,2,0,-0.01802403,-0.002923606,0.06817773,0,0,23887.6379

17,True,False,0.02,0.25,Rot17,2,0,-0.01802403,-0.002923606,0.06817773,0,0,23901.5747

17,True,False,0.02,0.25,Rot17,2,0,-0.01802403,-0.002923606,0.06817773,0,0,23915.6079

17,True,False,0.02,0.25,Rot17,2,0,-0.01802403,-0.002923606,0.06817773,0,0,23929.6464

17,True,False,0.02,0.25,Rot17,2,0,-0.01802403,-0.002923606,0.06817773,0,0,23944.7299

17,True,False,0.02,0.25,Rot17,2,0,-0.01802403,-0.002923606,0.06817773,0,0,23969.92

17,True,False,0.02,0.25,Rot17,2,0,-0.01802403,-0.002923606,0.06817773,0,0,23986.3884

17,True,False,0.02,0.25,Rot17,2,0,-0.01802403,-0.002923606,0.06817773,0,0,23999.1578

17,True,False,0.02,0.25,Rot17,2,0,-0.01802403,-0.002923606,0.06817773,0,0,24011.6017

17,True,False,0.02,0.25,Rot17,2,0,-0.01802403,-0.002923606,0.06817773,0,0,24039.2078

17,True,False,0.02,0.25,Rot17,2,0,-0.01802403,-0.002923606,0.06817773,0,0,24053.4013

17,True,False,0.02,0.25,Rot17,2,0,-0.01802403,-0.002923606,0.06817773,0,0,24067.3007

17,True,False,0.02,0.25,Rot17,2,0,-0.01802403,-0.002923606,0.06817773,0,0,24081.5016

17,True,False,0.02,0.25,Rot17,2,0,-0.01802403,-0.002923606,0.06817773,0,0,24095.5152

17,True,False,0.02,0.25,Rot17,2,0,-0.01802403,-0.002923606,0.06817773,0,0,24111.3833

17,True,False,0.02,0.25,Rot17,2,0,-0.01802403,-0.002923606,0.06817773,0,0,24136.8409

17,True,False,0.02,0.25,Rot17,2,0,-0.01802403,-0.002923606,0.06817773,0,0,24152.9769

17,True,False,0.02,0.25,Rot17,2,0,-0.01802403,-0.002923606,0.06817773,0,0,24164.4135

17,True,False,0.02,0.25,Rot17,2,0,-0.01802403,-0.002923606,0.06817773,0,0,24178.6359

17,True,False,0.02,0.25,Rot17,2,0,-0.01802403,-0.002923606,0.06817773,0,0,24205.4079

17,True,False,0.02,0.25,Rot17,2,0,-0.01802403,-0.002923606,0.06817773,0,0,24220.1371

17,True,False,0.02,0.25,Rot17,2,0,-0.01802403,-0.002923606,0.06817773,0,0,24233.6714

17,True,False,0.02,0.25,Rot17,2,0,-0.01802403,-0.002923606,0.06817773,0,0,24249.9326

17,True,False,0.02,0.25,Rot17,2,0,-0.01802403,-0.002923606,0.06817773,0,0,24263.96

17,True,False,0.02,0.25,Rot17,2,0,-0.01802403,-0.002923606,0.06817773,0,0,24291.5444

17,True,False,0.02,0.25,Rot17,2,0,-0.01802403,-0.002923606,0.06817773,0,0,24304.3616

17,True,False,0.02,0.25,Rot17,2,0,-0.01802403,-0.002923606,0.06817773,0,0,24317.743

17,True,False,0.02,0.25,Rot17,2,0,-0.01802403,-0.002923606,0.06817773,0,0,24332.5694

17,True,False,0.02,0.25,Rot17,2,0,-0.01802403,-0.002923606,0.06817773,0,0,24348.0862

17,True,False,0.02,0.25,Rot17,2,0,-0.01802403,-0.002923606,0.06817773,0,0,24361.4723

17,True,False,0.02,0.25,Rot17,2,0,-0.01802403,-0.002923606,0.06817773,0,0,24387.1963

17,True,False,0.02,0.25,Rot17,2,0,-0.01802403,-0.002923606,0.06817773,0,0,24403.3121

17,True,False,0.02,0.25,Rot17,2,0,-0.01802403,-0.002923606,0.06817773,0,0,24414.4036

17,True,False,0.02,0.25,Rot17,2,0,-0.01802403,-0.002923606,0.06817773,0,0,24428.8653

17,True,False,0.02,0.25,Rot17,2,0,-0.01802403,-0.002923606,0.06817773,0,0,24456.2466

17,True,False,0.02,0.25,Rot17,2,0,-0.01802403,-0.002923606,0.06817773,0,0,24470.4385

17,True,False,0.02,0.25,Rot17,2,0,-0.01802403,-0.002923606,0.06817773,0,0,24484.6422

17,True,False,0.02,0.25,Rot17,2,0,-0.01802403,-0.002923606,0.06817773,0,0,24498.7018

17,True,False,0.02,0.25,Rot17,2,0,-0.01802403,-0.002923606,0.06817773,0,0,24512.5386

17,True,False,0.02,0.25,Rot17,2,0,-0.01802403,-0.002923606,0.06817773,0,0,24539.8364

17,True,False,0.02,0.25,Rot17,2,0,-0.01802403,-0.002923606,0.06817773,0,0,24554.2868

17,True,False,0.02,0.25,Rot17,2,0,-0.01802403,-0.002923606,0.06817773,0,0,24568.3059

17,True,False,0.02,0.25,Rot17,2,0,-0.01802403,-0.002923606,0.06817773,0,0,24582.655

17,True,False,0.02,0.25,Rot17,2,0,-0.01802403,-0.002923606,0.06817773,0,0,24597.7399

17,True,False,0.02,0.25,Rot17,2,0,-0.01802403,-0.002923606,0.06817773,0,0,24609.8729

17,True,False,0.02,0.25,Rot17,2,0,-0.01802403,-0.002923606,0.06817773,0,0,24637.2524

17,True,False,0.02,0.25,Rot17,2,0,-0.01802403,-0.002923606,0.06817773,0,0,24652.3272

17,True,False,0.02,0.25,Rot17,2,0,-0.01802403,-0.002923606,0.06817773,0,0,24665.6067

17,True,False,0.02,0.25,Rot17,2,0,-0.01802403,-0.002923606,0.06817773,0,0,24679.1383

17,True,False,0.02,0.25,Rot17,2,0,-0.01802403,-0.002923606,0.06817773,0,0,24694.3112

17,True,False,0.02,0.25,Rot17,2,0,-0.01802403,-0.002923606,0.06817773,0,0,24720.3256

17,True,False,0.02,0.25,Rot17,2,0,-0.01802403,-0.002923606,0.06817773,0,0,24747.6542

17,True,False,0.02,0.25,Rot17,2,0,-0.01802403,-0.002923606,0.06817773,0,0,24762.2044

17,True,False,0.02,0.25,Rot17,2,0,-0.01802403,-0.002923606,0.06817773,0,0,24775.5818

17,True,False,0.02,0.25,Rot17,2,0,-0.01802403,-0.002923606,0.06817773,0,0,24790.139

17,True,False,0.02,0.25,Rot17,2,0,-0.01802403,-0.002923606,0.06817773,0,0,24804.395

17,True,False,0.02,0.25,Rot17,2,0,-0.01802403,-0.002923606,0.06817773,0,0,24818.2812

17,True,False,0.02,0.25,Rot17,2,0,-0.01802403,-0.002923606,0.06817773,0,0,24832.6587

17,True,False,0.02,0.25,Rot17,2,0,-0.01802403,-0.002923606,0.06817773,0,0,24846.8175

17,True,False,0.02,0.25,Rot17,2,0,-0.01802403,-0.002923606,0.06817773,0,0,24860.6312

17,True,False,0.02,0.25,Rot17,2,0,-0.01802403,-0.002923606,0.06817773,0,0,24887.5834

17,True,False,0.02,0.25,Rot17,2,0,-0.01802403,-0.002923606,0.06817773,0,0,24902.5317

17,True,False,0.02,0.25,Rot17,2,0,-0.01802403,-0.002923606,0.06817773,0,0,24915.0261

17,True,False,0.02,0.25,Rot17,2,0,-0.01802403,-0.002923606,0.06817773,0,0,24929.9886

17,True,False,0.02,0.25,Rot17,2,0,-0.01802403,-0.002923606,0.06817773,0,0,24944.0513

17,True,False,0.02,0.25,Rot17,2,0,-0.01802403,-0.002923606,0.06817773,0,0,24968.722

17,True,False,0.02,0.25,Rot17,2,0,-0.01802403,-0.002923606,0.06817773,0,0,24984.0027

17,True,False,0.02,0.25,Rot17,2,0,-0.01802403,-0.002923606,0.06817773,0,0,24996.7776

17,True,False,0.02,0.25,Rot17,2,0,-0.01802403,-0.002923606,0.06817773,0,0,25011.0996

17,True,False,0.02,0.25,Rot17,2,0,-0.01802403,-0.002923606,0.06817773,0,0,25027.0148

17,True,False,0.02,0.25,Rot17,2,0,-0.01802403,-0.002923606,0.06817773,0,0,25052.1573

17,True,False,0.02,0.25,Rot17,2,0,-0.01802403,-0.002923606,0.06817773,0,0,25066.7379

17,True,False,0.02,0.25,Rot17,2,0,-0.01802403,-0.002923606,0.06817773,0,0,25080.9577

17,True,False,0.02,0.25,Rot17,2,0,-0.01802403,-0.002923606,0.06817773,0,0,25096.5107

17,True,False,0.02,0.25,Rot17,2,0,-0.01802403,-0.002923606,0.06817773,0,0,25110.1867

17,True,False,0.02,0.25,Rot17,2,0,-0.01802403,-0.002923606,0.06817773,0,0,25135.6823

17,True,False,0.02,0.25,Rot17,2,0,-0.01802403,-0.002923606,0.06817773,0,0,25152.2024

17,True,False,0.02,0.25,Rot17,2,0,-0.01802403,-0.002923606,0.06817773,0,0,25163.809

17,True,False,0.02,0.25,Rot17,2,0,-0.01802403,-0.002923606,0.06817773,0,0,25177.7505

17,True,False,0.02,0.25,Rot17,2,0,-0.01802403,-0.002923606,0.06817773,0,0,25192.952

17,True,False,0.02,0.25,Rot17,2,0,-0.01802403,-0.002923606,0.06817773,0,0,25219.2637

17,True,False,0.02,0.25,Rot17,2,0,-0.01802403,-0.002923606,0.06817773,0,0,25246.7399

17,True,False,0.02,0.25,Rot17,2,0,-0.01802403,-0.002923606,0.06817773,0,0,25263.0609

17,True,False,0.02,0.25,Rot17,2,0,-0.01802403,-0.002923606,0.06817773,0,0,25274.6209

17,True,False,0.02,0.25,Rot17,2,0,-0.01802403,-0.002923606,0.06817773,0,0,25288.799

17,True,False,0.02,0.25,Rot17,2,0,-0.01802403,-0.002923606,0.06817773,0,0,25316.3522

17,True,False,0.02,0.25,Rot17,2,0,-0.01802403,-0.002923606,0.06817773,0,0,25331.0106

17,True,False,0.02,0.25,Rot17,2,0,-0.01802403,-0.002923606,0.06817773,0,0,25344.9611

17,True,False,0.02,0.25,Rot17,2,0,-0.01802403,-0.002923606,0.06817773,0,0,25359.2162

17,True,False,0.02,0.25,Rot17,2,0,-0.01802403,-0.002923606,0.06817773,0,0,25374.6526

17,True,False,0.02,0.25,Rot17,2,0,-0.01802403,-0.002923606,0.06817773,0,0,25387.6992

17,True,False,0.02,0.25,Rot17,2,0,-0.01802403,-0.002923606,0.06817773,0,0,25415.1634

17,True,False,0.02,0.25,Rot17,2,0,-0.01802403,-0.002923606,0.06817773,0,0,25431.5261

17,True,False,0.02,0.25,Rot17,2,0,-0.01802403,-0.002923606,0.06817773,0,0,25443.1824

17,True,False,0.02,0.25,Rot17,2,0,-0.01802403,-0.002923606,0.06817773,0,0,25456.6681

17,True,False,0.02,0.25,Rot17,2,0,-0.01802403,-0.002923606,0.06817773,0,0,25472.0611

17,True,False,0.02,0.25,Rot17,2,0,-0.01802403,-0.002923606,0.06817773,0,0,25498.5094

17,True,False,0.02,0.25,Rot17,2,0,-0.01802403,-0.002923606,0.06817773,0,0,25513.6089

17,True,False,0.02,0.25,Rot17,2,0,-0.01802403,-0.002923606,0.06817773,0,0,25526.1979

17,True,False,0.02,0.25,Rot17,2,0,-0.01802403,-0.002923606,0.06817773,0,0,25540.2068

17,True,False,0.02,0.25,Rot17,2,0,-0.01802403,-0.002923606,0.06817773,0,0,25567.8051

17,True,False,0.02,0.25,Rot17,2,0,-0.01802403,-0.002923606,0.06817773,0,0,25596.0363

17,True,False,0.02,0.25,Rot17,2,0,-0.01802403,-0.002923606,0.06817773,0,0,25623.8107

17,True,False,0.02,0.25,Rot17,2,0,-0.01802403,-0.002923606,0.06817773,0,0,25637.8783

17,True,False,0.02,0.25,Rot17,2,0,-0.01802403,-0.002923606,0.06817773,0,0,25651.9937

17,True,False,0.02,0.25,Rot17,2,0,-0.01802403,-0.002923606,0.06817773,0,0,25666.2727

17,True,False,0.02,0.25,Rot17,2,0,-0.01802403,-0.002923606,0.06817773,0,0,25679.8446

17,True,False,0.02,0.25,Rot17,2,0,-0.01802403,-0.002923606,0.06817773,0,0,25694.4881

17,True,False,0.02,0.25,Rot17,2,0,-0.01802403,-0.002923606,0.06817773,0,0,25708.0638

17,True,False,0.02,0.25,Rot17,2,0,-0.01802403,-0.002923606,0.06817773,0,0,25722.6117

17,True,False,0.02,0.25,Rot17,2,0,-0.01802403,-0.002923606,0.06817773,0,0,25749.1723

17,True,False,0.02,0.25,Rot17,2,0,-0.01802403,-0.002923606,0.06817773,0,0,25763.2109

17,True,False,0.02,0.25,Rot17,2,0,-0.01802403,-0.002923606,0.06817773,0,0,25776.9542

17,True,False,0.02,0.25,Rot17,2,0,-0.01802403,-0.002923606,0.06817773,0,0,25791.352

17,True,False,0.02,0.25,Rot17,2,0,-0.01802403,-0.002923606,0.06817773,0,0,25805.2057

17,True,False,0.02,0.25,Rot17,2,0,-0.01802403,-0.002923606,0.06817773,0,0,25819.5266

17,True,False,0.02,0.25,Rot17,2,0,-0.01802403,-0.002923606,0.06817773,0,0,25845.7801

17,True,False,0.02,0.25,Rot17,2,0,-0.01802403,-0.002923606,0.06817773,0,0,25862.1848

17,True,False,0.02,0.25,Rot17,2,0,-0.01802403,-0.002923606,0.06817773,0,0,25873.2522

17,True,False,0.02,0.25,Rot17,2,0,-0.01802403,-0.002923606,0.06817773,0,0,25887.7604

17,True,False,0.02,0.25,Rot17,2,0,-0.01802403,-0.002923606,0.06817773,0,0,25915.1695

17,True,False,0.02,0.25,Rot17,2,0,-0.01802403,-0.002923606,0.06817773,0,0,25930.4394

17,True,False,0.02,0.25,Rot17,2,0,-0.01802403,-0.002923606,0.06817773,0,0,25942.9582

17,True,False,0.02,0.25,Rot17,2,0,-0.01802403,-0.002923606,0.06817773,0,0,25954.9143

17,True,False,0.02,0.25,Rot17,2,0,-0.01802403,-0.002923606,0.06817773,0,0,25970.7976

17,True,False,0.02,0.25,Rot17,2,0,-0.01802403,-0.002923606,0.06817773,0,0,25996.7819

17,True,False,0.02,0.25,Rot17,2,0,-0.01802403,-0.002923606,0.06817773,0,0,26012.4799

17,True,False,0.02,0.25,Rot17,2,0,-0.01802403,-0.002923606,0.06817773,0,0,26024.9555

17,True,False,0.02,0.25,Rot17,2,0,-0.01802403,-0.002923606,0.06817773,0,0,26039.2277

17,True,False,0.02,0.25,Rot17,2,0,-0.01802403,-0.002923606,0.06817773,0,0,26053.4948

17,True,False,0.02,0.25,Rot17,2,0,-0.01802403,-0.002923606,0.06817773,0,0,26080.4988

17,True,False,0.02,0.25,Rot17,2,0,-0.01802403,-0.002923606,0.06817773,0,0,26095.917

17,True,False,0.02,0.25,Rot17,2,0,-0.01802403,-0.002923606,0.06817773,0,0,26108.1413

17,True,False,0.02,0.25,Rot17,2,0,-0.01802403,-0.002923606,0.06817773,0,0,26122.4671

17,True,False,0.02,0.25,Rot17,2,0,-0.01802403,-0.002923606,0.06817773,0,0,26138.2171

17,True,False,0.02,0.25,Rot17,2,0,-0.01802403,-0.002923606,0.06817773,0,0,26163.767

17,True,False,0.02,0.25,Rot17,2,0,-0.01802403,-0.002923606,0.06817773,0,0,26179.4346

17,True,False,0.02,0.25,Rot17,2,0,-0.01802403,-0.002923606,0.06817773,0,0,26191.5364

17,True,False,0.02,0.25,Rot17,2,0,-0.01802403,-0.002923606,0.06817773,0,0,26206.1176

17,True,False,0.02,0.25,Rot17,2,0,-0.01802403,-0.002923606,0.06817773,0,0,26221.3475

17,True,False,0.02,0.25,Rot17,2,0,-0.01802403,-0.002923606,0.06817773,0,0,26247.884

17,True,False,0.02,0.25,Rot17,2,0,-0.01802403,-0.002923606,0.06817773,0,0,26262.9711

17,True,False,0.02,0.25,Rot17,2,0,-0.01802403,-0.002923606,0.06817773,0,0,26275.5411

17,True,False,0.02,0.25,Rot17,2,0,-0.01802403,-0.002923606,0.06817773,0,0,26289.8615

17,True,False,0.02,0.25,Rot17,2,0,-0.01802403,-0.002923606,0.06817773,0,0,26305.0949

17,True,False,0.02,0.25,Rot17,2,0,-0.01802403,-0.002923606,0.06817773,0,0,26331.5443

17,True,False,0.02,0.25,Rot17,2,0,-0.01802403,-0.002923606,0.06817773,0,0,26346.4039

17,True,False,0.02,0.25,Rot17,2,0,-0.01802403,-0.002923606,0.06817773,0,0,26359.0291

17,True,False,0.02,0.25,Rot17,2,0,-0.01802403,-0.002923606,0.06817773,0,0,26373.4895

17,True,False,0.02,0.25,Rot17,2,0,-0.01802403,-0.002923606,0.06817773,0,0,26388.0341

17,True,False,0.02,0.25,Rot17,2,0,-0.01802403,-0.002923606,0.06817773,0,0,26404.0014

17,True,False,0.02,0.25,Rot17,2,0,-0.01802403,-0.002923606,0.06817773,0,0,26428.85

17,True,False,0.02,0.25,Rot17,2,0,-0.01802403,-0.002923606,0.06817773,0,0,26456.0945

17,True,False,0.02,0.25,Rot17,2,0,-0.01802403,-0.002923606,0.06817773,0,0,26470.5244

17,True,False,0.02,0.25,Rot17,2,0,-0.01802403,-0.002923606,0.06817773,0,0,26484.3566

17,True,False,0.02,0.25,Rot17,2,0,-0.01802403,-0.002923606,0.06817773,0,0,26498.7137

17,True,False,0.02,0.25,Rot17,2,0,-0.01802403,-0.002923606,0.06817773,0,0,26513.0754

17,True,False,0.02,0.25,Rot17,2,0,-0.01802403,-0.002923606,0.06817773,0,0,26527.1991

17,True,False,0.02,0.25,Rot17,2,0,-0.01802403,-0.002923606,0.06817773,0,0,26541.2497

17,True,False,0.02,0.25,Rot17,2,0,-0.01802403,-0.002923606,0.06817773,0,0,26554.7917

17,True,False,0.02,0.25,Rot17,2,0,-0.01802403,-0.002923606,0.06817773,0,0,26569.8257

17,True,False,0.02,0.25,Rot17,2,0,-0.01802403,-0.002923606,0.06817773,0,0,26596.1299

17,True,False,0.02,0.25,Rot17,2,0,-0.01802403,-0.002923606,0.06817773,0,0,26623.2282

17,True,False,0.02,0.25,Rot17,2,0,-0.01802403,-0.002923606,0.06817773,0,0,26638.6436

17,True,False,0.02,0.25,Rot17,2,0,-0.01802403,-0.002923606,0.06817773,0,0,26652.3061

17,True,False,0.02,0.25,Rot17,2,0,-0.01802403,-0.002923606,0.06817773,0,0,26666.1421

17,True,False,0.02,0.25,Rot17,2,0,-0.01802403,-0.002923606,0.06817773,0,0,26679.9985

17,True,False,0.02,0.25,Rot17,2,0,-0.01802403,-0.002923606,0.06817773,0,0,26694.4718

17,True,False,0.02,0.25,Rot17,2,0,-0.01802403,-0.002923606,0.06817773,0,0,26708.4934

17,True,False,0.02,0.25,Rot17,2,0,-0.01802403,-0.002923606,0.06817773,0,0,26722.8229

17,True,False,0.02,0.25,Rot17,2,0,-0.01802403,-0.002923606,0.06817773,0,0,26749.2054

17,True,False,0.02,0.25,Rot17,2,0,-0.01802403,-0.002923606,0.06817773,0,0,26762.7755

17,True,False,0.02,0.25,Rot17,2,0,-0.01802403,-0.002923606,0.06817773,0,0,26776.3496

17,True,False,0.02,0.25,Rot17,2,0,-0.01802403,-0.002923606,0.06817773,0,0,26790.8366

17,True,False,0.02,0.25,Rot17,2,0,-0.01802403,-0.002923606,0.06817773,0,0,26804.9613

17,True,False,0.02,0.25,Rot17,2,0,-0.01802403,-0.002923606,0.06817773,0,0,26821.2965

17,True,False,0.02,0.25,Rot17,2,0,-0.01802403,-0.002923606,0.06817773,0,0,26845.7747

17,True,False,0.02,0.25,Rot17,2,0,-0.01802403,-0.002923606,0.06817773,0,0,26861.7344

17,True,False,0.02,0.25,Rot17,2,0,-0.01802403,-0.002923606,0.06817773,0,0,26872.9222

17,True,False,0.02,0.25,Rot17,2,0,-0.01802403,-0.002923606,0.06817773,0,0,26887.5177

17,True,False,0.02,0.25,Rot17,2,0,-0.01802403,-0.002923606,0.06817773,0,0,26915.7655

17,True,False,0.02,0.25,Rot17,2,0,-0.01802403,-0.002923606,0.06817773,0,0,26941.401

17,True,False,0.02,0.25,Rot17,2,0,-0.01802403,-0.002923606,0.06817773,0,0,26969.8915

17,True,False,0.02,0.25,Rot17,2,0,-0.01802403,-0.002923606,0.06817773,0,0,26983.2387

17,True,False,0.02,0.25,Rot17,2,0,-0.01802403,-0.002923606,0.06817773,0,0,26996.3928

17,True,False,0.02,0.25,Rot17,2,0,-0.01802403,-0.002923606,0.06817773,0,0,27011.5609

17,True,False,0.02,0.25,Rot17,2,0,-0.01802403,-0.002923606,0.06817773,0,0,27025.5102

17,True,False,0.02,0.25,Rot17,2,0,-0.01802403,-0.002923606,0.06817773,0,0,27039.0166

17,True,False,0.02,0.25,Rot17,2,0,-0.01802403,-0.002923606,0.06817773,0,0,27054.0157

17,True,False,0.02,0.25,Rot17,2,0,-0.01802403,-0.002923606,0.06817773,0,0,27081.6514

17,True,False,0.02,0.25,Rot17,2,0,-0.01802403,-0.002923606,0.06817773,0,0,27095.7822

17,True,False,0.02,0.25,Rot17,2,0,-0.01802403,-0.002923606,0.06817773,0,0,27109.8144

17,True,False,0.02,0.25,Rot17,2,0,-0.01802403,-0.002923606,0.06817773,0,0,27124.0662

17,True,False,0.02,0.25,Rot17,2,0,-0.01802403,-0.002923606,0.06817773,0,0,27137.7241

17,True,False,0.02,0.25,Rot17,2,0,-0.01802403,-0.002923606,0.06817773,0,0,27152.3137

17,True,False,0.02,0.25,Rot17,2,0,-0.01802403,-0.002923606,0.06817773,0,0,27165.8107

17,True,False,0.02,0.25,Rot17,2,0,-0.01802403,-0.002923606,0.06817773,0,0,27193.259

17,True,False,0.02,0.25,Rot17,2,0,-0.01802403,-0.002923606,0.06817773,0,0,27220.3531

17,True,False,0.02,0.25,Rot17,2,0,-0.01802403,-0.002923606,0.06817773,0,0,27234.0754

17,True,False,0.02,0.25,Rot17,2,0,-0.01802403,-0.002923606,0.06817773,0,0,27248.2807

17,True,False,0.02,0.25,Rot17,2,0,-0.01802403,-0.002923606,0.06817773,0,0,27262.5899

17,True,False,0.02,0.25,Rot17,2,0,-0.01802403,-0.002923606,0.06817773,0,0,27276.8849

17,True,False,0.02,0.25,Rot17,2,0,-0.01802403,-0.002923606,0.06817773,0,0,27291.1024

17,True,False,0.02,0.25,Rot17,2,0,-0.01802403,-0.002923606,0.06817773,0,0,27305.444

17,True,False,0.02,0.25,Rot17,2,0,-0.01802403,-0.002923606,0.06817773,0,0,27320.039

17,True,False,0.02,0.25,Rot17,2,0,-0.01802403,-0.002923606,0.06817773,0,0,27332.5107

17,True,False,0.02,0.25,Rot17,2,0,-0.01802403,-0.002923606,0.06817773,0,0,27359.1642

17,True,False,0.02,0.25,Rot17,2,0,-0.01802403,-0.002923606,0.06817773,0,0,27373.2335

17,True,False,0.02,0.25,Rot17,2,0,-0.01802403,-0.002923606,0.06817773,0,0,27387.3291

17,True,False,0.02,0.25,Rot17,2,0,-0.01802403,-0.002923606,0.06817773,0,0,27401.5628

17,True,False,0.02,0.25,Rot17,2,0,-0.01802403,-0.002923606,0.06817773,0,0,27414.6571

17,True,False,0.02,0.25,Rot17,2,0,-0.01802403,-0.002923606,0.06817773,0,0,27442.5379

17,True,False,0.02,0.25,Rot17,2,0,-0.01802403,-0.002923606,0.06817773,0,0,27469.8254

17,True,False,0.02,0.25,Rot17,2,0,-0.01802403,-0.002923606,0.06817773,0,0,27483.5471

17,True,False,0.02,0.25,Rot17,2,0,-0.01802403,-0.002923606,0.06817773,0,0,27497.5728

17,True,False,0.02,0.25,Rot17,2,0,-0.01802403,-0.002923606,0.06817773,0,0,27512.4689

17,True,False,0.02,0.25,Rot17,2,0,-0.01802403,-0.002923606,0.06817773,0,0,27526.2841

17,True,False,0.02,0.25,Rot17,2,0,-0.01802403,-0.002923606,0.06817773,0,0,27540.2863

17,True,False,0.02,0.25,Rot17,2,0,-0.01802403,-0.002923606,0.06817773,0,0,27554.9037

17,True,False,0.02,0.25,Rot17,2,0,-0.01802403,-0.002923606,0.06817773,0,0,27569.1039

17,True,False,0.02,0.25,Rot17,2,0,-0.01802403,-0.002923606,0.06817773,0,0,27596.4507

17,True,False,0.02,0.25,Rot17,2,0,-0.01802403,-0.002923606,0.06817773,0,0,27610.1

17,True,False,0.02,0.25,Rot17,2,0,-0.01802403,-0.002923606,0.06817773,0,0,27624.1852

17,True,False,0.02,0.25,Rot17,2,0,-0.01802403,-0.002923606,0.06817773,0,0,27637.7853

17,True,False,0.02,0.25,Rot17,2,0,-0.01802403,-0.002923606,0.06817773,0,0,27652.0628

17,True,False,0.02,0.25,Rot17,2,0,-0.01802403,-0.002923606,0.06817773,0,0,27666.5877

17,True,False,0.02,0.25,Rot17,2,0,-0.01802403,-0.002923606,0.06817773,0,0,27692.8315

17,True,False,0.02,0.25,Rot17,2,0,-0.01802403,-0.002923606,0.06817773,0,0,27720.0366

17,True,False,0.02,0.25,Rot17,2,0,-0.01802403,-0.002923606,0.06817773,0,0,27734.0494

17,True,False,0.02,0.25,Rot17,2,0,-0.01802403,-0.002923606,0.06817773,0,0,27748.0852

17,True,False,0.02,0.25,Rot17,2,0,-0.01802403,-0.002923606,0.06817773,0,0,27762.8979

17,True,False,0.02,0.25,Rot17,2,0,-0.01802403,-0.002923606,0.06817773,0,0,27776.5187

17,True,False,0.02,0.25,Rot17,2,0,-0.01802403,-0.002923606,0.06817773,0,0,27790.7012

17,True,False,0.02,0.25,Rot17,2,0,-0.01802403,-0.002923606,0.06817773,0,0,27804.9522

17,True,False,0.02,0.25,Rot17,2,0,-0.01802403,-0.002923606,0.06817773,0,0,27820.4714

17,True,False,0.02,0.25,Rot17,2,0,-0.01802403,-0.002923606,0.06817773,0,0,27833.2554

17,True,False,0.02,0.25,Rot17,2,0,-0.01802403,-0.002923606,0.06817773,0,0,27848.5262

17,True,False,0.02,0.25,Rot17,2,0,-0.01802403,-0.002923606,0.06817773,0,0,27873.2848

17,True,False,0.02,0.25,Rot17,2,0,-0.01802403,-0.002923606,0.06817773,0,0,27900.2752

17,True,False,0.02,0.25,Rot17,2,0,-0.01802403,-0.002923606,0.06817773,0,0,27914.0472

17,True,False,0.02,0.25,Rot17,2,0,-0.01802403,-0.002923606,0.06817773,0,0,27927.6063

17,True,False,0.02,0.25,Rot17,2,0,-0.01802403,-0.002923606,0.06817773,0,0,27941.7282

17,True,False,0.02,0.25,Rot17,2,0,-0.01802403,-0.002923606,0.06817773,0,0,27955.9992

17,True,False,0.02,0.25,Rot17,2,0,-0.01802403,-0.002923606,0.06817773,0,0,27970.139

17,True,False,0.02,0.25,Rot17,2,0,-0.01802403,-0.002923606,0.06817773,0,0,27985.0392

17,True,False,0.02,0.25,Rot17,2,0,-0.01802403,-0.002923606,0.06817773,0,0,28000.4738

17,True,False,0.02,0.25,Rot17,2,0,-0.01802403,-0.002923606,0.06817773,0,0,28025.0764

17,True,False,0.02,0.25,Rot17,2,0,-0.01802403,-0.002923606,0.06817773,0,0,28039.8157

17,True,False,0.02,0.25,Rot17,2,0,-0.01802403,-0.002923606,0.06817773,0,0,28052.838

17,True,False,0.02,0.25,Rot17,2,0,-0.01802403,-0.002923606,0.06817773,0,0,28067.885

17,True,False,0.02,0.25,Rot17,2,0,-0.01802403,-0.002923606,0.06817773,0,0,28083.0497

17,True,False,0.02,0.25,Rot17,2,0,-0.01802403,-0.002923606,0.06817773,0,0,28108.229

17,True,False,0.02,0.25,Rot17,2,0,-0.01802403,-0.002923606,0.06817773,0,0,28135.9664

17,True,False,0.02,0.25,Rot17,2,0,-0.01802403,-0.002923606,0.06817773,0,0,28149.6968

17,True,False,0.02,0.25,Rot17,2,0,-0.01802403,-0.002923606,0.06817773,0,0,28164.1041

17,True,False,0.02,0.25,Rot17,2,0,-0.01802403,-0.002923606,0.06817773,0,0,28178.2104

17,True,False,0.02,0.25,Rot17,2,0,-0.01802403,-0.002923606,0.06817773,0,0,28192.8355

17,True,False,0.02,0.25,Rot17,2,0,-0.01802403,-0.002923606,0.06817773,0,0,28207.4516

17,True,False,0.02,0.25,Rot17,2,0,-0.01802403,-0.002923606,0.06817773,0,0,28221.1261

17,True,False,0.02,0.25,Rot17,2,0,-0.01802403,-0.002923606,0.06817773,0,0,28234.9497

17,True,False,0.02,0.25,Rot17,2,0,-0.01802403,-0.002923606,0.06817773,0,0,28262.1782

17,True,False,0.02,0.25,Rot17,2,0,-0.01802403,-0.002923606,0.06817773,0,0,28276.5688

17,True,False,0.02,0.25,Rot17,2,0,-0.01802403,-0.002923606,0.06817773,0,0,28293.0546

17,True,False,0.02,0.25,Rot17,2,0,-0.01802403,-0.002923606,0.06817773,0,0,28319.6366

17,True,False,0.02,0.25,Rot17,2,0,-0.01802403,-0.002923606,0.06817773,0,0,28332.9838

17,True,False,0.02,0.25,Rot17,2,0,-0.01802403,-0.002923606,0.06817773,0,0,28346.6994

17,True,False,0.02,0.25,Rot17,2,0,-0.01802403,-0.002923606,0.06817773,0,0,28361.136

17,True,False,0.02,0.25,Rot17,2,0,-0.01802403,-0.002923606,0.06817773,0,0,28374.8967

17,True,False,0.02,0.25,Rot17,2,0,-0.01802403,-0.002923606,0.06817773,0,0,28389.2093

17,True,False,0.02,0.25,Rot17,2,0,-0.01802403,-0.002923606,0.06817773,0,0,28404.1934

17,True,False,0.02,0.25,Rot17,2,0,-0.01802403,-0.002923606,0.06817773,0,0,28416.4691

17,True,False,0.02,0.25,Rot17,2,0,-0.01802403,-0.002923606,0.06817773,0,0,28443.8004

17,True,False,0.02,0.25,Rot17,2,0,-0.01802403,-0.002923606,0.06817773,0,0,28457.9219

17,True,False,0.02,0.25,Rot17,2,0,-0.01802403,-0.002923606,0.06817773,0,0,28471.2174

17,True,False,0.02,0.25,Rot17,2,0,-0.01802403,-0.002923606,0.06817773,0,0,28486.9375

17,True,False,0.02,0.25,Rot17,2,0,-0.01802403,-0.002923606,0.06817773,0,0,28500.0285

17,True,False,0.02,0.25,Rot17,2,0,-0.01802403,-0.002923606,0.06817773,0,0,28526.6965

17,True,False,0.02,0.25,Rot17,2,0,-0.01802403,-0.002923606,0.06817773,0,0,28541.8234

17,True,False,0.02,0.25,Rot17,2,0,-0.01802403,-0.002923606,0.06817773,0,0,28553.6177

17,True,False,0.02,0.25,Rot17,2,0,-0.01802403,-0.002923606,0.06817773,0,0,28594.3376

17,True,False,0.02,0.25,Rot17,2,0,-0.01802403,-0.002923606,0.06817773,0,0,28609.4124

17,True,False,0.02,0.25,Rot17,2,0,-0.01802403,-0.002923606,0.06817773,0,0,28621.9835

17,True,False,0.02,0.25,Rot17,2,0,-0.01802403,-0.002923606,0.06817773,0,0,28636.8682

17,True,False,0.02,0.25,Rot17,2,0,-0.01802403,-0.002923606,0.06817773,0,0,28663.6108

17,True,False,0.02,0.25,Rot17,2,0,-0.01802403,-0.002923606,0.06817773,0,0,28690.3223

17,True,False,0.02,0.25,Rot17,2,0,-0.01802403,-0.002923606,0.06817773,0,0,28702.9303

17,True,False,0.02,0.25,Rot17,2,0,-0.01802403,-0.002923606,0.06817773,0,0,28715.4662

17,True,False,0.02,0.25,Rot17,2,0,-0.01802403,-0.002923606,0.06817773,0,0,28729.0489

17,True,False,0.02,0.25,Rot17,2,0,-0.01802403,-0.002923606,0.06817773,0,0,28742.5703

17,True,False,0.02,0.25,Rot17,2,0,-0.01802403,-0.002923606,0.06817773,0,0,28755.0807

17,True,False,0.02,0.25,Rot17,2,0,-0.01802403,-0.002923606,0.06817773,0,0,28769.5687

17,True,False,0.02,0.25,Rot17,2,0,-0.01802403,-0.002923606,0.06817773,0,0,28795.7101

17,True,False,0.02,0.25,Rot17,2,0,-0.01802403,-0.002923606,0.06817773,0,0,28821.1927

17,True,False,0.02,0.25,Rot17,2,0,-0.01802403,-0.002923606,0.06817773,0,0,28834.8129

17,True,False,0.02,0.25,Rot17,2,0,-0.01802403,-0.002923606,0.06817773,0,0,28848.8929

17,True,False,0.02,0.25,Rot17,2,0,-0.01802403,-0.002923606,0.06817773,0,0,28862.3063

17,True,False,0.02,0.25,Rot17,2,0,-0.01802403,-0.002923606,0.06817773,0,0,28875.7148

17,True,False,0.02,0.25,Rot17,2,0,-0.01802403,-0.002923606,0.06817773,0,0,28889.9287

17,True,False,0.02,0.25,Rot17,2,0,-0.01802403,-0.002923606,0.06817773,0,0,28917.1612

17,True,False,0.02,0.25,Rot17,2,0,-0.01802403,-0.002923606,0.06817773,0,0,28930.3198

17,True,False,0.02,0.25,Rot17,2,0,-0.01802403,-0.002923606,0.06817773,0,0,28944.5059

17,True,False,0.02,0.25,Rot17,2,0,-0.01802403,-0.002923606,0.06817773,0,0,28958.3817

17,True,False,0.02,0.25,Rot17,2,0,-0.01802403,-0.002923606,0.06817773,0,0,28972.3163

17,True,False,0.02,0.25,Rot17,2,0,-0.01802403,-0.002923606,0.06817773,0,0,28999.2333

17,True,False,0.02,0.25,Rot17,2,0,-0.01802403,-0.002923606,0.06817773,0,0,29014.1362

17,True,False,0.02,0.25,Rot17,2,0,-0.01802403,-0.002923606,0.06817773,0,0,29027.0477

17,True,False,0.02,0.25,Rot17,2,0,-0.01802403,-0.002923606,0.06817773,0,0,29040.4598

17,True,False,0.02,0.25,Rot17,2,0,-0.01802403,-0.002923606,0.06817773,0,0,29054.9242

17,True,False,0.02,0.25,Rot17,2,0,-0.01802403,-0.002923606,0.06817773,0,0,29070.4912

17,True,False,0.02,0.25,Rot17,2,0,-0.01802403,-0.002923606,0.06817773,0,0,29094.8553

17,True,False,0.02,0.25,Rot17,2,0,-0.01802403,-0.002923606,0.06817773,0,0,29122.0021

17,True,False,0.02,0.25,Rot17,2,0,-0.01802403,-0.002923606,0.06817773,0,0,29136.5792

17,True,False,0.02,0.25,Rot17,2,0,-0.01802403,-0.002923606,0.06817773,0,0,29150.4994

17,True,False,0.02,0.25,Rot17,2,0,-0.01802403,-0.002923606,0.06817773,0,0,29164.9159

17,True,False,0.02,0.25,Rot17,2,0,-0.01802403,-0.002923606,0.06817773,0,0,29178.4037

17,True,False,0.02,0.25,Rot17,2,0,-0.01802403,-0.002923606,0.06817773,0,0,29193.0398

17,True,False,0.02,0.25,Rot17,2,0,-0.01802403,-0.002923606,0.06817773,0,0,29207.0319

17,True,False,0.02,0.25,Rot17,2,0,-0.01802403,-0.002923606,0.06817773,0,0,29221.1293

17,True,False,0.02,0.25,Rot17,2,0,-0.01802403,-0.002923606,0.06817773,0,0,29236.0579

17,True,False,0.02,0.25,Rot17,2,0,-0.01802403,-0.002923606,0.06817773,0,0,29261.6403

17,True,False,0.02,0.25,Rot17,2,0,-0.01802403,-0.002923606,0.06817773,0,0,29288.742

17,True,False,0.02,0.25,Rot17,2,0,-0.01802403,-0.002923606,0.06817773,0,0,29302.9681

17,True,False,0.02,0.25,Rot17,2,0,-0.01802403,-0.002923606,0.06817773,0,0,29316.8799

17,True,False,0.02,0.25,Rot17,2,0,-0.01802403,-0.002923606,0.06817773,0,0,29331.0183

17,True,False,0.02,0.25,Rot17,2,0,-0.01802403,-0.002923606,0.06817773,0,0,29345.3269

17,True,False,0.02,0.25,Rot17,2,0,-0.01802403,-0.002923606,0.06817773,0,0,29359.0964

17,True,False,0.02,0.25,Rot17,2,0,-0.01802403,-0.002923606,0.06817773,0,0,29373.5037

17,True,False,0.02,0.25,Rot17,2,0,-0.01802403,-0.002923606,0.06817773,0,0,29387.9846

17,True,False,0.02,0.25,Rot17,2,0,-0.01802403,-0.002923606,0.06817773,0,0,29414.8744

17,True,False,0.02,0.25,Rot17,2,0,-0.01802403,-0.002923606,0.06817773,0,0,29430.7154

17,True,False,0.02,0.25,Rot17,2,0,-0.01802403,-0.002923606,0.06817773,0,0,29442.8375

17,True,False,0.02,0.25,Rot17,2,0,-0.01802403,-0.002923606,0.06817773,0,0,29456.157

17,True,False,0.02,0.25,Rot17,2,0,-0.01802403,-0.002923606,0.06817773,0,0,29471.3078

17,True,False,0.02,0.25,Rot17,2,0,-0.01802403,-0.002923606,0.06817773,0,0,29497.6958

17,True,False,0.02,0.25,Rot17,2,0,-0.01802403,-0.002923606,0.06817773,0,0,29513.7066

17,True,False,0.02,0.25,Rot17,2,0,-0.01802403,-0.002923606,0.06817773,0,0,29525.3584

17,True,False,0.02,0.25,Rot17,2,0,-0.01802403,-0.002923606,0.06817773,0,0,29538.7856

17,True,False,0.02,0.25,Rot17,2,0,-0.01802403,-0.002923606,0.06817773,0,0,29555.566

17,True,False,0.02,0.25,Rot17,2,0,-0.01802403,-0.002923606,0.06817773,0,0,29580.5398

17,True,False,0.02,0.25,Rot17,2,0,-0.01802403,-0.002923606,0.06817773,0,0,29608.2135

17,True,False,0.02,0.25,Rot17,2,0,-0.01802403,-0.002923606,0.06817773,0,0,29623.1968

17,True,False,0.02,0.25,Rot17,2,0,-0.01802403,-0.002923606,0.06817773,0,0,29636.7778

17,True,False,0.02,0.25,Rot17,2,0,-0.01802403,-0.002923606,0.06817773,0,0,29651.1871

17,True,False,0.02,0.25,Rot17,2,0,-0.01802403,-0.002923606,0.06817773,0,0,29665.7943

17,True,False,0.02,0.25,Rot17,2,0,-0.01802403,-0.002923606,0.06817773,0,0,29679.2891

17,True,False,0.02,0.25,Rot17,2,0,-0.01802403,-0.002923606,0.06817773,0,0,29696.0149

17,True,False,0.02,0.25,Rot17,2,0,-0.01802403,-0.002923606,0.06817773,0,0,29721.975

17,True,False,0.02,0.25,Rot17,2,0,-0.01802403,-0.002923606,0.06817773,0,0,29735.8602

17,True,False,0.02,0.25,Rot17,2,0,-0.01802403,-0.002923606,0.06817773,0,0,29749.5401

17,True,False,0.02,0.25,Rot17,2,0,-0.01802403,-0.002923606,0.06817773,0,0,29763.8069

17,True,False,0.02,0.25,Rot17,2,0,-0.01802403,-0.002923606,0.06817773,0,0,29777.0937

17,True,False,0.02,0.25,Rot17,2,0,-0.01802403,-0.002923606,0.06817773,0,0,29791.6702

17,True,False,0.02,0.25,Rot17,2,0,-0.01802403,-0.002923606,0.06817773,0,0,29806.1196

17,True,False,0.02,0.25,Rot17,2,0,-0.01802403,-0.002923606,0.06817773,0,0,29819.2608

17,True,False,0.02,0.25,Rot17,2,0,-0.01802403,-0.002923606,0.06817773,0,0,29845.6472

17,True,False,0.02,0.25,Rot17,2,0,-0.01802403,-0.002923606,0.06817773,0,0,29861.6969

17,True,False,0.02,0.25,Rot17,2,0,-0.01802403,-0.002923606,0.06817773,0,0,29873.1343

17,True,False,0.02,0.25,Rot17,2,0,-0.01802403,-0.002923606,0.06817773,0,0,29887.2794

17,True,False,0.02,0.25,Rot17,2,0,-0.01802403,-0.002923606,0.06817773,0,0,29902.2643

17,True,False,0.02,0.25,Rot17,2,0,-0.01802403,-0.002923606,0.06817773,0,0,29928.4801

17,True,False,0.02,0.25,Rot17,2,0,-0.01802403,-0.002923606,0.06817773,0,0,29955.9913

17,True,False,0.02,0.25,Rot17,2,0,-0.01802403,-0.002923606,0.06817773,0,0,29969.7633

17,True,False,0.02,0.25,Rot17,2,0,-0.01802403,-0.002923606,0.06817773,0,0,29983.6114

17,True,False,0.02,0.25,Rot17,2,0,-0.01802403,-0.002923606,0.06817773,0,0,29997.6335

17,True,False,0.02,0.25,Rot17,2,0,-0.01802403,-0.002923606,0.06817773,0,0,30011.8455

17,True,False,0.02,0.25,Rot17,2,0,-0.01802403,-0.002923606,0.06817773,0,0,30026.1504

17,True,False,0.02,0.25,Rot17,2,0,-0.01802403,-0.002923606,0.06817773,0,0,30040.684

17,True,False,0.02,0.25,Rot17,2,0,-0.01802403,-0.002923606,0.06817773,0,0,30053.692

17,True,False,0.02,0.25,Rot17,2,0,-0.01802403,-0.002923606,0.06817773,0,0,30081.4319

17,True,False,0.02,0.25,Rot17,2,0,-0.01802403,-0.002923606,0.06817773,0,0,30095.3296

17,True,False,0.02,0.25,Rot17,2,0,-0.01802403,-0.002923606,0.06817773,0,0,30109.2157

17,True,False,0.02,0.25,Rot17,2,0,-0.01802403,-0.002923606,0.06817773,0,0,30123.3251

17,True,False,0.02,0.25,Rot17,2,0,-0.01802403,-0.002923606,0.06817773,0,0,30137.2479

17,True,False,0.02,0.25,Rot17,2,0,-0.01802403,-0.002923606,0.06817773,0,0,30164.0502

17,True,False,0.02,0.25,Rot17,2,0,-0.01802403,-0.002923606,0.06817773,0,0,30178.7449

17,True,False,0.02,0.25,Rot17,2,0,-0.01802403,-0.002923606,0.06817773,0,0,30192.8328

17,True,False,0.02,0.25,Rot17,2,0,-0.01802403,-0.002923606,0.06817773,0,0,30206.8008

17,True,False,0.02,0.25,Rot17,2,0,-0.01802403,-0.002923606,0.06817773,0,0,30221.4983

17,True,False,0.02,0.25,Rot17,2,0,-0.01802403,-0.002923606,0.06817773,0,0,30250.3154

17,True,False,0.02,0.25,Rot17,2,0,-0.01802403,-0.002923606,0.06817773,0,0,30275.2672

17,True,False,0.02,0.25,Rot17,2,0,-0.01802403,-0.002923606,0.06817773,0,0,30302.6346

17,True,False,0.02,0.25,Rot17,2,0,-0.01802403,-0.002923606,0.06817773,0,0,30316.4493

17,True,False,0.02,0.25,Rot17,2,0,-0.01802403,-0.002923606,0.06817773,0,0,30330.6633

17,True,False,0.02,0.25,Rot17,2,0,-0.01802403,-0.002923606,0.06817773,0,0,30345.1989

17,True,False,0.02,0.25,Rot17,2,0,-0.01802403,-0.002923606,0.06817773,0,0,30358.898

17,True,False,0.02,0.25,Rot17,2,0,-0.01802403,-0.002923606,0.06817773,0,0,30373.4284

17,True,False,0.02,0.25,Rot17,2,0,-0.01802403,-0.002923606,0.06817773,0,0,30387.4749

17,True,False,0.02,0.25,Rot17,2,0,-0.01802403,-0.002923606,0.06817773,0,0,30401.5246

17,True,False,0.02,0.25,Rot17,2,0,-0.01802403,-0.002923606,0.06817773,0,0,30428.3544

17,True,False,0.02,0.25,Rot17,2,0,-0.01802403,-0.002923606,0.06817773,0,0,30441.7111

17,True,False,0.02,0.25,Rot17,2,0,-0.01802403,-0.002923606,0.06817773,0,0,30455.6714

17,True,False,0.02,0.25,Rot17,2,0,-0.01802403,-0.002923606,0.06817773,0,0,30470.106

17,True,False,0.02,0.25,Rot17,2,0,-0.01802403,-0.002923606,0.06817773,0,0,30483.9424

17,True,False,0.02,0.25,Rot17,2,0,-0.01802403,-0.002923606,0.06817773,0,0,30510.5206

17,True,False,0.02,0.25,Rot17,2,0,-0.01802403,-0.002923606,0.06817773,0,0,30524.8432

17,True,False,0.02,0.25,Rot17,2,0,-0.01802403,-0.002923606,0.06817773,0,0,30538.27

17,True,False,0.02,0.25,Rot17,2,0,-0.01802403,-0.002923606,0.06817773,0,0,30552.7132

17,True,False,0.02,0.25,Rot17,2,0,-0.01802403,-0.002923606,0.06817773,0,0,30566.8783

17,True,False,0.02,0.25,Rot17,2,0,-0.01802403,-0.002923606,0.06817773,0,0,30594.1697

17,True,False,0.02,0.25,Rot17,2,0,-0.01802403,-0.002923606,0.06817773,0,0,30609.6476

17,True,False,0.02,0.25,Rot17,2,0,-0.01802403,-0.002923606,0.06817773,0,0,30622.3312

17,True,False,0.02,0.25,Rot17,2,0,-0.01802403,-0.002923606,0.06817773,0,0,30635.7211

17,True,False,0.02,0.25,Rot17,2,0,-0.01802403,-0.002923606,0.06817773,0,0,30650.3961

17,True,False,0.02,0.25,Rot17,2,0,-0.01802403,-0.002923606,0.06817773,0,0,30677.6152

17,True,False,0.02,0.25,Rot17,2,0,-0.01802403,-0.002923606,0.06817773,0,0,30691.9877

17,True,False,0.02,0.25,Rot17,2,0,-0.01802403,-0.002923606,0.06817773,0,0,30707.5761

17,True,False,0.02,0.25,Rot17,2,0,-0.01802403,-0.002923606,0.06817773,0,0,30721.5635

17,True,False,0.02,0.25,Rot17,2,0,-0.01802403,-0.002923606,0.06817773,0,0,30733.6654

17,True,False,0.02,0.25,Rot17,2,0,-0.01802403,-0.002923606,0.06817773,0,0,30760.527

17,True,False,0.02,0.25,Rot17,2,0,-0.01802403,-0.002923606,0.06817773,0,0,30774.4935

17,True,False,0.02,0.25,Rot17,2,0,-0.01802403,-0.002923606,0.06817773,0,0,30788.791

17,True,False,0.02,0.25,Rot17,2,0,-0.01802403,-0.002923606,0.06817773,0,0,30802.802

17,True,False,0.02,0.25,Rot17,2,0,-0.01802403,-0.002923606,0.06817773,0,0,30816.7132

17,True,False,0.02,0.25,Rot17,2,0,-0.01802403,-0.002923606,0.06817773,0,0,30844.2003

17,True,False,0.02,0.25,Rot17,2,0,-0.01802403,-0.002923606,0.06817773,0,0,30858.9035

17,True,False,0.02,0.25,Rot17,2,0,-0.01802403,-0.002923606,0.06817773,0,0,30872.0173

17,True,False,0.02,0.25,Rot17,2,0,-0.01802403,-0.002923606,0.06817773,0,0,30886.2552

17,True,False,0.02,0.25,Rot17,2,0,-0.01802403,-0.002923606,0.06817773,0,0,30902.3153

17,True,False,0.02,0.25,Rot17,2,0,-0.01802403,-0.002923606,0.06817773,0,0,30927.3028

17,True,False,0.02,0.25,Rot17,2,0,-0.01802403,-0.002923606,0.06817773,0,0,30953.3694

17,True,False,0.02,0.25,Rot17,2,0,-0.01802403,-0.002923606,0.06817773,0,0,30965.9355

17,True,False,0.02,0.25,Rot17,2,0,-0.01802403,-0.002923606,0.06817773,0,0,30978.5891

17,True,False,0.02,0.25,Rot17,2,0,-0.01802403,-0.002923606,0.06817773,0,0,30992.0267

17,True,False,0.02,0.25,Rot17,2,0,-0.01802403,-0.002923606,0.06817773,0,0,31005.2336

17,True,False,0.02,0.25,Rot17,2,0,-0.01802403,-0.002923606,0.06817773,0,0,31020.1043

17,True,False,0.02,0.25,Rot17,2,0,-0.01802403,-0.002923606,0.06817773,0,0,31034.9201

17,True,False,0.02,0.25,Rot17,2,0,-0.01802403,-0.002923606,0.06817773,0,0,31060.8301

17,True,False,0.02,0.25,Rot17,2,0,-0.01802403,-0.002923606,0.06817773,0,0,31076.713

17,True,False,0.02,0.25,Rot17,2,0,-0.01802403,-0.002923606,0.06817773,0,0,31087.8655

17,True,False,0.02,0.25,Rot17,2,0,-0.01802403,-0.002923606,0.06817773,0,0,31115.2919

17,True,False,0.02,0.25,Rot17,2,0,-0.01802403,-0.002923606,0.06817773,0,0,31128.3934

17,True,False,0.02,0.25,Rot17,2,0,-0.01802403,-0.002923606,0.06817773,0,0,31156.6701

17,True,False,0.02,0.25,Rot17,2,0,-0.01802403,-0.002923606,0.06817773,0,0,31168.4369

17,True,False,0.02,0.25,Rot17,2,0,-0.01802403,-0.002923606,0.06817773,0,0,31182.1194

17,True,False,0.02,0.25,Rot17,2,0,-0.01802403,-0.002923606,0.06817773,0,0,31195.2639

17,True,False,0.02,0.25,Rot17,2,0,-0.01802403,-0.002923606,0.06817773,0,0,31209.4481

17,True,False,0.02,0.25,Rot17,2,0,-0.01802403,-0.002923606,0.06817773,0,0,31223.1191

17,True,False,0.02,0.25,Rot17,2,0,-0.01802403,-0.002923606,0.06817773,0,0,31236.3589

17,True,False,0.02,0.25,Rot17,2,0,-0.01802403,-0.002923606,0.06817773,0,0,31250.4124

17,True,False,0.02,0.25,Rot17,2,0,-0.01802403,-0.002923606,0.06817773,0,0,31277.087

17,True,False,0.02,0.25,Rot17,2,0,-0.01802403,-0.002923606,0.06817773,0,0,31303.9807

17,True,False,0.02,0.25,Rot17,2,0,-0.01802403,-0.002923606,0.06817773,0,0,31317.8943

17,True,False,0.02,0.25,Rot17,2,0,-0.01802403,-0.002923606,0.06817773,0,0,31331.6089

17,True,False,0.02,0.25,Rot17,2,0,-0.01802403,-0.002923606,0.06817773,0,0,31345.5902

17,True,False,0.02,0.25,Rot17,2,0,-0.01802403,-0.002923606,0.06817773,0,0,31359.295

17,True,False,0.02,0.25,Rot17,2,0,-0.01802403,-0.002923606,0.06817773,0,0,31373.7008

17,True,False,0.02,0.25,Rot17,2,0,-0.01802403,-0.002923606,0.06817773,0,0,31387.9815

17,True,False,0.02,0.25,Rot17,2,0,-0.01802403,-0.002923606,0.06817773,0,0,31401.9072

17,True,False,0.02,0.25,Rot17,2,0,-0.01802403,-0.002923606,0.06817773,0,0,31428.415

17,True,False,0.02,0.25,Rot17,2,0,-0.01802403,-0.002923606,0.06817773,0,0,31442.5459

17,True,False,0.02,0.25,Rot17,2,0,-0.01802403,-0.002923606,0.06817773,0,0,31456.0205

17,True,False,0.02,0.25,Rot17,2,0,-0.01802403,-0.002923606,0.06817773,0,0,31470.5586

17,True,False,0.02,0.25,Rot17,2,0,-0.01802403,-0.002923606,0.06817773,0,0,31485.7501

17,True,False,0.02,0.25,Rot17,2,0,-0.01802403,-0.002923606,0.06817773,0,0,31511.5687

17,True,False,0.02,0.25,Rot17,2,0,-0.01802403,-0.002923606,0.06817773,0,0,31525.8154

17,True,False,0.02,0.25,Rot17,2,0,-0.01802403,-0.002923606,0.06817773,0,0,31539.6108

17,True,False,0.02,0.25,Rot17,2,0,-0.01802403,-0.002923606,0.06817773,0,0,31552.8878

17,True,False,0.02,0.25,Rot17,2,0,-0.01802403,-0.002923606,0.06817773,0,0,31568.0574

17,True,False,0.02,0.25,Rot17,2,0,-0.01802403,-0.002923606,0.06817773,0,0,31583.3301

17,True,False,0.02,0.25,Rot17,2,0,-0.01802403,-0.002923606,0.06817773,0,0,31607.6255

17,True,False,0.02,0.25,Rot17,2,0,-0.01802403,-0.002923606,0.06817773,0,0,31623.1942

17,True,False,0.02,0.25,Rot17,2,0,-0.01802403,-0.002923606,0.06817773,0,0,31634.8385

17,True,False,0.02,0.25,Rot17,2,0,-0.01802403,-0.002923606,0.06817773,0,0,31650.076

17,True,False,0.02,0.25,Rot17,2,0,-0.01802403,-0.002923606,0.06817773,0,0,31676.7545

17,True,False,0.02,0.25,Rot17,2,0,-0.01802403,-0.002923606,0.06817773,0,0,31692.6929

17,True,False,0.02,0.25,Rot17,2,0,-0.01802403,-0.002923606,0.06817773,0,0,31704.8631

17,True,False,0.02,0.25,Rot17,2,0,-0.01802403,-0.002923606,0.06817773,0,0,31718.5979

17,True,False,0.02,0.25,Rot17,2,0,-0.01802403,-0.002923606,0.06817773,0,0,31733.8945

17,True,False,0.02,0.25,Rot17,2,0,-0.01802403,-0.002923606,0.06817773,0,0,31760.1732

17,True,False,0.02,0.25,Rot17,2,0,-0.01802403,-0.002923606,0.06817773,0,0,31774.7033

17,True,False,0.02,0.25,Rot17,2,0,-0.01802403,-0.002923606,0.06817773,0,0,31788.2647

17,True,False,0.02,0.25,Rot17,2,0,-0.01802403,-0.002923606,0.06817773,0,0,31802.7494

17,True,False,0.02,0.25,Rot17,2,0,-0.01802403,-0.002923606,0.06817773,0,0,31816.321

17,True,False,0.02,0.25,Rot17,2,0,-0.01802403,-0.002923606,0.06817773,0,0,31844.4742

17,True,False,0.02,0.25,Rot17,2,0,-0.01802403,-0.002923606,0.06817773,0,0,31859.3249

17,True,False,0.02,0.25,Rot17,2,0,-0.01802403,-0.002923606,0.06817773,0,0,31871.753

17,True,False,0.02,0.25,Rot17,2,0,-0.01802403,-0.002923606,0.06817773,0,0,31886.548

17,True,False,0.02,0.25,Rot17,2,0,-0.01802403,-0.002923606,0.06817773,0,0,31915.5505

17,True,False,0.02,0.25,Rot17,2,0,-0.01802403,-0.002923606,0.06817773,0,0,31930.0115

17,True,False,0.02,0.25,Rot17,2,0,-0.01802403,-0.002923606,0.06817773,0,0,31954.1858

17,True,False,0.02,0.25,Rot17,2,0,-0.01802403,-0.002923606,0.06817773,0,0,31969.117

17,True,False,0.02,0.25,Rot17,2,0,-0.01802403,-0.002923606,0.06817773,0,0,31983.8593

17,True,False,0.02,0.25,Rot17,2,0,-0.01802403,-0.002923606,0.06817773,0,0,32010.0943

17,True,False,0.02,0.25,Rot17,2,0,-0.01802403,-0.002923606,0.06817773,0,0,32026.1692

17,True,False,0.02,0.25,Rot17,2,0,-0.01802403,-0.002923606,0.06817773,0,0,32038.1798

17,True,False,0.02,0.25,Rot17,2,0,-0.01802403,-0.002923606,0.06817773,0,0,32051.4366

17,True,False,0.02,0.25,Rot17,2,0,-0.01802403,-0.002923606,0.06817773,0,0,32066.0665

17,True,False,0.02,0.25,Rot17,2,0,-0.01802403,-0.002923606,0.06817773,0,0,32080.3092

17,True,False,0.02,0.25,Rot17,2,0,-0.01802403,-0.002923606,0.06817773,0,0,32107.3301

17,True,False,0.02,0.25,Rot17,2,0,-0.01802403,-0.002923606,0.06817773,0,0,32122.3239

17,True,False,0.02,0.25,Rot17,2,0,-0.01802403,-0.002923606,0.06817773,0,0,32135.1237

17,True,False,0.02,0.25,Rot17,2,0,-0.01802403,-0.002923606,0.06817773,0,0,32149.4796

17,True,False,0.02,0.25,Rot17,2,0,-0.01802403,-0.002923606,0.06817773,0,0,32163.765

17,True,False,0.02,0.25,Rot17,2,0,-0.01802403,-0.002923606,0.06817773,0,0,32190.8397

17,True,False,0.02,0.25,Rot17,2,0,-0.01802403,-0.002923606,0.06817773,0,0,32206.0502

17,True,False,0.02,0.25,Rot17,2,0,-0.01802403,-0.002923606,0.06817773,0,0,32219.0064

17,True,False,0.02,0.25,Rot17,2,0,-0.01802403,-0.002923606,0.06817773,0,0,32233.0473

17,True,False,0.02,0.25,Rot17,2,0,-0.01802403,-0.002923606,0.06817773,0,0,32247.1066

17,True,False,0.02,0.25,Rot17,2,0,-0.01802403,-0.002923606,0.06817773,0,0,32274.2758

17,True,False,0.02,0.25,Rot17,2,0,-0.01802403,-0.002923606,0.06817773,0,0,32289.3071

17,True,False,0.02,0.25,Rot17,2,0,-0.01802403,-0.002923606,0.06817773,0,0,32302.2142

17,True,False,0.02,0.25,Rot17,2,0,-0.01802403,-0.002923606,0.06817773,0,0,32316.6233

17,True,False,0.02,0.25,Rot17,2,0,-0.01802403,-0.002923606,0.06817773,0,0,32330.342

17,True,False,0.02,0.25,Rot17,2,0,-0.01802403,-0.002923606,0.06817773,0,0,32357.4307

17,True,False,0.02,0.25,Rot17,2,0,-0.01802403,-0.002923606,0.06817773,0,0,32385.0298

17,True,False,0.02,0.25,Rot17,2,0,-0.01802403,-0.002923606,0.06817773,0,0,32399.7037

17,True,False,0.02,0.25,Rot17,2,0,-0.01802403,-0.002923606,0.06817773,0,0,32413.3712

17,True,False,0.02,0.25,Rot17,2,0,-0.01802403,-0.002923606,0.06817773,0,0,32427.5226

17,True,False,0.02,0.25,Rot17,2,0,-0.01802403,-0.002923606,0.06817773,0,0,32441.9723

17,True,False,0.02,0.25,Rot17,2,0,-0.01802403,-0.002923606,0.06817773,0,0,32455.8331

17,True,False,0.02,0.25,Rot17,2,0,-0.01802403,-0.002923606,0.06817773,0,0,32470.2757

17,True,False,0.02,0.25,Rot17,2,0,-0.01802403,-0.002923606,0.06817773,0,0,32484.6208

17,True,False,0.02,0.25,Rot17,2,0,-0.01802403,-0.002923606,0.06817773,0,0,32498.8291

17,True,False,0.02,0.25,Rot17,2,0,-0.01802403,-0.002923606,0.06817773,0,0,32514.2763

17,True,False,0.02,0.25,Rot17,2,0,-0.01802403,-0.002923606,0.06817773,0,0,32539.1788

17,True,False,0.02,0.25,Rot17,2,0,-0.01802403,-0.002923606,0.06817773,0,0,32566.3063

17,True,False,0.02,0.25,Rot17,2,0,-0.01802403,-0.002923606,0.06817773,0,0,32582.4104

17,True,False,0.02,0.25,Rot17,2,0,-0.01802403,-0.002923606,0.06817773,0,0,32608.9738

17,True,False,0.02,0.25,Rot17,2,0,-0.01802403,-0.002923606,0.06817773,0,0,32622.3317

17,True,False,0.02,0.25,Rot17,2,0,-0.01802403,-0.002923606,0.06817773,0,0,32636.075

17,True,False,0.02,0.25,Rot17,2,0,-0.01802403,-0.002923606,0.06817773,0,0,32651.6488

17,True,False,0.02,0.25,Rot17,2,0,-0.01802403,-0.002923606,0.06817773,0,0,32664.8483

17,True,False,0.02,0.25,Rot17,2,0,-0.01802403,-0.002923606,0.06817773,0,0,32691.5834

17,True,False,0.02,0.25,Rot17,2,0,-0.01802403,-0.002923606,0.06817773,0,0,32706.163

17,True,False,0.02,0.25,Rot17,2,0,-0.01802403,-0.002923606,0.06817773,0,0,32719.612

17,True,False,0.02,0.25,Rot17,2,0,-0.01802403,-0.002923606,0.06817773,0,0,32733.6357

17,True,False,0.02,0.25,Rot17,2,0,-0.01802403,-0.002923606,0.06817773,0,0,32749.2049

17,True,False,0.02,0.25,Rot17,2,0,-0.01802403,-0.002923606,0.06817773,0,0,32774.8919

17,True,False,0.02,0.25,Rot17,2,0,-0.01802403,-0.002923606,0.06817773,0,0,32790.4539

17,True,False,0.02,0.25,Rot17,2,0,-0.01802403,-0.002923606,0.06817773,0,0,32803.039

17,True,False,0.02,0.25,Rot17,2,0,-0.01802403,-0.002923606,0.06817773,0,0,32816.5622

17,True,False,0.02,0.25,Rot17,2,0,-0.01802403,-0.002923606,0.06817773,0,0,32832.8934

17,True,False,0.02,0.25,Rot17,2,0,-0.01802403,-0.002923606,0.06817773,0,0,32858.059

17,True,False,0.02,0.25,Rot17,2,0,-0.01802403,-0.002923606,0.06817773,0,0,32885.2932

17,True,False,0.02,0.25,Rot17,2,0,-0.01802403,-0.002923606,0.06817773,0,0,32899.9957

17,True,False,0.02,0.25,Rot17,2,0,-0.01802403,-0.002923606,0.06817773,0,0,32914.0032

17,True,False,0.02,0.25,Rot17,2,0,-0.01802403,-0.002923606,0.06817773,0,0,32928.2514

17,True,False,0.02,0.25,Rot17,2,0,-0.01802403,-0.002923606,0.06817773,0,0,32942.6266

17,True,False,0.02,0.25,Rot17,2,0,-0.01802403,-0.002923606,0.06817773,0,0,32956.1773

17,True,False,0.02,0.25,Rot17,2,0,-0.01802403,-0.002923606,0.06817773,0,0,32970.3541

17,True,False,0.02,0.25,Rot17,2,0,-0.01802403,-0.002923606,0.06817773,0,0,32984.2467

17,True,False,0.02,0.25,Rot17,2,0,-0.01802403,-0.002923606,0.06817773,0,0,32998.9353

17,True,False,0.02,0.25,Rot17,2,0,-0.01802403,-0.002923606,0.06817773,0,0,33025.7058

17,True,False,0.02,0.25,Rot17,2,0,-0.01802403,-0.002923606,0.06817773,0,0,33039.815

17,True,False,0.02,0.25,Rot17,2,0,-0.01802403,-0.002923606,0.06817773,0,0,33053.0153

17,True,False,0.02,0.25,Rot17,2,0,-0.01802403,-0.002923606,0.06817773,0,0,33067.624

17,True,False,0.02,0.25,Rot17,2,0,-0.01802403,-0.002923606,0.06817773,0,0,33083.4292

17,True,False,0.02,0.25,Rot17,2,0,-0.01802403,-0.002923606,0.06817773,0,0,33108.3815

17,True,False,0.02,0.25,Rot17,2,0,-0.01802403,-0.002923606,0.06817773,0,0,33124.0253

17,True,False,0.02,0.25,Rot17,2,0,-0.01802403,-0.002923606,0.06817773,0,0,33136.3724

17,True,False,0.02,0.25,Rot17,2,0,-0.01802403,-0.002923606,0.06817773,0,0,33150.4469

17,True,False,0.02,0.25,Rot17,2,0,-0.01802403,-0.002923606,0.06817773,0,0,33177.7668

17,True,False,0.02,0.25,Rot17,2,0,-0.01802403,-0.002923606,0.06817773,0,0,33192.1868

17,True,False,0.02,0.25,Rot17,2,0,-0.01802403,-0.002923606,0.06817773,0,0,33206.1934

17,True,False,0.02,0.25,Rot17,2,0,-0.01802403,-0.002923606,0.06817773,0,0,33219.8811

17,True,False,0.02,0.25,Rot17,2,0,-0.01802403,-0.002923606,0.06817773,0,0,33234.727

17,True,False,0.02,0.25,Rot17,2,0,-0.01802403,-0.002923606,0.06817773,0,0,33248.637

17,True,False,0.02,0.25,Rot17,2,0,-0.01802403,-0.002923606,0.06817773,0,0,33275.6075

17,True,False,0.02,0.25,Rot17,2,0,-0.01802403,-0.002923606,0.06817773,0,0,33290.8708

17,True,False,0.02,0.25,Rot17,2,0,-0.01802403,-0.002923606,0.06817773,0,0,33303.3789

17,True,False,0.02,0.25,Rot17,2,0,-0.01802403,-0.002923606,0.06817773,0,0,33317.296

17,True,False,0.02,0.25,Rot17,2,0,-0.01802403,-0.002923606,0.06817773,0,0,33331.8223

17,True,False,0.02,0.25,Rot17,2,0,-0.01802403,-0.002923606,0.06817773,0,0,33346.9038

17,True,False,0.02,0.25,Rot17,2,0,-0.01802403,-0.002923606,0.06817773,0,0,33372.4235

17,True,False,0.02,0.25,Rot17,2,0,-0.01802403,-0.002923606,0.06817773,0,0,33399.7333

17,True,False,0.02,0.25,Rot17,2,0,-0.01802403,-0.002923606,0.06817773,0,0,33414.2023

17,True,False,0.02,0.25,Rot17,2,0,-0.01802403,-0.002923606,0.06817773,0,0,33428.1513

17,True,False,0.02,0.25,Rot17,2,0,-0.01802403,-0.002923606,0.06817773,0,0,33442.165

17,True,False,0.02,0.25,Rot17,2,0,-0.01802403,-0.002923606,0.06817773,0,0,33456.0658

17,True,False,0.02,0.25,Rot17,2,0,-0.01802403,-0.002923606,0.06817773,0,0,33470.4644

17,True,False,0.02,0.25,Rot17,2,0,-0.01802403,-0.002923606,0.06817773,0,0,33485.5462

17,True,False,0.02,0.25,Rot17,2,0,-0.01802403,-0.002923606,0.06817773,0,0,33498.2821

17,True,False,0.02,0.25,Rot17,2,0,-0.01802403,-0.002923606,0.06817773,0,0,33525.6494

17,True,False,0.02,0.25,Rot17,2,0,-0.01802403,-0.002923606,0.06817773,0,0,33540.4113

17,True,False,0.02,0.25,Rot17,2,0,-0.01802403,-0.002923606,0.06817773,0,0,33553.7388

17,True,False,0.02,0.25,Rot17,2,0,-0.01802403,-0.002923606,0.06817773,0,0,33593.7849

17,True,False,0.02,0.25,Rot17,2,0,-0.01802403,-0.002923606,0.06817773,0,0,33608.043

17,True,False,0.02,0.25,Rot17,2,0,-0.01802403,-0.002923606,0.06817773,0,0,33621.4984

17,True,False,0.02,0.25,Rot17,2,0,-0.01802403,-0.002923606,0.06817773,0,0,33635.9238

17,True,False,0.02,0.25,Rot17,2,0,-0.01802403,-0.002923606,0.06817773,0,0,33649.3222

17,True,False,0.02,0.25,Rot17,2,0,-0.01802403,-0.002923606,0.06817773,0,0,33677.0268

17,True,False,0.02,0.25,Rot17,2,0,-0.01802403,-0.002923606,0.06817773,0,0,33704.3826

17,True,False,0.02,0.25,Rot17,2,0,-0.01802403,-0.002923606,0.06817773,0,0,33719.3991

17,True,False,0.02,0.25,Rot17,2,0,-0.01802403,-0.002923606,0.06817773,0,0,33733.2555

17,True,False,0.02,0.25,Rot17,2,0,-0.01802403,-0.002923606,0.06817773,0,0,33747.2189

17,True,False,0.02,0.25,Rot17,2,0,-0.01802403,-0.002923606,0.06817773,0,0,33761.3149

17,True,False,0.02,0.25,Rot17,2,0,-0.01802403,-0.002923606,0.06817773,0,0,33775.3374

17,True,False,0.02,0.25,Rot17,2,0,-0.01802403,-0.002923606,0.06817773,0,0,33789.6313

17,True,False,0.02,0.25,Rot17,2,0,-0.01802403,-0.002923606,0.06817773,0,0,33803.5645

17,True,False,0.02,0.25,Rot17,2,0,-0.01802403,-0.002923606,0.06817773,0,0,33819.2537

17,True,False,0.02,0.25,Rot17,2,0,-0.01802403,-0.002923606,0.06817773,0,0,33832.5031

17,True,False,0.02,0.25,Rot17,2,0,-0.01802403,-0.002923606,0.06817773,0,0,33857.424

17,True,False,0.02,0.25,Rot17,2,0,-0.01802403,-0.002923606,0.06817773,0,0,33884.9945

17,True,False,0.02,0.25,Rot17,2,0,-0.01802403,-0.002923606,0.06817773,0,0,33899.6847

17,True,False,0.02,0.25,Rot17,2,0,-0.01802403,-0.002923606,0.06817773,0,0,33913.5614

17,True,False,0.02,0.25,Rot17,2,0,-0.01802403,-0.002923606,0.06817773,0,0,33927.6154

17,True,False,0.02,0.25,Rot17,2,0,-0.01802403,-0.002923606,0.06817773,0,0,33942.0046

17,True,False,0.02,0.25,Rot17,2,0,-0.01802403,-0.002923606,0.06817773,0,0,33955.8008

17,True,False,0.02,0.25,Rot17,2,0,-0.01802403,-0.002923606,0.06817773,0,0,33970.3761

17,True,False,0.02,0.25,Rot17,2,0,-0.01802403,-0.002923606,0.06817773,0,0,33997.116

17,True,False,0.02,0.25,Rot17,2,0,-0.01802403,-0.002923606,0.06817773,0,0,34011.1888

17,True,False,0.02,0.25,Rot17,2,0,-0.01802403,-0.002923606,0.06817773,0,0,34025.2712

17,True,False,0.02,0.25,Rot17,2,0,-0.01802403,-0.002923606,0.06817773,0,0,34038.7621

17,True,False,0.02,0.25,Rot17,2,0,-0.01802403,-0.002923606,0.06817773,0,0,34054.5762

17,True,False,0.02,0.25,Rot17,2,0,-0.01802403,-0.002923606,0.06817773,0,0,34081.0606

17,True,False,0.02,0.25,Rot17,2,0,-0.01802403,-0.002923606,0.06817773,0,0,34097.7691

17,True,False,0.02,0.25,Rot17,2,0,-0.01802403,-0.002923606,0.06817773,0,0,34122.7136

17,True,False,0.02,0.25,Rot17,2,0,-0.01802403,-0.002923606,0.06817773,0,0,34151.2798

17,True,False,0.02,0.25,Rot17,2,0,-0.01802403,-0.002923606,0.06817773,0,0,34166.896

17,True,False,0.02,0.25,Rot17,2,0,-0.01802403,-0.002923606,0.06817773,0,0,34193.1403

17,True,False,0.02,0.25,Rot17,2,0,-0.01802403,-0.002923606,0.06817773,0,0,34207.4367

17,True,False,0.02,0.25,Rot17,2,0,-0.01802403,-0.002923606,0.06817773,0,0,34220.8538

17,True,False,0.02,0.25,Rot17,2,0,-0.01802403,-0.002923606,0.06817773,0,0,34249.0026

17,True,False,0.02,0.25,Rot17,2,0,-0.01802403,-0.002923606,0.06817773,0,0,34262.6613

17,True,False,0.02,0.25,Rot17,2,0,-0.01802403,-0.002923606,0.06817773,0,0,34276.2637

17,True,False,0.02,0.25,Rot17,2,0,-0.01802403,-0.002923606,0.06817773,0,0,34290.6382

17,True,False,0.02,0.25,Rot17,2,0,-0.01802403,-0.002923606,0.06817773,0,0,34304.6844

17,True,False,0.02,0.25,Rot17,2,0,-0.01802403,-0.002923606,0.06817773,0,0,34318.619

17,True,False,0.02,0.25,Rot17,2,0,-0.01802403,-0.002923606,0.06817773,0,0,34345.6726

17,True,False,0.02,0.25,Rot17,2,0,-0.01802403,-0.002923606,0.06817773,0,0,34360.7338

17,True,False,0.02,0.25,Rot17,2,0,-0.01802403,-0.002923606,0.06817773,0,0,34372.668

17,True,False,0.02,0.25,Rot17,2,0,-0.01802403,-0.002923606,0.06817773,0,0,34387.1054

17,True,False,0.02,0.25,Rot17,2,0,-0.01802403,-0.002923606,0.06817773,0,0,34401.4584

17,True,False,0.02,0.25,Rot17,2,0,-0.01802403,-0.002923606,0.06817773,0,0,34417.2744

17,True,False,0.02,0.25,Rot17,2,0,-0.01802403,-0.002923606,0.06817773,0,0,34441.2427

17,True,False,0.02,0.25,Rot17,2,0,-0.01802403,-0.002923606,0.06817773,0,0,34457.955

17,True,False,0.02,0.25,Rot17,2,0,-0.01802403,-0.002923606,0.06817773,0,0,34469.0174

17,True,False,0.02,0.25,Rot17,2,0,-0.01802403,-0.002923606,0.06817773,0,0,34484.899

17,True,False,0.02,0.25,Rot17,2,0,-0.01802403,-0.002923606,0.06817773,0,0,34510.6508

17,True,False,0.02,0.25,Rot17,2,0,-0.01802403,-0.002923606,0.06817773,0,0,34538.0756

17,True,False,0.02,0.25,Rot17,2,0,-0.01802403,-0.002923606,0.06817773,0,0,34552.1742

17,True,False,0.02,0.25,Rot17,2,0,-0.01802403,-0.002923606,0.06817773,0,0,34565.469

17,True,False,0.02,0.25,Rot17,2,0,-0.01802403,-0.002923606,0.06817773,0,0,34579.7332

17,True,False,0.02,0.25,Rot17,2,0,-0.01802403,-0.002923606,0.06817773,0,0,34594.2568

17,True,False,0.02,0.25,Rot17,2,0,-0.01802403,-0.002923606,0.06817773,0,0,34608.4213

17,True,False,0.02,0.25,Rot17,2,0,-0.01802403,-0.002923606,0.06817773,0,0,34622.8226

17,True,False,0.02,0.25,Rot17,2,0,-0.01802403,-0.002923606,0.06817773,0,0,34636.9235

17,True,False,0.02,0.25,Rot17,2,0,-0.01802403,-0.002923606,0.06817773,0,0,34651.8969

17,True,False,0.02,0.25,Rot17,2,0,-0.01802403,-0.002923606,0.06817773,0,0,34678.3162

17,True,False,0.02,0.25,Rot17,2,0,-0.01802403,-0.002923606,0.06817773,0,0,34705.0673

17,True,False,0.02,0.25,Rot17,2,0,-0.01802403,-0.002923606,0.06817773,0,0,34719.6455

17,True,False,0.02,0.25,Rot17,2,0,-0.01802403,-0.002923606,0.06817773,0,0,34733.5817

17,True,False,0.02,0.25,Rot17,2,0,-0.01802403,-0.002923606,0.06817773,0,0,34747.9009

17,True,False,0.02,0.25,Rot17,2,0,-0.01802403,-0.002923606,0.06817773,0,0,34762.1499

17,True,False,0.02,0.25,Rot17,2,0,-0.01802403,-0.002923606,0.06817773,0,0,34775.7263

17,True,False,0.02,0.25,Rot17,2,0,-0.01802403,-0.002923606,0.06817773,0,0,34790.3391

17,True,False,0.02,0.25,Rot17,2,0,-0.01802403,-0.002923606,0.06817773,0,0,34804.9474

17,True,False,0.02,0.25,Rot17,2,0,-0.01802403,-0.002923606,0.06817773,0,0,34817.7493

17,True,False,0.02,0.25,Rot17,2,0,-0.01802403,-0.002923606,0.06817773,0,0,34845.0313

17,True,False,0.02,0.25,Rot17,2,0,-0.01802403,-0.002923606,0.06817773,0,0,34860.0844

17,True,False,0.02,0.25,Rot17,2,0,-0.01802403,-0.002923606,0.06817773,0,0,34872.6536

17,True,False,0.02,0.25,Rot17,2,0,-0.01802403,-0.002923606,0.06817773,0,0,34887.2471

17,True,False,0.02,0.25,Rot17,2,0,-0.01802403,-0.002923606,0.06817773,0,0,34900.9181

17,True,False,0.02,0.25,Rot17,2,0,-0.01802403,-0.002923606,0.06817773,0,0,34928.1193

17,True,False,0.02,0.25,Rot17,2,0,-0.01802403,-0.002923606,0.06817773,0,0,34944.4867

17,True,False,0.02,0.25,Rot17,2,0,-0.01802403,-0.002923606,0.06817773,0,0,34955.8438

17,True,False,0.02,0.25,Rot17,2,0,-0.01802403,-0.002923606,0.06817773,0,0,34970.032

17,True,False,0.02,0.25,Rot17,2,0,-0.01802403,-0.002923606,0.06817773,0,0,34985.4937

17,True,False,0.02,0.25,Rot17,2,0,-0.01802403,-0.002923606,0.06817773,0,0,35011.1433

17,True,False,0.02,0.25,Rot17,2,0,-0.01802403,-0.002923606,0.06817773,0,0,35027.0482

17,True,False,0.02,0.25,Rot17,2,0,-0.01802403,-0.002923606,0.06817773,0,0,35039.0564

17,True,False,0.02,0.25,Rot17,2,0,-0.01802403,-0.002923606,0.06817773,0,0,35053.2143

17,True,False,0.02,0.25,Rot17,2,0,-0.01802403,-0.002923606,0.06817773,0,0,35069.2656

17,True,False,0.02,0.25,Rot17,2,0,-0.01802403,-0.002923606,0.06817773,0,0,35094.746

17,True,False,0.02,0.25,Rot17,2,0,-0.01802403,-0.002923606,0.06817773,0,0,35121.937

17,True,False,0.02,0.25,Rot17,2,0,-0.01802403,-0.002923606,0.06817773,0,0,35135.69

17,True,False,0.02,0.25,Rot17,2,0,-0.01802403,-0.002923606,0.06817773,0,0,35149.8473

17,True,False,0.02,0.25,Rot17,2,0,-0.01802403,-0.002923606,0.06817773,0,0,35164.2896

17,True,False,0.02,0.25,Rot17,2,0,-0.01802403,-0.002923606,0.06817773,0,0,35180.9234

17,True,False,0.02,0.25,Rot17,2,0,-0.01802403,-0.002923606,0.06817773,0,0,35207.0976

17,True,False,0.02,0.25,Rot17,2,0,-0.01802403,-0.002923606,0.06817773,0,0,35220.9939

17,True,False,0.02,0.25,Rot17,2,0,-0.01802403,-0.002923606,0.06817773,0,0,35234.7941

17,True,False,0.02,0.25,Rot17,2,0,-0.01802403,-0.002923606,0.06817773,0,0,35264.1574

17,True,False,0.02,0.25,Rot17,2,0,-0.01802403,-0.002923606,0.06817773,0,0,35277.7388

17,True,False,0.02,0.25,Rot17,2,0,-0.01802403,-0.002923606,0.06817773,0,0,35302.7936

17,True,False,0.02,0.25,Rot17,2,0,-0.01802403,-0.002923606,0.06817773,0,0,35318.8385

17,True,False,0.02,0.25,Rot17,2,0,-0.01802403,-0.002923606,0.06817773,0,0,35330.5162

17,True,False,0.02,0.25,Rot17,2,0,-0.01802403,-0.002923606,0.06817773,0,0,35344.8445

17,True,False,0.02,0.25,Rot17,2,0,-0.01802403,-0.002923606,0.06817773,0,0,35360.4695

17,True,False,0.02,0.25,Rot17,2,0,-0.01802403,-0.002923606,0.06817773,0,0,35385.5918

17,True,False,0.02,0.25,Rot17,2,0,-0.01802403,-0.002923606,0.06817773,0,0,35401.9701

17,True,False,0.02,0.25,Rot17,2,0,-0.01802403,-0.002923606,0.06817773,0,0,35413.077

17,True,False,0.02,0.25,Rot17,2,0,-0.01802403,-0.002923606,0.06817773,0,0,35427.5113

17,True,False,0.02,0.25,Rot17,2,0,-0.01802403,-0.002923606,0.06817773,0,0,35443.4892

17,True,False,0.02,0.25,Rot17,2,0,-0.01802403,-0.002923606,0.06817773,0,0,35468.1523

17,True,False,0.02,0.25,Rot17,2,0,-0.01802403,-0.002923606,0.06817773,0,0,35484.1016

17,True,False,0.02,0.25,Rot17,2,0,-0.01802403,-0.002923606,0.06817773,0,0,35495.8726

17,True,False,0.02,0.25,Rot17,2,0,-0.01802403,-0.002923606,0.06817773,0,0,35511.6557

17,True,False,0.02,0.25,Rot17,2,0,-0.01802403,-0.002923606,0.06817773,0,0,35537.7594

17,True,False,0.02,0.25,Rot17,2,0,-0.01802403,-0.002923606,0.06817773,0,0,35565.0027

17,True,False,0.02,0.25,Rot17,2,0,-0.01802403,-0.002923606,0.06817773,0,0,35580.2007

17,True,False,0.02,0.25,Rot17,2,0,-0.01802403,-0.002923606,0.06817773,0,0,35593.9201

17,True,False,0.02,0.25,Rot17,2,0,-0.01802403,-0.002923606,0.06817773,0,0,35608.2791

17,True,False,0.02,0.25,Rot17,2,0,-0.01802403,-0.002923606,0.06817773,0,0,35622.5915

17,True,False,0.02,0.25,Rot17,2,0,-0.01802403,-0.002923606,0.06817773,0,0,35636.6311

17,True,False,0.02,0.25,Rot17,2,0,-0.01802403,-0.002923606,0.06817773,0,0,35651.2714

17,True,False,0.02,0.25,Rot17,2,0,-0.01802403,-0.002923606,0.06817773,0,0,35665.3127

17,True,False,0.02,0.25,Rot17,2,0,-0.01802403,-0.002923606,0.06817773,0,0,35679.3914

17,True,False,0.02,0.25,Rot17,2,0,-0.01802403,-0.002923606,0.06817773,0,0,35705.9997

17,True,False,0.02,0.25,Rot17,2,0,-0.01802403,-0.002923606,0.06817773,0,0,35721.5688

17,True,False,0.02,0.25,Rot17,2,0,-0.01802403,-0.002923606,0.06817773,0,0,35733.8458

17,True,False,0.02,0.25,Rot17,2,0,-0.01802403,-0.002923606,0.06817773,0,0,35748.2825

17,True,False,0.02,0.25,Rot17,2,0,-0.01802403,-0.002923606,0.06817773,0,0,35762.4991

17,True,False,0.02,0.25,Rot17,2,0,-0.01802403,-0.002923606,0.06817773,0,0,35789.6999

17,True,False,0.02,0.25,Rot17,2,0,-0.01802403,-0.002923606,0.06817773,0,0,35816.9806

17,True,False,0.02,0.25,Rot17,2,0,-0.01802403,-0.002923606,0.06817773,0,0,35831.0038

17,True,False,0.02,0.25,Rot17,2,0,-0.01802403,-0.002923606,0.06817773,0,0,35844.4382

17,True,False,0.02,0.25,Rot17,2,0,-0.01802403,-0.002923606,0.06817773,0,0,35858.4693

17,True,False,0.02,0.25,Rot17,2,0,-0.01802403,-0.002923606,0.06817773,0,0,35872.8605

17,True,False,0.02,0.25,Rot17,2,0,-0.01802403,-0.002923606,0.06817773,0,0,35886.9613

17,True,False,0.02,0.25,Rot17,2,0,-0.01802403,-0.002923606,0.06817773,0,0,35901.493

17,True,False,0.02,0.25,Rot17,2,0,-0.01802403,-0.002923606,0.06817773,0,0,35915.2863

17,True,False,0.02,0.25,Rot17,2,0,-0.01802403,-0.002923606,0.06817773,0,0,35929.7008

17,True,False,0.02,0.25,Rot17,2,0,-0.01802403,-0.002923606,0.06817773,0,0,35956.0955

17,True,False,0.02,0.25,Rot17,2,0,-0.01802403,-0.002923606,0.06817773,0,0,35971.014

17,True,False,0.02,0.25,Rot17,2,0,-0.01802403,-0.002923606,0.06817773,0,0,35984.5567

17,True,False,0.02,0.25,Rot17,2,0,-0.01802403,-0.002923606,0.06817773,0,0,35998.5305

17,True,False,0.02,0.25,Rot17,2,0,-0.01802403,-0.002923606,0.06817773,0,0,36026.1319

17,True,False,0.02,0.25,Rot17,2,0,-0.01802403,-0.002923606,0.06817773,0,0,36040.3718

17,True,False,0.02,0.25,Rot17,2,0,-0.01802403,-0.002923606,0.06817773,0,0,36054.2365

17,True,False,0.02,0.25,Rot17,2,0,-0.01802403,-0.002923606,0.06817773,0,0,36068.5437

17,True,False,0.02,0.25,Rot17,2,0,-0.01802403,-0.002923606,0.06817773,0,0,36082.7201

17,True,False,0.02,0.25,Rot17,2,0,-0.01802403,-0.002923606,0.06817773,0,0,36096.4461

17,True,False,0.02,0.25,Rot17,2,0,-0.01802403,-0.002923606,0.06817773,0,0,36123.6359

17,True,False,0.02,0.25,Rot17,2,0,-0.01802403,-0.002923606,0.06817773,0,0,36137.3919

17,True,False,0.02,0.25,Rot17,2,0,-0.01802403,-0.002923606,0.06817773,0,0,36151.3272

17,True,False,0.02,0.25,Rot17,2,0,-0.01802403,-0.002923606,0.06817773,0,0,36166.0557

17,True,False,0.02,0.25,Rot17,2,0,-0.01802403,-0.002923606,0.06817773,0,0,36192.6479

17,True,False,0.02,0.25,Rot17,2,0,-0.01802403,-0.002923606,0.06817773,0,0,36206.9641

17,True,False,0.02,0.25,Rot17,2,0,-0.01802403,-0.002923606,0.06817773,0,0,36221.0029

17,True,False,0.02,0.25,Rot17,2,0,-0.01802403,-0.002923606,0.06817773,0,0,36235.0461

17,True,False,0.02,0.25,Rot17,2,0,-0.01802403,-0.002923606,0.06817773,0,0,36263.7091

17,True,False,0.02,0.25,Rot17,2,0,-0.01802403,-0.002923606,0.06817773,0,0,36277.2003

17,True,False,0.02,0.25,Rot17,2,0,-0.01802403,-0.002923606,0.06817773,0,0,36291.5326

17,True,False,0.02,0.25,Rot17,2,0,-0.01802403,-0.002923606,0.06817773,0,0,36305.3861

17,True,False,0.02,0.25,Rot17,2,0,-0.01802403,-0.002923606,0.06817773,0,0,36318.8868

17,True,False,0.02,0.25,Rot17,2,0,-0.01802403,-0.002923606,0.06817773,0,0,36333.4532

17,True,False,0.02,0.25,Rot17,2,0,-0.01802403,-0.002923606,0.06817773,0,0,36360.5609

17,True,False,0.02,0.25,Rot17,2,0,-0.01802403,-0.002923606,0.06817773,0,0,36374.9091

17,True,False,0.02,0.25,Rot17,2,0,-0.01802403,-0.002923606,0.06817773,0,0,36389.0986

17,True,False,0.02,0.25,Rot17,2,0,-0.01802403,-0.002923606,0.06817773,0,0,36403.2089

17,True,False,0.02,0.25,Rot17,2,0,-0.01802403,-0.002923606,0.06817773,0,0,36416.9183

17,True,False,0.02,0.25,Rot17,2,0,-0.01802403,-0.002923606,0.06817773,0,0,36430.8474

17,True,False,0.02,0.25,Rot17,2,0,-0.01802403,-0.002923606,0.06817773,0,0,36444.8642

17,True,False,0.02,0.25,Rot17,2,0,-0.01802403,-0.002923606,0.06817773,0,0,36471.8022

17,True,False,0.02,0.25,Rot17,2,0,-0.01802403,-0.002923606,0.06817773,0,0,36498.54

17,True,False,0.02,0.25,Rot17,2,0,-0.01802403,-0.002923606,0.06817773,0,0,36512.8171

17,True,False,0.02,0.25,Rot17,2,0,-0.01802403,-0.002923606,0.06817773,0,0,36527.0128

17,True,False,0.02,0.25,Rot17,2,0,-0.01802403,-0.002923606,0.06817773,0,0,36540.714

17,True,False,0.02,0.25,Rot17,2,0,-0.01802403,-0.002923606,0.06817773,0,0,36554.6094

17,True,False,0.02,0.25,Rot17,2,0,-0.01802403,-0.002923606,0.06817773,0,0,36569.3177

17,True,False,0.02,0.25,Rot17,2,0,-0.01802403,-0.002923606,0.06817773,0,0,36583.2704

17,True,False,0.02,0.25,Rot17,2,0,-0.01802403,-0.002923606,0.06817773,0,0,36597.1327

17,True,False,0.02,0.25,Rot17,2,0,-0.01802403,-0.002923606,0.06817773,0,0,36624.5022

17,True,False,0.02,0.25,Rot17,2,0,-0.01802403,-0.002923606,0.06817773,0,0,36640.1315

17,True,False,0.02,0.25,Rot17,2,0,-0.01802403,-0.002923606,0.06817773,0,0,36651.3094

17,True,False,0.02,0.25,Rot17,2,0,-0.01802403,-0.002923606,0.06817773,0,0,36665.7577

17,True,False,0.02,0.25,Rot17,2,0,-0.01802403,-0.002923606,0.06817773,0,0,36680.7907

17,True,False,0.02,0.25,Rot17,2,0,-0.01802403,-0.002923606,0.06817773,0,0,36693.1876

17,True,False,0.02,0.25,Rot17,2,0,-0.01802403,-0.002923606,0.06817773,0,0,36719.6379

17,True,False,0.02,0.25,Rot17,2,0,-0.01802403,-0.002923606,0.06817773,0,0,36734.9736

17,True,False,0.02,0.25,Rot17,2,0,-0.01802403,-0.002923606,0.06817773,0,0,36747.3872

17,True,False,0.02,0.25,Rot17,2,0,-0.01802403,-0.002923606,0.06817773,0,0,36762.7985

17,True,False,0.02,0.25,Rot17,2,0,-0.01802403,-0.002923606,0.06817773,0,0,36777.2771

17,True,False,0.02,0.25,Rot17,2,0,-0.01802403,-0.002923606,0.06817773,0,0,36801.9226

17,True,False,0.02,0.25,Rot17,2,0,-0.01802403,-0.002923606,0.06817773,0,0,36829.8167

17,True,False,0.02,0.25,Rot17,2,0,-0.01802403,-0.002923606,0.06817773,0,0,36844.382

17,True,False,0.02,0.25,Rot17,2,0,-0.01802403,-0.002923606,0.06817773,0,0,36857.9341

17,True,False,0.02,0.25,Rot17,2,0,-0.01802403,-0.002923606,0.06817773,0,0,36872.4749

17,True,False,0.02,0.25,Rot17,2,0,-0.01802403,-0.002923606,0.06817773,0,0,36886.4983

17,True,False,0.02,0.25,Rot17,2,0,-0.01802403,-0.002923606,0.06817773,0,0,36901.0167

17,True,False,0.02,0.25,Rot17,2,0,-0.01802403,-0.002923606,0.06817773,0,0,36930.2531

17,True,False,0.02,0.25,Rot17,2,0,-0.01802403,-0.002923606,0.06817773,0,0,36955.9652

17,True,False,0.02,0.25,Rot17,2,0,-0.01802403,-0.002923606,0.06817773,0,0,36970.3562

17,True,False,0.02,0.25,Rot17,2,0,-0.01802403,-0.002923606,0.06817773,0,0,36984.489

17,True,False,0.02,0.25,Rot17,2,0,-0.01802403,-0.002923606,0.06817773,0,0,36998.0366

17,True,False,0.02,0.25,Rot17,2,0,-0.01802403,-0.002923606,0.06817773,0,0,37012.0355

17,True,False,0.02,0.25,Rot17,2,0,-0.01802403,-0.002923606,0.06817773,0,0,37026.1459

17,True,False,0.02,0.25,Rot17,2,0,-0.01802403,-0.002923606,0.06817773,0,0,37052.8982

17,True,False,0.02,0.25,Rot17,2,0,-0.01802403,-0.002923606,0.06817773,0,0,37068.4555

17,True,False,0.02,0.25,Rot17,2,0,-0.01802403,-0.002923606,0.06817773,0,0,37080.2024

17,True,False,0.02,0.25,Rot17,2,0,-0.01802403,-0.002923606,0.06817773,0,0,37094.9397

17,True,False,0.02,0.25,Rot17,2,0,-0.01802403,-0.002923606,0.06817773,0,0,37109.3551

17,True,False,0.02,0.25,Rot17,2,0,-0.01802403,-0.002923606,0.06817773,0,0,37134.9455

17,True,False,0.02,0.25,Rot17,2,0,-0.01802403,-0.002923606,0.06817773,0,0,37151.166

17,True,False,0.02,0.25,Rot17,2,0,-0.01802403,-0.002923606,0.06817773,0,0,37162.7457

17,True,False,0.02,0.25,Rot17,2,0,-0.01802403,-0.002923606,0.06817773,0,0,37177.0042

17,True,False,0.02,0.25,Rot17,2,0,-0.01802403,-0.002923606,0.06817773,0,0,37192.1253

17,True,False,0.02,0.25,Rot17,2,0,-0.01802403,-0.002923606,0.06817773,0,0,37217.7598

17,True,False,0.02,0.25,Rot17,2,0,-0.01802403,-0.002923606,0.06817773,0,0,37244.9214

17,True,False,0.02,0.25,Rot17,2,0,-0.01802403,-0.002923606,0.06817773,0,0,37257.4213

17,True,False,0.02,0.25,Rot17,2,0,-0.01802403,-0.002923606,0.06817773,0,0,37270.4703

17,True,False,0.02,0.25,Rot17,2,0,-0.01802403,-0.002923606,0.06817773,0,0,37283.5578

17,True,False,0.02,0.25,Rot17,2,0,-0.01802403,-0.002923606,0.06817773,0,0,37296.4697

17,True,False,0.02,0.25,Rot17,2,0,-0.01802403,-0.002923606,0.06817773,0,0,37324.7765

17,True,False,0.02,0.25,Rot17,2,0,-0.01802403,-0.002923606,0.06817773,0,0,37336.5621

17,True,False,0.02,0.25,Rot17,2,0,-0.01802403,-0.002923606,0.06817773,0,0,37349.8641

17,True,False,0.02,0.25,Rot17,2,0,-0.01802403,-0.002923606,0.06817773,0,0,37363.2519

17,True,False,0.02,0.25,Rot17,2,0,-0.01802403,-0.002923606,0.06817773,0,0,37377.5451

17,True,False,0.02,0.25,Rot17,2,0,-0.01802403,-0.002923606,0.06817773,0,0,37402.8646

17,True,False,0.02,0.25,Rot17,2,0,-0.01802403,-0.002923606,0.06817773,0,0,37429.9085

17,True,False,0.02,0.25,Rot17,2,0,-0.01802403,-0.002923606,0.06817773,0,0,37443.9568

17,True,False,0.02,0.25,Rot17,2,0,-0.01802403,-0.002923606,0.06817773,0,0,37457.5817

17,True,False,0.02,0.25,Rot17,2,0,-0.01802403,-0.002923606,0.06817773,0,0,37471.9216

17,True,False,0.02,0.25,Rot17,2,0,-0.01802403,-0.002923606,0.06817773,0,0,37485.8772

17,True,False,0.02,0.25,Rot17,2,0,-0.01802403,-0.002923606,0.06817773,0,0,37499.9894

17,True,False,0.02,0.25,Rot17,2,0,-0.01802403,-0.002923606,0.06817773,0,0,37513.2678

17,True,False,0.02,0.25,Rot17,2,0,-0.01802403,-0.002923606,0.06817773,0,0,37527.3042

17,True,False,0.02,0.25,Rot17,2,0,-0.01802403,-0.002923606,0.06817773,0,0,37543.2045

17,True,False,0.02,0.25,Rot17,2,0,-0.01802403,-0.002923606,0.06817773,0,0,37567.5287

17,True,False,0.02,0.25,Rot17,2,0,-0.01802403,-0.002923606,0.06817773,0,0,37594.5989

17,True,False,0.02,0.25,Rot17,2,0,-0.01802403,-0.002923606,0.06817773,0,0,37608.6351

17,True,False,0.02,0.25,Rot17,2,0,-0.01802403,-0.002923606,0.06817773,0,0,37622.2589

17,True,False,0.02,0.25,Rot17,2,0,-0.01802403,-0.002923606,0.06817773,0,0,37636.0573

17,True,False,0.02,0.25,Rot17,2,0,-0.01802403,-0.002923606,0.06817773,0,0,37650.6129

17,True,False,0.02,0.25,Rot17,2,0,-0.01802403,-0.002923606,0.06817773,0,0,37665.0516

17,True,False,0.02,0.25,Rot17,2,0,-0.01802403,-0.002923606,0.06817773,0,0,37678.7665

17,True,False,0.02,0.25,Rot17,2,0,-0.01802403,-0.002923606,0.06817773,0,0,37693.5532

17,True,False,0.02,0.25,Rot17,2,0,-0.01802403,-0.002923606,0.06817773,0,0,37719.5315

17,True,False,0.02,0.25,Rot17,2,0,-0.01802403,-0.002923606,0.06817773,0,0,37746.7266

17,True,False,0.02,0.25,Rot17,2,0,-0.01802403,-0.002923606,0.06817773,0,0,37761.286

17,True,False,0.02,0.25,Rot17,2,0,-0.01802403,-0.002923606,0.06817773,0,0,37775.2935

17,True,False,0.02,0.25,Rot17,2,0,-0.01802403,-0.002923606,0.06817773,0,0,37789.5909

17,True,False,0.02,0.25,Rot17,2,0,-0.01802403,-0.002923606,0.06817773,0,0,37803.6119

17,True,False,0.02,0.25,Rot17,2,0,-0.01802403,-0.002923606,0.06817773,0,0,37817.4121

17,True,False,0.02,0.25,Rot17,2,0,-0.01802403,-0.002923606,0.06817773,0,0,37832.1155

17,True,False,0.02,0.25,Rot17,2,0,-0.01802403,-0.002923606,0.06817773,0,0,37847.8908

17,True,False,0.02,0.25,Rot17,2,0,-0.01802403,-0.002923606,0.06817773,0,0,37860.6247

17,True,False,0.02,0.25,Rot17,2,0,-0.01802403,-0.002923606,0.06817773,0,0,37886.1263

17,True,False,0.02,0.25,Rot17,2,0,-0.01802403,-0.002923606,0.06817773,0,0,37902.3981

17,True,False,0.02,0.25,Rot17,2,0,-0.01802403,-0.002923606,0.06817773,0,0,37913.6687

17,True,False,0.02,0.25,Rot17,2,0,-0.01802403,-0.002923606,0.06817773,0,0,37928.253

17,True,False,0.02,0.25,Rot17,2,0,-0.01802403,-0.002923606,0.06817773,0,0,37955.1482

17,True,False,0.02,0.25,Rot17,2,0,-0.01802403,-0.002923606,0.06817773,0,0,37969.6942

17,True,False,0.02,0.25,Rot17,2,0,-0.01802403,-0.002923606,0.06817773,0,0,37983.5539

17,True,False,0.02,0.25,Rot17,2,0,-0.01802403,-0.002923606,0.06817773,0,0,37997.4002

17,True,False,0.02,0.25,Rot17,2,0,-0.01802403,-0.002923606,0.06817773,0,0,38011.1665

17,True,False,0.02,0.25,Rot17,2,0,-0.01802403,-0.002923606,0.06817773,0,0,38038.8673

17,True,False,0.02,0.25,Rot17,2,0,-0.01802403,-0.002923606,0.06817773,0,0,38053.3559

17,True,False,0.02,0.25,Rot17,2,0,-0.01802403,-0.002923606,0.06817773,0,0,38066.3738

17,True,False,0.02,0.25,Rot17,2,0,-0.01802403,-0.002923606,0.06817773,0,0,38080.6213

17,True,False,0.02,0.25,Rot17,2,0,-0.01802403,-0.002923606,0.06817773,0,0,38095.9127

17,True,False,0.02,0.25,Rot17,2,0,-0.01802403,-0.002923606,0.06817773,0,0,38108.7455

17,True,False,0.02,0.25,Rot17,2,0,-0.01802403,-0.002923606,0.06817773,0,0,38135.5292

17,True,False,0.02,0.25,Rot17,2,0,-0.01802403,-0.002923606,0.06817773,0,0,38162.8843

17,True,False,0.02,0.25,Rot17,2,0,-0.01802403,-0.002923606,0.06817773,0,0,38177.5915

17,True,False,0.02,0.25,Rot17,2,0,-0.01802403,-0.002923606,0.06817773,0,0,38191.3497

17,True,False,0.02,0.25,Rot17,2,0,-0.01802403,-0.002923606,0.06817773,0,0,38206.1871

17,True,False,0.02,0.25,Rot17,2,0,-0.01802403,-0.002923606,0.06817773,0,0,38220.1656

17,True,False,0.02,0.25,Rot17,2,0,-0.01802403,-0.002923606,0.06817773,0,0,38233.781

17,True,False,0.02,0.25,Rot17,2,0,-0.01802403,-0.002923606,0.06817773,0,0,38248.1445

17,True,False,0.02,0.25,Rot17,2,0,-0.01802403,-0.002923606,0.06817773,0,0,38263.8566

17,True,False,0.02,0.25,Rot17,2,0,-0.01802403,-0.002923606,0.06817773,0,0,38276.4881

17,True,False,0.02,0.25,Rot17,2,0,-0.01802403,-0.002923606,0.06817773,0,0,38302.785

17,True,False,0.02,0.25,Rot17,2,0,-0.01802403,-0.002923606,0.06817773,0,0,38318.1226

17,True,False,0.02,0.25,Rot17,2,0,-0.01802403,-0.002923606,0.06817773,0,0,38330.2942

17,True,False,0.02,0.25,Rot17,2,0,-0.01802403,-0.002923606,0.06817773,0,0,38344.4612

17,True,False,0.02,0.25,Rot17,2,0,-0.01802403,-0.002923606,0.06817773,0,0,38372.3383

17,True,False,0.02,0.25,Rot17,2,0,-0.01802403,-0.002923606,0.06817773,0,0,38400.891

17,True,False,0.02,0.25,Rot17,2,0,-0.01802403,-0.002923606,0.06817773,0,0,38414.2187

17,True,False,0.02,0.25,Rot17,2,0,-0.01802403,-0.002923606,0.06817773,0,0,38427.5963

17,True,False,0.02,0.25,Rot17,2,0,-0.01802403,-0.002923606,0.06817773,0,0,38441.8545

17,True,False,0.02,0.25,Rot17,2,0,-0.01802403,-0.002923606,0.06817773,0,0,38455.4262

17,True,False,0.02,0.25,Rot17,2,0,-0.01802403,-0.002923606,0.06817773,0,0,38470.0445

17,True,False,0.02,0.25,Rot17,2,0,-0.01802403,-0.002923606,0.06817773,0,0,38484.3178

17,True,False,0.02,0.25,Rot17,2,0,-0.01802403,-0.002923606,0.06817773,0,0,38498.0545

17,True,False,0.02,0.25,Rot17,2,0,-0.01802403,-0.002923606,0.06817773,0,0,38512.6971

17,True,False,0.02,0.25,Rot17,2,0,-0.01802403,-0.002923606,0.06817773,0,0,38528.1266

17,True,False,0.02,0.25,Rot17,2,0,-0.01802403,-0.002923606,0.06817773,0,0,38552.937

17,True,False,0.02,0.25,Rot17,2,0,-0.01802403,-0.002923606,0.06817773,0,0,38580.4318

17,True,False,0.02,0.25,Rot17,2,0,-0.01802403,-0.002923606,0.06817773,0,0,38607.6652

17,True,False,0.02,0.25,Rot17,2,0,-0.01802403,-0.002923606,0.06817773,0,0,38621.4424

17,True,False,0.02,0.25,Rot17,2,0,-0.01802403,-0.002923606,0.06817773,0,0,38635.6631

17,True,False,0.02,0.25,Rot17,2,0,-0.01802403,-0.002923606,0.06817773,0,0,38650.3992

17,True,False,0.02,0.25,Rot17,2,0,-0.01802403,-0.002923606,0.06817773,0,0,38664.4608

17,True,False,0.02,0.25,Rot17,2,0,-0.01802403,-0.002923606,0.06817773,0,0,38677.9081

17,True,False,0.02,0.25,Rot17,2,0,-0.01802403,-0.002923606,0.06817773,0,0,38692.5216

17,True,False,0.02,0.25,Rot17,2,0,-0.01802403,-0.002923606,0.06817773,0,0,38706.677

17,True,False,0.02,0.25,Rot17,2,0,-0.01802403,-0.002923606,0.06817773,0,0,38721.8569

17,True,False,0.02,0.25,Rot17,2,0,-0.01802403,-0.002923606,0.06817773,0,0,38747.7015

17,True,False,0.02,0.25,Rot17,2,0,-0.01802403,-0.002923606,0.06817773,0,0,38774.6795

17,True,False,0.02,0.25,Rot17,2,0,-0.01802403,-0.002923606,0.06817773,0,0,38789.147

17,True,False,0.02,0.25,Rot17,2,0,-0.01802403,-0.002923606,0.06817773,0,0,38803.0294

17,True,False,0.02,0.25,Rot17,2,0,-0.01802403,-0.002923606,0.06817773,0,0,38817.0713

17,True,False,0.02,0.25,Rot17,2,0,-0.01802403,-0.002923606,0.06817773,0,0,38831.5494

17,True,False,0.02,0.25,Rot17,2,0,-0.01802403,-0.002923606,0.06817773,0,0,38845.4634

17,True,False,0.02,0.25,Rot17,2,0,-0.01802403,-0.002923606,0.06817773,0,0,38859.2919

17,True,False,0.02,0.25,Rot17,2,0,-0.01802403,-0.002923606,0.06817773,0,0,38874.1032

17,True,False,0.02,0.25,Rot17,2,0,-0.01802403,-0.002923606,0.06817773,0,0,38888.531

17,True,False,0.02,0.25,Rot17,2,0,-0.01802403,-0.002923606,0.06817773,0,0,38914.5998

17,True,False,0.02,0.25,Rot17,2,0,-0.01802403,-0.002923606,0.06817773,0,0,38941.859

17,True,False,0.02,0.25,Rot17,2,0,-0.01802403,-0.002923606,0.06817773,0,0,38956.293

17,True,False,0.02,0.25,Rot17,2,0,-0.01802403,-0.002923606,0.06817773,0,0,38970.2448

17,True,False,0.02,0.25,Rot17,2,0,-0.01802403,-0.002923606,0.06817773,0,0,38985.2145

17,True,False,0.02,0.25,Rot17,2,0,-0.01802403,-0.002923606,0.06817773,0,0,38998.2073

17,True,False,0.02,0.25,Rot17,2,0,-0.01802403,-0.002923606,0.06817773,0,0,39012.6133

17,True,False,0.02,0.25,Rot17,2,0,-0.01802403,-0.002923606,0.06817773,0,0,39026.8034

17,True,False,0.02,0.25,Rot17,2,0,-0.01802403,-0.002923606,0.06817773,0,0,39040.4351

17,True,False,0.02,0.25,Rot17,2,0,-0.01802403,-0.002923606,0.06817773,0,0,39067.4225

17,True,False,0.02,0.25,Rot17,2,0,-0.01802403,-0.002923606,0.06817773,0,0,39082.2375

17,True,False,0.02,0.25,Rot17,2,0,-0.01802403,-0.002923606,0.06817773,0,0,39095.1455

17,True,False,0.02,0.25,Rot17,2,0,-0.01802403,-0.002923606,0.06817773,0,0,39109.3049

17,True,False,0.02,0.25,Rot17,2,0,-0.01802403,-0.002923606,0.06817773,0,0,39125.4284

17,True,False,0.02,0.25,Rot17,2,0,-0.01802403,-0.002923606,0.06817773,0,0,39137.1537

17,True,False,0.02,0.25,Rot17,2,0,-0.01802403,-0.002923606,0.06817773,0,0,39164.2378

17,True,False,0.02,0.25,Rot17,2,0,-0.01802403,-0.002923606,0.06817773,0,0,39177.8873

17,True,False,0.02,0.25,Rot17,2,0,-0.01802403,-0.002923606,0.06817773,0,0,39191.6673

17,True,False,0.02,0.25,Rot17,2,0,-0.01802403,-0.002923606,0.06817773,0,0,39206.4667

17,True,False,0.02,0.25,Rot17,2,0,-0.01802403,-0.002923606,0.06817773,0,0,39220.0936

17,True,False,0.02,0.25,Rot17,2,0,-0.01802403,-0.002923606,0.06817773,0,0,39246.8181

17,True,False,0.02,0.25,Rot17,2,0,-0.01802403,-0.002923606,0.06817773,0,0,39262.1665

17,True,False,0.02,0.25,Rot17,2,0,-0.01802403,-0.002923606,0.06817773,0,0,39274.4734

17,True,False,0.02,0.25,Rot17,2,0,-0.01802403,-0.002923606,0.06817773,0,0,39288.9646

17,True,False,0.02,0.25,Rot17,2,0,-0.01802403,-0.002923606,0.06817773,0,0,39304.1315

17,True,False,0.02,0.25,Rot17,2,0,-0.01802403,-0.002923606,0.06817773,0,0,39329.9081

17,True,False,0.02,0.25,Rot17,2,0,-0.01802403,-0.002923606,0.06817773,0,0,39357.451

17,True,False,0.02,0.25,Rot17,2,0,-0.01802403,-0.002923606,0.06817773,0,0,39372.2147

17,True,False,0.02,0.25,Rot17,2,0,-0.01802403,-0.002923606,0.06817773,0,0,39385.9498

17,True,False,0.02,0.25,Rot17,2,0,-0.01802403,-0.002923606,0.06817773,0,0,39399.9207

17,True,False,0.02,0.25,Rot17,2,0,-0.01802403,-0.002923606,0.06817773,0,0,39414.3769

17,True,False,0.02,0.25,Rot17,2,0,-0.01802403,-0.002923606,0.06817773,0,0,39428.1972

17,True,False,0.02,0.25,Rot17,2,0,-0.01802403,-0.002923606,0.06817773,0,0,39442.3778

17,True,False,0.02,0.25,Rot17,2,0,-0.01802403,-0.002923606,0.06817773,0,0,39470.5469

17,True,False,0.02,0.25,Rot17,2,0,-0.01802403,-0.002923606,0.06817773,0,0,39498.5024

17,True,False,0.02,0.25,Rot17,2,0,-0.01802403,-0.002923606,0.06817773,0,0,39512.1071

17,True,False,0.02,0.25,Rot17,2,0,-0.01802403,-0.002923606,0.06817773,0,0,39525.9482

17,True,False,0.02,0.25,Rot17,2,0,-0.01802403,-0.002923606,0.06817773,0,0,39539.879

17,True,False,0.02,0.25,Rot17,2,0,-0.01802403,-0.002923606,0.06817773,0,0,39554.0088

17,True,False,0.02,0.25,Rot17,2,0,-0.01802403,-0.002923606,0.06817773,0,0,39568.0603

17,True,False,0.02,0.25,Rot17,2,0,-0.01802403,-0.002923606,0.06817773,0,0,39582.3376

17,True,False,0.02,0.25,Rot17,2,0,-0.01802403,-0.002923606,0.06817773,0,0,39595.8618

17,True,False,0.02,0.25,Rot17,2,0,-0.01802403,-0.002923606,0.06817773,0,0,39610.5001

17,True,False,0.02,0.25,Rot17,2,0,-0.01802403,-0.002923606,0.06817773,0,0,39625.7384

17,True,False,0.02,0.25,Rot17,2,0,-0.01802403,-0.002923606,0.06817773,0,0,39638.0275

17,True,False,0.02,0.25,Rot17,2,0,-0.01802403,-0.002923606,0.06817773,0,0,39664.6495

17,True,False,0.02,0.25,Rot17,2,0,-0.01802403,-0.002923606,0.06817773,0,0,39678.8145

17,True,False,0.02,0.25,Rot17,2,0,-0.01802403,-0.002923606,0.06817773,0,0,39692.0331

17,True,False,0.02,0.25,Rot17,2,0,-0.01802403,-0.002923606,0.06817773,0,0,39707.1313

17,True,False,0.02,0.25,Rot17,2,0,-0.01802403,-0.002923606,0.06817773,0,0,39722.1987

17,True,False,0.02,0.25,Rot17,2,0,-0.01802403,-0.002923606,0.06817773,0,0,39747.0982

17,True,False,0.02,0.25,Rot17,2,0,-0.01802403,-0.002923606,0.06817773,0,0,39762.8919

17,True,False,0.02,0.25,Rot17,2,0,-0.01802403,-0.002923606,0.06817773,0,0,39774.3762

17,True,False,0.02,0.25,Rot17,2,0,-0.01802403,-0.002923606,0.06817773,0,0,39788.8698

17,True,False,0.02,0.25,Rot17,2,0,-0.01802403,-0.002923606,0.06817773,0,0,39803.6158

17,True,False,0.02,0.25,Rot17,2,0,-0.01802403,-0.002923606,0.06817773,0,0,39829.7149

17,True,False,0.02,0.25,Rot17,2,0,-0.01802403,-0.002923606,0.06817773,0,0,39845.2611

17,True,False,0.02,0.25,Rot17,2,0,-0.01802403,-0.002923606,0.06817773,0,0,39857.1846

17,True,False,0.02,0.25,Rot17,2,0,-0.01802403,-0.002923606,0.06817773,0,0,39872.3134

17,True,False,0.02,0.25,Rot17,2,0,-0.01802403,-0.002923606,0.06817773,0,0,39887.0817

17,True,False,0.02,0.25,Rot17,2,0,-0.01802403,-0.002923606,0.06817773,0,0,39912.6583

17,True,False,0.02,0.25,Rot17,2,0,-0.01802403,-0.002923606,0.06817773,0,0,39928.7127

17,True,False,0.02,0.25,Rot17,2,0,-0.01802403,-0.002923606,0.06817773,0,0,39941.1764

17,True,False,0.02,0.25,Rot17,2,0,-0.01802403,-0.002923606,0.06817773,0,0,39968.3671

17,True,False,0.02,0.25,Rot17,2,0,-0.01802403,-0.002923606,0.06817773,0,0,39982.9583

17,True,False,0.02,0.25,Rot17,2,0,-0.01802403,-0.002923606,0.06817773,0,0,39996.89

17,True,False,0.02,0.25,Rot17,2,0,-0.01802403,-0.002923606,0.06817773,0,0,40011.6976

17,True,False,0.02,0.25,Rot17,2,0,-0.01802403,-0.002923606,0.06817773,0,0,40025.1735

17,True,False,0.02,0.25,Rot17,2,0,-0.01802403,-0.002923606,0.06817773,0,0,40039.482

17,True,False,0.02,0.25,Rot17,2,0,-0.01802403,-0.002923606,0.06817773,0,0,40054.9018

17,True,False,0.02,0.25,Rot17,2,0,-0.01802403,-0.002923606,0.06817773,0,0,40080.0715

17,True,False,0.02,0.25,Rot17,2,0,-0.01802403,-0.002923606,0.06817773,0,0,40107.8945

17,True,False,0.02,0.25,Rot17,2,0,-0.01802403,-0.002923606,0.06817773,0,0,40121.5537

17,True,False,0.02,0.25,Rot17,2,0,-0.01802403,-0.002923606,0.06817773,0,0,40135.2987

17,True,False,0.02,0.25,Rot17,2,0,-0.01802403,-0.002923606,0.06817773,0,0,40149.9032

17,True,False,0.02,0.25,Rot17,2,0,-0.01802403,-0.002923606,0.06817773,0,0,40163.7199

17,True,False,0.02,0.25,Rot17,2,0,-0.01802403,-0.002923606,0.06817773,0,0,40177.7042

17,True,False,0.02,0.25,Rot17,2,0,-0.01802403,-0.002923606,0.06817773,0,0,40192.2242

17,True,False,0.02,0.25,Rot17,2,0,-0.01802403,-0.002923606,0.06817773,0,0,40206.6364

17,True,False,0.02,0.25,Rot17,2,0,-0.01802403,-0.002923606,0.06817773,0,0,40233.7565

17,True,False,0.02,0.25,Rot17,2,0,-0.01802403,-0.002923606,0.06817773,0,0,40262.133

17,True,False,0.02,0.25,Rot17,2,0,-0.01802403,-0.002923606,0.06817773,0,0,40275.6249

17,True,False,0.02,0.25,Rot17,2,0,-0.01802403,-0.002923606,0.06817773,0,0,40290.057

17,True,False,0.02,0.25,Rot17,2,0,-0.01802403,-0.002923606,0.06817773,0,0,40304.2898

17,True,False,0.02,0.25,Rot17,2,0,-0.01802403,-0.002923606,0.06817773,0,0,40318.2923

17,True,False,0.02,0.25,Rot17,2,0,-0.01802403,-0.002923606,0.06817773,0,0,40332.6616

17,True,False,0.02,0.25,Rot17,2,0,-0.01802403,-0.002923606,0.06817773,0,0,40358.9021

17,True,False,0.02,0.25,Rot17,2,0,-0.01802403,-0.002923606,0.06817773,0,0,40374.4732

17,True,False,0.02,0.25,Rot17,2,0,-0.01802403,-0.002923606,0.06817773,0,0,40386.5531

17,True,False,0.02,0.25,Rot17,2,0,-0.01802403,-0.002923606,0.06817773,0,0,40401.7763

17,True,False,0.02,0.25,Rot17,2,0,-0.01802403,-0.002923606,0.06817773,0,0,40416.3566

17,True,False,0.02,0.25,Rot17,2,0,-0.01802403,-0.002923606,0.06817773,0,0,40441.4398

17,True,False,0.02,0.25,Rot17,2,0,-0.01802403,-0.002923606,0.06817773,0,0,40457.8168

17,True,False,0.02,0.25,Rot17,2,0,-0.01802403,-0.002923606,0.06817773,0,0,40470.2178

17,True,False,0.02,0.25,Rot17,2,0,-0.01802403,-0.002923606,0.06817773,0,0,40482.9957

17,True,False,0.02,0.25,Rot17,2,0,-0.01802403,-0.002923606,0.06817773,0,0,40510.3037

17,True,False,0.02,0.25,Rot17,2,0,-0.01802403,-0.002923606,0.06817773,0,0,40525.7707

17,True,False,0.02,0.25,Rot17,2,0,-0.01802403,-0.002923606,0.06817773,0,0,40538.0103

17,True,False,0.02,0.25,Rot17,2,0,-0.01802403,-0.002923606,0.06817773,0,0,40552.5895

17,True,False,0.02,0.25,Rot17,2,0,-0.01802403,-0.002923606,0.06817773,0,0,40580.5511

17,True,False,0.02,0.25,Rot17,2,0,-0.01802403,-0.002923606,0.06817773,0,0,40608.963

17,True,False,0.02,0.25,Rot17,2,0,-0.01802403,-0.002923606,0.06817773,0,0,40622.909

17,True,False,0.02,0.25,Rot17,2,0,-0.01802403,-0.002923606,0.06817773,0,0,40636.1622

17,True,False,0.02,0.25,Rot17,2,0,-0.01802403,-0.002923606,0.06817773,0,0,40651.0822

17,True,False,0.02,0.25,Rot17,2,0,-0.01802403,-0.002923606,0.06817773,0,0,40665.2422

17,True,False,0.02,0.25,Rot17,2,0,-0.01802403,-0.002923606,0.06817773,0,0,40678.988

17,True,False,0.02,0.25,Rot17,2,0,-0.01802403,-0.002923606,0.06817773,0,0,40693.2227

17,True,False,0.02,0.25,Rot17,2,0,-0.01802403,-0.002923606,0.06817773,0,0,40707.3477

17,True,False,0.02,0.25,Rot17,2,0,-0.01802403,-0.002923606,0.06817773,0,0,40721.4816

17,True,False,0.02,0.25,Rot17,2,0,-0.01802403,-0.002923606,0.06817773,0,0,40736.4982

17,True,False,0.02,0.25,Rot17,2,0,-0.01802403,-0.002923606,0.06817773,0,0,40749.381

17,True,False,0.02,0.25,Rot17,2,0,-0.01802403,-0.002923606,0.06817773,0,0,40776.1

17,True,False,0.02,0.25,Rot17,2,0,-0.01802403,-0.002923606,0.06817773,0,0,40790.717

17,True,False,0.02,0.25,Rot17,2,0,-0.01802403,-0.002923606,0.06817773,0,0,40803.8796

17,True,False,0.02,0.25,Rot17,2,0,-0.01802403,-0.002923606,0.06817773,0,0,40819.0425

17,True,False,0.02,0.25,Rot17,2,0,-0.01802403,-0.002923606,0.06817773,0,0,40831.4017

17,True,False,0.02,0.25,Rot17,2,0,-0.01802403,-0.002923606,0.06817773,0,0,40858.5736

17,True,False,0.02,0.25,Rot17,2,0,-0.01802403,-0.002923606,0.06817773,0,0,40885.9403

17,True,False,0.02,0.25,Rot17,2,0,-0.01802403,-0.002923606,0.06817773,0,0,40899.9446

17,True,False,0.02,0.25,Rot17,2,0,-0.01802403,-0.002923606,0.06817773,0,0,40914.0527

17,True,False,0.02,0.25,Rot17,2,0,-0.01802403,-0.002923606,0.06817773,0,0,40928.4261

17,True,False,0.02,0.25,Rot17,2,0,-0.01802403,-0.002923606,0.06817773,0,0,40942.6654

17,True,False,0.02,0.25,Rot17,2,0,-0.01802403,-0.002923606,0.06817773,0,0,40956.3553

17,True,False,0.02,0.25,Rot17,2,0,-0.01802403,-0.002923606,0.06817773,0,0,40970.4215

17,True,False,0.02,0.25,Rot17,2,0,-0.01802403,-0.002923606,0.06817773,0,0,40984.4085

17,True,False,0.02,0.25,Rot17,2,0,-0.01802403,-0.002923606,0.06817773,0,0,41011.6006

17,True,False,0.02,0.25,Rot17,2,0,-0.01802403,-0.002923606,0.06817773,0,0,41026.0187

17,True,False,0.02,0.25,Rot17,2,0,-0.01802403,-0.002923606,0.06817773,0,0,41039.9075

17,True,False,0.02,0.25,Rot17,2,0,-0.01802403,-0.002923606,0.06817773,0,0,41053.5805

17,True,False,0.02,0.25,Rot17,2,0,-0.01802403,-0.002923606,0.06817773,0,0,41069.3685

17,True,False,0.02,0.25,Rot17,2,0,-0.01802403,-0.002923606,0.06817773,0,0,41083.9074

17,True,False,0.02,0.25,Rot17,2,0,-0.01802403,-0.002923606,0.06817773,0,0,41108.7312

17,True,False,0.02,0.25,Rot17,2,0,-0.01802403,-0.002923606,0.06817773,0,0,41123.6592

17,True,False,0.02,0.25,Rot17,2,0,-0.01802403,-0.002923606,0.06817773,0,0,41135.901

17,True,False,0.02,0.25,Rot17,2,0,-0.01802403,-0.002923606,0.06817773,0,0,41150.099

17,True,False,0.02,0.25,Rot17,2,0,-0.01802403,-0.002923606,0.06817773,0,0,41165.2567

17,True,False,0.02,0.25,Rot17,2,0,-0.01802403,-0.002923606,0.06817773,0,0,41191.2108

17,True,False,0.02,0.25,Rot17,2,0,-0.01802403,-0.002923606,0.06817773,0,0,41207.41

17,True,False,0.02,0.25,Rot17,2,0,-0.01802403,-0.002923606,0.06817773,0,0,41218.9877

17,True,False,0.02,0.25,Rot17,2,0,-0.01802403,-0.002923606,0.06817773,0,0,41232.8147

17,True,False,0.02,0.25,Rot17,2,0,-0.01802403,-0.002923606,0.06817773,0,0,41249.3155

17,True,False,0.02,0.25,Rot17,2,0,-0.01802403,-0.002923606,0.06817773,0,0,41274.273

17,True,False,0.02,0.25,Rot17,2,0,-0.01802403,-0.002923606,0.06817773,0,0,41301.7348

17,True,False,0.02,0.25,Rot17,2,0,-0.01802403,-0.002923606,0.06817773,0,0,41316.7567

17,True,False,0.02,0.25,Rot17,2,0,-0.01802403,-0.002923606,0.06817773,0,0,41330.3391

17,True,False,0.02,0.25,Rot17,2,0,-0.01802403,-0.002923606,0.06817773,0,0,41344.3486

17,True,False,0.02,0.25,Rot17,2,0,-0.01802403,-0.002923606,0.06817773,0,0,41358.6027

17,True,False,0.02,0.25,Rot17,2,0,-0.01802403,-0.002923606,0.06817773,0,0,41373.4043

17,True,False,0.02,0.25,Rot17,2,0,-0.01802403,-0.002923606,0.06817773,0,0,41386.8485

17,True,False,0.02,0.25,Rot17,2,0,-0.01802403,-0.002923606,0.06817773,0,0,41400.648

17,True,False,0.02,0.25,Rot17,2,0,-0.01802403,-0.002923606,0.06817773,0,0,41427.8107

17,True,False,0.02,0.25,Rot17,2,0,-0.01802403,-0.002923606,0.06817773,0,0,41442.012

17,True,False,0.02,0.25,Rot17,2,0,-0.01802403,-0.002923606,0.06817773,0,0,41455.4954

17,True,False,0.02,0.25,Rot17,2,0,-0.01802403,-0.002923606,0.06817773,0,0,41469.738

17,True,False,0.02,0.25,Rot17,2,0,-0.01802403,-0.002923606,0.06817773,0,0,41484.0238

17,True,False,0.02,0.25,Rot17,2,0,-0.01802403,-0.002923606,0.06817773,0,0,41499.5795

17,True,False,0.02,0.25,Rot17,2,0,-0.01802403,-0.002923606,0.06817773,0,0,41524.3024

17,True,False,0.02,0.25,Rot17,2,0,-0.01802403,-0.002923606,0.06817773,0,0,41552.2163

17,True,False,0.02,0.25,Rot17,2,0,-0.01802403,-0.002923606,0.06817773,0,0,41566.0237

17,True,False,0.02,0.25,Rot17,2,0,-0.01802403,-0.002923606,0.06817773,0,0,41579.8282

17,True,False,0.02,0.25,Rot17,2,0,-0.01802403,-0.002923606,0.06817773,0,0,41593.2345

17,True,False,0.02,0.25,Rot17,2,0,-0.01802403,-0.002923606,0.06817773,0,0,41607.6259

17,True,False,0.02,0.25,Rot17,2,0,-0.01802403,-0.002923606,0.06817773,0,0,41622.2028

17,True,False,0.02,0.25,Rot17,2,0,-0.01802403,-0.002923606,0.06817773,0,0,41636.2742

17,True,False,0.02,0.25,Rot17,2,0,-0.01802403,-0.002923606,0.06817773,0,0,41650.4633

17,True,False,0.02,0.25,Rot17,2,0,-0.01802403,-0.002923606,0.06817773,0,0,41677.8393

17,True,False,0.02,0.25,Rot17,2,0,-0.01802403,-0.002923606,0.06817773,0,0,41693.8191

17,True,False,0.02,0.25,Rot17,2,0,-0.01802403,-0.002923606,0.06817773,0,0,41719.6324

17,True,False,0.02,0.25,Rot17,2,0,-0.01802403,-0.002923606,0.06817773,0,0,41747.6385

17,True,False,0.02,0.25,Rot17,2,0,-0.01802403,-0.002923606,0.06817773,0,0,41760.9326

17,True,False,0.02,0.25,Rot17,2,0,-0.01802403,-0.002923606,0.06817773,0,0,41774.6769

17,True,False,0.02,0.25,Rot17,2,0,-0.01802403,-0.002923606,0.06817773,0,0,41789.3142

17,True,False,0.02,0.25,Rot17,2,0,-0.01802403,-0.002923606,0.06817773,0,0,41803.715

17,True,False,0.02,0.25,Rot17,2,0,-0.01802403,-0.002923606,0.06817773,0,0,41817.1973

17,True,False,0.02,0.25,Rot17,2,0,-0.01802403,-0.002923606,0.06817773,0,0,41833.6342

17,True,False,0.02,0.25,Rot17,2,0,-0.01802403,-0.002923606,0.06817773,0,0,41858.277

17,True,False,0.02,0.25,Rot17,2,0,-0.01802403,-0.002923606,0.06817773,0,0,41874.3091

17,True,False,0.02,0.25,Rot17,2,0,-0.01802403,-0.002923606,0.06817773,0,0,41886.0591

17,True,False,0.02,0.25,Rot17,2,0,-0.01802403,-0.002923606,0.06817773,0,0,41925.752

17,True,False,0.02,0.25,Rot17,2,0,-0.01802403,-0.002923606,0.06817773,0,0,41941.2802

17,True,False,0.02,0.25,Rot17,2,0,-0.01802403,-0.002923606,0.06817773,0,0,41952.1127

17,True,False,0.02,0.25,Rot17,2,0,-0.01802403,-0.002923606,0.06817773,0,0,41967.1504

17,True,False,0.02,0.25,Rot17,2,0,-0.01802403,-0.002923606,0.06817773,0,0,41994.3114

17,True,False,0.02,0.25,Rot17,2,0,-0.01802403,-0.002923606,0.06817773,0,0,42010.2892

17,True,False,0.02,0.25,Rot17,2,0,-0.01802403,-0.002923606,0.06817773,0,0,42022.815

17,True,False,0.02,0.25,Rot17,2,0,-0.01802403,-0.002923606,0.06817773,0,0,42036.209

17,True,False,0.02,0.25,Rot17,2,0,-0.01802403,-0.002923606,0.06817773,0,0,42051.0178

17,True,False,0.02,0.25,Rot17,2,0,-0.01802403,-0.002923606,0.06817773,0,0,42078.3421

17,True,False,0.02,0.25,Rot17,2,0,-0.01802403,-0.002923606,0.06817773,0,0,42106.4571

17,True,False,0.02,0.25,Rot17,2,0,-0.01802403,-0.002923606,0.06817773,0,0,42121.4589

17,True,False,0.02,0.25,Rot17,2,0,-0.01802403,-0.002923606,0.06817773,0,0,42135.8095

17,True,False,0.02,0.25,Rot17,2,0,-0.01802403,-0.002923606,0.06817773,0,0,42149.6723

17,True,False,0.02,0.25,Rot17,2,0,-0.01802403,-0.002923606,0.06817773,0,0,42163.4494

17,True,False,0.02,0.25,Rot17,2,0,-0.01802403,-0.002923606,0.06817773,0,0,42177.6138

17,True,False,0.02,0.25,Rot17,2,0,-0.01802403,-0.002923606,0.06817773,0,0,42192.2347

17,True,False,0.02,0.25,Rot17,2,0,-0.01802403,-0.002923606,0.06817773,0,0,42206.4413

17,True,False,0.02,0.25,Rot17,2,0,-0.01802403,-0.002923606,0.06817773,0,0,42220.2156

17,True,False,0.02,0.25,Rot17,2,0,-0.01802403,-0.002923606,0.06817773,0,0,42235.4138

17,True,False,0.02,0.25,Rot17,2,0,-0.01802403,-0.002923606,0.06817773,0,0,42261.4314

17,True,False,0.02,0.25,Rot17,2,0,-0.01802403,-0.002923606,0.06817773,0,0,42288.5787

17,True,False,0.02,0.25,Rot17,2,0,-0.01802403,-0.002923606,0.06817773,0,0,42302.2875

17,True,False,0.02,0.25,Rot17,2,0,-0.01802403,-0.002923606,0.06817773,0,0,42315.9422

17,True,False,0.02,0.25,Rot17,2,0,-0.01802403,-0.002923606,0.06817773,0,0,42330.5099

17,True,False,0.02,0.25,Rot17,2,0,-0.01802403,-0.002923606,0.06817773,0,0,42344.5431

17,True,False,0.02,0.25,Rot17,2,0,-0.01802403,-0.002923606,0.06817773,0,0,42358.5851

17,True,False,0.02,0.25,Rot17,2,0,-0.01802403,-0.002923606,0.06817773,0,0,42372.5591

17,True,False,0.02,0.25,Rot17,2,0,-0.01802403,-0.002923606,0.06817773,0,0,42389.0707

17,True,False,0.02,0.25,Rot17,2,0,-0.01802403,-0.002923606,0.06817773,0,0,42414.1323

17,True,False,0.02,0.25,Rot17,2,0,-0.01802403,-0.002923606,0.06817773,0,0,42429.7054

17,True,False,0.02,0.25,Rot17,2,0,-0.01802403,-0.002923606,0.06817773,0,0,42441.6508

17,True,False,0.02,0.25,Rot17,2,0,-0.01802403,-0.002923606,0.06817773,0,0,42454.9935

17,True,False,0.02,0.25,Rot17,2,0,-0.01802403,-0.002923606,0.06817773,0,0,42471.0513

17,True,False,0.02,0.25,Rot17,2,0,-0.01802403,-0.002923606,0.06817773,0,0,42484.4242

17,True,False,0.02,0.25,Rot17,2,0,-0.01802403,-0.002923606,0.06817773,0,0,42510.3807

17,True,False,0.02,0.25,Rot17,2,0,-0.01802403,-0.002923606,0.06817773,0,0,42537.905

17,True,False,0.02,0.25,Rot17,2,0,-0.018024,-0.002923605,0.06817771,3.004869E-08,2.16033052114322E-06,42551.8143

17,True,False,0.02,0.25,Rot17,2,0,-0.01820755,-0.002306577,0.06855833,0.0007478503,0.0526978035411933,42566.0056

17,True,False,0.02,0.25,Rot17,2,0,-0.0187075,-0.0004432165,0.06985886,0.002326679,0.169184731511833,42579.7579

17,True,False,0.02,0.25,Rot17,2,0,-0.0193483,0.002329234,0.07209216,0.003617285,0.245279590248328,42594.5055

17,True,False,0.02,0.25,Rot17,2,0,-0.01947922,0.004373077,0.07425496,0.002978613,0.206063946541886,42608.9603

17,True,False,0.02,0.25,Rot17,2,0,-0.01899949,0.005618218,0.07635839,0.002490968,0.175577326948875,42623.1476

17,True,False,0.02,0.25,Rot17,2,0,-0.01780825,0.005630854,0.07802489,0.002048522,0.154464340901599,42636.4097

17,True,False,0.02,0.25,Rot17,2,0,-0.01663119,0.005386833,0.07878709,0.001423362,0.0870275869767624,42652.765

17,True,False,0.02,0.25,Rot17,2,0,-0.01553559,0.005122665,0.07940333,0.001284479,0.051443161836809,42677.7339

17,True,False,0.02,0.25,Rot17,2,0,-0.01520805,0.004798296,0.08056174,0.00124676,0.0453786539743785,42705.2085

17,True,False,0.02,0.25,Rot17,2,0,-0.01494227,0.004733565,0.08220311,0.001664001,0.119670995757937,42719.1133

17,True,False,0.02,0.25,Rot17,2,0,-0.0145878,0.004633787,0.0842551,0.002084775,0.146425337037501,42733.3511

17,True,False,0.02,0.25,Rot17,2,0,-0.01402574,0.004971388,0.08736433,0.003177609,0.219286114173399,42747.8418

17,True,False,0.02,0.25,Rot17,2,0,-0.01355505,0.005221847,0.0898241,0.002516887,0.179079244567921,42761.8964

17,True,False,0.02,0.25,Rot17,2,0,-0.01283289,0.005471828,0.09257394,0.002854059,0.207478932700084,42775.6523

17,True,False,0.02,0.25,Rot17,2,0,-0.01223489,0.005669,0.0948496,0.002361169,0.159394135371132,42790.4657

17,True,False,0.02,0.25,Rot17,2,0,-0.01174314,0.005811932,0.09677431,0.00199167,0.144377261178127,42804.2606

17,True,False,0.02,0.25,Rot17,2,0,-0.01092313,0.006197574,0.09932309,0.002705074,0.0998654117473594,42831.3478

17,True,False,0.02,0.25,Rot17,2,0,-0.01019139,0.00631273,0.1016949,0.002484822,0.17437226265939,42845.5979

17,True,False,0.02,0.25,Rot17,2,0,-0.009523227,0.00642729,0.1038192,0.002229855,0.169012892610014,42858.7913

17,True,False,0.02,0.25,Rot17,2,0,-0.008422104,0.006469609,0.1066526,0.003040096,0.21011538629684,42873.26

17,True,False,0.02,0.25,Rot17,2,0,-0.007434439,0.006356002,0.1091108,0.002651587,0.0961978213764788,42900.8239

17,True,False,0.02,0.25,Rot17,2,0,-0.006868645,0.0062387,0.1114264,0.002386623,0.0826582008015788,42929.6973

17,True,False,0.02,0.25,Rot17,2,0,-0.006733627,0.006207944,0.1141616,0.002738716,0.199227131975154,42943.444

17,True,False,0.02,0.25,Rot17,2,0,-0.006536822,0.006203414,0.1177058,0.003549659,0.262758667564698,42956.9532

17,True,False,0.02,0.25,Rot17,2,0,-0.006035301,0.006025554,0.1216928,0.004022412,0.267051645637601,42972.0155

17,True,False,0.02,0.25,Rot17,2,0,-0.005292642,0.005780936,0.1253199,0.003710349,0.248034536047559,42986.9745

17,True,False,0.02,0.25,Rot17,2,0,-0.00463533,0.005531074,0.1284276,0.003186306,0.126629159172798,43012.137

17,True,False,0.02,0.25,Rot17,2,0,-0.004237807,0.005431534,0.1311932,0.002795792,0.183413622213996,43027.3801

17,True,False,0.02,0.25,Rot17,2,0,-0.003947815,0.004980923,0.1339637,0.002821845,0.223452261316619,43040.0085

17,True,False,0.02,0.25,Rot17,2,0,-0.003564738,0.004359603,0.1374462,0.003558207,0.268604763590756,43053.2555

17,True,False,0.02,0.25,Rot17,2,0,-0.003231214,0.003810287,0.1405278,0.003147885,0.203564805299547,43068.7193

17,True,False,0.02,0.25,Rot17,2,0,-0.003788759,0.003034354,0.1431553,0.002795826,0.107230696322395,43094.7923

17,True,False,0.02,0.25,Rot17,2,0,-0.003774134,0.002122999,0.1453413,0.002368371,0.0864931038425461,43122.1745

17,True,False,0.02,0.25,Rot17,2,0,-0.003784739,0.001370431,0.1475271,0.002311814,0.159478317965812,43136.6706

17,True,False,0.02,0.25,Rot17,2,0,-0.003674763,0.0005052097,0.1502108,0.002821855,0.204362261899165,43150.4787

17,True,False,0.02,0.25,Rot17,2,0,-0.003558706,-0.0004389279,0.1532866,0.00321953,0.223194049187517,43164.9035

17,True,False,0.02,0.25,Rot17,2,0,-0.003655881,-0.001187562,0.1553442,0.002191684,0.160611187888657,43178.5494

17,True,False,0.02,0.25,Rot17,2,0,-0.003667382,-0.00187087,0.1572344,0.002009961,0.139293352489814,43192.9791

17,True,False,0.02,0.25,Rot17,2,0,-0.003970345,-0.00243926,0.1591514,0.002022287,0.140210725962182,43207.4023

17,True,False,0.02,0.25,Rot17,2,0,-0.004214623,-0.003009914,0.1610755,0.002021792,0.134435680742651,43222.4414

17,True,False,0.02,0.25,Rot17,2,0,-0.004426084,-0.003579854,0.1630139,0.002031447,0.154536747902675,43235.5868

17,True,False,0.02,0.25,Rot17,2,0,-0.005034727,-0.003771304,0.1650645,0.002147579,0.0812399710354408,43262.0218

17,True,False,0.02,0.25,Rot17,2,0,-0.005682682,-0.003738045,0.1671865,0.002218958,0.080616662963826,43289.5466

17,True,False,0.02,0.25,Rot17,2,0,-0.006324884,-0.003746985,0.1693633,0.002269565,0.160400063757358,43303.696

17,True,False,0.02,0.25,Rot17,2,0,-0.007284536,-0.003683923,0.1719859,0.00279342,0.204233223592161,43317.3736

17,True,False,0.02,0.25,Rot17,2,0,-0.008292162,-0.003653525,0.1749665,0.003146493,0.20984313422337,43332.3681

17,True,False,0.02,0.25,Rot17,2,0,-0.008389657,-0.003953693,0.1774726,0.002525813,0.184491147001988,43346.0588

17,True,False,0.02,0.25,Rot17,2,0,-0.008496037,-0.004212378,0.1796388,0.00218418,0.15185739354968,43360.4419

17,True,False,0.02,0.25,Rot17,2,0,-0.008172222,-0.004633902,0.1816228,0.002054014,0.148299960833252,43374.2923

17,True,False,0.02,0.25,Rot17,2,0,-0.007830443,-0.005059002,0.1835766,0.002028521,0.136507922771817,43389.1524

17,True,False,0.02,0.25,Rot17,2,0,-0.007498874,-0.005480884,0.1855302,0.002025923,0.152356001508462,43402.4497

17,True,False,0.02,0.25,Rot17,2,0,-0.007139783,-0.005691527,0.1872492,0.001768692,0.0665239349051846,43429.037

17,True,False,0.02,0.25,Rot17,2,0,-0.006902201,-0.005956052,0.1889605,0.001747884,0.0642330552243462,43456.2486

17,True,False,0.02,0.25,Rot17,2,0,-0.006756247,-0.006181477,0.1905491,0.001611093,0.111207260342974,43470.7359

17,True,False,0.02,0.25,Rot17,2,0,-0.006733572,-0.006284593,0.1927547,0.002208136,0.154702859112714,43485.0093

17,True,False,0.02,0.25,Rot17,2,0,-0.006653587,-0.006555556,0.1959285,0.003186378,0.23648869254133,43498.483

17,True,False,0.02,0.25,Rot17,2,0,-0.007141711,-0.006960629,0.1977608,0.001938965,0.130817601279583,43513.3049

17,True,False,0.02,0.25,Rot17,2,0,-0.007567995,-0.007326363,0.1993704,0.001704751,0.117856754794914,43527.7695

17,True,False,0.02,0.25,Rot17,2,0,-0.007573032,-0.007449626,0.2007532,0.00138829,0.105994943057892,43540.8672

17,True,False,0.02,0.25,Rot17,2,0,-0.00760677,-0.00755143,0.2021021,0.001353184,0.0987841251336559,43554.5656

17,True,False,0.02,0.25,Rot17,2,0,-0.007652225,-0.007645844,0.2034541,0.001356082,0.0335021078730144,43595.0431

17,True,False,0.02,0.25,Rot17,2,0,-0.007848883,-0.007639645,0.2050039,0.001562265,0.110437044230019,43609.1893

17,True,False,0.02,0.25,Rot17,2,0,-0.007984238,-0.007635115,0.2066869,0.001688407,0.118885175917156,43623.3913

17,True,False,0.02,0.25,Rot17,2,0,-0.008384475,-0.007601975,0.2093736,0.002716574,0.197333644712723,43637.1577

17,True,False,0.02,0.25,Rot17,2,0,-0.007725898,-0.007402538,0.2122875,0.002994009,0.222768548632091,43650.5977

17,True,False,0.02,0.25,Rot17,2,0,-0.006936783,-0.007294773,0.2149095,0.002740314,0.17086809936172,43666.6353

17,True,False,0.02,0.25,Rot17,2,0,-0.006115615,-0.00734794,0.217251,0.002481882,0.0996659703941005,43691.5373

17,True,False,0.02,0.25,Rot17,2,0,-0.005322032,-0.00741136,0.2194033,0.002294813,0.0832491517371785,43719.1029

17,True,False,0.02,0.25,Rot17,2,0,-0.005016709,-0.007276534,0.2218075,0.002427211,0.170826895775659,43733.3115

17,True,False,0.02,0.25,Rot17,2,0,-0.004828555,-0.00670731,0.224992,0.003240468,0.233533760047926,43747.1873

17,True,False,0.02,0.25,Rot17,2,0,-0.004661864,-0.006109833,0.2283364,0.003401483,0.244017571896076,43761.1268

17,True,False,0.02,0.25,Rot17,2,0,-0.004770561,-0.005750178,0.2304686,0.002165057,0.155199026793274,43775.077

17,True,False,0.02,0.25,Rot17,2,0,-0.004879858,-0.005457043,0.2322156,0.001774744,0.122408825982162,43789.5755

17,True,False,0.02,0.25,Rot17,2,0,-0.004994676,-0.00519812,0.2337596,0.001569792,0.11480629510273,43803.2489

17,True,False,0.02,0.25,Rot17,2,0,-0.005169175,-0.0047338,0.2347784,0.001133129,0.0816434097736414,43817.1279

17,True,False,0.02,0.25,Rot17,2,0,-0.005328701,-0.004307984,0.2357837,0.001103322,0.040331547221221,43844.4842

17,True,False,0.02,0.25,Rot17,2,0,-0.00559863,-0.003972291,0.2362511,0.0006356359,0.0408734911333876,43860.0355

17,True,False,0.02,0.25,Rot17,2,0,-0.005866031,-0.0037055,0.2368824,0.0007356787,0.0629102461962741,43871.7296

17,True,False,0.02,0.25,Rot17,2,0,-0.006042711,-0.00326991,0.2377552,0.0009913743,0.0667547137719026,43886.5806

17,True,False,0.02,0.25,Rot17,2,0,-0.006173112,-0.002874254,0.2387748,0.001101406,0.040816105894735,43913.5652

17,True,False,0.02,0.25,Rot17,2,0,-0.006059548,-0.002309798,0.2403431,0.001670653,0.115882349150166,43927.982

17,True,False,0.02,0.25,Rot17,2,0,-0.006027179,-0.001856445,0.2418878,0.001610163,0.115461134416589,43941.9275

17,True,False,0.02,0.25,Rot17,2,0,-0.005778786,-0.00126314,0.2443593,0.002553831,0.188076275361878,43955.5062

17,True,False,0.02,0.25,Rot17,2,0,-0.005502345,-0.0007582892,0.246597,0.002310504,0.155138182035727,43970.3994

17,True,False,0.02,0.25,Rot17,2,0,-0.005309987,-0.0004457225,0.2491316,0.002561062,0.156717509952622,43986.7413

17,True,False,0.02,0.25,Rot17,2,0,-0.005134582,-0.0001540174,0.2514302,0.002323674,0.0961252274148983,44010.9147

