PID,taskType,rightHanded,width,length,rotation,execType,trialRep,PositionX,PositionY,PositionZ,Movement,Speed,Timestamp
17,True,False,0.02,0.25,Rot9,2,0,-0.003996511,-0.001505801,0.001671046,0,0,0.0049

17,True,False,0.02,0.25,Rot9,2,0,-0.003652035,-0.001480324,0.005778275,0.004121729,0.14948152055796,27.5784

17,True,False,0.02,0.25,Rot9,2,0,-0.003444701,-0.001459419,0.009146653,0.003374818,0.128167038149118,53.9098

17,True,False,0.02,0.25,Rot9,2,0,-0.002753762,-0.001255428,0.01137272,0.002339742,0.175582498831752,67.2354

17,True,False,0.02,0.25,Rot9,2,0,-0.002568261,-0.001226368,0.01263536,0.001276519,0.0967390018406138,80.4309

17,True,False,0.02,0.25,Rot9,2,0,-0.002238797,-0.001193746,0.01429974,0.001696987,0.116726873606488,94.969

17,True,False,0.02,0.25,Rot9,2,0,-0.001961471,-0.001183041,0.01585318,0.001578043,0.118259476832124,108.3129

17,True,False,0.02,0.25,Rot9,2,0,-0.001702854,-0.0006551938,0.01658502,0.0009386673,0.0707237837810478,121.5852

17,True,False,0.02,0.25,Rot9,2,0,-0.001502031,-0.0002651036,0.01736596,0.0008957497,0.0626446593337812,135.8841

17,True,False,0.02,0.25,Rot9,2,0,-0.001472609,-0.001393944,0.01850557,0.001604325,0.107897312397097,150.7531

17,True,False,0.02,0.25,Rot9,2,0,-0.001487361,-0.002921367,0.01983678,0.002026164,0.0842858126415576,174.7923

17,True,False,0.02,0.25,Rot9,2,0,-0.001697739,-0.004518079,0.02123471,0.002132594,0.142518802466523,189.7559

17,True,False,0.02,0.25,Rot9,2,0,-0.001864517,-0.00609513,0.02264354,0.002121256,0.167899272503308,202.39

17,True,False,0.02,0.25,Rot9,2,0,-0.001791084,-0.008420203,0.02395826,0.002672046,0.0981024620695785,229.6273

17,True,False,0.02,0.25,Rot9,2,0,-0.001682969,-0.01046953,0.02518671,0.002391762,0.1545185888435,245.1061

17,True,False,0.02,0.25,Rot9,2,0,-0.001427983,-0.01109404,0.02602942,0.001079437,0.0937385261842981,256.6215

17,True,False,0.02,0.25,Rot9,2,0,-0.001040374,-0.01203569,0.02730263,0.001630341,0.109355026589062,271.5302

17,True,False,0.02,0.25,Rot9,2,0,-0.0005942403,-0.01186274,0.02795056,0.0008054523,0.0298916840013704,298.4759

17,True,False,0.02,0.25,Rot9,2,0,-0.0002384191,-0.01182775,0.02853749,0.0006872586,0.0478922522564234,312.826

17,True,False,0.02,0.25,Rot9,2,0,4.859224E-05,-0.01183351,0.02913366,0.0006616812,0.0458012315237249,327.2728

17,True,False,0.02,0.25,Rot9,2,0,0.0004704274,-0.01179537,0.02985902,0.0008399737,0.0609878704168112,341.0456

17,True,False,0.02,0.25,Rot9,2,0,0.0006113012,-0.01174869,0.03054996,0.0007066953,0.0491956360067613,355.4106

17,True,False,0.02,0.25,Rot9,2,0,0.0006263104,-0.01176477,0.03131701,0.0007673675,0.0588715790675336,368.4452

17,True,False,0.02,0.25,Rot9,2,0,0.0005453114,-0.01190577,0.03211568,0.0008150511,0.0298193057446552,395.7782

17,True,False,0.02,0.25,Rot9,2,0,0.0004395876,-0.01206999,0.03295127,0.0008581203,0.0311174729922398,423.355

17,True,False,0.02,0.25,Rot9,2,0,0.0007351038,-0.01187043,0.03356968,0.00071385,0.060871823731866,435.0821

17,True,False,0.02,0.25,Rot9,2,0,0.0009196398,-0.01174862,0.03443746,0.0008955032,0.0693237303619203,447.9998

17,True,False,0.02,0.25,Rot9,2,0,0.00121846,-0.01156467,0.03595118,0.001553866,0.122296798302001,460.7055

17,True,False,0.02,0.25,Rot9,2,0,0.001218013,-0.01156537,0.0359519,1.093356E-06,7.55152880508416E-05,475.1841

17,True,False,0.02,0.25,Rot9,2,0,0.001577197,-0.01131455,0.03697426,0.00111227,0.084688884702553,488.3177

17,True,False,0.02,0.25,Rot9,2,0,0.001887747,-0.01109379,0.03784324,0.0009488469,0.0754400256216298,500.8952

17,True,False,0.02,0.25,Rot9,2,0,0.002161548,-0.01089587,0.0386113,0.0008390789,0.0319063227558455,527.1934

17,True,False,0.02,0.25,Rot9,2,0,0.002355156,-0.01042148,0.039007,0.0006473815,0.0458907969047746,541.3004

17,True,False,0.02,0.25,Rot9,2,0,0.002441806,-0.009799922,0.0393376,0.0007093241,0.0624740524248905,552.6543

17,True,False,0.02,0.25,Rot9,2,0,0.002272726,-0.008778599,0.03973009,0.001107132,0.0408323410598641,579.7684

17,True,False,0.02,0.25,Rot9,2,0,0.00214144,-0.008302066,0.03986619,0.0005126807,0.0347271736492814,594.5315

17,True,False,0.02,0.25,Rot9,2,0,0.002207727,-0.007894674,0.04001345,0.0004382321,0.0383133693063663,605.9696

17,True,False,0.02,0.25,Rot9,2,0,0.001816311,-0.007048133,0.04040823,0.001012765,0.0695934051328131,620.5222

17,True,False,0.02,0.25,Rot9,2,0,0.001469792,-0.006245826,0.0407916,0.0009543296,0.0365724781769571,646.6164

17,True,False,0.02,0.25,Rot9,2,0,0.001215641,-0.005635308,0.04104509,0.0007082254,0.0474360798668165,661.5465

17,True,False,0.02,0.25,Rot9,2,0,0.001114585,-0.005169754,0.04138122,0.0005830377,0.0454720186418561,674.3684

17,True,False,0.02,0.25,Rot9,2,0,0.0008743369,-0.004368078,0.04160736,0.0008669152,0.0638160238454173,687.953

17,True,False,0.02,0.25,Rot9,2,0,0.0006127916,-0.003477958,0.04184005,0.0009564855,0.0630116575242971,703.1325

17,True,False,0.02,0.25,Rot9,2,0,0.0005708598,-0.003037249,0.04189281,0.0004458324,0.0178112082159103,728.1635

17,True,False,0.02,0.25,Rot9,2,0,0.0005326532,-0.002646042,0.0419537,0.0003977559,0.0140213368222576,756.5314

17,True,False,0.02,0.25,Rot9,2,0,0.0004278943,-0.002001238,0.04240966,0.0007966477,0.0694936793320281,767.995

17,True,False,0.02,0.25,Rot9,2,0,0.0001888126,-0.001642716,0.042845,0.0006125495,0.0485722485569133,780.6061

17,True,False,0.02,0.25,Rot9,2,0,-5.702679E-05,-0.000944827,0.04325047,0.0008437393,0.0625154116599721,794.1026

17,True,False,0.02,0.25,Rot9,2,0,-0.0002857224,-0.000317724,0.0436225,0.0007641767,0.0565968786459421,807.6047

17,True,False,0.02,0.25,Rot9,2,0,-0.0002857336,-0.0003177872,0.04362235,1.622508E-07,6.16248202842372E-06,833.9335

17,True,False,0.02,0.25,Rot9,2,0,-0.0007114635,0.0008230437,0.04400336,0.001275895,0.046433330191482,861.4115

17,True,False,0.02,0.25,Rot9,2,0,-0.001107905,0.001756491,0.04436551,0.001076867,0.0891291432660407,873.4936

17,True,False,0.02,0.25,Rot9,2,0,-0.001260553,0.002285413,0.04486832,0.0007455719,0.0546799399292217,887.1288

17,True,False,0.02,0.25,Rot9,2,0,-0.001455255,0.003134777,0.04533902,0.0009903965,0.0742131298613492,900.4741

17,True,False,0.02,0.25,Rot9,2,0,-0.001539835,0.00384354,0.04566755,0.0007857686,0.0553588190974124,914.6682

17,True,False,0.02,0.25,Rot9,2,0,-0.001605586,0.004462635,0.04596411,0.0006896026,0.049135894974555,928.7028

17,True,False,0.02,0.25,Rot9,2,0,-0.001657286,0.0050136,0.0462402,0.0006184332,0.0461851618222807,942.0931

17,True,False,0.02,0.25,Rot9,2,0,-0.001721484,0.005025843,0.0465422,0.0003089925,0.0229326731597821,955.567

17,True,False,0.02,0.25,Rot9,2,0,-0.0017812,0.004975541,0.04684792,0.0003155255,0.0211716579396625,970.4702

17,True,False,0.02,0.25,Rot9,2,0,-0.001738907,0.005082763,0.04693072,0.0001419182,0.0103419339376466,984.1928

17,True,False,0.02,0.25,Rot9,2,0,-0.001684667,0.005212617,0.04699996,0.000156841,0.00632566374247635,1008.9872

17,True,False,0.02,0.25,Rot9,2,0,-0.001653061,0.005331113,0.04712155,0.0001726996,0.00639670785078294,1035.9854

17,True,False,0.02,0.25,Rot9,2,0,-0.001597018,0.00530416,0.04748564,0.0003693603,0.0258846015068069,1050.2549

17,True,False,0.02,0.25,Rot9,2,0,-0.001539611,0.005243342,0.04787365,0.0003969148,0.0281246563979668,1064.3676

17,True,False,0.02,0.25,Rot9,2,0,-0.001502381,0.005189774,0.04810092,0.0002364497,0.017892389730163,1077.5827

17,True,False,0.02,0.25,Rot9,2,0,-0.001449738,0.005269958,0.04820816,0.0001438818,0.0100273759269295,1091.9316

17,True,False,0.02,0.25,Rot9,2,0,-0.001395304,0.005347677,0.04831576,0.0001434619,0.0103113555538111,1105.8446

17,True,False,0.02,0.25,Rot9,2,0,-0.001340464,0.005502882,0.04838628,0.0001790761,0.0135221193317898,1119.0878

17,True,False,0.02,0.25,Rot9,2,0,-0.001297917,0.005690331,0.0484632,0.0002070355,0.0129323641720297,1135.0969

17,True,False,0.02,0.25,Rot9,2,0,-0.001256462,0.005788807,0.04844271,0.0001087914,0.00430046467631705,1160.3945

17,True,False,0.02,0.25,Rot9,2,0,-0.001213469,0.005885955,0.04841405,0.0001100352,0.00406089265184895,1187.4908

17,True,False,0.02,0.25,Rot9,2,0,-0.001170542,0.00604938,0.04829694,0.0002055838,0.018209368339018,1198.7808

17,True,False,0.02,0.25,Rot9,2,0,-0.001121063,0.006213373,0.04814126,0.0002314748,0.017348419315472,1212.1235

17,True,False,0.02,0.25,Rot9,2,0,-0.001049004,0.00620625,0.04803928,0.000125069,0.00958177529474747,1225.1763

17,True,False,0.02,0.25,Rot9,2,0,-0.0009380691,0.006185914,0.04789522,0.0001829553,0.014563834957055,1237.7386

17,True,False,0.02,0.25,Rot9,2,0,-0.0009379573,0.006185956,0.04789505,2.088344E-07,7.81911254803599E-06,1264.4468

17,True,False,0.02,0.25,Rot9,2,0,-0.0008666105,0.006332311,0.04771955,0.0002393948,0.0091161541185746,1290.7073

17,True,False,0.02,0.25,Rot9,2,0,-0.0007936581,0.006773547,0.04764278,0.0004537671,0.0342778745623564,1303.9452

17,True,False,0.02,0.25,Rot9,2,0,-0.0008420273,0.007177313,0.04752713,0.0004227782,0.0316804084808233,1317.2903

17,True,False,0.02,0.25,Rot9,2,0,-0.0008705444,0.00738436,0.04746874,0.0002170064,0.0152397473027502,1331.5298

17,True,False,0.02,0.25,Rot9,2,0,-0.0008705444,0.00738436,0.04746874,0,0,1345.2082

17,True,False,0.02,0.25,Rot9,2,0,-0.0008705444,0.00738436,0.04746874,0,0,1358.3768

17,True,False,0.02,0.25,Rot9,2,0,-0.0008705444,0.00738436,0.04746874,0,0,1372.7197

17,True,False,0.02,0.25,Rot9,2,0,-0.0008705444,0.00738436,0.04746874,0,0,1387.9392

17,True,False,0.02,0.25,Rot9,2,0,-0.0008705444,0.00738436,0.04746874,0,0,1400.7777

17,True,False,0.02,0.25,Rot9,2,0,-0.0008705444,0.00738436,0.04746874,0,0,1425.2335

17,True,False,0.02,0.25,Rot9,2,0,-0.0008705444,0.00738436,0.04746874,0,0,1441.6975

17,True,False,0.02,0.25,Rot9,2,0,-0.0008705444,0.00738436,0.04746874,0,0,1464.176

17,True,False,0.02,0.25,Rot9,2,0,-0.0008705444,0.00738436,0.04746874,0,0,1491.79

17,True,False,0.02,0.25,Rot9,2,0,-0.0008705444,0.00738436,0.04746874,0,0,1505.8725

17,True,False,0.02,0.25,Rot9,2,0,-0.0008705444,0.00738436,0.04746874,0,0,1517.6559

17,True,False,0.02,0.25,Rot9,2,0,-0.0008705444,0.00738436,0.04746874,0,0,1531.3615

17,True,False,0.02,0.25,Rot9,2,0,-0.0008705444,0.00738436,0.04746874,0,0,1558.4755

17,True,False,0.02,0.25,Rot9,2,0,-0.0008705444,0.00738436,0.04746874,0,0,1572.5726

17,True,False,0.02,0.25,Rot9,2,0,-0.0008705444,0.00738436,0.04746874,0,0,1583.8123

17,True,False,0.02,0.25,Rot9,2,0,-0.0008705444,0.00738436,0.04746874,0,0,1596.6872

17,True,False,0.02,0.25,Rot9,2,0,-0.0008705444,0.00738436,0.04746874,0,0,1623.0638

17,True,False,0.02,0.25,Rot9,2,0,-0.0008705444,0.00738436,0.04746874,0,0,1637.5439

17,True,False,0.02,0.25,Rot9,2,0,-0.0008705444,0.00738436,0.04746874,0,0,1649.6487

17,True,False,0.02,0.25,Rot9,2,0,-0.0008705444,0.00738436,0.04746874,0,0,1663.8766

17,True,False,0.02,0.25,Rot9,2,0,-0.0008705444,0.00738436,0.04746874,0,0,1677.3494

17,True,False,0.02,0.25,Rot9,2,0,-0.0008705444,0.00738436,0.04746874,0,0,1703.0586

17,True,False,0.02,0.25,Rot9,2,0,-0.0008705444,0.00738436,0.04746874,0,0,1730.5836

17,True,False,0.02,0.25,Rot9,2,0,-0.0008705444,0.00738436,0.04746874,0,0,1744.4842

17,True,False,0.02,0.25,Rot9,2,0,-0.0008705444,0.00738436,0.04746874,0,0,1757.799

17,True,False,0.02,0.25,Rot9,2,0,-0.0008705444,0.00738436,0.04746874,0,0,1771.6258

17,True,False,0.02,0.25,Rot9,2,0,-0.0008705444,0.00738436,0.04746874,0,0,1785.6002

17,True,False,0.02,0.25,Rot9,2,0,-0.0008705444,0.00738436,0.04746874,0,0,1798.9294

17,True,False,0.02,0.25,Rot9,2,0,-0.0008705444,0.00738436,0.04746874,0,0,1813.0176

17,True,False,0.02,0.25,Rot9,2,0,-0.0008705444,0.00738436,0.04746874,0,0,1829.2405

17,True,False,0.02,0.25,Rot9,2,0,-0.0008705444,0.00738436,0.04746874,0,0,1853.5939

17,True,False,0.02,0.25,Rot9,2,0,-0.0008705444,0.00738436,0.04746874,0,0,1869.2262

17,True,False,0.02,0.25,Rot9,2,0,-0.0008705444,0.00738436,0.04746874,0,0,1881.3182

17,True,False,0.02,0.25,Rot9,2,0,-0.0008705444,0.00738436,0.04746874,0,0,1895.6066

17,True,False,0.02,0.25,Rot9,2,0,-0.0008705444,0.00738436,0.04746874,0,0,1911.6841

17,True,False,0.02,0.25,Rot9,2,0,-0.0008705444,0.00738436,0.04746874,0,0,1935.3464

17,True,False,0.02,0.25,Rot9,2,0,-0.0008705444,0.00738436,0.04746874,0,0,1951.2608

17,True,False,0.02,0.25,Rot9,2,0,-0.0008705444,0.00738436,0.04746874,0,0,1962.2355

17,True,False,0.02,0.25,Rot9,2,0,-0.0008705444,0.00738436,0.04746874,0,0,1978.4071

17,True,False,0.02,0.25,Rot9,2,0,-0.0008705444,0.00738436,0.04746874,0,0,2003.8797

17,True,False,0.02,0.25,Rot9,2,0,-0.0008705444,0.00738436,0.04746874,0,0,2031.0145

17,True,False,0.02,0.25,Rot9,2,0,-0.0008705444,0.00738436,0.04746874,0,0,2042.684

17,True,False,0.02,0.25,Rot9,2,0,-0.0008705444,0.00738436,0.04746874,0,0,2055.6191

17,True,False,0.02,0.25,Rot9,2,0,-0.0008705444,0.00738436,0.04746874,0,0,2069.3684

17,True,False,0.02,0.25,Rot9,2,0,-0.0008705444,0.00738436,0.04746874,0,0,2082.901

17,True,False,0.02,0.25,Rot9,2,0,-0.0008705444,0.00738436,0.04746874,0,0,2109.1177

17,True,False,0.02,0.25,Rot9,2,0,-0.0008705444,0.00738436,0.04746874,0,0,2122.616

17,True,False,0.02,0.25,Rot9,2,0,-0.0008705444,0.00738436,0.04746874,0,0,2135.7362

17,True,False,0.02,0.25,Rot9,2,0,-0.0008705444,0.00738436,0.04746874,0,0,2149.8754

17,True,False,0.02,0.25,Rot9,2,0,-0.0008705444,0.00738436,0.04746874,0,0,2164.041

17,True,False,0.02,0.25,Rot9,2,0,-0.0008705444,0.00738436,0.04746874,0,0,2177.053

17,True,False,0.02,0.25,Rot9,2,0,-0.0008705444,0.00738436,0.04746874,0,0,2202.3973

17,True,False,0.02,0.25,Rot9,2,0,-0.0008705444,0.00738436,0.04746874,0,0,2229.9853

17,True,False,0.02,0.25,Rot9,2,0,-0.0008705444,0.00738436,0.04746874,0,0,2244.2195

17,True,False,0.02,0.25,Rot9,2,0,-0.0008705444,0.00738436,0.04746874,0,0,2257.5255

17,True,False,0.02,0.25,Rot9,2,0,-0.0008705444,0.00738436,0.04746874,0,0,2272.2548

17,True,False,0.02,0.25,Rot9,2,0,-0.0008705444,0.00738436,0.04746874,0,0,2286.1462

17,True,False,0.02,0.25,Rot9,2,0,-0.0008705444,0.00738436,0.04746874,0,0,2299.4301

17,True,False,0.02,0.25,Rot9,2,0,-0.0008705444,0.00738436,0.04746874,0,0,2327.1618

17,True,False,0.02,0.25,Rot9,2,0,-0.0008705444,0.00738436,0.04746874,0,0,2341.4258

17,True,False,0.02,0.25,Rot9,2,0,-0.0008705444,0.00738436,0.04746874,0,0,2367.5395

17,True,False,0.02,0.25,Rot9,2,0,-0.0008705444,0.00738436,0.04746874,0,0,2396.9461

17,True,False,0.02,0.25,Rot9,2,0,-0.0008705444,0.00738436,0.04746874,0,0,2423.3379

17,True,False,0.02,0.25,Rot9,2,0,-0.0008705444,0.00738436,0.04746874,0,0,2440.4169

17,True,False,0.02,0.25,Rot9,2,0,-0.0008705444,0.00738436,0.04746874,0,0,2465.1827

17,True,False,0.02,0.25,Rot9,2,0,-0.0008705444,0.00738436,0.04746874,0,0,2481.273

17,True,False,0.02,0.25,Rot9,2,0,-0.0008705444,0.00738436,0.04746874,0,0,2506.9566

17,True,False,0.02,0.25,Rot9,2,0,-0.0008705444,0.00738436,0.04746874,0,0,2535.0342

17,True,False,0.02,0.25,Rot9,2,0,-0.0008705444,0.00738436,0.04746874,0,0,2548.5173

17,True,False,0.02,0.25,Rot9,2,0,-0.0008705444,0.00738436,0.04746874,0,0,2562.7178

17,True,False,0.02,0.25,Rot9,2,0,-0.0008705444,0.00738436,0.04746874,0,0,2576.3269

17,True,False,0.02,0.25,Rot9,2,0,-0.0008705444,0.00738436,0.04746874,0,0,2591.0299

17,True,False,0.02,0.25,Rot9,2,0,-0.0008705444,0.00738436,0.04746874,0,0,2604.9383

17,True,False,0.02,0.25,Rot9,2,0,-0.0008705444,0.00738436,0.04746874,0,0,2618.3289

17,True,False,0.02,0.25,Rot9,2,0,-0.0008705444,0.00738436,0.04746874,0,0,2632.6375

17,True,False,0.02,0.25,Rot9,2,0,-0.0008705444,0.00738436,0.04746874,0,0,2646.4968

17,True,False,0.02,0.25,Rot9,2,0,-0.0008705444,0.00738436,0.04746874,0,0,2674.0472

17,True,False,0.02,0.25,Rot9,2,0,-0.0008705444,0.00738436,0.04746874,0,0,2701.5385

17,True,False,0.02,0.25,Rot9,2,0,-0.0008705444,0.00738436,0.04746874,0,0,2716.2255

17,True,False,0.02,0.25,Rot9,2,0,-0.0008705444,0.00738436,0.04746874,0,0,2730.7937

17,True,False,0.02,0.25,Rot9,2,0,-0.0008705444,0.00738436,0.04746874,0,0,2744.5033

17,True,False,0.02,0.25,Rot9,2,0,-0.0008705444,0.00738436,0.04746874,0,0,2758.0162

17,True,False,0.02,0.25,Rot9,2,0,-0.0008705444,0.00738436,0.04746874,0,0,2772.605

17,True,False,0.02,0.25,Rot9,2,0,-0.0008705444,0.00738436,0.04746874,0,0,2786.5658

17,True,False,0.02,0.25,Rot9,2,0,-0.0008705444,0.00738436,0.04746874,0,0,2800.014

17,True,False,0.02,0.25,Rot9,2,0,-0.0008705444,0.00738436,0.04746874,0,0,2814.8485

17,True,False,0.02,0.25,Rot9,2,0,-0.0008705444,0.00738436,0.04746874,0,0,2829.1222

17,True,False,0.02,0.25,Rot9,2,0,-0.0008705444,0.00738436,0.04746874,0,0,2854.3819

17,True,False,0.02,0.25,Rot9,2,0,-0.0008705444,0.00738436,0.04746874,0,0,2880.6892

17,True,False,0.02,0.25,Rot9,2,0,-0.0008705444,0.00738436,0.04746874,0,0,2892.9594

17,True,False,0.02,0.25,Rot9,2,0,-0.0008705444,0.00738436,0.04746874,0,0,2906.2253

17,True,False,0.02,0.25,Rot9,2,0,-0.0008705444,0.00738436,0.04746874,0,0,2918.6585

17,True,False,0.02,0.25,Rot9,2,0,-0.0008705444,0.00738436,0.04746874,0,0,2932.4686

17,True,False,0.02,0.25,Rot9,2,0,-0.0008705444,0.00738436,0.04746874,0,0,2948.5015

17,True,False,0.02,0.25,Rot9,2,0,-0.0008705444,0.00738436,0.04746874,0,0,2961.374

17,True,False,0.02,0.25,Rot9,2,0,-0.0008705444,0.00738436,0.04746874,0,0,2987.2716

17,True,False,0.02,0.25,Rot9,2,0,-0.0008705444,0.00738436,0.04746874,0,0,3013.1831

17,True,False,0.02,0.25,Rot9,2,0,-0.0008705444,0.00738436,0.04746874,0,0,3026.3936

17,True,False,0.02,0.25,Rot9,2,0,-0.0008705444,0.00738436,0.04746874,0,0,3039.8234

17,True,False,0.02,0.25,Rot9,2,0,-0.0008705444,0.00738436,0.04746874,0,0,3053.672

17,True,False,0.02,0.25,Rot9,2,0,-0.0008705444,0.00738436,0.04746874,0,0,3067.4567

17,True,False,0.02,0.25,Rot9,2,0,-0.0008705444,0.00738436,0.04746874,0,0,3081.345

17,True,False,0.02,0.25,Rot9,2,0,-0.0008705444,0.00738436,0.04746874,0,0,3094.9629

17,True,False,0.02,0.25,Rot9,2,0,-0.0008705444,0.00738436,0.04746874,0,0,3133.9149

17,True,False,0.02,0.25,Rot9,2,0,-0.0008705444,0.00738436,0.04746874,0,0,3160.6548

17,True,False,0.02,0.25,Rot9,2,0,-0.0008705444,0.00738436,0.04746874,0,0,3174.6724

17,True,False,0.02,0.25,Rot9,2,0,-0.0008705444,0.00738436,0.04746874,0,0,3188.6679

17,True,False,0.02,0.25,Rot9,2,0,-0.0008705444,0.00738436,0.04746874,0,0,3202.1684

17,True,False,0.02,0.25,Rot9,2,0,-0.0008705444,0.00738436,0.04746874,0,0,3215.8235

17,True,False,0.02,0.25,Rot9,2,0,-0.0008705444,0.00738436,0.04746874,0,0,3230.0942

17,True,False,0.02,0.25,Rot9,2,0,-0.0008705444,0.00738436,0.04746874,0,0,3244.8938

17,True,False,0.02,0.25,Rot9,2,0,-0.0008705444,0.00738436,0.04746874,0,0,3256.1275

17,True,False,0.02,0.25,Rot9,2,0,-0.0008705444,0.00738436,0.04746874,0,0,3284.2869

17,True,False,0.02,0.25,Rot9,2,0,-0.0008705444,0.00738436,0.04746874,0,0,3310.9941

17,True,False,0.02,0.25,Rot9,2,0,-0.0008705444,0.00738436,0.04746874,0,0,3323.1729

17,True,False,0.02,0.25,Rot9,2,0,-0.0008705444,0.00738436,0.04746874,0,0,3335.691

17,True,False,0.02,0.25,Rot9,2,0,-0.0008705444,0.00738436,0.04746874,0,0,3349.2871

17,True,False,0.02,0.25,Rot9,2,0,-0.0008705444,0.00738436,0.04746874,0,0,3361.9382

17,True,False,0.02,0.25,Rot9,2,0,-0.0008705444,0.00738436,0.04746874,0,0,3375.3851

17,True,False,0.02,0.25,Rot9,2,0,-0.0008705444,0.00738436,0.04746874,0,0,3401.3593

17,True,False,0.02,0.25,Rot9,2,0,-0.0008705444,0.00738436,0.04746874,0,0,3427.0005

17,True,False,0.02,0.25,Rot9,2,0,-0.0008705444,0.00738436,0.04746874,0,0,3440.0894

17,True,False,0.02,0.25,Rot9,2,0,-0.0008705444,0.00738436,0.04746874,0,0,3454.4308

17,True,False,0.02,0.25,Rot9,2,0,-0.0008705444,0.00738436,0.04746874,0,0,3480.8415

17,True,False,0.02,0.25,Rot9,2,0,-0.0008705444,0.00738436,0.04746874,0,0,3508.534

17,True,False,0.02,0.25,Rot9,2,0,-0.0008705444,0.00738436,0.04746874,0,0,3521.1343

17,True,False,0.02,0.25,Rot9,2,0,-0.0008705444,0.00738436,0.04746874,0,0,3534.4551

17,True,False,0.02,0.25,Rot9,2,0,-0.0008705444,0.00738436,0.04746874,0,0,3548.9401

17,True,False,0.02,0.25,Rot9,2,0,-0.0008705444,0.00738436,0.04746874,0,0,3562.6406

17,True,False,0.02,0.25,Rot9,2,0,-0.0008705444,0.00738436,0.04746874,0,0,3575.3736

17,True,False,0.02,0.25,Rot9,2,0,-0.0008705444,0.00738436,0.04746874,0,0,3591.6358

17,True,False,0.02,0.25,Rot9,2,0,-0.0008705444,0.00738436,0.04746874,0,0,3616.2908

17,True,False,0.02,0.25,Rot9,2,0,-0.0008705444,0.00738436,0.04746874,0,0,3643.7515

17,True,False,0.02,0.25,Rot9,2,0,-0.0008705444,0.00738436,0.04746874,0,0,3655.8844

17,True,False,0.02,0.25,Rot9,2,0,-0.0008705444,0.00738436,0.04746874,0,0,3668.9232

17,True,False,0.02,0.25,Rot9,2,0,-0.0008705444,0.00738436,0.04746874,0,0,3682.2441

17,True,False,0.02,0.25,Rot9,2,0,-0.0008705444,0.00738436,0.04746874,0,0,3694.6544

17,True,False,0.02,0.25,Rot9,2,0,-0.0008705444,0.00738436,0.04746874,0,0,3709.6169

17,True,False,0.02,0.25,Rot9,2,0,-0.0008705444,0.00738436,0.04746874,0,0,3734.2063

17,True,False,0.02,0.25,Rot9,2,0,-0.0008705444,0.00738436,0.04746874,0,0,3760.1748

17,True,False,0.02,0.25,Rot9,2,0,-0.0008705444,0.00738436,0.04746874,0,0,3774.234

17,True,False,0.02,0.25,Rot9,2,0,-0.0008705444,0.00738436,0.04746874,0,0,3787.5208

17,True,False,0.02,0.25,Rot9,2,0,-0.0008705444,0.00738436,0.04746874,0,0,3800.9007

17,True,False,0.02,0.25,Rot9,2,0,-0.0008705444,0.00738436,0.04746874,0,0,3815.1425

17,True,False,0.02,0.25,Rot9,2,0,-0.0008705444,0.00738436,0.04746874,0,0,3829.3385

17,True,False,0.02,0.25,Rot9,2,0,-0.0008705444,0.00738436,0.04746874,0,0,3843.4919

17,True,False,0.02,0.25,Rot9,2,0,-0.0008705444,0.00738436,0.04746874,0,0,3869.2717

17,True,False,0.02,0.25,Rot9,2,0,-0.0008705444,0.00738436,0.04746874,0,0,3884.3794

17,True,False,0.02,0.25,Rot9,2,0,-0.0008705444,0.00738436,0.04746874,0,0,3896.5922

17,True,False,0.02,0.25,Rot9,2,0,-0.0008705444,0.00738436,0.04746874,0,0,3910.687

17,True,False,0.02,0.25,Rot9,2,0,-0.0008705444,0.00738436,0.04746874,0,0,3925.866

17,True,False,0.02,0.25,Rot9,2,0,-0.0008705444,0.00738436,0.04746874,0,0,3951.5716

17,True,False,0.02,0.25,Rot9,2,0,-0.0008705444,0.00738436,0.04746874,0,0,3966.1912

17,True,False,0.02,0.25,Rot9,2,0,-0.0008705444,0.00738436,0.04746874,0,0,3978.7826

17,True,False,0.02,0.25,Rot9,2,0,-0.0008705444,0.00738436,0.04746874,0,0,3993.2655

17,True,False,0.02,0.25,Rot9,2,0,-0.0008705444,0.00738436,0.04746874,0,0,4009.469

17,True,False,0.02,0.25,Rot9,2,0,-0.0008705444,0.00738436,0.04746874,0,0,4033.693

17,True,False,0.02,0.25,Rot9,2,0,-0.0008705444,0.00738436,0.04746874,0,0,4048.6336

17,True,False,0.02,0.25,Rot9,2,0,-0.0008705444,0.00738436,0.04746874,0,0,4060.1287

17,True,False,0.02,0.25,Rot9,2,0,-0.0008705444,0.00738436,0.04746874,0,0,4077.031

17,True,False,0.02,0.25,Rot9,2,0,-0.0008705444,0.00738436,0.04746874,0,0,4102.25

17,True,False,0.02,0.25,Rot9,2,0,-0.0008705444,0.00738436,0.04746874,0,0,4118.5667

17,True,False,0.02,0.25,Rot9,2,0,-0.0008705444,0.00738436,0.04746874,0,0,4130.2101

17,True,False,0.02,0.25,Rot9,2,0,-0.0008705444,0.00738436,0.04746874,0,0,4144.495

17,True,False,0.02,0.25,Rot9,2,0,-0.0008705444,0.00738436,0.04746874,0,0,4172.3486

17,True,False,0.02,0.25,Rot9,2,0,-0.0008705444,0.00738436,0.04746874,0,0,4187.7511

17,True,False,0.02,0.25,Rot9,2,0,-0.0008705444,0.00738436,0.04746874,0,0,4198.7866

17,True,False,0.02,0.25,Rot9,2,0,-0.0008705444,0.00738436,0.04746874,0,0,4212.1117

17,True,False,0.02,0.25,Rot9,2,0,-0.0008705444,0.00738436,0.04746874,0,0,4226.7625

17,True,False,0.02,0.25,Rot9,2,0,-0.0008705444,0.00738436,0.04746874,0,0,4240.1039

17,True,False,0.02,0.25,Rot9,2,0,-0.0008705444,0.00738436,0.04746874,0,0,4266.8849

17,True,False,0.02,0.25,Rot9,2,0,-0.0008705444,0.00738436,0.04746874,0,0,4294.4488

17,True,False,0.02,0.25,Rot9,2,0,-0.0008705444,0.00738436,0.04746874,0,0,4307.1794

17,True,False,0.02,0.25,Rot9,2,0,-0.0008705444,0.00738436,0.04746874,0,0,4319.7568

17,True,False,0.02,0.25,Rot9,2,0,-0.0008705444,0.00738436,0.04746874,0,0,4333.6807

17,True,False,0.02,0.25,Rot9,2,0,-0.0008705444,0.00738436,0.04746874,0,0,4347.0293

17,True,False,0.02,0.25,Rot9,2,0,-0.0008705444,0.00738436,0.04746874,0,0,4362.3423

17,True,False,0.02,0.25,Rot9,2,0,-0.0008705444,0.00738436,0.04746874,0,0,4374.7356

17,True,False,0.02,0.25,Rot9,2,0,-0.0008705444,0.00738436,0.04746874,0,0,4399.2469

17,True,False,0.02,0.25,Rot9,2,0,-0.0008705444,0.00738436,0.04746874,0,0,4425.7693

17,True,False,0.02,0.25,Rot9,2,0,-0.0008705444,0.00738436,0.04746874,0,0,4439.7599

17,True,False,0.02,0.25,Rot9,2,0,-0.0008705444,0.00738436,0.04746874,0,0,4452.6034

17,True,False,0.02,0.25,Rot9,2,0,-0.0008705444,0.00738436,0.04746874,0,0,4466.0198

17,True,False,0.02,0.25,Rot9,2,0,-0.0008705444,0.00738436,0.04746874,0,0,4479.5067

17,True,False,0.02,0.25,Rot9,2,0,-0.0008705444,0.00738436,0.04746874,0,0,4494.4266

17,True,False,0.02,0.25,Rot9,2,0,-0.0008705444,0.00738436,0.04746874,0,0,4520.0015

17,True,False,0.02,0.25,Rot9,2,0,-0.0008705444,0.00738436,0.04746874,0,0,4547.0247

17,True,False,0.02,0.25,Rot9,2,0,-0.0008705444,0.00738436,0.04746874,0,0,4557.6103

17,True,False,0.02,0.25,Rot9,2,0,-0.0008705444,0.00738436,0.04746874,0,0,4571.4539

17,True,False,0.02,0.25,Rot9,2,0,-0.0008705444,0.00738436,0.04746874,0,0,4584.6838

17,True,False,0.02,0.25,Rot9,2,0,-0.0008705444,0.00738436,0.04746874,0,0,4597.4472

17,True,False,0.02,0.25,Rot9,2,0,-0.0008705444,0.00738436,0.04746874,0,0,4610.7342

17,True,False,0.02,0.25,Rot9,2,0,-0.0008705444,0.00738436,0.04746874,0,0,4625.7177

17,True,False,0.02,0.25,Rot9,2,0,-0.0008705444,0.00738436,0.04746874,0,0,4650.1222

17,True,False,0.02,0.25,Rot9,2,0,-0.0008705444,0.00738436,0.04746874,0,0,4676.4123

17,True,False,0.02,0.25,Rot9,2,0,-0.0008705444,0.00738436,0.04746874,0,0,4690.2256

17,True,False,0.02,0.25,Rot9,2,0,-0.0008705444,0.00738436,0.04746874,0,0,4703.9979

17,True,False,0.02,0.25,Rot9,2,0,-0.0008705444,0.00738436,0.04746874,0,0,4717.3798

17,True,False,0.02,0.25,Rot9,2,0,-0.0008705444,0.00738436,0.04746874,0,0,4731.6595

17,True,False,0.02,0.25,Rot9,2,0,-0.0008705444,0.00738436,0.04746874,0,0,4746.1731

17,True,False,0.02,0.25,Rot9,2,0,-0.0008705444,0.00738436,0.04746874,0,0,4771.8292

17,True,False,0.02,0.25,Rot9,2,0,-0.0008705444,0.00738436,0.04746874,0,0,4811.9735

17,True,False,0.02,0.25,Rot9,2,0,-0.0008705444,0.00738436,0.04746874,0,0,4824.2543

17,True,False,0.02,0.25,Rot9,2,0,-0.0008705444,0.00738436,0.04746874,0,0,4836.4854

17,True,False,0.02,0.25,Rot9,2,0,-0.0008705444,0.00738436,0.04746874,0,0,4850.065

17,True,False,0.02,0.25,Rot9,2,0,-0.0008705444,0.00738436,0.04746874,0,0,4863.089

17,True,False,0.02,0.25,Rot9,2,0,-0.0008705444,0.00738436,0.04746874,0,0,4875.5728

17,True,False,0.02,0.25,Rot9,2,0,-0.0008705444,0.00738436,0.04746874,0,0,4889.7611

17,True,False,0.02,0.25,Rot9,2,0,-0.0008705444,0.00738436,0.04746874,0,0,4914.9672

17,True,False,0.02,0.25,Rot9,2,0,-0.0008705444,0.00738436,0.04746874,0,0,4941.1019

17,True,False,0.02,0.25,Rot9,2,0,-0.0008705444,0.00738436,0.04746874,0,0,4954.9911

17,True,False,0.02,0.25,Rot9,2,0,-0.0008705444,0.00738436,0.04746874,0,0,4968.3989

17,True,False,0.02,0.25,Rot9,2,0,-0.0008705444,0.00738436,0.04746874,0,0,4981.739

17,True,False,0.02,0.25,Rot9,2,0,-0.0008705444,0.00738436,0.04746874,0,0,4996.0244

17,True,False,0.02,0.25,Rot9,2,0,-0.0008705444,0.00738436,0.04746874,0,0,5010.6409

17,True,False,0.02,0.25,Rot9,2,0,-0.0008705444,0.00738436,0.04746874,0,0,5022.7952

17,True,False,0.02,0.25,Rot9,2,0,-0.0008705444,0.00738436,0.04746874,0,0,5049.4713

17,True,False,0.02,0.25,Rot9,2,0,-0.0008705444,0.00738436,0.04746874,0,0,5064.6788

17,True,False,0.02,0.25,Rot9,2,0,-0.0008705444,0.00738436,0.04746874,0,0,5076.0813

17,True,False,0.02,0.25,Rot9,2,0,-0.0008705444,0.00738436,0.04746874,0,0,5090.1433

17,True,False,0.02,0.25,Rot9,2,0,-0.0008705444,0.00738436,0.04746874,0,0,5105.4665

17,True,False,0.02,0.25,Rot9,2,0,-0.0008705444,0.00738436,0.04746874,0,0,5130.6985

17,True,False,0.02,0.25,Rot9,2,0,-0.0008705444,0.00738436,0.04746874,0,0,5158.1787

17,True,False,0.02,0.25,Rot9,2,0,-0.0008705444,0.00738436,0.04746874,0,0,5170.4199

17,True,False,0.02,0.25,Rot9,2,0,-0.0008705444,0.00738436,0.04746874,0,0,5183.4389

17,True,False,0.02,0.25,Rot9,2,0,-0.0008705444,0.00738436,0.04746874,0,0,5196.2507

17,True,False,0.02,0.25,Rot9,2,0,-0.0008705444,0.00738436,0.04746874,0,0,5210.0993

17,True,False,0.02,0.25,Rot9,2,0,-0.0008705444,0.00738436,0.04746874,0,0,5237.7161

17,True,False,0.02,0.25,Rot9,2,0,-0.0008705444,0.00738436,0.04746874,0,0,5249.973

17,True,False,0.02,0.25,Rot9,2,0,-0.0008705444,0.00738436,0.04746874,0,0,5263.6746

17,True,False,0.02,0.25,Rot9,2,0,-0.0008705444,0.00738436,0.04746874,0,0,5276.7464

17,True,False,0.02,0.25,Rot9,2,0,-0.0008705444,0.00738436,0.04746874,0,0,5291.6621

17,True,False,0.02,0.25,Rot9,2,0,-0.0008705444,0.00738436,0.04746874,0,0,5316.6179

17,True,False,0.02,0.25,Rot9,2,0,-0.0008705444,0.00738436,0.04746874,0,0,5342.9813

17,True,False,0.02,0.25,Rot9,2,0,-0.0008705444,0.00738436,0.04746874,0,0,5356.6519

17,True,False,0.02,0.25,Rot9,2,0,-0.0008705444,0.00738436,0.04746874,0,0,5370.5199

17,True,False,0.02,0.25,Rot9,2,0,-0.0008705444,0.00738436,0.04746874,0,0,5384.5152

17,True,False,0.02,0.25,Rot9,2,0,-0.0008705444,0.00738436,0.04746874,0,0,5398.1122

17,True,False,0.02,0.25,Rot9,2,0,-0.0008705444,0.00738436,0.04746874,0,0,5412.1132

17,True,False,0.02,0.25,Rot9,2,0,-0.0008705444,0.00738436,0.04746874,0,0,5427.552

17,True,False,0.02,0.25,Rot9,2,0,-0.0008705444,0.00738436,0.04746874,0,0,5439.233

17,True,False,0.02,0.25,Rot9,2,0,-0.0008705444,0.00738436,0.04746874,0,0,5466.0897

17,True,False,0.02,0.25,Rot9,2,0,-0.0008705444,0.00738436,0.04746874,0,0,5481.9255

17,True,False,0.02,0.25,Rot9,2,0,-0.0008705444,0.00738436,0.04746874,0,0,5493.1637

17,True,False,0.02,0.25,Rot9,2,0,-0.0008705444,0.00738436,0.04746874,0,0,5507.4232

17,True,False,0.02,0.25,Rot9,2,0,-0.0008705444,0.00738436,0.04746874,0,0,5534.4819

17,True,False,0.02,0.25,Rot9,2,0,-0.0008705444,0.00738436,0.04746874,0,0,5562.077

17,True,False,0.02,0.25,Rot9,2,0,-0.0008705444,0.00738436,0.04746874,0,0,5573.6073

17,True,False,0.02,0.25,Rot9,2,0,-0.0008705444,0.00738436,0.04746874,0,0,5600.0509

17,True,False,0.02,0.25,Rot9,2,0,-0.0008705444,0.00738436,0.04746874,0,0,5627.0024

17,True,False,0.02,0.25,Rot9,2,0,-0.0008705444,0.00738436,0.04746874,0,0,5638.5933

17,True,False,0.02,0.25,Rot9,2,0,-0.0008705444,0.00738436,0.04746874,0,0,5652.5367

17,True,False,0.02,0.25,Rot9,2,0,-0.0008705444,0.00738436,0.04746874,0,0,5666.0562

17,True,False,0.02,0.25,Rot9,2,0,-0.0008705444,0.00738436,0.04746874,0,0,5679.2564

17,True,False,0.02,0.25,Rot9,2,0,-0.0008705444,0.00738436,0.04746874,0,0,5693.111

17,True,False,0.02,0.25,Rot9,2,0,-0.0008705444,0.00738436,0.04746874,0,0,5706.7763

17,True,False,0.02,0.25,Rot9,2,0,-0.0008705444,0.00738436,0.04746874,0,0,5732.886

17,True,False,0.02,0.25,Rot9,2,0,-0.0008705444,0.00738436,0.04746874,0,0,5759.4451

17,True,False,0.02,0.25,Rot9,2,0,-0.0008705444,0.00738436,0.04746874,0,0,5773.661

17,True,False,0.02,0.25,Rot9,2,0,-0.0008705444,0.00738436,0.04746874,0,0,5786.1939

17,True,False,0.02,0.25,Rot9,2,0,-0.0008705444,0.00738436,0.04746874,0,0,5799.8156

17,True,False,0.02,0.25,Rot9,2,0,-0.0008705444,0.00738436,0.04746874,0,0,5814.3389

17,True,False,0.02,0.25,Rot9,2,0,-0.0008705444,0.00738436,0.04746874,0,0,5827.5588

17,True,False,0.02,0.25,Rot9,2,0,-0.0008705444,0.00738436,0.04746874,0,0,5841.7538

17,True,False,0.02,0.25,Rot9,2,0,-0.0008705444,0.00738436,0.04746874,0,0,5855.6817

17,True,False,0.02,0.25,Rot9,2,0,-0.0008705444,0.00738436,0.04746874,0,0,5881.5276

17,True,False,0.02,0.25,Rot9,2,0,-0.0008705444,0.00738436,0.04746874,0,0,5908.5744

17,True,False,0.02,0.25,Rot9,2,0,-0.0008705444,0.00738436,0.04746874,0,0,5920.3835

17,True,False,0.02,0.25,Rot9,2,0,-0.0008705444,0.00738436,0.04746874,0,0,5933.7837

17,True,False,0.02,0.25,Rot9,2,0,-0.0008705444,0.00738436,0.04746874,0,0,5946.7588

17,True,False,0.02,0.25,Rot9,2,0,-0.0008705444,0.00738436,0.04746874,0,0,5959.5575

17,True,False,0.02,0.25,Rot9,2,0,-0.0008705444,0.00738436,0.04746874,0,0,5973.186

17,True,False,0.02,0.25,Rot9,2,0,-0.0008705444,0.00738436,0.04746874,0,0,5998.7539

17,True,False,0.02,0.25,Rot9,2,0,-0.0008705444,0.00738436,0.04746874,0,0,6024.6841

17,True,False,0.02,0.25,Rot9,2,0,-0.0008705444,0.00738436,0.04746874,0,0,6038.3825

17,True,False,0.02,0.25,Rot9,2,0,-0.0008705444,0.00738436,0.04746874,0,0,6052.1872

17,True,False,0.02,0.25,Rot9,2,0,-0.0008705444,0.00738436,0.04746874,0,0,6065.9182

17,True,False,0.02,0.25,Rot9,2,0,-0.0008705444,0.00738436,0.04746874,0,0,6079.442

17,True,False,0.02,0.25,Rot9,2,0,-0.0008705444,0.00738436,0.04746874,0,0,6093.3111

17,True,False,0.02,0.25,Rot9,2,0,-0.0008705444,0.00738436,0.04746874,0,0,6108.6805

17,True,False,0.02,0.25,Rot9,2,0,-0.0008705444,0.00738436,0.04746874,0,0,6133.5956

17,True,False,0.02,0.25,Rot9,2,0,-0.0008705444,0.00738436,0.04746874,0,0,6161.2005

17,True,False,0.02,0.25,Rot9,2,0,-0.0008705444,0.00738436,0.04746874,0,0,6174.8762

17,True,False,0.02,0.25,Rot9,2,0,-0.0008705444,0.00738436,0.04746874,0,0,6187.6743

17,True,False,0.02,0.25,Rot9,2,0,-0.0008705444,0.00738436,0.04746874,0,0,6200.3756

17,True,False,0.02,0.25,Rot9,2,0,-0.0008705444,0.00738436,0.04746874,0,0,6213.4922

17,True,False,0.02,0.25,Rot9,2,0,-0.0008705444,0.00738436,0.04746874,0,0,6226.3754

17,True,False,0.02,0.25,Rot9,2,0,-0.0008705444,0.00738436,0.04746874,0,0,6240.1469

17,True,False,0.02,0.25,Rot9,2,0,-0.0008705444,0.00738436,0.04746874,0,0,6265.982

17,True,False,0.02,0.25,Rot9,2,0,-0.0008705444,0.00738436,0.04746874,0,0,6281.5285

17,True,False,0.02,0.25,Rot9,2,0,-0.0008705444,0.00738436,0.04746874,0,0,6293.0947

17,True,False,0.02,0.25,Rot9,2,0,-0.0008705444,0.00738436,0.04746874,0,0,6308.0389

17,True,False,0.02,0.25,Rot9,2,0,-0.0008705444,0.00738436,0.04746874,0,0,6331.979

17,True,False,0.02,0.25,Rot9,2,0,-0.0008705444,0.00738436,0.04746874,0,0,6358.0834

17,True,False,0.02,0.25,Rot9,2,0,-0.0008705444,0.00738436,0.04746874,0,0,6371.868

17,True,False,0.02,0.25,Rot9,2,0,-0.0008705444,0.00738436,0.04746874,0,0,6385.6219

17,True,False,0.02,0.25,Rot9,2,0,-0.0008705444,0.00738436,0.04746874,0,0,6399.099

17,True,False,0.02,0.25,Rot9,2,0,-0.0008705444,0.00738436,0.04746874,0,0,6413.1521

17,True,False,0.02,0.25,Rot9,2,0,-0.0008705444,0.00738436,0.04746874,0,0,6426.765

17,True,False,0.02,0.25,Rot9,2,0,-0.0008705444,0.00738436,0.04746874,0,0,6455.4182

17,True,False,0.02,0.25,Rot9,2,0,-0.0008705444,0.00738436,0.04746874,0,0,6479.8315

17,True,False,0.02,0.25,Rot9,2,0,-0.0008705444,0.00738436,0.04746874,0,0,6494.5963

17,True,False,0.02,0.25,Rot9,2,0,-0.0008705444,0.00738436,0.04746874,0,0,6507.8266

17,True,False,0.02,0.25,Rot9,2,0,-0.0008705444,0.00738436,0.04746874,0,0,6522.0865

17,True,False,0.02,0.25,Rot9,2,0,-0.0008705444,0.00738436,0.04746874,0,0,6536.875

17,True,False,0.02,0.25,Rot9,2,0,-0.0008705444,0.00738436,0.04746874,0,0,6562.0089

17,True,False,0.02,0.25,Rot9,2,0,-0.0008705444,0.00738436,0.04746874,0,0,6577.2615

17,True,False,0.02,0.25,Rot9,2,0,-0.0008705444,0.00738436,0.04746874,0,0,6589.6834

17,True,False,0.02,0.25,Rot9,2,0,-0.0008705444,0.00738436,0.04746874,0,0,6603.4839

17,True,False,0.02,0.25,Rot9,2,0,-0.0008705444,0.00738436,0.04746874,0,0,6630.6047

17,True,False,0.02,0.25,Rot9,2,0,-0.0008705444,0.00738436,0.04746874,0,0,6658.4415

17,True,False,0.02,0.25,Rot9,2,0,-0.0008705444,0.00738436,0.04746874,0,0,6670.3913

17,True,False,0.02,0.25,Rot9,2,0,-0.0008705444,0.00738436,0.04746874,0,0,6697.5077

17,True,False,0.02,0.25,Rot9,2,0,-0.0008705444,0.00738436,0.04746874,0,0,6724.2184

17,True,False,0.02,0.25,Rot9,2,0,-0.0008705444,0.00738436,0.04746874,0,0,6735.7892

17,True,False,0.02,0.25,Rot9,2,0,-0.0008705444,0.00738436,0.04746874,0,0,6749.6423

17,True,False,0.02,0.25,Rot9,2,0,-0.0008705444,0.00738436,0.04746874,0,0,6763.2159

17,True,False,0.02,0.25,Rot9,2,0,-0.0008705444,0.00738436,0.04746874,0,0,6776.4835

17,True,False,0.02,0.25,Rot9,2,0,-0.0008705444,0.00738436,0.04746874,0,0,6790.3613

17,True,False,0.02,0.25,Rot9,2,0,-0.0008705444,0.00738436,0.04746874,0,0,6816.9384

17,True,False,0.02,0.25,Rot9,2,0,-0.0008705444,0.00738436,0.04746874,0,0,6830.4145

17,True,False,0.02,0.25,Rot9,2,0,-0.0008705444,0.00738436,0.04746874,0,0,6844.0457

17,True,False,0.02,0.25,Rot9,2,0,-0.0008705444,0.00738436,0.04746874,0,0,6857.3894

17,True,False,0.02,0.25,Rot9,2,0,-0.0008705444,0.00738436,0.04746874,0,0,6871.5147

17,True,False,0.02,0.25,Rot9,2,0,-0.0008705444,0.00738436,0.04746874,0,0,6886.2292

17,True,False,0.02,0.25,Rot9,2,0,-0.0008705444,0.00738436,0.04746874,0,0,6911.7218

17,True,False,0.02,0.25,Rot9,2,0,-0.0008705444,0.00738436,0.04746874,0,0,6938.5188

17,True,False,0.02,0.25,Rot9,2,0,-0.0008705444,0.00738436,0.04746874,0,0,6952.3578

17,True,False,0.02,0.25,Rot9,2,0,-0.0008705444,0.00738436,0.04746874,0,0,6966.3762

17,True,False,0.02,0.25,Rot9,2,0,-0.0008705444,0.00738436,0.04746874,0,0,6980.1375

17,True,False,0.02,0.25,Rot9,2,0,-0.0008705444,0.00738436,0.04746874,0,0,6994.2442

17,True,False,0.02,0.25,Rot9,2,0,-0.0008705444,0.00738436,0.04746874,0,0,7007.7096

17,True,False,0.02,0.25,Rot9,2,0,-0.0008705444,0.00738436,0.04746874,0,0,7021.6469

17,True,False,0.02,0.25,Rot9,2,0,-0.0008705444,0.00738436,0.04746874,0,0,7048.0078

17,True,False,0.02,0.25,Rot9,2,0,-0.0008705444,0.00738436,0.04746874,0,0,7064.5552

17,True,False,0.02,0.25,Rot9,2,0,-0.0008705444,0.00738436,0.04746874,0,0,7075.9115

17,True,False,0.02,0.25,Rot9,2,0,-0.0008705444,0.00738436,0.04746874,0,0,7088.7609

17,True,False,0.02,0.25,Rot9,2,0,-0.0008705444,0.00738436,0.04746874,0,0,7116.4245

17,True,False,0.02,0.25,Rot9,2,0,-0.0008705444,0.00738436,0.04746874,0,0,7130.4925

17,True,False,0.02,0.25,Rot9,2,0,-0.0008705444,0.00738436,0.04746874,0,0,7143.4826

17,True,False,0.02,0.25,Rot9,2,0,-0.0008705444,0.00738436,0.04746874,0,0,7156.2784

17,True,False,0.02,0.25,Rot9,2,0,-0.0008705444,0.00738436,0.04746874,0,0,7184.3262

17,True,False,0.02,0.25,Rot9,2,0,-0.0008705444,0.00738436,0.04746874,0,0,7197.609

17,True,False,0.02,0.25,Rot9,2,0,-0.0008705444,0.00738436,0.04746874,0,0,7209.5735

17,True,False,0.02,0.25,Rot9,2,0,-0.0008705444,0.00738436,0.04746874,0,0,7223.1072

17,True,False,0.02,0.25,Rot9,2,0,-0.0008705444,0.00738436,0.04746874,0,0,7248.778

17,True,False,0.02,0.25,Rot9,2,0,-0.0008705444,0.00738436,0.04746874,0,0,7261.7569

17,True,False,0.02,0.25,Rot9,2,0,-0.0008705444,0.00738436,0.04746874,0,0,7275.3088

17,True,False,0.02,0.25,Rot9,2,0,-0.0008705444,0.00738436,0.04746874,0,0,7289.2197

17,True,False,0.02,0.25,Rot9,2,0,-0.0008705444,0.00738436,0.04746874,0,0,7303.4828

17,True,False,0.02,0.25,Rot9,2,0,-0.0008705444,0.00738436,0.04746874,0,0,7329.1131

17,True,False,0.02,0.25,Rot9,2,0,-0.0008705444,0.00738436,0.04746874,0,0,7355.9936

17,True,False,0.02,0.25,Rot9,2,0,-0.0008705444,0.00738436,0.04746874,0,0,7370.0919

17,True,False,0.02,0.25,Rot9,2,0,-0.0008705444,0.00738436,0.04746874,0,0,7382.8746

17,True,False,0.02,0.25,Rot9,2,0,-0.0008705444,0.00738436,0.04746874,0,0,7396.005

17,True,False,0.02,0.25,Rot9,2,0,-0.0008705444,0.00738436,0.04746874,0,0,7410.8973

17,True,False,0.02,0.25,Rot9,2,0,-0.0008705444,0.00738436,0.04746874,0,0,7425.4575

17,True,False,0.02,0.25,Rot9,2,0,-0.0008705444,0.00738436,0.04746874,0,0,7439.2701

17,True,False,0.02,0.25,Rot9,2,0,-0.0008705444,0.00738436,0.04746874,0,0,7453.0531

17,True,False,0.02,0.25,Rot9,2,0,-0.0008705444,0.00738436,0.04746874,0,0,7479.6163

17,True,False,0.02,0.25,Rot9,2,0,-0.0008705444,0.00738436,0.04746874,0,0,7495.7078

17,True,False,0.02,0.25,Rot9,2,0,-0.0008705444,0.00738436,0.04746874,0,0,7507.2662

17,True,False,0.02,0.25,Rot9,2,0,-0.0008705444,0.00738436,0.04746874,0,0,7520.9458

17,True,False,0.02,0.25,Rot9,2,0,-0.0008705444,0.00738436,0.04746874,0,0,7536.7754

17,True,False,0.02,0.25,Rot9,2,0,-0.0008705444,0.00738436,0.04746874,0,0,7561.8238

17,True,False,0.02,0.25,Rot9,2,0,-0.0008705444,0.00738436,0.04746874,0,0,7577.3457

17,True,False,0.02,0.25,Rot9,2,0,-0.0008705444,0.00738436,0.04746874,0,0,7589.8226

17,True,False,0.02,0.25,Rot9,2,0,-0.0008705444,0.00738436,0.04746874,0,0,7604.8382

17,True,False,0.02,0.25,Rot9,2,0,-0.0008705444,0.00738436,0.04746874,0,0,7619.6014

17,True,False,0.02,0.25,Rot9,2,0,-0.0008705444,0.00738436,0.04746874,0,0,7644.7045

17,True,False,0.02,0.25,Rot9,2,0,-0.0008705444,0.00738436,0.04746874,0,0,7659.8101

17,True,False,0.02,0.25,Rot9,2,0,-0.0008705444,0.00738436,0.04746874,0,0,7670.6839

17,True,False,0.02,0.25,Rot9,2,0,-0.0008705444,0.00738436,0.04746874,0,0,7698.7624

17,True,False,0.02,0.25,Rot9,2,0,-0.0008705444,0.00738436,0.04746874,0,0,7712.5199

17,True,False,0.02,0.25,Rot9,2,0,-0.0008705444,0.00738436,0.04746874,0,0,7726.3903

17,True,False,0.02,0.25,Rot9,2,0,-0.0008705444,0.00738436,0.04746874,0,0,7741.6721

17,True,False,0.02,0.25,Rot9,2,0,-0.0008705444,0.00738436,0.04746874,0,0,7752.5923

17,True,False,0.02,0.25,Rot9,2,0,-0.0008705444,0.00738436,0.04746874,0,0,7780.8665

17,True,False,0.02,0.25,Rot9,2,0,-0.0008705444,0.00738436,0.04746874,0,0,7808.1221

17,True,False,0.02,0.25,Rot9,2,0,-0.0008705444,0.00738436,0.04746874,0,0,7819.896

17,True,False,0.02,0.25,Rot9,2,0,-0.0008705444,0.00738436,0.04746874,0,0,7833.8229

17,True,False,0.02,0.25,Rot9,2,0,-0.0008705444,0.00738436,0.04746874,0,0,7847.1769

17,True,False,0.02,0.25,Rot9,2,0,-0.0008705444,0.00738436,0.04746874,0,0,7860.3278

17,True,False,0.02,0.25,Rot9,2,0,-0.0008705444,0.00738436,0.04746874,0,0,7874.347

17,True,False,0.02,0.25,Rot9,2,0,-0.0008705444,0.00738436,0.04746874,0,0,7900.7538

17,True,False,0.02,0.25,Rot9,2,0,-0.0008705444,0.00738436,0.04746874,0,0,7914.0475

17,True,False,0.02,0.25,Rot9,2,0,-0.0008705444,0.00738436,0.04746874,0,0,7927.8265

17,True,False,0.02,0.25,Rot9,2,0,-0.0008705444,0.00738436,0.04746874,0,0,7940.5067

17,True,False,0.02,0.25,Rot9,2,0,-0.0008705444,0.00738436,0.04746874,0,0,7957.0867

17,True,False,0.02,0.25,Rot9,2,0,-0.0008705444,0.00738436,0.04746874,0,0,7980.946

17,True,False,0.02,0.25,Rot9,2,0,-0.0008705444,0.00738436,0.04746874,0,0,7995.8048

17,True,False,0.02,0.25,Rot9,2,0,-0.0008705444,0.00738436,0.04746874,0,0,8008.5478

17,True,False,0.02,0.25,Rot9,2,0,-0.0008705444,0.00738436,0.04746874,0,0,8022.1719

17,True,False,0.02,0.25,Rot9,2,0,-0.0008705444,0.00738436,0.04746874,0,0,8036.8411

17,True,False,0.02,0.25,Rot9,2,0,-0.0008705444,0.00738436,0.04746874,0,0,8062.3597

17,True,False,0.02,0.25,Rot9,2,0,-0.0008705444,0.00738436,0.04746874,0,0,8078.0146

17,True,False,0.02,0.25,Rot9,2,0,-0.0008705444,0.00738436,0.04746874,0,0,8090.1075

17,True,False,0.02,0.25,Rot9,2,0,-0.0008705444,0.00738436,0.04746874,0,0,8130.7876

17,True,False,0.02,0.25,Rot9,2,0,-0.0008705444,0.00738436,0.04746874,0,0,8158.4228

17,True,False,0.02,0.25,Rot9,2,0,-0.0008705444,0.00738436,0.04746874,0,0,8170.5627

17,True,False,0.02,0.25,Rot9,2,0,-0.0008705444,0.00738436,0.04746874,0,0,8183.4282

17,True,False,0.02,0.25,Rot9,2,0,-0.0008705444,0.00738436,0.04746874,0,0,8196.2999

17,True,False,0.02,0.25,Rot9,2,0,-0.0008705444,0.00738436,0.04746874,0,0,8209.9939

17,True,False,0.02,0.25,Rot9,2,0,-0.0008705444,0.00738436,0.04746874,0,0,8236.0861

17,True,False,0.02,0.25,Rot9,2,0,-0.0008705444,0.00738436,0.04746874,0,0,8248.9551

17,True,False,0.02,0.25,Rot9,2,0,-0.0008705444,0.00738436,0.04746874,0,0,8262.4451

17,True,False,0.02,0.25,Rot9,2,0,-0.0008705444,0.00738436,0.04746874,0,0,8275.7658

17,True,False,0.02,0.25,Rot9,2,0,-0.0008705444,0.00738436,0.04746874,0,0,8302.5564

17,True,False,0.02,0.25,Rot9,2,0,-0.0008705444,0.00738436,0.04746874,0,0,8315.7806

17,True,False,0.02,0.25,Rot9,2,0,-0.0008705444,0.00738436,0.04746874,0,0,8329.5724

17,True,False,0.02,0.25,Rot9,2,0,-0.0008705444,0.00738436,0.04746874,0,0,8343.4068

17,True,False,0.02,0.25,Rot9,2,0,-0.0008705444,0.00738436,0.04746874,0,0,8356.5279

17,True,False,0.02,0.25,Rot9,2,0,-0.0008705444,0.00738436,0.04746874,0,0,8372.2657

17,True,False,0.02,0.25,Rot9,2,0,-0.0008705444,0.00738436,0.04746874,0,0,8397.4039

17,True,False,0.02,0.25,Rot9,2,0,-0.0008705444,0.00738436,0.04746874,0,0,8424.3433

17,True,False,0.02,0.25,Rot9,2,0,-0.0008705444,0.00738436,0.04746874,0,0,8438.1056

17,True,False,0.02,0.25,Rot9,2,0,-0.0008705444,0.00738436,0.04746874,0,0,8451.0007

17,True,False,0.02,0.25,Rot9,2,0,-0.0008705444,0.00738436,0.04746874,0,0,8464.1513

17,True,False,0.02,0.25,Rot9,2,0,-0.0008705444,0.00738436,0.04746874,0,0,8477.7401

17,True,False,0.02,0.25,Rot9,2,0,-0.0008705444,0.00738436,0.04746874,0,0,8491.4907

17,True,False,0.02,0.25,Rot9,2,0,-0.0008705444,0.00738436,0.04746874,0,0,8505.3182

17,True,False,0.02,0.25,Rot9,2,0,-0.0008705444,0.00738436,0.04746874,0,0,8532.8374

17,True,False,0.02,0.25,Rot9,2,0,-0.0008705444,0.00738436,0.04746874,0,0,8547.3983

17,True,False,0.02,0.25,Rot9,2,0,-0.0008705444,0.00738436,0.04746874,0,0,8559.8244

17,True,False,0.02,0.25,Rot9,2,0,-0.0008705444,0.00738436,0.04746874,0,0,8574.7777

17,True,False,0.02,0.25,Rot9,2,0,-0.0008705444,0.00738436,0.04746874,0,0,8588.8658

17,True,False,0.02,0.25,Rot9,2,0,-0.0008705444,0.00738436,0.04746874,0,0,8615.9615

17,True,False,0.02,0.25,Rot9,2,0,-0.0008705444,0.00738436,0.04746874,0,0,8632.2147

17,True,False,0.02,0.25,Rot9,2,0,-0.0008705444,0.00738436,0.04746874,0,0,8643.8222

17,True,False,0.02,0.25,Rot9,2,0,-0.0008705444,0.00738436,0.04746874,0,0,8657.3634

17,True,False,0.02,0.25,Rot9,2,0,-0.0008705444,0.00738436,0.04746874,0,0,8671.6548

17,True,False,0.02,0.25,Rot9,2,0,-0.0008705444,0.00738436,0.04746874,0,0,8698.8938

17,True,False,0.02,0.25,Rot9,2,0,-0.0008705444,0.00738436,0.04746874,0,0,8726.8084

17,True,False,0.02,0.25,Rot9,2,0,-0.0008705444,0.00738436,0.04746874,0,0,8738.8994

17,True,False,0.02,0.25,Rot9,2,0,-0.0008705444,0.00738436,0.04746874,0,0,8751.9707

17,True,False,0.02,0.25,Rot9,2,0,-0.0008705444,0.00738436,0.04746874,0,0,8765.3908

17,True,False,0.02,0.25,Rot9,2,0,-0.0008705444,0.00738436,0.04746874,0,0,8778.2191

17,True,False,0.02,0.25,Rot9,2,0,-0.0008705444,0.00738436,0.04746874,0,0,8791.6019

17,True,False,0.02,0.25,Rot9,2,0,-0.0008705444,0.00738436,0.04746874,0,0,8805.892

17,True,False,0.02,0.25,Rot9,2,0,-0.0008705444,0.00738436,0.04746874,0,0,8831.2028

17,True,False,0.02,0.25,Rot9,2,0,-0.0008705444,0.00738436,0.04746874,0,0,8857.2092

17,True,False,0.02,0.25,Rot9,2,0,-0.0008705444,0.00738436,0.04746874,0,0,8870.8254

17,True,False,0.02,0.25,Rot9,2,0,-0.0008705444,0.00738436,0.04746874,0,0,8884.6733

17,True,False,0.02,0.25,Rot9,2,0,-0.0008705444,0.00738436,0.04746874,0,0,8898.2843

17,True,False,0.02,0.25,Rot9,2,0,-0.0008705444,0.00738436,0.04746874,0,0,8914.5244

17,True,False,0.02,0.25,Rot9,2,0,-0.0008705444,0.00738436,0.04746874,0,0,8940.5539

17,True,False,0.02,0.25,Rot9,2,0,-0.0008705444,0.00738436,0.04746874,0,0,8953.5733

17,True,False,0.02,0.25,Rot9,2,0,-0.0008705444,0.00738436,0.04746874,0,0,8967.5965

17,True,False,0.02,0.25,Rot9,2,0,-0.0008705444,0.00738436,0.04746874,0,0,8981.3936

17,True,False,0.02,0.25,Rot9,2,0,-0.0008705444,0.00738436,0.04746874,0,0,8995.5696

17,True,False,0.02,0.25,Rot9,2,0,-0.0008705444,0.00738436,0.04746874,0,0,9009.3886

17,True,False,0.02,0.25,Rot9,2,0,-0.0008705444,0.00738436,0.04746874,0,0,9022.5122

17,True,False,0.02,0.25,Rot9,2,0,-0.0008705444,0.00738436,0.04746874,0,0,9048.9255

17,True,False,0.02,0.25,Rot9,2,0,-0.0008705444,0.00738436,0.04746874,0,0,9064.0068

17,True,False,0.02,0.25,Rot9,2,0,-0.0008705444,0.00738436,0.04746874,0,0,9075.4196

17,True,False,0.02,0.25,Rot9,2,0,-0.0008705444,0.00738436,0.04746874,0,0,9089.8775

17,True,False,0.02,0.25,Rot9,2,0,-0.0008705444,0.00738436,0.04746874,0,0,9117.3122

17,True,False,0.02,0.25,Rot9,2,0,-0.0008705444,0.00738436,0.04746874,0,0,9131.3294

17,True,False,0.02,0.25,Rot9,2,0,-0.0008705444,0.00738436,0.04746874,0,0,9144.3228

17,True,False,0.02,0.25,Rot9,2,0,-0.0008705444,0.00738436,0.04746874,0,0,9158.7646

17,True,False,0.02,0.25,Rot9,2,0,-0.0008705444,0.00738436,0.04746874,0,0,9171.6732

17,True,False,0.02,0.25,Rot9,2,0,-0.0008705444,0.00738436,0.04746874,0,0,9199.2169

17,True,False,0.02,0.25,Rot9,2,0,-0.0008705444,0.00738436,0.04746874,0,0,9225.9716

17,True,False,0.02,0.25,Rot9,2,0,-0.0008705444,0.00738436,0.04746874,0,0,9238.926

17,True,False,0.02,0.25,Rot9,2,0,-0.0008705444,0.00738436,0.04746874,0,0,9251.5624

17,True,False,0.02,0.25,Rot9,2,0,-0.0008705444,0.00738436,0.04746874,0,0,9264.9682

17,True,False,0.02,0.25,Rot9,2,0,-0.0008705444,0.00738436,0.04746874,0,0,9277.8969

17,True,False,0.02,0.25,Rot9,2,0,-0.0008705444,0.00738436,0.04746874,0,0,9291.2668

17,True,False,0.02,0.25,Rot9,2,0,-0.0008705444,0.00738436,0.04746874,0,0,9306.103

17,True,False,0.02,0.25,Rot9,2,0,-0.0008705444,0.00738436,0.04746874,0,0,9330.7683

17,True,False,0.02,0.25,Rot9,2,0,-0.0008705444,0.00738436,0.04746874,0,0,9356.7734

17,True,False,0.02,0.25,Rot9,2,0,-0.0008705444,0.00738436,0.04746874,0,0,9370.7041

17,True,False,0.02,0.25,Rot9,2,0,-0.0008705444,0.00738436,0.04746874,0,0,9384.5617

17,True,False,0.02,0.25,Rot9,2,0,-0.0008705444,0.00738436,0.04746874,0,0,9398.1516

17,True,False,0.02,0.25,Rot9,2,0,-0.0008705444,0.00738436,0.04746874,0,0,9412.2871

17,True,False,0.02,0.25,Rot9,2,0,-0.0008705444,0.00738436,0.04746874,0,0,9426.5786

17,True,False,0.02,0.25,Rot9,2,0,-0.0008705444,0.00738436,0.04746874,0,0,9439.5231

17,True,False,0.02,0.25,Rot9,2,0,-0.0008705444,0.00738436,0.04746874,0,0,9466.1849

17,True,False,0.02,0.25,Rot9,2,0,-0.0008705444,0.00738436,0.04746874,0,0,9480.4668

17,True,False,0.02,0.25,Rot9,2,0,-0.0008705444,0.00738436,0.04746874,0,0,9493.443

17,True,False,0.02,0.25,Rot9,2,0,-0.0008705444,0.00738436,0.04746874,0,0,9507.9821

17,True,False,0.02,0.25,Rot9,2,0,-0.0008705444,0.00738436,0.04746874,0,0,9534.0968

17,True,False,0.02,0.25,Rot9,2,0,-0.0008705444,0.00738436,0.04746874,0,0,9549.2679

17,True,False,0.02,0.25,Rot9,2,0,-0.0008705444,0.00738436,0.04746874,0,0,9562.0456

17,True,False,0.02,0.25,Rot9,2,0,-0.0008705444,0.00738436,0.04746874,0,0,9575.7119

17,True,False,0.02,0.25,Rot9,2,0,-0.0008705444,0.00738436,0.04746874,0,0,9589.4303

17,True,False,0.02,0.25,Rot9,2,0,-0.0008705444,0.00738436,0.04746874,0,0,9616.8088

17,True,False,0.02,0.25,Rot9,2,0,-0.0008705444,0.00738436,0.04746874,0,0,9643.76

17,True,False,0.02,0.25,Rot9,2,0,-0.0008705444,0.00738436,0.04746874,0,0,9655.012

17,True,False,0.02,0.25,Rot9,2,0,-0.0008705444,0.00738436,0.04746874,0,0,9668.1463

17,True,False,0.02,0.25,Rot9,2,0,-0.0008705444,0.00738436,0.04746874,0,0,9681.1414

17,True,False,0.02,0.25,Rot9,2,0,-0.0008705444,0.00738436,0.04746874,0,0,9694.905

17,True,False,0.02,0.25,Rot9,2,0,-0.0008705444,0.00738436,0.04746874,0,0,9707.7653

17,True,False,0.02,0.25,Rot9,2,0,-0.0008705444,0.00738436,0.04746874,0,0,9722.7086

17,True,False,0.02,0.25,Rot9,2,0,-0.0008705444,0.00738436,0.04746874,0,0,9746.8725

17,True,False,0.02,0.25,Rot9,2,0,-0.0008705444,0.00738436,0.04746874,0,0,9773.9463

17,True,False,0.02,0.25,Rot9,2,0,-0.0008705444,0.00738436,0.04746874,0,0,9799.2778

17,True,False,0.02,0.25,Rot9,2,0,-0.0008705444,0.00738436,0.04746874,0,0,9813.5581

17,True,False,0.02,0.25,Rot9,2,0,-0.0008705444,0.00738436,0.04746874,0,0,9827.3979

17,True,False,0.02,0.25,Rot9,2,0,-0.0008705444,0.00738436,0.04746874,0,0,9841.1337

17,True,False,0.02,0.25,Rot9,2,0,-0.0008705444,0.00738436,0.04746874,0,0,9854.4987

17,True,False,0.02,0.25,Rot9,2,0,-0.0008705444,0.00738436,0.04746874,0,0,9868.2889

17,True,False,0.02,0.25,Rot9,2,0,-0.0008705444,0.00738436,0.04746874,0,0,9883.5084

17,True,False,0.02,0.25,Rot9,2,0,-0.0008705444,0.00738436,0.04746874,0,0,9908.2225

17,True,False,0.02,0.25,Rot9,2,0,-0.0008705444,0.00738436,0.04746874,0,0,9923.6782

17,True,False,0.02,0.25,Rot9,2,0,-0.0008705444,0.00738436,0.04746874,0,0,9935.5295

17,True,False,0.02,0.25,Rot9,2,0,-0.0008705444,0.00738436,0.04746874,0,0,9950.7184

17,True,False,0.02,0.25,Rot9,2,0,-0.0008705444,0.00738436,0.04746874,0,0,9966.2356

17,True,False,0.02,0.25,Rot9,2,0,-0.0008705444,0.00738436,0.04746874,0,0,9990.9976

17,True,False,0.02,0.25,Rot9,2,0,-0.0008705444,0.00738436,0.04746874,0,0,10007.3796

17,True,False,0.02,0.25,Rot9,2,0,-0.0008705444,0.00738436,0.04746874,0,0,10018.8282

17,True,False,0.02,0.25,Rot9,2,0,-0.0008705444,0.00738436,0.04746874,0,0,10035.4294

17,True,False,0.02,0.25,Rot9,2,0,-0.0008705444,0.00738436,0.04746874,0,0,10060.7712

17,True,False,0.02,0.25,Rot9,2,0,-0.0008705444,0.00738436,0.04746874,0,0,10087.4115

17,True,False,0.02,0.25,Rot9,2,0,-0.0008705444,0.00738436,0.04746874,0,0,10098.4222

17,True,False,0.02,0.25,Rot9,2,0,-0.0008705444,0.00738436,0.04746874,0,0,10112.1744

17,True,False,0.02,0.25,Rot9,2,0,-0.0008705444,0.00738436,0.04746874,0,0,10125.4029

17,True,False,0.02,0.25,Rot9,2,0,-0.0008705444,0.00738436,0.04746874,0,0,10138.3834

17,True,False,0.02,0.25,Rot9,2,0,-0.0008705444,0.00738436,0.04746874,0,0,10151.7918

17,True,False,0.02,0.25,Rot9,2,0,-0.0008705444,0.00738436,0.04746874,0,0,10166.6175

17,True,False,0.02,0.25,Rot9,2,0,-0.0008705444,0.00738436,0.04746874,0,0,10191.6383

17,True,False,0.02,0.25,Rot9,2,0,-0.0008705444,0.00738436,0.04746874,0,0,10217.684

17,True,False,0.02,0.25,Rot9,2,0,-0.0008705444,0.00738436,0.04746874,0,0,10231.3275

17,True,False,0.02,0.25,Rot9,2,0,-0.0008705444,0.00738436,0.04746874,0,0,10245.1884

17,True,False,0.02,0.25,Rot9,2,0,-0.0008705444,0.00738436,0.04746874,0,0,10258.8555

17,True,False,0.02,0.25,Rot9,2,0,-0.0008705444,0.00738436,0.04746874,0,0,10272.768

17,True,False,0.02,0.25,Rot9,2,0,-0.0008705444,0.00738436,0.04746874,0,0,10285.9594

17,True,False,0.02,0.25,Rot9,2,0,-0.0008705444,0.00738436,0.04746874,0,0,10301.4639

17,True,False,0.02,0.25,Rot9,2,0,-0.0008705444,0.00738436,0.04746874,0,0,10326.3696

17,True,False,0.02,0.25,Rot9,2,0,-0.0008705444,0.00738436,0.04746874,0,0,10340.9147

17,True,False,0.02,0.25,Rot9,2,0,-0.0008705444,0.00738436,0.04746874,0,0,10354.2866

17,True,False,0.02,0.25,Rot9,2,0,-0.0008705444,0.00738436,0.04746874,0,0,10368.4478

17,True,False,0.02,0.25,Rot9,2,0,-0.0008705444,0.00738436,0.04746874,0,0,10384.584

17,True,False,0.02,0.25,Rot9,2,0,-0.0008705444,0.00738436,0.04746874,0,0,10409.2341

17,True,False,0.02,0.25,Rot9,2,0,-0.0008705444,0.00738436,0.04746874,0,0,10423.7952

17,True,False,0.02,0.25,Rot9,2,0,-0.0008705444,0.00738436,0.04746874,0,0,10436.7549

17,True,False,0.02,0.25,Rot9,2,0,-0.0008705444,0.00738436,0.04746874,0,0,10450.5842

17,True,False,0.02,0.25,Rot9,2,0,-0.0008705444,0.00738436,0.04746874,0,0,10467.1588

17,True,False,0.02,0.25,Rot9,2,0,-0.0008705444,0.00738436,0.04746874,0,0,10490.9686

17,True,False,0.02,0.25,Rot9,2,0,-0.0008705444,0.00738436,0.04746874,0,0,10506.9967

17,True,False,0.02,0.25,Rot9,2,0,-0.0008705444,0.00738436,0.04746874,0,0,10518.8945

17,True,False,0.02,0.25,Rot9,2,0,-0.0008705444,0.00738436,0.04746874,0,0,10533.3358

17,True,False,0.02,0.25,Rot9,2,0,-0.0008705444,0.00738436,0.04746874,0,0,10561.0264

17,True,False,0.02,0.25,Rot9,2,0,-0.0008705444,0.00738436,0.04746874,0,0,10588.6512

17,True,False,0.02,0.25,Rot9,2,0,-0.0008705444,0.00738436,0.04746874,0,0,10600.087

17,True,False,0.02,0.25,Rot9,2,0,-0.0008705444,0.00738436,0.04746874,0,0,10612.7431

17,True,False,0.02,0.25,Rot9,2,0,-0.0008705444,0.00738436,0.04746874,0,0,10626.4695

17,True,False,0.02,0.25,Rot9,2,0,-0.0008705444,0.00738436,0.04746874,0,0,10639.2159

17,True,False,0.02,0.25,Rot9,2,0,-0.0008705444,0.00738436,0.04746874,0,0,10652.5513

17,True,False,0.02,0.25,Rot9,2,0,-0.0008705444,0.00738436,0.04746874,0,0,10666.1429

17,True,False,0.02,0.25,Rot9,2,0,-0.0008705444,0.00738436,0.04746874,0,0,10692.1768

17,True,False,0.02,0.25,Rot9,2,0,-0.0008705444,0.00738436,0.04746874,0,0,10718.1554

17,True,False,0.02,0.25,Rot9,2,0,-0.0008705444,0.00738436,0.04746874,0,0,10732.0833

17,True,False,0.02,0.25,Rot9,2,0,-0.0008705444,0.00738436,0.04746874,0,0,10745.9483

17,True,False,0.02,0.25,Rot9,2,0,-0.0008705444,0.00738436,0.04746874,0,0,10759.372

17,True,False,0.02,0.25,Rot9,2,0,-0.0008705444,0.00738436,0.04746874,0,0,10773.099

17,True,False,0.02,0.25,Rot9,2,0,-0.0008705444,0.00738436,0.04746874,0,0,10786.9872

17,True,False,0.02,0.25,Rot9,2,0,-0.0008705444,0.00738436,0.04746874,0,0,10802.0949

17,True,False,0.02,0.25,Rot9,2,0,-0.0008705444,0.00738436,0.04746874,0,0,10827.7199

17,True,False,0.02,0.25,Rot9,2,0,-0.0008705444,0.00738436,0.04746874,0,0,10843.8306

17,True,False,0.02,0.25,Rot9,2,0,-0.0008705444,0.00738436,0.04746874,0,0,10854.9761

17,True,False,0.02,0.25,Rot9,2,0,-0.0008705444,0.00738436,0.04746874,0,0,10868.355

17,True,False,0.02,0.25,Rot9,2,0,-0.0008705444,0.00738436,0.04746874,0,0,10883.7613

17,True,False,0.02,0.25,Rot9,2,0,-0.0008705444,0.00738436,0.04746874,0,0,10909.3101

17,True,False,0.02,0.25,Rot9,2,0,-0.0008705444,0.00738436,0.04746874,0,0,10936.7107

17,True,False,0.02,0.25,Rot9,2,0,-0.0008705444,0.00738436,0.04746874,0,0,10948.8088

17,True,False,0.02,0.25,Rot9,2,0,-0.0008705444,0.00738436,0.04746874,0,0,10961.8621

17,True,False,0.02,0.25,Rot9,2,0,-0.0008705444,0.00738436,0.04746874,0,0,10974.5349

17,True,False,0.02,0.25,Rot9,2,0,-0.0008705444,0.00738436,0.04746874,0,0,10987.9736

17,True,False,0.02,0.25,Rot9,2,0,-0.0008705444,0.00738436,0.04746874,0,0,11002.4081

17,True,False,0.02,0.25,Rot9,2,0,-0.0008705444,0.00738436,0.04746874,0,0,11026.7847

17,True,False,0.02,0.25,Rot9,2,0,-0.0008705444,0.00738436,0.04746874,0,0,11053.0269

17,True,False,0.02,0.25,Rot9,2,0,-0.0008705444,0.00738436,0.04746874,0,0,11066.7786

17,True,False,0.02,0.25,Rot9,2,0,-0.0008705444,0.00738436,0.04746874,0,0,11080.2811

17,True,False,0.02,0.25,Rot9,2,0,-0.0008705444,0.00738436,0.04746874,0,0,11094.5876

17,True,False,0.02,0.25,Rot9,2,0,-0.0008705444,0.00738436,0.04746874,0,0,11108.1512

17,True,False,0.02,0.25,Rot9,2,0,-0.0008705444,0.00738436,0.04746874,0,0,11121.8269

17,True,False,0.02,0.25,Rot9,2,0,-0.0008705444,0.00738436,0.04746874,0,0,11135.1182

17,True,False,0.02,0.25,Rot9,2,0,-0.0008705444,0.00738436,0.04746874,0,0,11150.7179

17,True,False,0.02,0.25,Rot9,2,0,-0.0008705444,0.00738436,0.04746874,0,0,11175.7581

17,True,False,0.02,0.25,Rot9,2,0,-0.0008705444,0.00738436,0.04746874,0,0,11202.8305

17,True,False,0.02,0.25,Rot9,2,0,-0.0008705444,0.00738436,0.04746874,0,0,11219.1055

17,True,False,0.02,0.25,Rot9,2,0,-0.0008705444,0.00738436,0.04746874,0,0,11245.3729

17,True,False,0.02,0.25,Rot9,2,0,-0.0008705444,0.00738436,0.04746874,0,0,11258.3622

17,True,False,0.02,0.25,Rot9,2,0,-0.0008705444,0.00738436,0.04746874,0,0,11272.785

17,True,False,0.02,0.25,Rot9,2,0,-0.0008705444,0.00738436,0.04746874,0,0,11287.5566

17,True,False,0.02,0.25,Rot9,2,0,-0.0008705444,0.00738436,0.04746874,0,0,11300.6944

17,True,False,0.02,0.25,Rot9,2,0,-0.0008705444,0.00738436,0.04746874,0,0,11315.7913

17,True,False,0.02,0.25,Rot9,2,0,-0.0008705444,0.00738436,0.04746874,0,0,11341.1664

17,True,False,0.02,0.25,Rot9,2,0,-0.0008705444,0.00738436,0.04746874,0,0,11368.2008

17,True,False,0.02,0.25,Rot9,2,0,-0.0008705444,0.00738436,0.04746874,0,0,11382.8969

17,True,False,0.02,0.25,Rot9,2,0,-0.0008705444,0.00738436,0.04746874,0,0,11397.0899

17,True,False,0.02,0.25,Rot9,2,0,-0.0008705444,0.00738436,0.04746874,0,0,11410.9428

17,True,False,0.02,0.25,Rot9,2,0,-0.0008705444,0.00738436,0.04746874,0,0,11424.1454

17,True,False,0.02,0.25,Rot9,2,0,-0.0008705444,0.00738436,0.04746874,0,0,11453.4304

17,True,False,0.02,0.25,Rot9,2,0,-0.0008705444,0.00738436,0.04746874,0,0,11479.0948

17,True,False,0.02,0.25,Rot9,2,0,-0.0008705444,0.00738436,0.04746874,0,0,11506.2848

17,True,False,0.02,0.25,Rot9,2,0,-0.0008705444,0.00738436,0.04746874,0,0,11518.3658

17,True,False,0.02,0.25,Rot9,2,0,-0.0008705444,0.00738436,0.04746874,0,0,11531.3402

17,True,False,0.02,0.25,Rot9,2,0,-0.0008705444,0.00738436,0.04746874,0,0,11544.1463

17,True,False,0.02,0.25,Rot9,2,0,-0.0008705444,0.00738436,0.04746874,0,0,11556.9454

17,True,False,0.02,0.25,Rot9,2,0,-0.0008705444,0.00738436,0.04746874,0,0,11570.4579

17,True,False,0.02,0.25,Rot9,2,0,-0.0008705444,0.00738436,0.04746874,0,0,11584.2336

17,True,False,0.02,0.25,Rot9,2,0,-0.0008705444,0.00738436,0.04746874,0,0,11611.3405

17,True,False,0.02,0.25,Rot9,2,0,-0.0008705444,0.00738436,0.04746874,0,0,11636.7616

17,True,False,0.02,0.25,Rot9,2,0,-0.0008705444,0.00738436,0.04746874,0,0,11650.4784

17,True,False,0.02,0.25,Rot9,2,0,-0.0008705444,0.00738436,0.04746874,0,0,11664.2951

17,True,False,0.02,0.25,Rot9,2,0,-0.0008705444,0.00738436,0.04746874,0,0,11677.4021

17,True,False,0.02,0.25,Rot9,2,0,-0.0008705444,0.00738436,0.04746874,0,0,11691.4624

17,True,False,0.02,0.25,Rot9,2,0,-0.0008705444,0.00738436,0.04746874,0,0,11704.7321

17,True,False,0.02,0.25,Rot9,2,0,-0.0008705444,0.00738436,0.04746874,0,0,11718.1428

17,True,False,0.02,0.25,Rot9,2,0,-0.0008705444,0.00738436,0.04746874,0,0,11733.7363

17,True,False,0.02,0.25,Rot9,2,0,-0.0008705444,0.00738436,0.04746874,0,0,11758.469

17,True,False,0.02,0.25,Rot9,2,0,-0.0008705444,0.00738436,0.04746874,0,0,11785.2704

17,True,False,0.02,0.25,Rot9,2,0,-0.0008705444,0.00738436,0.04746874,0,0,11799.581

17,True,False,0.02,0.25,Rot9,2,0,-0.0008705444,0.00738436,0.04746874,0,0,11813.6399

17,True,False,0.02,0.25,Rot9,2,0,-0.0008705444,0.00738436,0.04746874,0,0,11827.46

17,True,False,0.02,0.25,Rot9,2,0,-0.0008705444,0.00738436,0.04746874,0,0,11841.3283

17,True,False,0.02,0.25,Rot9,2,0,-0.0008705444,0.00738436,0.04746874,0,0,11855.6068

17,True,False,0.02,0.25,Rot9,2,0,-0.0008705444,0.00738436,0.04746874,0,0,11869.6718

17,True,False,0.02,0.25,Rot9,2,0,-0.0008705444,0.00738436,0.04746874,0,0,11896.7739

17,True,False,0.02,0.25,Rot9,2,0,-0.0008705444,0.00738436,0.04746874,0,0,11912.0929

17,True,False,0.02,0.25,Rot9,2,0,-0.0008705444,0.00738436,0.04746874,0,0,11924.1906

17,True,False,0.02,0.25,Rot9,2,0,-0.0008705444,0.00738436,0.04746874,0,0,11937.6924

17,True,False,0.02,0.25,Rot9,2,0,-0.0008705444,0.00738436,0.04746874,0,0,11953.2714

17,True,False,0.02,0.25,Rot9,2,0,-0.0008705444,0.00738436,0.04746874,0,0,11978.9476

17,True,False,0.02,0.25,Rot9,2,0,-0.0008705444,0.00738436,0.04746874,0,0,12005.9453

17,True,False,0.02,0.25,Rot9,2,0,-0.0008705444,0.00738436,0.04746874,0,0,12018.1929

17,True,False,0.02,0.25,Rot9,2,0,-0.0008705444,0.00738436,0.04746874,0,0,12031.1085

17,True,False,0.02,0.25,Rot9,2,0,-0.0008705444,0.00738436,0.04746874,0,0,12044.1878

17,True,False,0.02,0.25,Rot9,2,0,-0.0008705444,0.00738436,0.04746874,0,0,12057.0949

17,True,False,0.02,0.25,Rot9,2,0,-0.0008705444,0.00738436,0.04746874,0,0,12070.412

17,True,False,0.02,0.25,Rot9,2,0,-0.0008705444,0.00738436,0.04746874,0,0,12084.4675

17,True,False,0.02,0.25,Rot9,2,0,-0.0008705444,0.00738436,0.04746874,0,0,12111.3144

17,True,False,0.02,0.25,Rot9,2,0,-0.0008705444,0.00738436,0.04746874,0,0,12136.6352

17,True,False,0.02,0.25,Rot9,2,0,-0.0008705444,0.00738436,0.04746874,0,0,12150.2941

17,True,False,0.02,0.25,Rot9,2,0,-0.0008705444,0.00738436,0.04746874,0,0,12164.1982

17,True,False,0.02,0.25,Rot9,2,0,-0.0008705444,0.00738436,0.04746874,0,0,12177.3813

17,True,False,0.02,0.25,Rot9,2,0,-0.0008705444,0.00738436,0.04746874,0,0,12191.3994

17,True,False,0.02,0.25,Rot9,2,0,-0.0008705444,0.00738436,0.04746874,0,0,12205.1576

17,True,False,0.02,0.25,Rot9,2,0,-0.0008705444,0.00738436,0.04746874,0,0,12219.0767

17,True,False,0.02,0.25,Rot9,2,0,-0.0008705444,0.00738436,0.04746874,0,0,12232.9374

17,True,False,0.02,0.25,Rot9,2,0,-0.0008705444,0.00738436,0.04746874,0,0,12258.7759

17,True,False,0.02,0.25,Rot9,2,0,-0.0008705444,0.00738436,0.04746874,0,0,12285.1545

17,True,False,0.02,0.25,Rot9,2,0,-0.0008705444,0.00738436,0.04746874,0,0,12299.4267

17,True,False,0.02,0.25,Rot9,2,0,-0.0008705444,0.00738436,0.04746874,0,0,12313.3997

17,True,False,0.02,0.25,Rot9,2,0,-0.0008705444,0.00738436,0.04746874,0,0,12327.2598

17,True,False,0.02,0.25,Rot9,2,0,-0.0008705444,0.00738436,0.04746874,0,0,12341.0954

17,True,False,0.02,0.25,Rot9,2,0,-0.0008705444,0.00738436,0.04746874,0,0,12355.1203

17,True,False,0.02,0.25,Rot9,2,0,-0.0008705444,0.00738436,0.04746874,0,0,12368.9098

17,True,False,0.02,0.25,Rot9,2,0,-0.0008705444,0.00738436,0.04746874,0,0,12385.0086

17,True,False,0.02,0.25,Rot9,2,0,-0.0008705444,0.00738436,0.04746874,0,0,12409.5134

17,True,False,0.02,0.25,Rot9,2,0,-0.0008705444,0.00738436,0.04746874,0,0,12435.8342

17,True,False,0.02,0.25,Rot9,2,0,-0.0008705444,0.00738436,0.04746874,0,0,12462.782

17,True,False,0.02,0.25,Rot9,2,0,-0.0008705444,0.00738436,0.04746874,0,0,12474.1461

17,True,False,0.02,0.25,Rot9,2,0,-0.0008705444,0.00738436,0.04746874,0,0,12487.267

17,True,False,0.02,0.25,Rot9,2,0,-0.0008705444,0.00738436,0.04746874,0,0,12500.1664

17,True,False,0.02,0.25,Rot9,2,0,-0.0008705444,0.00738436,0.04746874,0,0,12514.2582

17,True,False,0.02,0.25,Rot9,2,0,-0.0008705444,0.00738436,0.04746874,0,0,12527.108

17,True,False,0.02,0.25,Rot9,2,0,-0.0008705444,0.00738436,0.04746874,0,0,12540.3994

17,True,False,0.02,0.25,Rot9,2,0,-0.0008705444,0.00738436,0.04746874,0,0,12553.8394

17,True,False,0.02,0.25,Rot9,2,0,-0.0008705444,0.00738436,0.04746874,0,0,12568.7394

17,True,False,0.02,0.25,Rot9,2,0,-0.0008705444,0.00738436,0.04746874,0,0,12593.4754

17,True,False,0.02,0.25,Rot9,2,0,-0.0008705444,0.00738436,0.04746874,0,0,12619.9638

17,True,False,0.02,0.25,Rot9,2,0,-0.0008705444,0.00738436,0.04746874,0,0,12633.9288

17,True,False,0.02,0.25,Rot9,2,0,-0.0008705444,0.00738436,0.04746874,0,0,12647.7306

17,True,False,0.02,0.25,Rot9,2,0,-0.0008705444,0.00738436,0.04746874,0,0,12661.5076

17,True,False,0.02,0.25,Rot9,2,0,-0.0008705444,0.00738436,0.04746874,0,0,12675.6441

17,True,False,0.02,0.25,Rot9,2,0,-0.0008705444,0.00738436,0.04746874,0,0,12688.8283

17,True,False,0.02,0.25,Rot9,2,0,-0.0008705444,0.00738436,0.04746874,0,0,12703.6658

17,True,False,0.02,0.25,Rot9,2,0,-0.0008705444,0.00738436,0.04746874,0,0,12730.0164

17,True,False,0.02,0.25,Rot9,2,0,-0.0008705444,0.00738436,0.04746874,0,0,12745.0936

17,True,False,0.02,0.25,Rot9,2,0,-0.0008705444,0.00738436,0.04746874,0,0,12757.2449

17,True,False,0.02,0.25,Rot9,2,0,-0.0008705444,0.00738436,0.04746874,0,0,12771.4016

17,True,False,0.02,0.25,Rot9,2,0,-0.0008705444,0.00738436,0.04746874,0,0,12787.1521

17,True,False,0.02,0.25,Rot9,2,0,-0.0008705444,0.00738436,0.04746874,0,0,12812.4655

17,True,False,0.02,0.25,Rot9,2,0,-0.0008705444,0.00738436,0.04746874,0,0,12828.0627

17,True,False,0.02,0.25,Rot9,2,0,-0.0008705444,0.00738436,0.04746874,0,0,12840.0233

17,True,False,0.02,0.25,Rot9,2,0,-0.0008705444,0.00738436,0.04746874,0,0,12854.3185

17,True,False,0.02,0.25,Rot9,2,0,-0.0008705444,0.00738436,0.04746874,0,0,12882.1419

17,True,False,0.02,0.25,Rot9,2,0,-0.0008705444,0.00738436,0.04746874,0,0,12897.3658

17,True,False,0.02,0.25,Rot9,2,0,-0.0008705444,0.00738436,0.04746874,0,0,12909.7942

17,True,False,0.02,0.25,Rot9,2,0,-0.0008705444,0.00738436,0.04746874,0,0,12923.8497

17,True,False,0.02,0.25,Rot9,2,0,-0.0008705444,0.00738436,0.04746874,0,0,12937.3577

17,True,False,0.02,0.25,Rot9,2,0,-0.0008705444,0.00738436,0.04746874,0,0,12951.8072

17,True,False,0.02,0.25,Rot9,2,0,-0.0008705444,0.00738436,0.04746874,0,0,12978.9649

17,True,False,0.02,0.25,Rot9,2,0,-0.0008705444,0.00738436,0.04746874,0,0,12994.4631

17,True,False,0.02,0.25,Rot9,2,0,-0.0008705444,0.00738436,0.04746874,0,0,13006.9202

17,True,False,0.02,0.25,Rot9,2,0,-0.0008705444,0.00738436,0.04746874,0,0,13020.966

17,True,False,0.02,0.25,Rot9,2,0,-0.0008705444,0.00738436,0.04746874,0,0,13034.7386

17,True,False,0.02,0.25,Rot9,2,0,-0.0008705444,0.00738436,0.04746874,0,0,13062.1966

17,True,False,0.02,0.25,Rot9,2,0,-0.0008705444,0.00738436,0.04746874,0,0,13078.447

17,True,False,0.02,0.25,Rot9,2,0,-0.0008705444,0.00738436,0.04746874,0,0,13090.1795

17,True,False,0.02,0.25,Rot9,2,0,-0.0008705444,0.00738436,0.04746874,0,0,13130.6434

17,True,False,0.02,0.25,Rot9,2,0,-0.0008705444,0.00738436,0.04746874,0,0,13146.3254

17,True,False,0.02,0.25,Rot9,2,0,-0.0008705444,0.00738436,0.04746874,0,0,13158.0934

17,True,False,0.02,0.25,Rot9,2,0,-0.0008705444,0.00738436,0.04746874,0,0,13172.0693

17,True,False,0.02,0.25,Rot9,2,0,-0.0008705444,0.00738436,0.04746874,0,0,13199.409

17,True,False,0.02,0.25,Rot9,2,0,-0.0008705444,0.00738436,0.04746874,0,0,13226.8609

17,True,False,0.02,0.25,Rot9,2,0,-0.0008705444,0.00738436,0.04746874,0,0,13239.3777

17,True,False,0.02,0.25,Rot9,2,0,-0.0008705444,0.00738436,0.04746874,0,0,13252.3465

17,True,False,0.02,0.25,Rot9,2,0,-0.0008705444,0.00738436,0.04746874,0,0,13265.5318

17,True,False,0.02,0.25,Rot9,2,0,-0.0008705444,0.00738436,0.04746874,0,0,13278.7239

17,True,False,0.02,0.25,Rot9,2,0,-0.0008705444,0.00738436,0.04746874,0,0,13291.6781

17,True,False,0.02,0.25,Rot9,2,0,-0.0008705444,0.00738436,0.04746874,0,0,13305.5679

17,True,False,0.02,0.25,Rot9,2,0,-0.0008705444,0.00738436,0.04746874,0,0,13331.209

17,True,False,0.02,0.25,Rot9,2,0,-0.0008705444,0.00738436,0.04746874,0,0,13357.3126

17,True,False,0.02,0.25,Rot9,2,0,-0.0008705444,0.00738436,0.04746874,0,0,13371.0734

17,True,False,0.02,0.25,Rot9,2,0,-0.0008705444,0.00738436,0.04746874,0,0,13385.064

17,True,False,0.02,0.25,Rot9,2,0,-0.0008705444,0.00738436,0.04746874,0,0,13398.495

17,True,False,0.02,0.25,Rot9,2,0,-0.0008705444,0.00738436,0.04746874,0,0,13412.576

17,True,False,0.02,0.25,Rot9,2,0,-0.0008705444,0.00738436,0.04746874,0,0,13426.4323

17,True,False,0.02,0.25,Rot9,2,0,-0.0008705444,0.00738436,0.04746874,0,0,13439.8169

17,True,False,0.02,0.25,Rot9,2,0,-0.0008705444,0.00738436,0.04746874,0,0,13467.0062

17,True,False,0.02,0.25,Rot9,2,0,-0.0008705444,0.00738436,0.04746874,0,0,13482.4908

17,True,False,0.02,0.25,Rot9,2,0,-0.0008705444,0.00738436,0.04746874,0,0,13493.6395

17,True,False,0.02,0.25,Rot9,2,0,-0.0008705444,0.00738436,0.04746874,0,0,13507.4585

17,True,False,0.02,0.25,Rot9,2,0,-0.0008705444,0.00738436,0.04746874,0,0,13523.2837

17,True,False,0.02,0.25,Rot9,2,0,-0.0008705444,0.00738436,0.04746874,0,0,13547.4823

17,True,False,0.02,0.25,Rot9,2,0,-0.0008705444,0.00738436,0.04746874,0,0,13564.0948

17,True,False,0.02,0.25,Rot9,2,0,-0.0008705444,0.00738436,0.04746874,0,0,13575.2864

17,True,False,0.02,0.25,Rot9,2,0,-0.0008705444,0.00738436,0.04746874,0,0,13589.4757

17,True,False,0.02,0.25,Rot9,2,0,-0.0008705444,0.00738436,0.04746874,0,0,13605.1019

17,True,False,0.02,0.25,Rot9,2,0,-0.0008705444,0.00738436,0.04746874,0,0,13630.94

17,True,False,0.02,0.25,Rot9,2,0,-0.0008705444,0.00738436,0.04746874,0,0,13658.4522

17,True,False,0.02,0.25,Rot9,2,0,-0.0008705444,0.00738436,0.04746874,0,0,13687.755

17,True,False,0.02,0.25,Rot9,2,0,-0.0008705444,0.00738436,0.04746874,0,0,13701.0157

17,True,False,0.02,0.25,Rot9,2,0,-0.0008705444,0.00738436,0.04746874,0,0,13716.0498

17,True,False,0.02,0.25,Rot9,2,0,-0.0008705444,0.00738436,0.04746874,0,0,13730.2147

17,True,False,0.02,0.25,Rot9,2,0,-0.0008705444,0.00738436,0.04746874,0,0,13744.1434

17,True,False,0.02,0.25,Rot9,2,0,-0.0008705444,0.00738436,0.04746874,0,0,13757.5354

17,True,False,0.02,0.25,Rot9,2,0,-0.0008705444,0.00738436,0.04746874,0,0,13771.5733

17,True,False,0.02,0.25,Rot9,2,0,-0.0008705444,0.00738436,0.04746874,0,0,13798.5556

17,True,False,0.02,0.25,Rot9,2,0,-0.0008705444,0.00738436,0.04746874,0,0,13825.358

17,True,False,0.02,0.25,Rot9,2,0,-0.0008705444,0.00738436,0.04746874,0,0,13837.412

17,True,False,0.02,0.25,Rot9,2,0,-0.0008705444,0.00738436,0.04746874,0,0,13850.8268

17,True,False,0.02,0.25,Rot9,2,0,-0.0008705444,0.00738436,0.04746874,0,0,13863.4645

17,True,False,0.02,0.25,Rot9,2,0,-0.0008705444,0.00738436,0.04746874,0,0,13876.3555

17,True,False,0.02,0.25,Rot9,2,0,-0.0008705444,0.00738436,0.04746874,0,0,13891.6431

17,True,False,0.02,0.25,Rot9,2,0,-0.0008705444,0.00738436,0.04746874,0,0,13915.6631

17,True,False,0.02,0.25,Rot9,2,0,-0.0008705444,0.00738436,0.04746874,0,0,13941.4105

17,True,False,0.02,0.25,Rot9,2,0,-0.0008705444,0.00738436,0.04746874,0,0,13955.1704

17,True,False,0.02,0.25,Rot9,2,0,-0.0008705444,0.00738436,0.04746874,0,0,13968.891

17,True,False,0.02,0.25,Rot9,2,0,-0.0008705444,0.00738436,0.04746874,0,0,13982.8094

17,True,False,0.02,0.25,Rot9,2,0,-0.0008705444,0.00738436,0.04746874,0,0,13996.1975

17,True,False,0.02,0.25,Rot9,2,0,-0.0008705444,0.00738436,0.04746874,0,0,14010.3737

17,True,False,0.02,0.25,Rot9,2,0,-0.0008705444,0.00738436,0.04746874,0,0,14024.5887

17,True,False,0.02,0.25,Rot9,2,0,-0.0008705444,0.00738436,0.04746874,0,0,14039.1823

17,True,False,0.02,0.25,Rot9,2,0,-0.0008705444,0.00738436,0.04746874,0,0,14063.5185

17,True,False,0.02,0.25,Rot9,2,0,-0.0008705444,0.00738436,0.04746874,0,0,14091.189

17,True,False,0.02,0.25,Rot9,2,0,-0.0008705444,0.00738436,0.04746874,0,0,14105.0576

17,True,False,0.02,0.25,Rot9,2,0,-0.0008705444,0.00738436,0.04746874,0,0,14118.4968

17,True,False,0.02,0.25,Rot9,2,0,-0.0008705444,0.00738436,0.04746874,0,0,14133.405

17,True,False,0.02,0.25,Rot9,2,0,-0.0008705444,0.00738436,0.04746874,0,0,14147.3957

17,True,False,0.02,0.25,Rot9,2,0,-0.0008705444,0.00738436,0.04746874,0,0,14161.229

17,True,False,0.02,0.25,Rot9,2,0,-0.0008705444,0.00738436,0.04746874,0,0,14177.7589

17,True,False,0.02,0.25,Rot9,2,0,-0.0008705444,0.00738436,0.04746874,0,0,14190.3642

17,True,False,0.02,0.25,Rot9,2,0,-0.0008705444,0.00738436,0.04746874,0,0,14216.0289

17,True,False,0.02,0.25,Rot9,2,0,-0.0008705444,0.00738436,0.04746874,0,0,14231.7292

17,True,False,0.02,0.25,Rot9,2,0,-0.0008705444,0.00738436,0.04746874,0,0,14243.6748

17,True,False,0.02,0.25,Rot9,2,0,-0.0008705444,0.00738436,0.04746874,0,0,14256.9918

17,True,False,0.02,0.25,Rot9,2,0,-0.0008705444,0.00738436,0.04746874,0,0,14273.1489

17,True,False,0.02,0.25,Rot9,2,0,-0.0008705444,0.00738436,0.04746874,0,0,14298.4076

17,True,False,0.02,0.25,Rot9,2,0,-0.0008705444,0.00738436,0.04746874,0,0,14313.6783

17,True,False,0.02,0.25,Rot9,2,0,-0.0008705444,0.00738436,0.04746874,0,0,14325.1917

17,True,False,0.02,0.25,Rot9,2,0,-0.0008705444,0.00738436,0.04746874,0,0,14339.5857

17,True,False,0.02,0.25,Rot9,2,0,-0.0008705444,0.00738436,0.04746874,0,0,14366.88

17,True,False,0.02,0.25,Rot9,2,0,-0.0008705444,0.00738436,0.04746874,0,0,14383.2234

17,True,False,0.02,0.25,Rot9,2,0,-0.0008705444,0.00738436,0.04746874,0,0,14394.7278

17,True,False,0.02,0.25,Rot9,2,0,-0.0008705444,0.00738436,0.04746874,0,0,14407.708

17,True,False,0.02,0.25,Rot9,2,0,-0.0008705444,0.00738436,0.04746874,0,0,14435.6687

17,True,False,0.02,0.25,Rot9,2,0,-0.0008705444,0.00738436,0.04746874,0,0,14449.6197

17,True,False,0.02,0.25,Rot9,2,0,-0.0008705444,0.00738436,0.04746874,0,0,14461.9161

17,True,False,0.02,0.25,Rot9,2,0,-0.0008705444,0.00738436,0.04746874,0,0,14475.148

17,True,False,0.02,0.25,Rot9,2,0,-0.0008705444,0.00738436,0.04746874,0,0,14503.0087

17,True,False,0.02,0.25,Rot9,2,0,-0.0008705444,0.00738436,0.04746874,0,0,14516.2125

17,True,False,0.02,0.25,Rot9,2,0,-0.0008705444,0.00738436,0.04746874,0,0,14528.4926

17,True,False,0.02,0.25,Rot9,2,0,-0.0008705444,0.00738436,0.04746874,0,0,14541.634

17,True,False,0.02,0.25,Rot9,2,0,-0.0008705444,0.00738436,0.04746874,0,0,14567.3968

17,True,False,0.02,0.25,Rot9,2,0,-0.0008705444,0.00738436,0.04746874,0,0,14582.3122

17,True,False,0.02,0.25,Rot9,2,0,-0.0008705444,0.00738436,0.04746874,0,0,14593.8924

17,True,False,0.02,0.25,Rot9,2,0,-0.0008705444,0.00738436,0.04746874,0,0,14608.0517

17,True,False,0.02,0.25,Rot9,2,0,-0.0008705444,0.00738436,0.04746874,0,0,14634.4052

17,True,False,0.02,0.25,Rot9,2,0,-0.0008705444,0.00738436,0.04746874,0,0,14648.3273

17,True,False,0.02,0.25,Rot9,2,0,-0.0008705444,0.00738436,0.04746874,0,0,14661.2004

17,True,False,0.02,0.25,Rot9,2,0,-0.0008705444,0.00738436,0.04746874,0,0,14674.783

17,True,False,0.02,0.25,Rot9,2,0,-0.0008705444,0.00738436,0.04746874,0,0,14689.6186

17,True,False,0.02,0.25,Rot9,2,0,-0.0008705444,0.00738436,0.04746874,0,0,14715.4553

17,True,False,0.02,0.25,Rot9,2,0,-0.0008705444,0.00738436,0.04746874,0,0,14730.3132

17,True,False,0.02,0.25,Rot9,2,0,-0.0008705444,0.00738436,0.04746874,0,0,14743.1974

17,True,False,0.02,0.25,Rot9,2,0,-0.0008705444,0.00738436,0.04746874,0,0,14757.126

17,True,False,0.02,0.25,Rot9,2,0,-0.0008705444,0.00738436,0.04746874,0,0,14785.1549

17,True,False,0.02,0.25,Rot9,2,0,-0.0008705444,0.00738436,0.04746874,0,0,14812.2254

17,True,False,0.02,0.25,Rot9,2,0,-0.0008705444,0.00738436,0.04746874,0,0,14828.2953

17,True,False,0.02,0.25,Rot9,2,0,-0.0008705444,0.00738436,0.04746874,0,0,14839.6705

17,True,False,0.02,0.25,Rot9,2,0,-0.0008705444,0.00738436,0.04746874,0,0,14853.9237

17,True,False,0.02,0.25,Rot9,2,0,-0.0008705444,0.00738436,0.04746874,0,0,14869.6136

17,True,False,0.02,0.25,Rot9,2,0,-0.0008705444,0.00738436,0.04746874,0,0,14895.1801

17,True,False,0.02,0.25,Rot9,2,0,-0.0008705444,0.00738436,0.04746874,0,0,14921.7714

17,True,False,0.02,0.25,Rot9,2,0,-0.0008705444,0.00738436,0.04746874,0,0,14948.1875

17,True,False,0.02,0.25,Rot9,2,0,-0.0008705444,0.00738436,0.04746874,0,0,14959.6733

17,True,False,0.02,0.25,Rot9,2,0,-0.0008705444,0.00738436,0.04746874,0,0,14973.1535

17,True,False,0.02,0.25,Rot9,2,0,-0.0008705444,0.00738436,0.04746874,0,0,14987.8542

17,True,False,0.02,0.25,Rot9,2,0,-0.0008705444,0.00738436,0.04746874,0,0,15011.9785

17,True,False,0.02,0.25,Rot9,2,0,-0.0008705444,0.00738436,0.04746874,0,0,15037.7386

17,True,False,0.02,0.25,Rot9,2,0,-0.0008705444,0.00738436,0.04746874,0,0,15051.6006

17,True,False,0.02,0.25,Rot9,2,0,-0.0008705444,0.00738436,0.04746874,0,0,15065.3153

17,True,False,0.02,0.25,Rot9,2,0,-0.0008705444,0.00738436,0.04746874,0,0,15078.8233

17,True,False,0.02,0.25,Rot9,2,0,-0.0008705444,0.00738436,0.04746874,0,0,15092.9586

17,True,False,0.02,0.25,Rot9,2,0,-0.0008705444,0.00738436,0.04746874,0,0,15106.8536

17,True,False,0.02,0.25,Rot9,2,0,-0.0008705444,0.00738436,0.04746874,0,0,15120.7317

17,True,False,0.02,0.25,Rot9,2,0,-0.0008705444,0.00738436,0.04746874,0,0,15134.9607

17,True,False,0.02,0.25,Rot9,2,0,-0.0008705444,0.00738436,0.04746874,0,0,15160.4538

17,True,False,0.02,0.25,Rot9,2,0,-0.0008705444,0.00738436,0.04746874,0,0,15176.3516

17,True,False,0.02,0.25,Rot9,2,0,-0.0008705444,0.00738436,0.04746874,0,0,15187.6368

17,True,False,0.02,0.25,Rot9,2,0,-0.0008705444,0.00738436,0.04746874,0,0,15201.7572

17,True,False,0.02,0.25,Rot9,2,0,-0.0008705444,0.00738436,0.04746874,0,0,15228.6853

17,True,False,0.02,0.25,Rot9,2,0,-0.0008705444,0.00738436,0.04746874,0,0,15256.0705

17,True,False,0.02,0.25,Rot9,2,0,-0.0008705444,0.00738436,0.04746874,0,0,15267.9596

17,True,False,0.02,0.25,Rot9,2,0,-0.0008705444,0.00738436,0.04746874,0,0,15280.5646

17,True,False,0.02,0.25,Rot9,2,0,-0.0008705444,0.00738436,0.04746874,0,0,15294.0583

17,True,False,0.02,0.25,Rot9,2,0,-0.0008705444,0.00738436,0.04746874,0,0,15306.9009

17,True,False,0.02,0.25,Rot9,2,0,-0.0008705444,0.00738436,0.04746874,0,0,15320.1279

17,True,False,0.02,0.25,Rot9,2,0,-0.0008705444,0.00738436,0.04746874,0,0,15334.4307

17,True,False,0.02,0.25,Rot9,2,0,-0.0008705444,0.00738436,0.04746874,0,0,15360.5935

17,True,False,0.02,0.25,Rot9,2,0,-0.0008705444,0.00738436,0.04746874,0,0,15385.9682

17,True,False,0.02,0.25,Rot9,2,0,-0.0008705444,0.00738436,0.04746874,0,0,15399.7221

17,True,False,0.02,0.25,Rot9,2,0,-0.0008705444,0.00738436,0.04746874,0,0,15413.4432

17,True,False,0.02,0.25,Rot9,2,0,-0.0008705444,0.00738436,0.04746874,0,0,15427.2967

17,True,False,0.02,0.25,Rot9,2,0,-0.0008705444,0.00738436,0.04746874,0,0,15440.8139

17,True,False,0.02,0.25,Rot9,2,0,-0.0008705444,0.00738436,0.04746874,0,0,15455.6613

17,True,False,0.02,0.25,Rot9,2,0,-0.0008705444,0.00738436,0.04746874,0,0,15469.0815

17,True,False,0.02,0.25,Rot9,2,0,-0.0008705444,0.00738436,0.04746874,0,0,15494.7467

17,True,False,0.02,0.25,Rot9,2,0,-0.0008705444,0.00738436,0.04746874,0,0,15510.1874

17,True,False,0.02,0.25,Rot9,2,0,-0.0008705444,0.00738436,0.04746874,0,0,15521.8481

17,True,False,0.02,0.25,Rot9,2,0,-0.0008705444,0.00738436,0.04746874,0,0,15535.7528

17,True,False,0.02,0.25,Rot9,2,0,-0.0008705444,0.00738436,0.04746874,0,0,15551.4048

17,True,False,0.02,0.25,Rot9,2,0,-0.0008705444,0.00738436,0.04746874,0,0,15576.0266

17,True,False,0.02,0.25,Rot9,2,0,-0.0008705444,0.00738436,0.04746874,0,0,15603.5456

17,True,False,0.02,0.25,Rot9,2,0,-0.0008705444,0.00738436,0.04746874,0,0,15618.1618

17,True,False,0.02,0.25,Rot9,2,0,-0.0008705444,0.00738436,0.04746874,0,0,15632.6005

17,True,False,0.02,0.25,Rot9,2,0,-0.0008705444,0.00738436,0.04746874,0,0,15646.6458

17,True,False,0.02,0.25,Rot9,2,0,-0.0008705444,0.00738436,0.04746874,0,0,15660.23

17,True,False,0.02,0.25,Rot9,2,0,-0.0008705444,0.00738436,0.04746874,0,0,15674.9529

17,True,False,0.02,0.25,Rot9,2,0,-0.0008705444,0.00738436,0.04746874,0,0,15690.191

17,True,False,0.02,0.25,Rot9,2,0,-0.0008705444,0.00738436,0.04746874,0,0,15702.7571

17,True,False,0.02,0.25,Rot9,2,0,-0.0008705444,0.00738436,0.04746874,0,0,15729.4621

17,True,False,0.02,0.25,Rot9,2,0,-0.0008705444,0.00738436,0.04746874,0,0,15744.4698

17,True,False,0.02,0.25,Rot9,2,0,-0.0008705444,0.00738436,0.04746874,0,0,15756.8839

17,True,False,0.02,0.25,Rot9,2,0,-0.0008705444,0.00738436,0.04746874,0,0,15770.8878

17,True,False,0.02,0.25,Rot9,2,0,-0.0008705444,0.00738436,0.04746874,0,0,15785.609

17,True,False,0.02,0.25,Rot9,2,0,-0.0008705444,0.00738436,0.04746874,0,0,15812.2007

17,True,False,0.02,0.25,Rot9,2,0,-0.0008705444,0.00738436,0.04746874,0,0,15839.5296

17,True,False,0.02,0.25,Rot9,2,0,-0.0008705444,0.00738436,0.04746874,0,0,15854.3809

17,True,False,0.02,0.25,Rot9,2,0,-0.0008705444,0.00738436,0.04746874,0,0,15868.5417

17,True,False,0.02,0.25,Rot9,2,0,-0.0008705444,0.00738436,0.04746874,0,0,15882.1479

17,True,False,0.02,0.25,Rot9,2,0,-0.0008705444,0.00738436,0.04746874,0,0,15897.1191

17,True,False,0.02,0.25,Rot9,2,0,-0.0008705444,0.00738436,0.04746874,0,0,15911.0736

17,True,False,0.02,0.25,Rot9,2,0,-0.0008705444,0.00738436,0.04746874,0,0,15925.1069

17,True,False,0.02,0.25,Rot9,2,0,-0.0008705444,0.00738436,0.04746874,0,0,15938.6849

17,True,False,0.02,0.25,Rot9,2,0,-0.0008705444,0.00738436,0.04746874,0,0,15953.4029

17,True,False,0.02,0.25,Rot9,2,0,-0.0008705444,0.00738436,0.04746874,0,0,15979.6876

17,True,False,0.02,0.25,Rot9,2,0,-0.0008705444,0.00738436,0.04746874,0,0,15994.1964

17,True,False,0.02,0.25,Rot9,2,0,-0.0008705444,0.00738436,0.04746874,0,0,16007.5691

17,True,False,0.02,0.25,Rot9,2,0,-0.0008705444,0.00738436,0.04746874,0,0,16021.7644

17,True,False,0.02,0.25,Rot9,2,0,-0.0008705444,0.00738436,0.04746874,0,0,16034.9001

17,True,False,0.02,0.25,Rot9,2,0,-0.0008705444,0.00738436,0.04746874,0,0,16062.8721

17,True,False,0.02,0.25,Rot9,2,0,-0.0008705444,0.00738436,0.04746874,0,0,16078.528

17,True,False,0.02,0.25,Rot9,2,0,-0.0008705444,0.00738436,0.04746874,0,0,16090.2027

17,True,False,0.02,0.25,Rot9,2,0,-0.0008705444,0.00738436,0.04746874,0,0,16104.1241

17,True,False,0.02,0.25,Rot9,2,0,-0.0008705444,0.00738436,0.04746874,0,0,16118.92

17,True,False,0.02,0.25,Rot9,2,0,-0.0008705444,0.00738436,0.04746874,0,0,16145.4593

17,True,False,0.02,0.25,Rot9,2,0,-0.0008705444,0.00738436,0.04746874,0,0,16161.7888

17,True,False,0.02,0.25,Rot9,2,0,-0.0008705444,0.00738436,0.04746874,0,0,16186.9439

17,True,False,0.02,0.25,Rot9,2,0,-0.0008705444,0.00738436,0.04746874,0,0,16214.7693

17,True,False,0.02,0.25,Rot9,2,0,-0.0008705444,0.00738436,0.04746874,0,0,16228.9335

17,True,False,0.02,0.25,Rot9,2,0,-0.0008705444,0.00738436,0.04746874,0,0,16243.1473

17,True,False,0.02,0.25,Rot9,2,0,-0.0008705444,0.00738436,0.04746874,0,0,16257.321

17,True,False,0.02,0.25,Rot9,2,0,-0.0008705444,0.00738436,0.04746874,0,0,16270.9713

17,True,False,0.02,0.25,Rot9,2,0,-0.0008705444,0.00738436,0.04746874,0,0,16298.6789

17,True,False,0.02,0.25,Rot9,2,0,-0.0008705444,0.00738436,0.04746874,0,0,16314.0837

17,True,False,0.02,0.25,Rot9,2,0,-0.0008705444,0.00738436,0.04746874,0,0,16326.8728

17,True,False,0.02,0.25,Rot9,2,0,-0.0008705444,0.00738436,0.04746874,0,0,16339.6256

17,True,False,0.02,0.25,Rot9,2,0,-0.0008705444,0.00738436,0.04746874,0,0,16354.7766

17,True,False,0.02,0.25,Rot9,2,0,-0.0008705444,0.00738436,0.04746874,0,0,16369.4563

17,True,False,0.02,0.25,Rot9,2,0,-0.0008705444,0.00738436,0.04746874,0,0,16395.3554

17,True,False,0.02,0.25,Rot9,2,0,-0.0008705444,0.00738436,0.04746874,0,0,16423.0906

17,True,False,0.02,0.25,Rot9,2,0,-0.0008705444,0.00738436,0.04746874,0,0,16438.0184

17,True,False,0.02,0.25,Rot9,2,0,-0.0008705444,0.00738436,0.04746874,0,0,16463.6364

17,True,False,0.02,0.25,Rot9,2,0,-0.0008705444,0.00738436,0.04746874,0,0,16477.8205

17,True,False,0.02,0.25,Rot9,2,0,-0.0008705444,0.00738436,0.04746874,0,0,16491.8952

17,True,False,0.02,0.25,Rot9,2,0,-0.0008705444,0.00738436,0.04746874,0,0,16505.8193

17,True,False,0.02,0.25,Rot9,2,0,-0.0008705444,0.00738436,0.04746874,0,0,16532.8701

17,True,False,0.02,0.25,Rot9,2,0,-0.0008705444,0.00738436,0.04746874,0,0,16560.5886

17,True,False,0.02,0.25,Rot9,2,0,-0.0008705444,0.00738436,0.04746874,0,0,16572.7019

17,True,False,0.02,0.25,Rot9,2,0,-0.0008705444,0.00738436,0.04746874,0,0,16585.8487

17,True,False,0.02,0.25,Rot9,2,0,-0.0008705444,0.00738436,0.04746874,0,0,16598.6798

17,True,False,0.02,0.25,Rot9,2,0,-0.0008705444,0.00738436,0.04746874,0,0,16612.2186

17,True,False,0.02,0.25,Rot9,2,0,-0.0008705444,0.00738436,0.04746874,0,0,16626.4321

17,True,False,0.02,0.25,Rot9,2,0,-0.0008705444,0.00738436,0.04746874,0,0,16639.6365

17,True,False,0.02,0.25,Rot9,2,0,-0.0008705444,0.00738436,0.04746874,0,0,16665.8959

17,True,False,0.02,0.25,Rot9,2,0,-0.0008705444,0.00738436,0.04746874,0,0,16692.0768

17,True,False,0.02,0.25,Rot9,2,0,-0.0008705444,0.00738436,0.04746874,0,0,16705.5812

17,True,False,0.02,0.25,Rot9,2,0,-0.0008705444,0.00738436,0.04746874,0,0,16718.8813

17,True,False,0.02,0.25,Rot9,2,0,-0.0008705444,0.00738436,0.04746874,0,0,16732.9865

17,True,False,0.02,0.25,Rot9,2,0,-0.0008705444,0.00738436,0.04746874,0,0,16746.9009

17,True,False,0.02,0.25,Rot9,2,0,-0.0008705444,0.00738436,0.04746874,0,0,16759.8782

17,True,False,0.02,0.25,Rot9,2,0,-0.0008705444,0.00738436,0.04746874,0,0,16773.3183

17,True,False,0.02,0.25,Rot9,2,0,-0.0008705444,0.00738436,0.04746874,0,0,16800.9046

17,True,False,0.02,0.25,Rot9,2,0,-0.0008705444,0.00738436,0.04746874,0,0,16827.0918

17,True,False,0.02,0.25,Rot9,2,0,-0.0008705444,0.00738436,0.04746874,0,0,16841.8269

17,True,False,0.02,0.25,Rot9,2,0,-0.0008705444,0.00738436,0.04746874,0,0,16855.5658

17,True,False,0.02,0.25,Rot9,2,0,-0.0008705444,0.00738436,0.04746874,0,0,16869.3625

17,True,False,0.02,0.25,Rot9,2,0,-0.0008705444,0.00738436,0.04746874,0,0,16882.7969

17,True,False,0.02,0.25,Rot9,2,0,-0.0008705444,0.00738436,0.04746874,0,0,16896.2463

17,True,False,0.02,0.25,Rot9,2,0,-0.0008705444,0.00738436,0.04746874,0,0,16910.6744

17,True,False,0.02,0.25,Rot9,2,0,-0.0008705444,0.00738436,0.04746874,0,0,16925.7904

17,True,False,0.02,0.25,Rot9,2,0,-0.0008705444,0.00738436,0.04746874,0,0,16951.1849

17,True,False,0.02,0.25,Rot9,2,0,-0.0008705444,0.00738436,0.04746874,0,0,16965.6867

17,True,False,0.02,0.25,Rot9,2,0,-0.0008705444,0.00738436,0.04746874,0,0,16977.3954

17,True,False,0.02,0.25,Rot9,2,0,-0.0008705444,0.00738436,0.04746874,0,0,16991.8102

17,True,False,0.02,0.25,Rot9,2,0,-0.0008705444,0.00738436,0.04746874,0,0,17007.3968

17,True,False,0.02,0.25,Rot9,2,0,-0.0008705444,0.00738436,0.04746874,0,0,17032.7314

17,True,False,0.02,0.25,Rot9,2,0,-0.0008705444,0.00738436,0.04746874,0,0,17048.0895

17,True,False,0.02,0.25,Rot9,2,0,-0.0008705444,0.00738436,0.04746874,0,0,17059.4853

17,True,False,0.02,0.25,Rot9,2,0,-0.0008705444,0.00738436,0.04746874,0,0,17087.3663

17,True,False,0.02,0.25,Rot9,2,0,-0.0008705444,0.00738436,0.04746874,0,0,17102.28

17,True,False,0.02,0.25,Rot9,2,0,-0.0008705444,0.00738436,0.04746874,0,0,17114.4614

17,True,False,0.02,0.25,Rot9,2,0,-0.0008705444,0.00738436,0.04746874,0,0,17127.7985

17,True,False,0.02,0.25,Rot9,2,0,-0.0008705444,0.00738436,0.04746874,0,0,17143.0538

17,True,False,0.02,0.25,Rot9,2,0,-0.0008705444,0.00738436,0.04746874,0,0,17155.4761

17,True,False,0.02,0.25,Rot9,2,0,-0.0008705444,0.00738436,0.04746874,0,0,17172.3968

17,True,False,0.02,0.25,Rot9,2,0,-0.0008705444,0.00738436,0.04746874,0,0,17196.2542

17,True,False,0.02,0.25,Rot9,2,0,-0.0008705444,0.00738436,0.04746874,0,0,17222.5185

17,True,False,0.02,0.25,Rot9,2,0,-0.0008705444,0.00738436,0.04746874,0,0,17235.4036

17,True,False,0.02,0.25,Rot9,2,0,-0.0008705444,0.00738436,0.04746874,0,0,17248.771

17,True,False,0.02,0.25,Rot9,2,0,-0.0008705444,0.00738436,0.04746874,0,0,17262.2805

17,True,False,0.02,0.25,Rot9,2,0,-0.0008705444,0.00738436,0.04746874,0,0,17275.4794

17,True,False,0.02,0.25,Rot9,2,0,-0.0008705444,0.00738436,0.04746874,0,0,17289.3494

17,True,False,0.02,0.25,Rot9,2,0,-0.0008705444,0.00738436,0.04746874,0,0,17315.1997

17,True,False,0.02,0.25,Rot9,2,0,-0.0008705444,0.00738436,0.04746874,0,0,17341.7019

17,True,False,0.02,0.25,Rot9,2,0,-0.0008705444,0.00738436,0.04746874,0,0,17355.7976

17,True,False,0.02,0.25,Rot9,2,0,-0.0008705444,0.00738436,0.04746874,0,0,17369.1869

17,True,False,0.02,0.25,Rot9,2,0,-0.0008705444,0.00738436,0.04746874,0,0,17383.3246

17,True,False,0.02,0.25,Rot9,2,0,-0.0008705444,0.00738436,0.04746874,0,0,17396.215

17,True,False,0.02,0.25,Rot9,2,0,-0.0008705444,0.00738436,0.04746874,0,0,17409.9805

17,True,False,0.02,0.25,Rot9,2,0,-0.0008705444,0.00738436,0.04746874,0,0,17424.1167

17,True,False,0.02,0.25,Rot9,2,0,-0.0008705444,0.00738436,0.04746874,0,0,17451.6579

17,True,False,0.02,0.25,Rot9,2,0,-0.0008705444,0.00738436,0.04746874,0,0,17478.8591

17,True,False,0.02,0.25,Rot9,2,0,-0.0008705444,0.00738436,0.04746874,0,0,17493.5711

17,True,False,0.02,0.25,Rot9,2,0,-0.0008705444,0.00738436,0.04746874,0,0,17521.2272

17,True,False,0.02,0.25,Rot9,2,0,-0.0008705444,0.00738436,0.04746874,0,0,17549.9315

17,True,False,0.02,0.25,Rot9,2,0,-0.0008705444,0.00738436,0.04746874,0,0,17563.3449

17,True,False,0.02,0.25,Rot9,2,0,-0.0008705444,0.00738436,0.04746874,0,0,17577.057

17,True,False,0.02,0.25,Rot9,2,0,-0.0008705444,0.00738436,0.04746874,0,0,17591.8245

17,True,False,0.02,0.25,Rot9,2,0,-0.0008705444,0.00738436,0.04746874,0,0,17605.7338

17,True,False,0.02,0.25,Rot9,2,0,-0.0008705444,0.00738436,0.04746874,0,0,17619.0098

17,True,False,0.02,0.25,Rot9,2,0,-0.0008705444,0.00738436,0.04746874,0,0,17633.7308

17,True,False,0.02,0.25,Rot9,2,0,-0.0008705444,0.00738436,0.04746874,0,0,17647.5174

17,True,False,0.02,0.25,Rot9,2,0,-0.0008705444,0.00738436,0.04746874,0,0,17661.2168

17,True,False,0.02,0.25,Rot9,2,0,-0.0008705444,0.00738436,0.04746874,0,0,17675.2261

17,True,False,0.02,0.25,Rot9,2,0,-0.0008705444,0.00738436,0.04746874,0,0,17702.4932

17,True,False,0.02,0.25,Rot9,2,0,-0.0008705444,0.00738436,0.04746874,0,0,17717.457

17,True,False,0.02,0.25,Rot9,2,0,-0.0008705444,0.00738436,0.04746874,0,0,17730.0754

17,True,False,0.02,0.25,Rot9,2,0,-0.0008705444,0.00738436,0.04746874,0,0,17743.8531

17,True,False,0.02,0.25,Rot9,2,0,-0.0008705444,0.00738436,0.04746874,0,0,17760.3919

17,True,False,0.02,0.25,Rot9,2,0,-0.0008705444,0.00738436,0.04746874,0,0,17784.9408

17,True,False,0.02,0.25,Rot9,2,0,-0.0008705444,0.00738436,0.04746874,0,0,17812.5926

17,True,False,0.02,0.25,Rot9,2,0,-0.0008705444,0.00738436,0.04746874,0,0,17827.5236

17,True,False,0.02,0.25,Rot9,2,0,-0.0008705444,0.00738436,0.04746874,0,0,17841.2477

17,True,False,0.02,0.25,Rot9,2,0,-0.0008705444,0.00738436,0.04746874,0,0,17855.4097

17,True,False,0.02,0.25,Rot9,2,0,-0.0008705444,0.00738436,0.04746874,0,0,17869.5762

17,True,False,0.02,0.25,Rot9,2,0,-0.0008705444,0.00738436,0.04746874,0,0,17882.7866

17,True,False,0.02,0.25,Rot9,2,0,-0.0008705444,0.00738436,0.04746874,0,0,17896.7926

17,True,False,0.02,0.25,Rot9,2,0,-0.0008705444,0.00738436,0.04746874,0,0,17911.2322

17,True,False,0.02,0.25,Rot9,2,0,-0.0008705444,0.00738436,0.04746874,0,0,17925.0483

17,True,False,0.02,0.25,Rot9,2,0,-0.0008705444,0.00738436,0.04746874,0,0,17952.2582

17,True,False,0.02,0.25,Rot9,2,0,-0.0008705444,0.00738436,0.04746874,0,0,17966.7163

17,True,False,0.02,0.25,Rot9,2,0,-0.0008705444,0.00738436,0.04746874,0,0,17979.7581

17,True,False,0.02,0.25,Rot9,2,0,-0.0008705444,0.00738436,0.04746874,0,0,17993.9626

17,True,False,0.02,0.25,Rot9,2,0,-0.0008705444,0.00738436,0.04746874,0,0,18008.1267

17,True,False,0.02,0.25,Rot9,2,0,-0.0008705444,0.00738436,0.04746874,0,0,18035.3034

17,True,False,0.02,0.25,Rot9,2,0,-0.0008705444,0.00738436,0.04746874,0,0,18049.9561

17,True,False,0.02,0.25,Rot9,2,0,-0.0008705444,0.00738436,0.04746874,0,0,18063.3099

17,True,False,0.02,0.25,Rot9,2,0,-0.0008705444,0.00738436,0.04746874,0,0,18076.7824

17,True,False,0.02,0.25,Rot9,2,0,-0.0008705444,0.00738436,0.04746874,0,0,18091.1018

17,True,False,0.02,0.25,Rot9,2,0,-0.0008705444,0.00738436,0.04746874,0,0,18131.9958

17,True,False,0.02,0.25,Rot9,2,0,-0.0008705444,0.00738436,0.04746874,0,0,18147.4799

17,True,False,0.02,0.25,Rot9,2,0,-0.0008705444,0.00738436,0.04746874,0,0,18159.3051

17,True,False,0.02,0.25,Rot9,2,0,-0.0008705444,0.00738436,0.04746874,0,0,18173.5929

17,True,False,0.02,0.25,Rot9,2,0,-0.0008705444,0.00738436,0.04746874,0,0,18189.5683

17,True,False,0.02,0.25,Rot9,2,0,-0.0008705444,0.00738436,0.04746874,0,0,18214.8557

17,True,False,0.02,0.25,Rot9,2,0,-0.0008705444,0.00738436,0.04746874,0,0,18230.2344

17,True,False,0.02,0.25,Rot9,2,0,-0.0008705444,0.00738436,0.04746874,0,0,18242.8582

17,True,False,0.02,0.25,Rot9,2,0,-0.0008705444,0.00738436,0.04746874,0,0,18256.4827

17,True,False,0.02,0.25,Rot9,2,0,-0.0008705444,0.00738436,0.04746874,0,0,18271.3078

17,True,False,0.02,0.25,Rot9,2,0,-0.0008705444,0.00738436,0.04746874,0,0,18298.2006

17,True,False,0.02,0.25,Rot9,2,0,-0.0008705444,0.00738436,0.04746874,0,0,18313.2835

17,True,False,0.02,0.25,Rot9,2,0,-0.0008705444,0.00738436,0.04746874,0,0,18326.24

17,True,False,0.02,0.25,Rot9,2,0,-0.0008705444,0.00738436,0.04746874,0,0,18339.9984

17,True,False,0.02,0.25,Rot9,2,0,-0.0008705444,0.00738436,0.04746874,0,0,18353.8163

17,True,False,0.02,0.25,Rot9,2,0,-0.0008705444,0.00738436,0.04746874,0,0,18381.3477

17,True,False,0.02,0.25,Rot9,2,0,-0.0008705444,0.00738436,0.04746874,0,0,18397.9517

17,True,False,0.02,0.25,Rot9,2,0,-0.0008705444,0.00738436,0.04746874,0,0,18409.575

17,True,False,0.02,0.25,Rot9,2,0,-0.0008705444,0.00738436,0.04746874,0,0,18423.8411

17,True,False,0.02,0.25,Rot9,2,0,-0.0008705444,0.00738436,0.04746874,0,0,18451.023

17,True,False,0.02,0.25,Rot9,2,0,-0.0008705444,0.00738436,0.04746874,0,0,18465.7063

17,True,False,0.02,0.25,Rot9,2,0,-0.0008705444,0.00738436,0.04746874,0,0,18479.2667

17,True,False,0.02,0.25,Rot9,2,0,-0.0008705444,0.00738436,0.04746874,0,0,18493.5517

17,True,False,0.02,0.25,Rot9,2,0,-0.0008705444,0.00738436,0.04746874,0,0,18506.6969

17,True,False,0.02,0.25,Rot9,2,0,-0.0008705444,0.00738436,0.04746874,0,0,18521.3371

17,True,False,0.02,0.25,Rot9,2,0,-0.0008705444,0.00738436,0.04746874,0,0,18547.9438

17,True,False,0.02,0.25,Rot9,2,0,-0.0008705444,0.00738436,0.04746874,0,0,18563.3636

17,True,False,0.02,0.25,Rot9,2,0,-0.0008705444,0.00738436,0.04746874,0,0,18575.3714

17,True,False,0.02,0.25,Rot9,2,0,-0.0008705444,0.00738436,0.04746874,0,0,18589.1632

17,True,False,0.02,0.25,Rot9,2,0,-0.0008705444,0.00738436,0.04746874,0,0,18604.4767

17,True,False,0.02,0.25,Rot9,2,0,-0.0008705444,0.00738436,0.04746874,0,0,18630.672

17,True,False,0.02,0.25,Rot9,2,0,-0.0008705444,0.00738436,0.04746874,0,0,18647.079

17,True,False,0.02,0.25,Rot9,2,0,-0.0008705444,0.00738436,0.04746874,0,0,18657.374

17,True,False,0.02,0.25,Rot9,2,0,-0.0008705444,0.00738436,0.04746874,0,0,18672.955

17,True,False,0.02,0.25,Rot9,2,0,-0.0008705444,0.00738436,0.04746874,0,0,18699.8486

17,True,False,0.02,0.25,Rot9,2,0,-0.0008705444,0.00738436,0.04746874,0,0,18714.6533

17,True,False,0.02,0.25,Rot9,2,0,-0.0008705444,0.00738436,0.04746874,0,0,18727.9112

17,True,False,0.02,0.25,Rot9,2,0,-0.0008705444,0.00738436,0.04746874,0,0,18742.1481

17,True,False,0.02,0.25,Rot9,2,0,-0.0008705444,0.00738436,0.04746874,0,0,18758.1726

17,True,False,0.02,0.25,Rot9,2,0,-0.0008705444,0.00738436,0.04746874,0,0,18772.7445

17,True,False,0.02,0.25,Rot9,2,0,-0.0008705444,0.00738436,0.04746874,0,0,18797.8092

17,True,False,0.02,0.25,Rot9,2,0,-0.0008705444,0.00738436,0.04746874,0,0,18814.1514

17,True,False,0.02,0.25,Rot9,2,0,-0.0008705444,0.00738436,0.04746874,0,0,18839.6272

17,True,False,0.02,0.25,Rot9,2,0,-0.0008705444,0.00738436,0.04746874,0,0,18869.134

17,True,False,0.02,0.25,Rot9,2,0,-0.0008705444,0.00738436,0.04746874,0,0,18882.7254

17,True,False,0.02,0.25,Rot9,2,0,-0.0008705444,0.00738436,0.04746874,0,0,18896.6219

17,True,False,0.02,0.25,Rot9,2,0,-0.0008705444,0.00738436,0.04746874,0,0,18911.1791

17,True,False,0.02,0.25,Rot9,2,0,-0.0008705444,0.00738436,0.04746874,0,0,18925.1794

17,True,False,0.02,0.25,Rot9,2,0,-0.0008705444,0.00738436,0.04746874,0,0,18938.5833

17,True,False,0.02,0.25,Rot9,2,0,-0.0008705444,0.00738436,0.04746874,0,0,18954.3697

17,True,False,0.02,0.25,Rot9,2,0,-0.0008705444,0.00738436,0.04746874,0,0,18979.6623

17,True,False,0.02,0.25,Rot9,2,0,-0.0008705444,0.00738436,0.04746874,0,0,19007.0735

17,True,False,0.02,0.25,Rot9,2,0,-0.0008705444,0.00738436,0.04746874,0,0,19021.2637

17,True,False,0.02,0.25,Rot9,2,0,-0.0008705444,0.00738436,0.04746874,0,0,19035.4526

17,True,False,0.02,0.25,Rot9,2,0,-0.0008705444,0.00738436,0.04746874,0,0,19049.879

17,True,False,0.02,0.25,Rot9,2,0,-0.0008705444,0.00738436,0.04746874,0,0,19064.212

17,True,False,0.02,0.25,Rot9,2,0,-0.0008705444,0.00738436,0.04746874,0,0,19077.8945

17,True,False,0.02,0.25,Rot9,2,0,-0.0008705444,0.00738436,0.04746874,0,0,19092.061

17,True,False,0.02,0.25,Rot9,2,0,-0.0008705444,0.00738436,0.04746874,0,0,19106.352

17,True,False,0.02,0.25,Rot9,2,0,-0.0008705444,0.00738436,0.04746874,0,0,19133.6115

17,True,False,0.02,0.25,Rot9,2,0,-0.0008705444,0.00738436,0.04746874,0,0,19149.0321

17,True,False,0.02,0.25,Rot9,2,0,-0.0008705444,0.00738436,0.04746874,0,0,19161.0903

17,True,False,0.02,0.25,Rot9,2,0,-0.0008705444,0.00738436,0.04746874,0,0,19174.6974

17,True,False,0.02,0.25,Rot9,2,0,-0.0008705444,0.00738436,0.04746874,0,0,19189.8559

17,True,False,0.02,0.25,Rot9,2,0,-0.0008705444,0.00738436,0.04746874,0,0,19205.2565

17,True,False,0.02,0.25,Rot9,2,0,-0.0008705444,0.00738436,0.04746874,0,0,19229.2872

17,True,False,0.02,0.25,Rot9,2,0,-0.0008705444,0.00738436,0.04746874,0,0,19244.8559

17,True,False,0.02,0.25,Rot9,2,0,-0.0008705444,0.00738436,0.04746874,0,0,19256.9363

17,True,False,0.02,0.25,Rot9,2,0,-0.0008705444,0.00738436,0.04746874,0,0,19271.3438

17,True,False,0.02,0.25,Rot9,2,0,-0.0008705444,0.00738436,0.04746874,0,0,19287.4899

17,True,False,0.02,0.25,Rot9,2,0,-0.0008705444,0.00738436,0.04746874,0,0,19311.9054

17,True,False,0.02,0.25,Rot9,2,0,-0.0008705444,0.00738436,0.04746874,0,0,19327.2087

17,True,False,0.02,0.25,Rot9,2,0,-0.0008705444,0.00738436,0.04746874,0,0,19339.565

17,True,False,0.02,0.25,Rot9,2,0,-0.0008705444,0.00738436,0.04746874,0,0,19355.1949

17,True,False,0.02,0.25,Rot9,2,0,-0.0008705444,0.00738436,0.04746874,0,0,19370.3974

17,True,False,0.02,0.25,Rot9,2,0,-0.0008705444,0.00738436,0.04746874,0,0,19394.4509

17,True,False,0.02,0.25,Rot9,2,0,-0.0008705444,0.00738436,0.04746874,0,0,19409.7429

17,True,False,0.02,0.25,Rot9,2,0,-0.0008705444,0.00738436,0.04746874,0,0,19422.6128

17,True,False,0.02,0.25,Rot9,2,0,-0.0008705444,0.00738436,0.04746874,0,0,19437.6536

17,True,False,0.02,0.25,Rot9,2,0,-0.0008705444,0.00738436,0.04746874,0,0,19464.0919

17,True,False,0.02,0.25,Rot9,2,0,-0.0008705444,0.00738436,0.04746874,0,0,19491.983

17,True,False,0.02,0.25,Rot9,2,0,-0.0008705444,0.00738436,0.04746874,0,0,19504.2357

17,True,False,0.02,0.25,Rot9,2,0,-0.0008705444,0.00738436,0.04746874,0,0,19516.6239

17,True,False,0.02,0.25,Rot9,2,0,-0.0008705444,0.00738436,0.04746874,0,0,19530.5866

17,True,False,0.02,0.25,Rot9,2,0,-0.0008705444,0.00738436,0.04746874,0,0,19543.2526

17,True,False,0.02,0.25,Rot9,2,0,-0.0008705444,0.00738436,0.04746874,0,0,19556.3302

17,True,False,0.02,0.25,Rot9,2,0,-0.0008705444,0.00738436,0.04746874,0,0,19584.7959

17,True,False,0.02,0.25,Rot9,2,0,-0.0008705444,0.00738436,0.04746874,0,0,19598.6056

17,True,False,0.02,0.25,Rot9,2,0,-0.0008705444,0.00738436,0.04746874,0,0,19610.712

17,True,False,0.02,0.25,Rot9,2,0,-0.0008705444,0.00738436,0.04746874,0,0,19623.975

17,True,False,0.02,0.25,Rot9,2,0,-0.0008705444,0.00738436,0.04746874,0,0,19650.5206

17,True,False,0.02,0.25,Rot9,2,0,-0.0008705444,0.00738436,0.04746874,0,0,19664.0302

17,True,False,0.02,0.25,Rot9,2,0,-0.0008705444,0.00738436,0.04746874,0,0,19677.1544

17,True,False,0.02,0.25,Rot9,2,0,-0.0008705444,0.00738436,0.04746874,0,0,19691.1544

17,True,False,0.02,0.25,Rot9,2,0,-0.0008705444,0.00738436,0.04746874,0,0,19704.9532

17,True,False,0.02,0.25,Rot9,2,0,-0.0008705444,0.00738436,0.04746874,0,0,19720.7499

17,True,False,0.02,0.25,Rot9,2,0,-0.0008705444,0.00738436,0.04746874,0,0,19744.3255

17,True,False,0.02,0.25,Rot9,2,0,-0.0008705444,0.00738436,0.04746874,0,0,19772.021

17,True,False,0.02,0.25,Rot9,2,0,-0.0008705444,0.00738436,0.04746874,0,0,19797.5809

17,True,False,0.02,0.25,Rot9,2,0,-0.0008705444,0.00738436,0.04746874,0,0,19812.0139

17,True,False,0.02,0.25,Rot9,2,0,-0.0008705444,0.00738436,0.04746874,0,0,19826.3471

17,True,False,0.02,0.25,Rot9,2,0,-0.0008705444,0.00738436,0.04746874,0,0,19839.9515

17,True,False,0.02,0.25,Rot9,2,0,-0.0008705444,0.00738436,0.04746874,0,0,19854.9381

17,True,False,0.02,0.25,Rot9,2,0,-0.0008705444,0.00738436,0.04746874,0,0,19869.1371

17,True,False,0.02,0.25,Rot9,2,0,-0.0008705444,0.00738436,0.04746874,0,0,19883.6583

17,True,False,0.02,0.25,Rot9,2,0,-0.0008705444,0.00738436,0.04746874,0,0,19910.0751

17,True,False,0.02,0.25,Rot9,2,0,-0.0008705444,0.00738436,0.04746874,0,0,19925.3117

17,True,False,0.02,0.25,Rot9,2,0,-0.0008705444,0.00738436,0.04746874,0,0,19937.5457

17,True,False,0.02,0.25,Rot9,2,0,-0.0008705444,0.00738436,0.04746874,0,0,19951.906

17,True,False,0.02,0.25,Rot9,2,0,-0.0008705444,0.00738436,0.04746874,0,0,19967.0417

17,True,False,0.02,0.25,Rot9,2,0,-0.0008705444,0.00738436,0.04746874,0,0,19980.8646

17,True,False,0.02,0.25,Rot9,2,0,-0.0008705444,0.00738436,0.04746874,0,0,20006.3194

17,True,False,0.02,0.25,Rot9,2,0,-0.0008705444,0.00738436,0.04746874,0,0,20021.716

17,True,False,0.02,0.25,Rot9,2,0,-0.0008705444,0.00738436,0.04746874,0,0,20033.9709

17,True,False,0.02,0.25,Rot9,2,0,-0.0008705444,0.00738436,0.04746874,0,0,20049.1712

17,True,False,0.02,0.25,Rot9,2,0,-0.0008705444,0.00738436,0.04746874,0,0,20075.845

17,True,False,0.02,0.25,Rot9,2,0,-0.0008705444,0.00738436,0.04746874,0,0,20091.7711

17,True,False,0.02,0.25,Rot9,2,0,-0.0008705444,0.00738436,0.04746874,0,0,20103.8701

17,True,False,0.02,0.25,Rot9,2,0,-0.0008705444,0.00738436,0.04746874,0,0,20117.3082

17,True,False,0.02,0.25,Rot9,2,0,-0.0008705444,0.00738436,0.04746874,0,0,20133.3724

17,True,False,0.02,0.25,Rot9,2,0,-0.0008705444,0.00738436,0.04746874,0,0,20148.0398

17,True,False,0.02,0.25,Rot9,2,0,-0.0008705444,0.00738436,0.04746874,0,0,20172.4653

17,True,False,0.02,0.25,Rot9,2,0,-0.0008705444,0.00738436,0.04746874,0,0,20199.7625

17,True,False,0.02,0.25,Rot9,2,0,-0.0008705444,0.00738436,0.04746874,0,0,20226.6399

17,True,False,0.02,0.25,Rot9,2,0,-0.0008705444,0.00738436,0.04746874,0,0,20237.2204

17,True,False,0.02,0.25,Rot9,2,0,-0.0008705444,0.00738436,0.04746874,0,0,20251.0468

17,True,False,0.02,0.25,Rot9,2,0,-0.0008705444,0.00738436,0.04746874,0,0,20267.6497

17,True,False,0.02,0.25,Rot9,2,0,-0.0008705444,0.00738436,0.04746874,0,0,20281.0642

17,True,False,0.02,0.25,Rot9,2,0,-0.0008705444,0.00738436,0.04746874,0,0,20307.263

17,True,False,0.02,0.25,Rot9,2,0,-0.0008705444,0.00738436,0.04746874,0,0,20323.1938

17,True,False,0.02,0.25,Rot9,2,0,-0.0008705444,0.00738436,0.04746874,0,0,20335.2393

17,True,False,0.02,0.25,Rot9,2,0,-0.0008705444,0.00738436,0.04746874,0,0,20349.1289

17,True,False,0.02,0.25,Rot9,2,0,-0.0008705444,0.00738436,0.04746874,0,0,20364.5928

17,True,False,0.02,0.25,Rot9,2,0,-0.0008705444,0.00738436,0.04746874,0,0,20390.5933

17,True,False,0.02,0.25,Rot9,2,0,-0.0008705444,0.00738436,0.04746874,0,0,20418.6301

17,True,False,0.02,0.25,Rot9,2,0,-0.0008705444,0.00738436,0.04746874,0,0,20431.7653

17,True,False,0.02,0.25,Rot9,2,0,-0.0008705444,0.00738436,0.04746874,0,0,20444.8344

17,True,False,0.02,0.25,Rot9,2,0,-0.0008705444,0.00738436,0.04746874,0,0,20457.8571

17,True,False,0.02,0.25,Rot9,2,0,-0.0008705444,0.00738436,0.04746874,0,0,20471.657

17,True,False,0.02,0.25,Rot9,2,0,-0.0008705444,0.00738436,0.04746874,0,0,20484.8377

17,True,False,0.02,0.25,Rot9,2,0,-0.0008705444,0.00738436,0.04746874,0,0,20498.31

17,True,False,0.02,0.25,Rot9,2,0,-0.0008705444,0.00738436,0.04746874,0,0,20524.952

17,True,False,0.02,0.25,Rot9,2,0,-0.0008705444,0.00738436,0.04746874,0,0,20551.2029

17,True,False,0.02,0.25,Rot9,2,0,-0.0008705444,0.00738436,0.04746874,0,0,20564.603

17,True,False,0.02,0.25,Rot9,2,0,-0.0008705444,0.00738436,0.04746874,0,0,20578.0036

17,True,False,0.02,0.25,Rot9,2,0,-0.0008705444,0.00738436,0.04746874,0,0,20592.4888

17,True,False,0.02,0.25,Rot9,2,0,-0.0008705444,0.00738436,0.04746874,0,0,20606.5303

17,True,False,0.02,0.25,Rot9,2,0,-0.0008705444,0.00738436,0.04746874,0,0,20619.7402

17,True,False,0.02,0.25,Rot9,2,0,-0.0008705444,0.00738436,0.04746874,0,0,20634.5976

17,True,False,0.02,0.25,Rot9,2,0,-0.0008705444,0.00738436,0.04746874,0,0,20649.4016

17,True,False,0.02,0.25,Rot9,2,0,-0.0008705444,0.00738436,0.04746874,0,0,20674.5967

17,True,False,0.02,0.25,Rot9,2,0,-0.0008705444,0.00738436,0.04746874,0,0,20701.5836

17,True,False,0.02,0.25,Rot9,2,0,-0.0008705444,0.00738436,0.04746874,0,0,20715.972

17,True,False,0.02,0.25,Rot9,2,0,-0.0008705444,0.00738436,0.04746874,0,0,20729.814

17,True,False,0.02,0.25,Rot9,2,0,-0.0008705444,0.00738436,0.04746874,0,0,20744.2322

17,True,False,0.02,0.25,Rot9,2,0,-0.0008705444,0.00738436,0.04746874,0,0,20757.8913

17,True,False,0.02,0.25,Rot9,2,0,-0.0008705444,0.00738436,0.04746874,0,0,20772.5357

17,True,False,0.02,0.25,Rot9,2,0,-0.0008705444,0.00738436,0.04746874,0,0,20785.9599

17,True,False,0.02,0.25,Rot9,2,0,-0.0008705444,0.00738436,0.04746874,0,0,20799.7134

17,True,False,0.02,0.25,Rot9,2,0,-0.0008705444,0.00738436,0.04746874,0,0,20827.2485

17,True,False,0.02,0.25,Rot9,2,0,-0.0008705444,0.00738436,0.04746874,0,0,20841.964

17,True,False,0.02,0.25,Rot9,2,0,-0.0008705444,0.00738436,0.04746874,0,0,20854.6699

17,True,False,0.02,0.25,Rot9,2,0,-0.0008705444,0.00738436,0.04746874,0,0,20869.0324

17,True,False,0.02,0.25,Rot9,2,0,-0.0008705444,0.00738436,0.04746874,0,0,20884.6579

17,True,False,0.02,0.25,Rot9,2,0,-0.0008705444,0.00738436,0.04746874,0,0,20896.5515

17,True,False,0.02,0.25,Rot9,2,0,-0.0008705444,0.00738436,0.04746874,0,0,20923.4457

17,True,False,0.02,0.25,Rot9,2,0,-0.0008705444,0.00738436,0.04746874,0,0,20938.1234

17,True,False,0.02,0.25,Rot9,2,0,-0.0008705444,0.00738436,0.04746874,0,0,20951.5127

17,True,False,0.02,0.25,Rot9,2,0,-0.0008705444,0.00738436,0.04746874,0,0,20966.8801

17,True,False,0.02,0.25,Rot9,2,0,-0.0008705444,0.00738436,0.04746874,0,0,20980.5841

17,True,False,0.02,0.25,Rot9,2,0,-0.0008705444,0.00738436,0.04746874,0,0,21005.8911

17,True,False,0.02,0.25,Rot9,2,0,-0.0008705444,0.00738436,0.04746874,0,0,21020.5518

17,True,False,0.02,0.25,Rot9,2,0,-0.0008705444,0.00738436,0.04746874,0,0,21033.6735

17,True,False,0.02,0.25,Rot9,2,0,-0.0008705444,0.00738436,0.04746874,0,0,21061.5572

17,True,False,0.02,0.25,Rot9,2,0,-0.0008705444,0.00738436,0.04746874,0,0,21075.663

17,True,False,0.02,0.25,Rot9,2,0,-0.0008705444,0.00738436,0.04746874,0,0,21090.1793

17,True,False,0.02,0.25,Rot9,2,0,-0.0008705444,0.00738436,0.04746874,0,0,21103.9417

17,True,False,0.02,0.25,Rot9,2,0,-0.0008705444,0.00738436,0.04746874,0,0,21117.761

17,True,False,0.02,0.25,Rot9,2,0,-0.0008705444,0.00738436,0.04746874,0,0,21131.9019

17,True,False,0.02,0.25,Rot9,2,0,-0.0008705444,0.00738436,0.04746874,0,0,21148.0959

17,True,False,0.02,0.25,Rot9,2,0,-0.0008705444,0.00738436,0.04746874,0,0,21172.4767

17,True,False,0.02,0.25,Rot9,2,0,-0.0008705444,0.00738436,0.04746874,0,0,21186.6668

17,True,False,0.02,0.25,Rot9,2,0,-0.0008705444,0.00738436,0.04746874,0,0,21200.6279

17,True,False,0.02,0.25,Rot9,2,0,-0.0008705444,0.00738436,0.04746874,0,0,21228.4962

17,True,False,0.02,0.25,Rot9,2,0,-0.0008705444,0.00738436,0.04746874,0,0,21243.0926

17,True,False,0.02,0.25,Rot9,2,0,-0.0008705444,0.00738436,0.04746874,0,0,21256.5865

17,True,False,0.02,0.25,Rot9,2,0,-0.0008705444,0.00738436,0.04746874,0,0,21271.1054

17,True,False,0.02,0.25,Rot9,2,0,-0.0008705444,0.00738436,0.04746874,0,0,21285.5779

17,True,False,0.02,0.25,Rot9,2,0,-0.0008705444,0.00738436,0.04746874,0,0,21298.9846

17,True,False,0.02,0.25,Rot9,2,0,-0.0008705444,0.00738436,0.04746874,0,0,21313.5578

17,True,False,0.02,0.25,Rot9,2,0,-0.0008705444,0.00738436,0.04746874,0,0,21340.184

17,True,False,0.02,0.25,Rot9,2,0,-0.0008705444,0.00738436,0.04746874,0,0,21367.5719

17,True,False,0.02,0.25,Rot9,2,0,-0.0008705444,0.00738436,0.04746874,0,0,21382.5677

17,True,False,0.02,0.25,Rot9,2,0,-0.0008705444,0.00738436,0.04746874,0,0,21396.6545

17,True,False,0.02,0.25,Rot9,2,0,-0.0008705444,0.00738436,0.04746874,0,0,21410.512

17,True,False,0.02,0.25,Rot9,2,0,-0.0008705444,0.00738436,0.04746874,0,0,21424.8664

17,True,False,0.02,0.25,Rot9,2,0,-0.0008705444,0.00738436,0.04746874,0,0,21465.1846

17,True,False,0.02,0.25,Rot9,2,0,-0.0008705444,0.00738436,0.04746874,0,0,21480.3025

17,True,False,0.02,0.25,Rot9,2,0,-0.0008705444,0.00738436,0.04746874,0,0,21494.08

17,True,False,0.02,0.25,Rot9,2,0,-0.0008705444,0.00738436,0.04746874,0,0,21507.6087

17,True,False,0.02,0.25,Rot9,2,0,-0.0008705444,0.00738436,0.04746874,0,0,21521.7281

17,True,False,0.02,0.25,Rot9,2,0,-0.0008705444,0.00738436,0.04746874,0,0,21536.5223

17,True,False,0.02,0.25,Rot9,2,0,-0.0008705444,0.00738436,0.04746874,0,0,21551.0962

17,True,False,0.02,0.25,Rot9,2,0,-0.0008705444,0.00738436,0.04746874,0,0,21576.1447

17,True,False,0.02,0.25,Rot9,2,0,-0.0008705444,0.00738436,0.04746874,0,0,21604.797

17,True,False,0.02,0.25,Rot9,2,0,-0.0008705444,0.00738436,0.04746874,0,0,21618.5011

17,True,False,0.02,0.25,Rot9,2,0,-0.0008705444,0.00738436,0.04746874,0,0,21632.342

17,True,False,0.02,0.25,Rot9,2,0,-0.0008705444,0.00738436,0.04746874,0,0,21646.7809

17,True,False,0.02,0.25,Rot9,2,0,-0.0008705444,0.00738436,0.04746874,0,0,21660.6447

17,True,False,0.02,0.25,Rot9,2,0,-0.0008705444,0.00738436,0.04746874,0,0,21674.8977

17,True,False,0.02,0.25,Rot9,2,0,-0.0008705444,0.00738436,0.04746874,0,0,21688.8195

17,True,False,0.02,0.25,Rot9,2,0,-0.0008705444,0.00738436,0.04746874,0,0,21703.0805

17,True,False,0.02,0.25,Rot9,2,0,-0.0008705444,0.00738436,0.04746874,0,0,21729.7225

17,True,False,0.02,0.25,Rot9,2,0,-0.0008705444,0.00738436,0.04746874,0,0,21746.352

17,True,False,0.02,0.25,Rot9,2,0,-0.0008705444,0.00738436,0.04746874,0,0,21757.4327

17,True,False,0.02,0.25,Rot9,2,0,-0.0008705444,0.00738436,0.04746874,0,0,21771.8731

17,True,False,0.02,0.25,Rot9,2,0,-0.0008705444,0.00738436,0.04746874,0,0,21786.8623

17,True,False,0.02,0.25,Rot9,2,0,-0.0008705444,0.00738436,0.04746874,0,0,21800.3257

17,True,False,0.02,0.25,Rot9,2,0,-0.0008705444,0.00738436,0.04746874,0,0,21825.8053

17,True,False,0.02,0.25,Rot9,2,0,-0.0008705444,0.00738436,0.04746874,0,0,21841.5703

17,True,False,0.02,0.25,Rot9,2,0,-0.0008705444,0.00738436,0.04746874,0,0,21853.4039

17,True,False,0.02,0.25,Rot9,2,0,-0.0008705444,0.00738436,0.04746874,0,0,21867.6847

17,True,False,0.02,0.25,Rot9,2,0,-0.0008705444,0.00738436,0.04746874,0,0,21884.1208

17,True,False,0.02,0.25,Rot9,2,0,-0.0008705444,0.00738436,0.04746874,0,0,21908.0419

17,True,False,0.02,0.25,Rot9,2,0,-0.0008705444,0.00738436,0.04746874,0,0,21922.8734

17,True,False,0.02,0.25,Rot9,2,0,-0.0008705444,0.00738436,0.04746874,0,0,21936.0497

17,True,False,0.02,0.25,Rot9,2,0,-0.0008705444,0.00738436,0.04746874,0,0,21963.6499

17,True,False,0.02,0.25,Rot9,2,0,-0.0008705444,0.00738436,0.04746874,0,0,21977.8442

17,True,False,0.02,0.25,Rot9,2,0,-0.0008705444,0.00738436,0.04746874,0,0,21991.6799

17,True,False,0.02,0.25,Rot9,2,0,-0.0008705444,0.00738436,0.04746874,0,0,22004.5003

17,True,False,0.02,0.25,Rot9,2,0,-0.0008705444,0.00738436,0.04746874,0,0,22020.4723

17,True,False,0.02,0.25,Rot9,2,0,-0.0008705444,0.00738436,0.04746874,0,0,22033.3018

17,True,False,0.02,0.25,Rot9,2,0,-0.0008705444,0.00738436,0.04746874,0,0,22059.884

17,True,False,0.02,0.25,Rot9,2,0,-0.0008705444,0.00738436,0.04746874,0,0,22087.6213

17,True,False,0.02,0.25,Rot9,2,0,-0.0008705444,0.00738436,0.04746874,0,0,22100.1362

17,True,False,0.02,0.25,Rot9,2,0,-0.0008705444,0.00738436,0.04746874,0,0,22113.0791

17,True,False,0.02,0.25,Rot9,2,0,-0.0008705444,0.00738436,0.04746874,0,0,22126.4847

17,True,False,0.02,0.25,Rot9,2,0,-0.0008705444,0.00738436,0.04746874,0,0,22139.2451

17,True,False,0.02,0.25,Rot9,2,0,-0.0008705444,0.00738436,0.04746874,0,0,22153.9163

17,True,False,0.02,0.25,Rot9,2,0,-0.0008705444,0.00738436,0.04746874,0,0,22179.0227

17,True,False,0.02,0.25,Rot9,2,0,-0.0008705444,0.00738436,0.04746874,0,0,22205.2154

17,True,False,0.02,0.25,Rot9,2,0,-0.0008705444,0.00738436,0.04746874,0,0,22219.0351

17,True,False,0.02,0.25,Rot9,2,0,-0.0008705444,0.00738436,0.04746874,0,0,22233.0172

17,True,False,0.02,0.25,Rot9,2,0,-0.0008705444,0.00738436,0.04746874,0,0,22246.7194

17,True,False,0.02,0.25,Rot9,2,0,-0.0008705444,0.00738436,0.04746874,0,0,22260.2761

17,True,False,0.02,0.25,Rot9,2,0,-0.0008705444,0.00738436,0.04746874,0,0,22274.5991

17,True,False,0.02,0.25,Rot9,2,0,-0.0008705444,0.00738436,0.04746874,0,0,22287.9407

17,True,False,0.02,0.25,Rot9,2,0,-0.0008705444,0.00738436,0.04746874,0,0,22301.6755

17,True,False,0.02,0.25,Rot9,2,0,-0.0008705444,0.00738436,0.04746874,0,0,22328.3213

17,True,False,0.02,0.25,Rot9,2,0,-0.0008705444,0.00738436,0.04746874,0,0,22355.6766

17,True,False,0.02,0.25,Rot9,2,0,-0.0008705444,0.00738436,0.04746874,0,0,22369.591

17,True,False,0.02,0.25,Rot9,2,0,-0.0008705444,0.00738436,0.04746874,0,0,22383.48

17,True,False,0.02,0.25,Rot9,2,0,-0.0008705444,0.00738436,0.04746874,0,0,22397.3265

17,True,False,0.02,0.25,Rot9,2,0,-0.0008705444,0.00738436,0.04746874,0,0,22411.659

17,True,False,0.02,0.25,Rot9,2,0,-0.0008705444,0.00738436,0.04746874,0,0,22425.5498

17,True,False,0.02,0.25,Rot9,2,0,-0.0008705444,0.00738436,0.04746874,0,0,22439.2931

17,True,False,0.02,0.25,Rot9,2,0,-0.0008705444,0.00738436,0.04746874,0,0,22455.2795

17,True,False,0.02,0.25,Rot9,2,0,-0.0008705444,0.00738436,0.04746874,0,0,22480.6088

17,True,False,0.02,0.25,Rot9,2,0,-0.0008705444,0.00738436,0.04746874,0,0,22507.396

17,True,False,0.02,0.25,Rot9,2,0,-0.0008705444,0.00738436,0.04746874,0,0,22521.8322

17,True,False,0.02,0.25,Rot9,2,0,-0.0008705444,0.00738436,0.04746874,0,0,22535.933

17,True,False,0.02,0.25,Rot9,2,0,-0.0008705444,0.00738436,0.04746874,0,0,22549.8935

17,True,False,0.02,0.25,Rot9,2,0,-0.0008705444,0.00738436,0.04746874,0,0,22563.7287

17,True,False,0.02,0.25,Rot9,2,0,-0.0008705444,0.00738436,0.04746874,0,0,22577.6047

17,True,False,0.02,0.25,Rot9,2,0,-0.0008705444,0.00738436,0.04746874,0,0,22591.9906

17,True,False,0.02,0.25,Rot9,2,0,-0.0008705444,0.00738436,0.04746874,0,0,22606.0809

17,True,False,0.02,0.25,Rot9,2,0,-0.0008705444,0.00738436,0.04746874,0,0,22619.9822

17,True,False,0.02,0.25,Rot9,2,0,-0.0008705444,0.00738436,0.04746874,0,0,22635.212

17,True,False,0.02,0.25,Rot9,2,0,-0.0008705444,0.00738436,0.04746874,0,0,22660.5017

17,True,False,0.02,0.25,Rot9,2,0,-0.0008705444,0.00738436,0.04746874,0,0,22687.3706

17,True,False,0.02,0.25,Rot9,2,0,-0.0008705444,0.00738436,0.04746874,0,0,22701.2914

17,True,False,0.02,0.25,Rot9,2,0,-0.0008705444,0.00738436,0.04746874,0,0,22714.5671

17,True,False,0.02,0.25,Rot9,2,0,-0.0008705444,0.00738436,0.04746874,0,0,22729.3883

17,True,False,0.02,0.25,Rot9,2,0,-0.0008705444,0.00738436,0.04746874,0,0,22743.676

17,True,False,0.02,0.25,Rot9,2,0,-0.0008705444,0.00738436,0.04746874,0,0,22757.1929

17,True,False,0.02,0.25,Rot9,2,0,-0.0008705444,0.00738436,0.04746874,0,0,22771.6742

17,True,False,0.02,0.25,Rot9,2,0,-0.0008705444,0.00738436,0.04746874,0,0,22786.9146

17,True,False,0.02,0.25,Rot9,2,0,-0.0008705444,0.00738436,0.04746874,0,0,22812.9771

17,True,False,0.02,0.25,Rot9,2,0,-0.0008705444,0.00738436,0.04746874,0,0,22828.5751

17,True,False,0.02,0.25,Rot9,2,0,-0.0008705444,0.00738436,0.04746874,0,0,22840.3144

17,True,False,0.02,0.25,Rot9,2,0,-0.0008705444,0.00738436,0.04746874,0,0,22854.4328

17,True,False,0.02,0.25,Rot9,2,0,-0.0008705444,0.00738436,0.04746874,0,0,22868.4152

17,True,False,0.02,0.25,Rot9,2,0,-0.0008705444,0.00738436,0.04746874,0,0,22884.6577

17,True,False,0.02,0.25,Rot9,2,0,-0.0008705444,0.00738436,0.04746874,0,0,22909.3827

17,True,False,0.02,0.25,Rot9,2,0,-0.0008705444,0.00738436,0.04746874,0,0,22936.6266

17,True,False,0.02,0.25,Rot9,2,0,-0.0008705444,0.00738436,0.04746874,0,0,22950.6503

17,True,False,0.02,0.25,Rot9,2,0,-0.0008705444,0.00738436,0.04746874,0,0,22966.299

17,True,False,0.02,0.25,Rot9,2,0,-0.0008705444,0.00738436,0.04746874,0,0,22993.358

17,True,False,0.02,0.25,Rot9,2,0,-0.0008705444,0.00738436,0.04746874,0,0,23006.3407

17,True,False,0.02,0.25,Rot9,2,0,-0.0008705444,0.00738436,0.04746874,0,0,23019.0949

17,True,False,0.02,0.25,Rot9,2,0,-0.0008705444,0.00738436,0.04746874,0,0,23032.4713

17,True,False,0.02,0.25,Rot9,2,0,-0.0008705444,0.00738436,0.04746874,0,0,23045.3082

17,True,False,0.02,0.25,Rot9,2,0,-0.0008705444,0.00738436,0.04746874,0,0,23057.9517

17,True,False,0.02,0.25,Rot9,2,0,-0.0008705444,0.00738436,0.04746874,0,0,23071.3661

17,True,False,0.02,0.25,Rot9,2,0,-0.0008705444,0.00738436,0.04746874,0,0,23087.5276

17,True,False,0.02,0.25,Rot9,2,0,-0.0008705444,0.00738436,0.04746874,0,0,23111.9602

17,True,False,0.02,0.25,Rot9,2,0,-0.0008705444,0.00738436,0.04746874,0,0,23140.041

17,True,False,0.02,0.25,Rot9,2,0,-0.0008705444,0.00738436,0.04746874,0,0,23155.0915

17,True,False,0.02,0.25,Rot9,2,0,-0.0008705444,0.00738436,0.04746874,0,0,23167.9287

17,True,False,0.02,0.25,Rot9,2,0,-0.0008705444,0.00738436,0.04746874,0,0,23181.5577

17,True,False,0.02,0.25,Rot9,2,0,-0.0008705444,0.00738436,0.04746874,0,0,23195.9088

17,True,False,0.02,0.25,Rot9,2,0,-0.0008705444,0.00738436,0.04746874,0,0,23221.3978

17,True,False,0.02,0.25,Rot9,2,0,-0.0008705444,0.00738436,0.04746874,0,0,23247.3428

17,True,False,0.02,0.25,Rot9,2,0,-0.0008705444,0.00738436,0.04746874,0,0,23261.25

17,True,False,0.02,0.25,Rot9,2,0,-0.0008705444,0.00738436,0.04746874,0,0,23274.8721

17,True,False,0.02,0.25,Rot9,2,0,-0.0008705444,0.00738436,0.04746874,0,0,23288.6964

17,True,False,0.02,0.25,Rot9,2,0,-0.0008705444,0.00738436,0.04746874,0,0,23302.3647

17,True,False,0.02,0.25,Rot9,2,0,-0.0008705444,0.00738436,0.04746874,0,0,23315.8338

17,True,False,0.02,0.25,Rot9,2,0,-0.0008705444,0.00738436,0.04746874,0,0,23329.5576

17,True,False,0.02,0.25,Rot9,2,0,-0.0008705444,0.00738436,0.04746874,0,0,23356.5508

17,True,False,0.02,0.25,Rot9,2,0,-0.0008705444,0.00738436,0.04746874,0,0,23383.5004

17,True,False,0.02,0.25,Rot9,2,0,-0.0008705444,0.00738436,0.04746874,0,0,23397.4902

17,True,False,0.02,0.25,Rot9,2,0,-0.0008705444,0.00738436,0.04746874,0,0,23411.4266

17,True,False,0.02,0.25,Rot9,2,0,-0.0008705444,0.00738436,0.04746874,0,0,23425.3202

17,True,False,0.02,0.25,Rot9,2,0,-0.0008705444,0.00738436,0.04746874,0,0,23439.0543

17,True,False,0.02,0.25,Rot9,2,0,-0.0008705444,0.00738436,0.04746874,0,0,23453.3414

17,True,False,0.02,0.25,Rot9,2,0,-0.0008705444,0.00738436,0.04746874,0,0,23466.8554

17,True,False,0.02,0.25,Rot9,2,0,-0.0008705444,0.00738436,0.04746874,0,0,23480.9408

17,True,False,0.02,0.25,Rot9,2,0,-0.0008705444,0.00738436,0.04746874,0,0,23506.9814

17,True,False,0.02,0.25,Rot9,2,0,-0.0008705444,0.00738436,0.04746874,0,0,23522.7732

17,True,False,0.02,0.25,Rot9,2,0,-0.0008705444,0.00738436,0.04746874,0,0,23534.7589

17,True,False,0.02,0.25,Rot9,2,0,-0.0008705444,0.00738436,0.04746874,0,0,23549.3165

17,True,False,0.02,0.25,Rot9,2,0,-0.0008705444,0.00738436,0.04746874,0,0,23564.3678

17,True,False,0.02,0.25,Rot9,2,0,-0.0008705444,0.00738436,0.04746874,0,0,23589.9775

17,True,False,0.02,0.25,Rot9,2,0,-0.0008705444,0.00738436,0.04746874,0,0,23617.6063

17,True,False,0.02,0.25,Rot9,2,0,-0.0008705444,0.00738436,0.04746874,0,0,23629.52

17,True,False,0.02,0.25,Rot9,2,0,-0.0008705444,0.00738436,0.04746874,0,0,23642.3688

17,True,False,0.02,0.25,Rot9,2,0,-0.0008705444,0.00738436,0.04746874,0,0,23654.9356

17,True,False,0.02,0.25,Rot9,2,0,-0.0008705444,0.00738436,0.04746874,0,0,23668.6998

17,True,False,0.02,0.25,Rot9,2,0,-0.0008705444,0.00738436,0.04746874,0,0,23681.8249

17,True,False,0.02,0.25,Rot9,2,0,-0.0008705444,0.00738436,0.04746874,0,0,23695.8084

17,True,False,0.02,0.25,Rot9,2,0,-0.0008705444,0.00738436,0.04746874,0,0,23721.9702

17,True,False,0.02,0.25,Rot9,2,0,-0.0008705444,0.00738436,0.04746874,0,0,23747.8194

17,True,False,0.02,0.25,Rot9,2,0,-0.0008705444,0.00738436,0.04746874,0,0,23761.4965

17,True,False,0.02,0.25,Rot9,2,0,-0.0008705444,0.00738436,0.04746874,0,0,23775.165

17,True,False,0.02,0.25,Rot9,2,0,-0.0008705444,0.00738436,0.04746874,0,0,23789.0793

17,True,False,0.02,0.25,Rot9,2,0,-0.0008705444,0.00738436,0.04746874,0,0,23801.4796

17,True,False,0.02,0.25,Rot9,2,0,-0.0008705444,0.00738436,0.04746874,0,0,23815.1429

17,True,False,0.02,0.25,Rot9,2,0,-0.0008705444,0.00738436,0.04746874,0,0,23842.0642

17,True,False,0.02,0.25,Rot9,2,0,-0.0008705444,0.00738436,0.04746874,0,0,23856.218

17,True,False,0.02,0.25,Rot9,2,0,-0.0008705444,0.00738436,0.04746874,0,0,23869.8235

17,True,False,0.02,0.25,Rot9,2,0,-0.0008705444,0.00738436,0.04746874,0,0,23883.7017

17,True,False,0.02,0.25,Rot9,2,0,-0.0008705444,0.00738436,0.04746874,0,0,23898.3589

17,True,False,0.02,0.25,Rot9,2,0,-0.0008705444,0.00738436,0.04746874,0,0,23913.1006

17,True,False,0.02,0.25,Rot9,2,0,-0.0008705444,0.00738436,0.04746874,0,0,23937.7154

17,True,False,0.02,0.25,Rot9,2,0,-0.0008705444,0.00738436,0.04746874,0,0,23953.7149

17,True,False,0.02,0.25,Rot9,2,0,-0.0008705444,0.00738436,0.04746874,0,0,23965.1358

17,True,False,0.02,0.25,Rot9,2,0,-0.0008705444,0.00738436,0.04746874,0,0,23979.2924

17,True,False,0.02,0.25,Rot9,2,0,-0.0008705444,0.00738436,0.04746874,0,0,23994.6876

17,True,False,0.02,0.25,Rot9,2,0,-0.0008705444,0.00738436,0.04746874,0,0,24019.9374

17,True,False,0.02,0.25,Rot9,2,0,-0.0008705444,0.00738436,0.04746874,0,0,24047.3736

17,True,False,0.02,0.25,Rot9,2,0,-0.0008705444,0.00738436,0.04746874,0,0,24059.1894

17,True,False,0.02,0.25,Rot9,2,0,-0.0008705444,0.00738436,0.04746874,0,0,24072.0713

17,True,False,0.02,0.25,Rot9,2,0,-0.0008705444,0.00738436,0.04746874,0,0,24085.4472

17,True,False,0.02,0.25,Rot9,2,0,-0.0008705444,0.00738436,0.04746874,0,0,24098.6481

17,True,False,0.02,0.25,Rot9,2,0,-0.0008705444,0.00738436,0.04746874,0,0,24111.6449

17,True,False,0.02,0.25,Rot9,2,0,-0.0008705444,0.00738436,0.04746874,0,0,24139.2343

17,True,False,0.02,0.25,Rot9,2,0,-0.0008705444,0.00738436,0.04746874,0,0,24167.2564

17,True,False,0.02,0.25,Rot9,2,0,-0.0008705444,0.00738436,0.04746874,0,0,24180.3118

17,True,False,0.02,0.25,Rot9,2,0,-0.0008705444,0.00738436,0.04746874,0,0,24193.9292

17,True,False,0.02,0.25,Rot9,2,0,-0.0008705444,0.00738436,0.04746874,0,0,24207.0118

17,True,False,0.02,0.25,Rot9,2,0,-0.0008705444,0.00738436,0.04746874,0,0,24220.1298

17,True,False,0.02,0.25,Rot9,2,0,-0.0008705444,0.00738436,0.04746874,0,0,24234.1019

17,True,False,0.02,0.25,Rot9,2,0,-0.0008705444,0.00738436,0.04746874,0,0,24248.8848

17,True,False,0.02,0.25,Rot9,2,0,-0.0008705444,0.00738436,0.04746874,0,0,24261.6126

17,True,False,0.02,0.25,Rot9,2,0,-0.0008705444,0.00738436,0.04746874,0,0,24286.3818

17,True,False,0.02,0.25,Rot9,2,0,-0.0008705444,0.00738436,0.04746874,0,0,24313.6731

17,True,False,0.02,0.25,Rot9,2,0,-0.0008705444,0.00738436,0.04746874,0,0,24327.4231

17,True,False,0.02,0.25,Rot9,2,0,-0.0008705444,0.00738436,0.04746874,0,0,24340.9425

17,True,False,0.02,0.25,Rot9,2,0,-0.0008705444,0.00738436,0.04746874,0,0,24355.4053

17,True,False,0.02,0.25,Rot9,2,0,-0.0008705444,0.00738436,0.04746874,0,0,24369.7346

17,True,False,0.02,0.25,Rot9,2,0,-0.0008705444,0.00738436,0.04746874,0,0,24383.8894

17,True,False,0.02,0.25,Rot9,2,0,-0.0008705444,0.00738436,0.04746874,0,0,24411.1944

17,True,False,0.02,0.25,Rot9,2,0,-0.0008705444,0.00738436,0.04746874,0,0,24424.6219

17,True,False,0.02,0.25,Rot9,2,0,-0.0008705444,0.00738436,0.04746874,0,0,24437.8183

17,True,False,0.02,0.25,Rot9,2,0,-0.0008705444,0.00738436,0.04746874,0,0,24452.2971

17,True,False,0.02,0.25,Rot9,2,0,-0.0008705444,0.00738436,0.04746874,0,0,24466.6648

17,True,False,0.02,0.25,Rot9,2,0,-0.0008705444,0.00738436,0.04746874,0,0,24479.6679

17,True,False,0.02,0.25,Rot9,2,0,-0.0008705444,0.00738436,0.04746874,0,0,24505.97

17,True,False,0.02,0.25,Rot9,2,0,-0.0008705444,0.00738436,0.04746874,0,0,24521.4148

17,True,False,0.02,0.25,Rot9,2,0,-0.0008705444,0.00738436,0.04746874,0,0,24533.1662

17,True,False,0.02,0.25,Rot9,2,0,-0.0008705444,0.00738436,0.04746874,0,0,24547.5304

17,True,False,0.02,0.25,Rot9,2,0,-0.0008705444,0.00738436,0.04746874,0,0,24575.2176

17,True,False,0.02,0.25,Rot9,2,0,-0.0008705444,0.00738436,0.04746874,0,0,24590.5952

17,True,False,0.02,0.25,Rot9,2,0,-0.0008705444,0.00738436,0.04746874,0,0,24603.232

17,True,False,0.02,0.25,Rot9,2,0,-0.0008705444,0.00738436,0.04746874,0,0,24616.9443

17,True,False,0.02,0.25,Rot9,2,0,-0.0008705444,0.00738436,0.04746874,0,0,24631.389

17,True,False,0.02,0.25,Rot9,2,0,-0.0008705444,0.00738436,0.04746874,0,0,24645.3171

17,True,False,0.02,0.25,Rot9,2,0,-0.0008705444,0.00738436,0.04746874,0,0,24672.5713

17,True,False,0.02,0.25,Rot9,2,0,-0.0008705444,0.00738436,0.04746874,0,0,24688.4855

17,True,False,0.02,0.25,Rot9,2,0,-0.0008705444,0.00738436,0.04746874,0,0,24699.7314

17,True,False,0.02,0.25,Rot9,2,0,-0.0008705444,0.00738436,0.04746874,0,0,24714.0739

17,True,False,0.02,0.25,Rot9,2,0,-0.0008705444,0.00738436,0.04746874,0,0,24730.5391

17,True,False,0.02,0.25,Rot9,2,0,-0.0008705444,0.00738436,0.04746874,0,0,24755.4335

17,True,False,0.02,0.25,Rot9,2,0,-0.0008705444,0.00738436,0.04746874,0,0,24783.998

17,True,False,0.02,0.25,Rot9,2,0,-0.0008705444,0.00738436,0.04746874,0,0,24797.695

17,True,False,0.02,0.25,Rot9,2,0,-0.0008705444,0.00738436,0.04746874,0,0,24811.9855

17,True,False,0.02,0.25,Rot9,2,0,-0.0008705444,0.00738436,0.04746874,0,0,24827.5481

17,True,False,0.02,0.25,Rot9,2,0,-0.0008705444,0.00738436,0.04746874,0,0,24841.4326

17,True,False,0.02,0.25,Rot9,2,0,-0.0008705444,0.00738436,0.04746874,0,0,24866.8764

17,True,False,0.02,0.25,Rot9,2,0,-0.0008705444,0.00738436,0.04746874,0,0,24882.735

17,True,False,0.02,0.25,Rot9,2,0,-0.0008705444,0.00738436,0.04746874,0,0,24894.5795

17,True,False,0.02,0.25,Rot9,2,0,-0.0008705444,0.00738436,0.04746874,0,0,24908.9841

17,True,False,0.02,0.25,Rot9,2,0,-0.0008705444,0.00738436,0.04746874,0,0,24924.6321

17,True,False,0.02,0.25,Rot9,2,0,-0.0008705444,0.00738436,0.04746874,0,0,24950.3586

17,True,False,0.02,0.25,Rot9,2,0,-0.0008705444,0.00738436,0.04746874,0,0,24977.6143

17,True,False,0.02,0.25,Rot9,2,0,-0.0008705444,0.00738436,0.04746874,0,0,24992.4874

17,True,False,0.02,0.25,Rot9,2,0,-0.0008705444,0.00738436,0.04746874,0,0,25006.8118

17,True,False,0.02,0.25,Rot9,2,0,-0.0008705726,0.007384339,0.04746861,1.314488E-07,9.77409288047111E-06,25020.2605

17,True,False,0.02,0.25,Rot9,2,0,-0.0008837212,0.007387268,0.04763901,0.0001709339,0.0115953393085736,25035.0021

17,True,False,0.02,0.25,Rot9,2,0,-0.0009726158,0.007391166,0.04859927,0.0009643669,0.0687228364677325,25049.0348

17,True,False,0.02,0.25,Rot9,2,0,-0.001226405,0.007369187,0.0508941,0.002308927,0.164183326939553,25063.0979

17,True,False,0.02,0.25,Rot9,2,0,-0.001595685,0.007291615,0.05355042,0.002682993,0.193240730878962,25076.9821

17,True,False,0.02,0.25,Rot9,2,0,-0.002061313,0.007121932,0.05584039,0.002342978,0.158114871839158,25091.8003

17,True,False,0.02,0.25,Rot9,2,0,-0.002588727,0.006877965,0.0574304,0.001692876,0.0640069735171198,25118.2486

17,True,False,0.02,0.25,Rot9,2,0,-0.00294452,0.00662873,0.05821947,0.0009007418,0.0329312392121463,25145.6008

17,True,False,0.02,0.25,Rot9,2,0,-0.002993185,0.006707608,0.05899226,0.0007783271,0.0556834896977895,25159.5785

17,True,False,0.02,0.25,Rot9,2,0,-0.003034119,0.006829896,0.05989378,0.0009106969,0.0638623957982177,25173.8388

17,True,False,0.02,0.25,Rot9,2,0,-0.003066666,0.007451184,0.06157459,0.001792259,0.125251327167631,25188.1481

17,True,False,0.02,0.25,Rot9,2,0,-0.00309547,0.008214063,0.06305087,0.001661992,0.124609546140745,25201.4857

17,True,False,0.02,0.25,Rot9,2,0,-0.003194103,0.008654919,0.06553366,0.002523551,0.169314734624984,25216.3902

17,True,False,0.02,0.25,Rot9,2,0,-0.003298977,0.009084185,0.06778365,0.002292969,0.161964835249801,25230.5474

17,True,False,0.02,0.25,Rot9,2,0,-0.003382513,0.009501227,0.07067004,0.002917561,0.20963405388838,25244.4648

17,True,False,0.02,0.25,Rot9,2,0,-0.003575878,0.009905499,0.07336389,0.002730875,0.200994701502019,25258.0516

17,True,False,0.02,0.25,Rot9,2,0,-0.00383197,0.01028743,0.07584436,0.002522734,0.0913236628099575,25285.6757

17,True,False,0.02,0.25,Rot9,2,0,-0.004142056,0.0108648,0.07904455,0.003266606,0.118844006380985,25313.1622

17,True,False,0.02,0.25,Rot9,2,0,-0.003704186,0.01073663,0.0823326,0.003319548,0.236187767090714,25327.2169

17,True,False,0.02,0.25,Rot9,2,0,-0.003222474,0.01062084,0.08639075,0.004088283,0.300363897907205,25340.828

17,True,False,0.02,0.25,Rot9,2,0,-0.003402522,0.01087675,0.0919961,0.005614082,0.395865254291734,25355.0098

17,True,False,0.02,0.25,Rot9,2,0,-0.003631909,0.01110409,0.09650498,0.004520427,0.315795769992057,25369.3242

17,True,False,0.02,0.25,Rot9,2,0,-0.004614204,0.01073579,0.102451,0.006037809,0.431506347758595,25383.3166

17,True,False,0.02,0.25,Rot9,2,0,-0.005462896,0.01045809,0.1075238,0.005150872,0.377760065200126,25396.9519

17,True,False,0.02,0.25,Rot9,2,0,-0.006188342,0.01024489,0.1119034,0.0044444,0.306980331858444,25411.4297

17,True,False,0.02,0.25,Rot9,2,0,-0.006080742,0.009903307,0.115358,0.00347308,0.231333519647358,25426.443

17,True,False,0.02,0.25,Rot9,2,0,-0.005978758,0.009621324,0.1185165,0.003172749,0.214785618590721,25441.2147

17,True,False,0.02,0.25,Rot9,2,0,-0.005608313,0.008992429,0.1224526,0.004003198,0.166137458206682,25465.3104

17,True,False,0.02,0.25,Rot9,2,0,-0.005262717,0.007694517,0.1263285,0.004101937,0.145115017301998,25493.5772

17,True,False,0.02,0.25,Rot9,2,0,-0.005006044,0.006355259,0.1308769,0.004748458,0.33586012201547,25507.7154

17,True,False,0.02,0.25,Rot9,2,0,-0.004124517,0.004079287,0.1396077,0.009065496,0.659774226468953,25521.4557

17,True,False,0.02,0.25,Rot9,2,0,-0.003691459,0.002061781,0.1471057,0.007776821,0.551164479050454,25535.5655

17,True,False,0.02,0.25,Rot9,2,0,-0.003281699,0.0004322784,0.1540626,0.007156905,0.495987778766336,25549.9951

17,True,False,0.02,0.25,Rot9,2,0,-0.00288134,-0.0008575838,0.159898,0.005989694,0.417866194819471,25564.3291

17,True,False,0.02,0.25,Rot9,2,0,-0.002597339,-0.001843124,0.1648666,0.005073354,0.384852278623769,25577.5117

17,True,False,0.02,0.25,Rot9,2,0,-0.002830889,-0.001286618,0.169846,0.005015829,0.340201517419715,25592.2554

17,True,False,0.02,0.25,Rot9,2,0,-0.003060829,-0.0007267178,0.1746845,0.004876164,0.179821447808964,25619.3721

17,True,False,0.02,0.25,Rot9,2,0,-0.003085353,-0.001018416,0.1777234,0.003053024,0.198862960365128,25634.7245

17,True,False,0.02,0.25,Rot9,2,0,-0.003172484,-0.0009117003,0.1793995,0.001681765,0.13772427078169,25646.9356

17,True,False,0.02,0.25,Rot9,2,0,-0.003202152,-0.0007688647,0.1820001,0.002604669,0.18773336023982,25660.8099

17,True,False,0.02,0.25,Rot9,2,0,-0.003141046,-0.0007039585,0.18472,0.002721295,0.170754349561996,25676.7468

17,True,False,0.02,0.25,Rot9,2,0,-0.00349116,-0.001000399,0.1881198,0.003430616,0.28579653587913,25688.7505

17,True,False,0.02,0.25,Rot9,2,0,-0.003738028,-0.001245883,0.1915489,0.003446743,0.131407104955679,25714.98

17,True,False,0.02,0.25,Rot9,2,0,-0.003784296,-0.001622676,0.1932322,0.0017256,0.114431983702471,25730.0597

17,True,False,0.02,0.25,Rot9,2,0,-0.003727537,-0.002122853,0.1950917,0.001926447,0.152046720107569,25742.7298

17,True,False,0.02,0.25,Rot9,2,0,-0.003833398,-0.002207822,0.1964339,0.00134898,0.093400893943534,25757.1727

17,True,False,0.02,0.25,Rot9,2,0,-0.003947121,-0.002287057,0.1977941,0.001367325,0.0504833145234516,25784.2574

17,True,False,0.02,0.25,Rot9,2,0,-0.004269835,-0.001859373,0.1993794,0.001673367,0.0609449876246688,25811.7144

17,True,False,0.02,0.25,Rot9,2,0,-0.004336786,-0.002084795,0.2008038,0.001443712,0.0983260589894387,25826.3973

17,True,False,0.02,0.25,Rot9,2,0,-0.00434658,-0.002559348,0.2031809,0.00242396,0.143859476534673,25843.2468

17,True,False,0.02,0.25,Rot9,2,0,-0.004256443,-0.003349517,0.2058048,0.002741792,0.106419509363796,25869.0108

17,True,False,0.02,0.25,Rot9,2,0,-0.003827047,-0.003731746,0.2081341,0.002399181,0.172562016316306,25882.9141

17,True,False,0.02,0.25,Rot9,2,0,-0.003406659,-0.004137325,0.2100578,0.002010414,0.147625942801609,25896.5324

17,True,False,0.02,0.25,Rot9,2,0,-0.002913589,-0.004624501,0.2127296,0.002760285,0.189774238663308,25911.0775

17,True,False,0.02,0.25,Rot9,2,0,-0.00260369,-0.004446283,0.2150499,0.002347638,0.151676786389041,25926.5554

17,True,False,0.02,0.25,Rot9,2,0,-0.002328968,-0.004173066,0.2171605,0.002145898,0.16592553066725,25939.4883

17,True,False,0.02,0.25,Rot9,2,0,-0.0017707,-0.002961744,0.2192351,0.002466359,0.0981428279837612,25964.6186

17,True,False,0.02,0.25,Rot9,2,0,-0.001301417,-0.002290956,0.2216616,0.002560881,0.170478756309453,25979.6403

17,True,False,0.02,0.25,Rot9,2,0,-0.0008269044,-0.001789197,0.223967,0.002406603,0.194127868923808,25992.0373

17,True,False,0.02,0.25,Rot9,2,0,-0.0002108047,-0.0009960355,0.2270821,0.003272975,0.197991315101867,26008.5682

17,True,False,0.02,0.25,Rot9,2,0,0.0007209391,-0.001252077,0.2303007,0.003360525,0.238507660808493,26022.658

17,True,False,0.02,0.25,Rot9,2,0,0.001539986,-0.001526158,0.2331071,0.002936307,0.120495500043837,26047.0266

17,True,False,0.02,0.25,Rot9,2,0,0.002226479,-0.001974327,0.2361598,0.003160896,0.214806319917673,26061.7417

17,True,False,0.02,0.25,Rot9,2,0,0.002921772,-0.002487717,0.2390292,0.002996739,0.227011905888406,26074.9425

17,True,False,0.02,0.25,Rot9,2,0,0.003108093,-0.002474525,0.2431064,0.004081472,0.145731475527989,26102.9493

17,True,False,0.02,0.25,Rot9,2,0,0.002587609,-0.001834588,0.2481278,0.005088694,0.357294425312919,26117.1916

17,True,False,0.02,0.25,Rot9,2,0,0.002172671,-0.001235261,0.2530645,0.004990253,0.353099737925235,26131.3243

