PID,taskType,rightHanded,width,length,rotation,execType,trialRep,PositionX,PositionY,PositionZ,Movement,Speed,Timestamp
17,True,False,0.02,0.25,Rot0,2,0,0.005048357,-0.001916945,-0.01919222,0,0,3342.1244

17,True,False,0.02,0.25,Rot0,2,0,0.004960414,-0.001245886,-0.01790571,0.001453669,0.105924760504376,3355.848

17,True,False,0.02,0.25,Rot0,2,0,0.004833233,-0.0005840662,-0.01679683,0.001297616,0.0820745911710579,3371.6582

17,True,False,0.02,0.25,Rot0,2,0,0.004533177,8.672471E-05,-0.01566613,0.001348509,0.0531698224362846,3397.0205

17,True,False,0.02,0.25,Rot0,2,0,0.004138215,0.0008013843,-0.01482844,0.001169807,0.079914116527093,3411.6588

17,True,False,0.02,0.25,Rot0,2,0,0.003884373,0.001336336,-0.01418918,0.0008713565,0.0656082628275925,3424.94

17,True,False,0.02,0.25,Rot0,2,0,0.003394252,0.002349973,-0.01302069,0.001622666,0.117292987139665,3438.7743

17,True,False,0.02,0.25,Rot0,2,0,0.002842125,0.003495932,-0.01183522,0.001738799,0.130129174112735,3452.1364

17,True,False,0.02,0.25,Rot0,2,0,0.002348792,0.00455454,-0.01070392,0.001625995,0.059193169060295,3479.6057

17,True,False,0.02,0.25,Rot0,2,0,0.002069458,0.005283028,-0.009374499,0.001541455,0.0558793924585385,3507.1911

17,True,False,0.02,0.25,Rot0,2,0,0.002020352,0.005682111,-0.008576035,0.0008939928,0.0633965492788616,3521.2927

17,True,False,0.02,0.25,Rot0,2,0,0.001947316,0.00626424,-0.007352114,0.001357274,0.107377592633191,3533.9329

17,True,False,0.02,0.25,Rot0,2,0,0.001573453,0.006694795,-0.005034268,0.002386956,0.14723117694675,3550.1452

17,True,False,0.02,0.25,Rot0,2,0,0.001230329,0.007075311,-0.00296104,0.002135603,0.0804624987124618,3576.6868

17,True,False,0.02,0.25,Rot0,2,0,0.0006556943,0.0076015,-0.001650751,0.001524447,0.108771744859202,3590.7019

17,True,False,0.02,0.25,Rot0,2,0,0.0002614223,0.00794524,-0.0007988214,0.0009996954,0.0367522908653839,3617.9028

17,True,False,0.02,0.25,Rot0,2,0,-0.0004465464,0.00828749,0.00151366,0.002442524,0.0572013044987958,3660.6033

17,True,False,0.02,0.25,Rot0,2,0,-0.0005035753,0.008314551,0.003641427,0.002128703,0.16006848949221,3673.902

17,True,False,0.02,0.25,Rot0,2,0,-0.0007869262,0.008102001,0.005363941,0.001758557,0.146379284733399,3685.9157

17,True,False,0.02,0.25,Rot0,2,0,-0.001102021,0.007827879,0.007765949,0.002438046,0.0849943456227739,3714.6005

17,True,False,0.02,0.25,Rot0,2,0,-0.001021422,0.007479013,0.009452283,0.001723928,0.107392456312475,3730.6531

17,True,False,0.02,0.25,Rot0,2,0,-0.0009719543,0.007236273,0.01048142,0.00105853,0.08248501354729,3743.4861

17,True,False,0.02,0.25,Rot0,2,0,-0.001057624,0.006884188,0.01150018,0.001081286,0.0841972502955979,3756.3284

17,True,False,0.02,0.25,Rot0,2,0,-0.001128022,0.006563217,0.01238054,0.0009396877,0.0664395415401446,3770.4719

17,True,False,0.02,0.25,Rot0,2,0,-0.001147682,0.00625229,0.01310366,0.0007873818,0.048287563517505,3786.778

17,True,False,0.02,0.25,Rot0,2,0,-0.001185661,0.005921842,0.01381212,0.000782659,0.0313354410688826,3811.7548

17,True,False,0.02,0.25,Rot0,2,0,-0.00117607,0.005825878,0.01418948,0.0003894859,0.0143378898795691,3838.9196

17,True,False,0.02,0.25,Rot0,2,0,-0.0009634662,0.00565061,0.01463443,0.0005233532,0.0421606847772556,3851.3329

17,True,False,0.02,0.25,Rot0,2,0,-0.0007221734,0.005452276,0.01511359,0.0005719744,0.0450806630584114,3864.0207

17,True,False,0.02,0.25,Rot0,2,0,-0.000720039,0.005419255,0.01551086,0.0003986407,0.0308273401479994,3876.9521

17,True,False,0.02,0.25,Rot0,2,0,-0.0007166488,0.00539136,0.01594031,0.0004303698,0.0317498957563071,3890.5071

17,True,False,0.02,0.25,Rot0,2,0,-0.0007166396,0.0053913,0.01594025,8.478762E-08,6.40583425933061E-06,3903.7431

17,True,False,0.02,0.25,Rot0,2,0,-0.0007885394,0.005233258,0.01638561,0.0004780142,0.018141712758956,3930.092

17,True,False,0.02,0.25,Rot0,2,0,-0.0008788295,0.00506714,0.01683998,0.0004921343,0.0384549025304675,3942.8897

17,True,False,0.02,0.25,Rot0,2,0,-0.0008244344,0.004598082,0.01774669,0.001022297,0.0766954460043428,3956.219

17,True,False,0.02,0.25,Rot0,2,0,-0.0009246915,0.003844917,0.01909792,0.00155021,0.111041768155508,3970.1796

17,True,False,0.02,0.25,Rot0,2,0,-0.0009589343,0.003337771,0.01995939,0.001000247,0.0668421920937902,3985.1439

17,True,False,0.02,0.25,Rot0,2,0,-0.0009903964,0.002883733,0.02071029,0.0008780606,0.0345216116322264,4010.579

17,True,False,0.02,0.25,Rot0,2,0,-0.001044808,0.002707094,0.02121443,0.0005369497,0.0202920386839544,4037.0401

17,True,False,0.02,0.25,Rot0,2,0,-0.0009828694,0.002540827,0.02176976,0.0005829921,0.0417341078390689,4051.0093

17,True,False,0.02,0.25,Rot0,2,0,-0.0009242705,0.002363712,0.02235132,0.0006107525,0.0427862619964533,4065.2838

17,True,False,0.02,0.25,Rot0,2,0,-0.0007543117,0.002131254,0.02280831,0.0005401496,0.0413552792064311,4078.345

17,True,False,0.02,0.25,Rot0,2,0,-0.00057948,0.001911432,0.02323401,0.0005100051,0.0342950491727245,4093.2161

17,True,False,0.02,0.25,Rot0,2,0,-0.0004039406,0.001700044,0.02363551,0.0004865168,0.0356078246881072,4106.8793

17,True,False,0.02,0.25,Rot0,2,0,-0.0003262683,0.001636237,0.02389765,0.0002807531,0.0202458410709628,4120.7465

17,True,False,0.02,0.25,Rot0,2,0,-0.0002559274,0.001582384,0.02412522,0.0002442055,0.00901446521034231,4147.8369

17,True,False,0.02,0.25,Rot0,2,0,-0.0001531615,0.001679898,0.02425838,0.0001944232,0.0137099262591986,4162.0181

17,True,False,0.02,0.25,Rot0,2,0,5.338716E-05,0.001932442,0.02436888,0.0003444605,0.0258136958696442,4175.3622

17,True,False,0.02,0.25,Rot0,2,0,0.0003012904,0.002448797,0.02375567,0.0008391116,0.0589371352777339,4189.5996

17,True,False,0.02,0.25,Rot0,2,0,0.0003012904,0.002448797,0.02375567,0,0,4203.7047

17,True,False,0.02,0.25,Rot0,2,0,0.0003012904,0.002448797,0.02375567,0,0,4216.8832

17,True,False,0.02,0.25,Rot0,2,0,0.0003012904,0.002448797,0.02375567,0,0,4256.8684

17,True,False,0.02,0.25,Rot0,2,0,0.0003012904,0.002448797,0.02375567,0,0,4272.0053

17,True,False,0.02,0.25,Rot0,2,0,0.0003012904,0.002448797,0.02375567,0,0,4285.0742

17,True,False,0.02,0.25,Rot0,2,0,0.0003012904,0.002448797,0.02375567,0,0,4300.8248

17,True,False,0.02,0.25,Rot0,2,0,0.0003012904,0.002448797,0.02375567,0,0,4325.79

17,True,False,0.02,0.25,Rot0,2,0,0.0003012904,0.002448797,0.02375567,0,0,4353.7357

17,True,False,0.02,0.25,Rot0,2,0,0.0003012904,0.002448797,0.02375567,0,0,4365.8827

17,True,False,0.02,0.25,Rot0,2,0,0.0003012904,0.002448797,0.02375567,0,0,4378.3457

17,True,False,0.02,0.25,Rot0,2,0,0.0003012904,0.002448797,0.02375567,0,0,4391.5731

17,True,False,0.02,0.25,Rot0,2,0,0.0003012904,0.002448797,0.02375567,0,0,4404.7544

17,True,False,0.02,0.25,Rot0,2,0,0.0003012904,0.002448797,0.02375567,0,0,4417.8213

17,True,False,0.02,0.25,Rot0,2,0,0.0003012904,0.002448797,0.02375567,0,0,4432.3761

17,True,False,0.02,0.25,Rot0,2,0,0.0003012904,0.002448797,0.02375567,0,0,4458.8387

17,True,False,0.02,0.25,Rot0,2,0,0.0003012904,0.002448797,0.02375567,0,0,4484.7356

17,True,False,0.02,0.25,Rot0,2,0,0.0003012904,0.002448797,0.02375567,0,0,4498.1147

17,True,False,0.02,0.25,Rot0,2,0,0.0003012904,0.002448797,0.02375567,0,0,4511.896

17,True,False,0.02,0.25,Rot0,2,0,0.0003012904,0.002448797,0.02375567,0,0,4525.7164

17,True,False,0.02,0.25,Rot0,2,0,0.0003012904,0.002448797,0.02375567,0,0,4539.2355

17,True,False,0.02,0.25,Rot0,2,0,0.0003012904,0.002448797,0.02375567,0,0,4553.2939

17,True,False,0.02,0.25,Rot0,2,0,0.0003012904,0.002448797,0.02375567,0,0,4568.939

17,True,False,0.02,0.25,Rot0,2,0,0.0003012904,0.002448797,0.02375567,0,0,4593.327

17,True,False,0.02,0.25,Rot0,2,0,0.0003012904,0.002448797,0.02375567,0,0,4619.9442

17,True,False,0.02,0.25,Rot0,2,0,0.0003012904,0.002448797,0.02375567,0,0,4633.9792

17,True,False,0.02,0.25,Rot0,2,0,0.0003012904,0.002448797,0.02375567,0,0,4647.8932

17,True,False,0.02,0.25,Rot0,2,0,0.0003012904,0.002448797,0.02375567,0,0,4661.803

17,True,False,0.02,0.25,Rot0,2,0,0.0003012904,0.002448797,0.02375567,0,0,4675.299

17,True,False,0.02,0.25,Rot0,2,0,0.0003012904,0.002448797,0.02375567,0,0,4689.6981

17,True,False,0.02,0.25,Rot0,2,0,0.0003012904,0.002448797,0.02375567,0,0,4703.4966

17,True,False,0.02,0.25,Rot0,2,0,0.0003012904,0.002448797,0.02375567,0,0,4716.8798

17,True,False,0.02,0.25,Rot0,2,0,0.0003012904,0.002448797,0.02375567,0,0,4744.2665

17,True,False,0.02,0.25,Rot0,2,0,0.0003012904,0.002448797,0.02375567,0,0,4773.0811

17,True,False,0.02,0.25,Rot0,2,0,0.0003012904,0.002448797,0.02375567,0,0,4786.0718

17,True,False,0.02,0.25,Rot0,2,0,0.0003012904,0.002448797,0.02375567,0,0,4799.1753

17,True,False,0.02,0.25,Rot0,2,0,0.0003012904,0.002448797,0.02375567,0,0,4812.8314

17,True,False,0.02,0.25,Rot0,2,0,0.0003012904,0.002448797,0.02375567,0,0,4828.0444

17,True,False,0.02,0.25,Rot0,2,0,0.0003012904,0.002448797,0.02375567,0,0,4842.1217

17,True,False,0.02,0.25,Rot0,2,0,0.0003012904,0.002448797,0.02375567,0,0,4855.1307

17,True,False,0.02,0.25,Rot0,2,0,0.0003012904,0.002448797,0.02375567,0,0,4869.2355

17,True,False,0.02,0.25,Rot0,2,0,0.0003012904,0.002448797,0.02375567,0,0,4896.3581

17,True,False,0.02,0.25,Rot0,2,0,0.0003012904,0.002448797,0.02375567,0,0,4910.5546

17,True,False,0.02,0.25,Rot0,2,0,0.0003012904,0.002448797,0.02375567,0,0,4924.5939

17,True,False,0.02,0.25,Rot0,2,0,0.0003012904,0.002448797,0.02375567,0,0,4937.1876

17,True,False,0.02,0.25,Rot0,2,0,0.0003012904,0.002448797,0.02375567,0,0,4951.8356

17,True,False,0.02,0.25,Rot0,2,0,0.0003012904,0.002448797,0.02375567,0,0,4979.2621

17,True,False,0.02,0.25,Rot0,2,0,0.0003012904,0.002448797,0.02375567,0,0,4994.922

17,True,False,0.02,0.25,Rot0,2,0,0.0003012904,0.002448797,0.02375567,0,0,5006.9284

17,True,False,0.02,0.25,Rot0,2,0,0.0003012904,0.002448797,0.02375567,0,0,5020.487

17,True,False,0.02,0.25,Rot0,2,0,0.0003012904,0.002448797,0.02375567,0,0,5035.0627

17,True,False,0.02,0.25,Rot0,2,0,0.0003012904,0.002448797,0.02375567,0,0,5050.1187

17,True,False,0.02,0.25,Rot0,2,0,0.0003012904,0.002448797,0.02375567,0,0,5075.8777

17,True,False,0.02,0.25,Rot0,2,0,0.0003012904,0.002448797,0.02375567,0,0,5090.7822

17,True,False,0.02,0.25,Rot0,2,0,0.0003012904,0.002448797,0.02375567,0,0,5104.154

17,True,False,0.02,0.25,Rot0,2,0,0.0003012904,0.002448797,0.02375567,0,0,5118.1814

17,True,False,0.02,0.25,Rot0,2,0,0.0003012941,0.002448827,0.02375567,3.003425E-08,2.05073541828775E-06,5132.827

17,True,False,0.02,0.25,Rot0,2,0,0.0003001821,0.002448023,0.02375746,2.254211E-06,8.44621684094545E-05,5159.516

17,True,False,0.02,0.25,Rot0,2,0,0.0002727183,0.002429992,0.02379715,5.15285E-05,0.00336514869051564,5174.8284

17,True,False,0.02,0.25,Rot0,2,0,0.0001591753,0.002206415,0.02407455,0.0003739378,0.027433096916524,5188.4593

17,True,False,0.02,0.25,Rot0,2,0,8.579075E-05,0.001981259,0.02431691,0.0003388443,0.0256151088036305,5201.6876

17,True,False,0.02,0.25,Rot0,2,0,1.929426E-05,0.001749695,0.02452779,0.000320179,0.0222169087515821,5216.0991

17,True,False,0.02,0.25,Rot0,2,0,-6.572814E-05,0.001424402,0.02477396,0.0004167041,0.0278532471861705,5231.0598

17,True,False,0.02,0.25,Rot0,2,0,-0.0001525646,0.001246601,0.02476406,0.00019812,0.00788160893962632,5256.1968

17,True,False,0.02,0.25,Rot0,2,0,-0.0002436861,0.001069486,0.02474082,0.0002005325,0.0120704560920555,5272.8103

17,True,False,0.02,0.25,Rot0,2,0,-0.0003287382,0.0006356837,0.02497041,0.0004981299,0.0433574902567891,5284.2992

17,True,False,0.02,0.25,Rot0,2,0,-0.0003738887,0.0003969372,0.02509332,0.000272294,0.0190406051844792,5298.5999

17,True,False,0.02,0.25,Rot0,2,0,-0.0004350692,0.0001830161,0.02516294,0.0002331351,0.00860127943951708,5325.7046

17,True,False,0.02,0.25,Rot0,2,0,-0.0004987977,-3.492828E-05,0.02523124,0.0002371222,0.00860657002136423,5353.2559

17,True,False,0.02,0.25,Rot0,2,0,-0.000573868,-0.0005717278,0.02554321,0.0006253918,0.0516136141558367,5365.3727

17,True,False,0.02,0.25,Rot0,2,0,-0.0007149783,-0.001184732,0.02573788,0.0006584695,0.0529661200195224,5377.8046

17,True,False,0.02,0.25,Rot0,2,0,-0.0008240548,-0.001781851,0.02588153,0.0006237658,0.0458685014183502,5391.4036

17,True,False,0.02,0.25,Rot0,2,0,-0.0009320539,-0.002356321,0.02601874,0.0006004213,0.0447171269706912,5404.8307

17,True,False,0.02,0.25,Rot0,2,0,-0.0009320687,-0.002356321,0.02601874,1.484295E-08,1.15548931407911E-06,5417.6763

17,True,False,0.02,0.25,Rot0,2,0,-0.0009435157,-0.002976656,0.02610469,0.000626366,0.0237781347507026,5444.0184

17,True,False,0.02,0.25,Rot0,2,0,-0.0009716947,-0.003570587,0.02622509,0.0006066665,0.0228264049039871,5470.5958

17,True,False,0.02,0.25,Rot0,2,0,-0.0010896,-0.00408569,0.02638805,0.0005529817,0.0411990347670323,5484.018

17,True,False,0.02,0.25,Rot0,2,0,-0.001224472,-0.004608602,0.02654779,0.0005631554,0.0425356803866811,5497.2576

17,True,False,0.02,0.25,Rot0,2,0,-0.001318112,-0.004981965,0.02664077,0.0003959982,0.0273137986428221,5511.7557

17,True,False,0.02,0.25,Rot0,2,0,-0.00131606,-0.005454571,0.02668595,0.0004747643,0.034464648953232,5525.5311

17,True,False,0.02,0.25,Rot0,2,0,-0.001311477,-0.005940528,0.0267334,0.0004882893,0.0369672475457237,5538.7398

17,True,False,0.02,0.25,Rot0,2,0,-0.001243964,-0.006214977,0.02687979,0.0003182925,0.0225107124800711,5552.8794

17,True,False,0.02,0.25,Rot0,2,0,-0.001180379,-0.006458701,0.02701688,0.0002867721,0.020217998482517,5567.0634

17,True,False,0.02,0.25,Rot0,2,0,-0.001189945,-0.006679327,0.02705503,0.0002241044,0.00848716506159899,5593.4685

17,True,False,0.02,0.25,Rot0,2,0,-0.001200652,-0.006899268,0.0270884,0.000222717,0.00834740202639781,5620.1495

17,True,False,0.02,0.25,Rot0,2,0,-0.001200687,-0.00729546,0.02719092,0.0004092414,0.0294530567329804,5634.0442

17,True,False,0.02,0.25,Rot0,2,0,-0.001035246,-0.007687033,0.02746677,0.0005067477,0.0359250295010142,5648.1499

17,True,False,0.02,0.25,Rot0,2,0,-0.000914704,-0.007920981,0.027637,0.0003134336,0.0215728189561733,5662.679

17,True,False,0.02,0.25,Rot0,2,0,-0.0007456433,-0.008204252,0.0278455,0.00039025,0.0299113179269782,5675.7259

17,True,False,0.02,0.25,Rot0,2,0,-0.0006195413,-0.008480162,0.02800238,0.0003415247,0.0236229945605772,5690.1832

17,True,False,0.02,0.25,Rot0,2,0,-0.0004842394,-0.008760066,0.02816164,0.0003493099,0.0256798335379636,5703.7857

17,True,False,0.02,0.25,Rot0,2,0,-0.0002511839,-0.009018184,0.0283463,0.0003937477,0.0296113242870395,5717.0829

17,True,False,0.02,0.25,Rot0,2,0,2.31152E-05,-0.009308011,0.02855217,0.000449026,0.0164380834221496,5744.3991

17,True,False,0.02,0.25,Rot0,2,0,0.0002132368,-0.009465844,0.0286622,0.0002704887,0.0176956567073654,5759.6847

17,True,False,0.02,0.25,Rot0,2,0,0.0004543886,-0.009513528,0.02868378,0.0002467661,0.0200681566593081,5771.9811

17,True,False,0.02,0.25,Rot0,2,0,0.0007972378,-0.00966707,0.02892172,0.0004446761,0.0308747112240882,5786.3837

17,True,False,0.02,0.25,Rot0,2,0,0.001159774,-0.009825648,0.02917039,0.0004673504,0.0173006862228423,5813.3971

17,True,False,0.02,0.25,Rot0,2,0,0.001512146,-0.009940476,0.02939796,0.0004349028,0.0303436094482548,5827.7297

17,True,False,0.02,0.25,Rot0,2,0,0.002073768,-0.009968043,0.02976394,0.0006709057,0.0484986222315524,5841.5632

17,True,False,0.02,0.25,Rot0,2,0,0.002290219,-0.009986521,0.02987885,0.0002457612,0.0143231646132578,5858.7215

17,True,False,0.02,0.25,Rot0,2,0,0.002499686,-0.009995759,0.02998841,0.0002365665,0.00928873876522463,5884.1896

17,True,False,0.02,0.25,Rot0,2,0,0.002655871,-0.01000786,0.03008878,0.0001860518,0.0142937510176126,5897.2059

17,True,False,0.02,0.25,Rot0,2,0,0.002898871,-0.01003563,0.03038204,0.0003818625,0.0134528273776277,5925.5912

17,True,False,0.02,0.25,Rot0,2,0,0.003016713,-0.01004654,0.03053093,0.0001901959,0.0128864222354012,5940.3506

17,True,False,0.02,0.25,Rot0,2,0,0.003187175,-0.009957553,0.03070927,0.0002622607,0.0102814685550873,5965.8587

17,True,False,0.02,0.25,Rot0,2,0,0.003196274,-0.009926648,0.03073525,4.13917E-05,0.00257531167324519,5981.9312

17,True,False,0.02,0.25,Rot0,2,0,0.003163592,-0.009841205,0.03076065,9.493906E-05,0.00836018172049297,5993.2873

17,True,False,0.02,0.25,Rot0,2,0,0.003135479,-0.009792776,0.03076708,5.636572E-05,0.00390438953358673,6007.7238

17,True,False,0.02,0.25,Rot0,2,0,0.003141514,-0.009703786,0.03081715,0.0001022858,0.00371393317775629,6035.2649

17,True,False,0.02,0.25,Rot0,2,0,0.003182444,-0.00971681,0.03086412,6.364696E-05,0.00348341976110524,6053.5363

17,True,False,0.02,0.25,Rot0,2,0,0.003254332,-0.009761513,0.03095734,0.0001259228,0.00554310745193664,6076.2533

17,True,False,0.02,0.25,Rot0,2,0,0.003350032,-0.009769143,0.03103924,0.000126189,0.00861970565660862,6090.8929

17,True,False,0.02,0.25,Rot0,2,0,0.003556987,-0.009797574,0.03120875,0.0002690247,0.0188810436241958,6105.1413

17,True,False,0.02,0.25,Rot0,2,0,0.003628058,-0.009765924,0.03118026,8.285307E-05,0.00626758363200608,6118.3606

17,True,False,0.02,0.25,Rot0,2,0,0.003700081,-0.009733022,0.0311451,8.664058E-05,0.00575795884885134,6133.4077

17,True,False,0.02,0.25,Rot0,2,0,0.003806572,-0.009634615,0.03121543,0.0001611555,0.0115023185452915,6147.4184

17,True,False,0.02,0.25,Rot0,2,0,0.003916567,-0.009532184,0.03128743,0.0001666587,0.011958088989093,6161.3553

17,True,False,0.02,0.25,Rot0,2,0,0.004029673,-0.009426028,0.03136134,0.0001718277,0.0128823769246299,6174.6935

17,True,False,0.02,0.25,Rot0,2,0,0.004174392,-0.009334357,0.03142262,0.0001819387,0.0115323337858388,6190.4699

17,True,False,0.02,0.25,Rot0,2,0,0.004322752,-0.009240062,0.03148448,0.00018636,0.00729964708338834,6215.9999

17,True,False,0.02,0.25,Rot0,2,0,0.004446648,-0.009040327,0.03151453,0.000236953,0.00880300074907867,6242.9172

17,True,False,0.02,0.25,Rot0,2,0,0.00478777,-0.00848049,0.03145671,0.0006581218,0.0437397787570401,6257.9635

17,True,False,0.02,0.25,Rot0,2,0,0.005151893,-0.007879556,0.03138065,0.0007067472,0.0508056497448514,6271.8743

17,True,False,0.02,0.25,Rot0,2,0,0.005661172,-0.007177533,0.03147459,0.0008723683,0.0637104692458872,6285.567

17,True,False,0.02,0.25,Rot0,2,0,0.006133014,-0.006542952,0.03156054,0.0007954336,0.0583162497800059,6299.207

17,True,False,0.02,0.25,Rot0,2,0,0.006601612,-0.0058513,0.03139567,0.0008515563,0.0594778524780559,6313.5242

17,True,False,0.02,0.25,Rot0,2,0,0.007047062,-0.005203933,0.03123224,0.0008026333,0.0564427821051615,6327.7445

17,True,False,0.02,0.25,Rot0,2,0,0.007468309,-0.004601449,0.03107214,0.0007523746,0.0519480947755952,6342.2277

17,True,False,0.02,0.25,Rot0,2,0,0.007975962,-0.004522592,0.03112721,0.000516685,0.0191653699729324,6369.187

17,True,False,0.02,0.25,Rot0,2,0,0.008249603,-0.004555047,0.03109014,0.0002780419,0.0199761401399116,6383.1057

17,True,False,0.02,0.25,Rot0,2,0,0.008693054,-0.004552932,0.03099144,0.0004543084,0.0365020671384354,6395.5518

17,True,False,0.02,0.25,Rot0,2,0,0.00904972,-0.00450346,0.03087199,0.0003793754,0.0257610628332661,6410.2785

17,True,False,0.02,0.25,Rot0,2,0,0.009409515,-0.004441888,0.03073943,0.0003883503,0.0271351607101947,6424.5902

17,True,False,0.02,0.25,Rot0,2,0,0.009771568,-0.004368544,0.03059399,0.0003970049,0.0146934349090717,6451.6094

17,True,False,0.02,0.25,Rot0,2,0,0.01015877,-0.004387527,0.0304898,0.0004014194,0.0145032446320963,6479.2873

17,True,False,0.02,0.25,Rot0,2,0,0.01063732,-0.004388512,0.0304023,0.0004864909,0.0336343685166577,6493.7514

17,True,False,0.02,0.25,Rot0,2,0,0.01112296,-0.00438425,0.0303036,0.0004955904,0.0357035586087793,6507.6321

17,True,False,0.02,0.25,Rot0,2,0,0.01128816,-0.004233957,0.03018904,0.0002510013,0.0183940354659484,6521.2779

17,True,False,0.02,0.25,Rot0,2,0,0.0114343,-0.004076333,0.03007889,0.0002415294,0.017826626729126,6534.8267

17,True,False,0.02,0.25,Rot0,2,0,0.01155497,-0.003922463,0.02982521,0.0003202946,0.0219210187244128,6549.438

17,True,False,0.02,0.25,Rot0,2,0,0.01165926,-0.00376159,0.02956462,0.000323518,0.0229393332530247,6563.5412

17,True,False,0.02,0.25,Rot0,2,0,0.01172425,-0.003649145,0.0293417,0.0002579956,0.0185376305850419,6577.4586

17,True,False,0.02,0.25,Rot0,2,0,0.01177287,-0.003545702,0.02912867,0.000241753,0.018298954368848,6590.6699

17,True,False,0.02,0.25,Rot0,2,0,0.0118092,-0.003442347,0.02891386,0.000241139,0.0144157235688386,6607.3974

17,True,False,0.02,0.25,Rot0,2,0,0.01184892,-0.003403247,0.0288136,0.0001147057,0.0046247830520499,6632.1998

17,True,False,0.02,0.25,Rot0,2,0,0.01188738,-0.003315837,0.02867758,0.0001661945,0.0107459380046327,6647.6656

17,True,False,0.02,0.25,Rot0,2,0,0.01192535,-0.003216207,0.0285027,0.0002048191,0.0156401825150118,6660.7613

17,True,False,0.02,0.25,Rot0,2,0,0.0119476,-0.003103048,0.02833974,0.0001996392,0.0156427649866189,6673.5237

17,True,False,0.02,0.25,Rot0,2,0,0.01197834,-0.003086239,0.02830744,4.765848E-05,0.00171129899714994,6701.373

17,True,False,0.02,0.25,Rot0,2,0,0.01196769,-0.003100842,0.02834499,4.167651E-05,0.00261747667380931,6717.2954

17,True,False,0.02,0.25,Rot0,2,0,0.0119265,-0.003142834,0.02844751,0.0001181941,0.0112752681697837,6727.778

17,True,False,0.02,0.25,Rot0,2,0,0.01190098,-0.00316611,0.02850437,6.653367E-05,0.00491110382492952,6741.3256

17,True,False,0.02,0.25,Rot0,2,0,0.01181649,-0.003176511,0.02853799,9.152472E-05,0.00332750620560196,6768.8311

17,True,False,0.02,0.25,Rot0,2,0,0.01173263,-0.003181786,0.02855754,8.627014E-05,0.00596121737743811,6783.303

17,True,False,0.02,0.25,Rot0,2,0,0.01154559,-0.003194034,0.02860188,0.0001926126,0.0135807163757968,6797.4858

17,True,False,0.02,0.25,Rot0,2,0,0.0114615,-0.003238737,0.02867854,0.0001222483,0.00806972717507132,6812.6348

17,True,False,0.02,0.25,Rot0,2,0,0.01137216,-0.003287733,0.02876222,0.0001318554,0.00869563449473333,6827.7982

17,True,False,0.02,0.25,Rot0,2,0,0.01127836,-0.00334096,0.0288527,0.0001407771,0.0111564022237615,6840.4167

17,True,False,0.02,0.25,Rot0,2,0,0.01120399,-0.003415287,0.02884519,0.000105409,0.0039088854288131,6867.3832

17,True,False,0.02,0.25,Rot0,2,0,0.01114089,-0.003436894,0.02883494,6.748347E-05,0.0023924540779376,6895.59

17,True,False,0.02,0.25,Rot0,2,0,0.01100778,-0.003486485,0.02882278,0.0001425646,0.00995347303470315,6909.9131

17,True,False,0.02,0.25,Rot0,2,0,0.01092354,-0.003539026,0.02863979,0.0002081852,0.015468445747149,6923.3718

17,True,False,0.02,0.25,Rot0,2,0,0.01088279,-0.003565788,0.02854371,0.000107742,0.00777017659304177,6937.2379

17,True,False,0.02,0.25,Rot0,2,0,0.01089116,-0.003685713,0.02856469,0.0001220336,0.00855961813898877,6951.4948

17,True,False,0.02,0.25,Rot0,2,0,0.01090302,-0.003811479,0.02858877,0.0001285985,0.00861868385621331,6966.4157

17,True,False,0.02,0.25,Rot0,2,0,0.01082073,-0.003902645,0.02859032,0.0001228212,0.00887378963662248,6980.2566

17,True,False,0.02,0.25,Rot0,2,0,0.01073468,-0.003991456,0.0285877,0.0001236902,0.00913813854188028,6993.7922

17,True,False,0.02,0.25,Rot0,2,0,0.01064494,-0.004077942,0.02858078,0.0001248223,0.00443300460098538,7021.9497

17,True,False,0.02,0.25,Rot0,2,0,0.01079164,-0.004152358,0.0286572,0.0001813777,0.00640037737950537,7050.2883

17,True,False,0.02,0.25,Rot0,2,0,0.01081103,-0.004258304,0.02854753,0.0001537168,0.0112250352669276,7063.9824

17,True,False,0.02,0.25,Rot0,2,0,0.01082315,-0.004492552,0.02855468,0.0002346696,0.0170978393330008,7077.7075

17,True,False,0.02,0.25,Rot0,2,0,0.01082866,-0.00461495,0.02855968,0.0001226241,0.00874462513119801,7091.7303

17,True,False,0.02,0.25,Rot0,2,0,0.01082866,-0.00461495,0.02855968,0,0,7105.817

17,True,False,0.02,0.25,Rot0,2,0,0.01082866,-0.00461495,0.02855968,0,0,7120.0105

17,True,False,0.02,0.25,Rot0,2,0,0.01082866,-0.00461495,0.02855968,0,0,7133.172

17,True,False,0.02,0.25,Rot0,2,0,0.01082866,-0.00461495,0.02855968,0,0,7147.8875

17,True,False,0.02,0.25,Rot0,2,0,0.01082866,-0.00461495,0.02855968,0,0,7162.0964

17,True,False,0.02,0.25,Rot0,2,0,0.01082866,-0.00461495,0.02855968,0,0,7173.5851

17,True,False,0.02,0.25,Rot0,2,0,0.01082866,-0.00461495,0.02855968,0,0,7201.5267

17,True,False,0.02,0.25,Rot0,2,0,0.01082866,-0.00461495,0.02855968,0,0,7229.1561

17,True,False,0.02,0.25,Rot0,2,0,0.01082866,-0.00461495,0.02855968,0,0,7243.8219

17,True,False,0.02,0.25,Rot0,2,0,0.01082866,-0.00461495,0.02855968,0,0,7257.793

17,True,False,0.02,0.25,Rot0,2,0,0.01082866,-0.00461495,0.02855968,0,0,7272.1313

17,True,False,0.02,0.25,Rot0,2,0,0.01082866,-0.00461495,0.02855968,0,0,7286.4715

17,True,False,0.02,0.25,Rot0,2,0,0.01082866,-0.00461495,0.02855968,0,0,7300.2056

17,True,False,0.02,0.25,Rot0,2,0,0.01082866,-0.00461495,0.02855968,0,0,7314.0161

17,True,False,0.02,0.25,Rot0,2,0,0.01082866,-0.00461495,0.02855968,0,0,7328.1876

17,True,False,0.02,0.25,Rot0,2,0,0.01082866,-0.00461495,0.02855968,0,0,7342.8237

17,True,False,0.02,0.25,Rot0,2,0,0.01082866,-0.00461495,0.02855968,0,0,7357.2952

17,True,False,0.02,0.25,Rot0,2,0,0.01082866,-0.00461495,0.02855968,0,0,7382.9673

17,True,False,0.02,0.25,Rot0,2,0,0.01082866,-0.00461495,0.02855968,0,0,7399.1571

17,True,False,0.02,0.25,Rot0,2,0,0.01082866,-0.00461495,0.02855968,0,0,7410.5149

17,True,False,0.02,0.25,Rot0,2,0,0.01082866,-0.00461495,0.02855968,0,0,7424.7836

17,True,False,0.02,0.25,Rot0,2,0,0.01082866,-0.00461495,0.02855968,0,0,7439.9212

17,True,False,0.02,0.25,Rot0,2,0,0.01082866,-0.00461495,0.02855968,0,0,7465.5591

17,True,False,0.02,0.25,Rot0,2,0,0.01082866,-0.00461495,0.02855968,0,0,7493.6133

17,True,False,0.02,0.25,Rot0,2,0,0.01082866,-0.00461495,0.02855968,0,0,7507.5615

17,True,False,0.02,0.25,Rot0,2,0,0.01082866,-0.00461495,0.02855968,0,0,7520.8753

17,True,False,0.02,0.25,Rot0,2,0,0.01082866,-0.00461495,0.02855968,0,0,7534.3569

17,True,False,0.02,0.25,Rot0,2,0,0.01082866,-0.00461495,0.02855968,0,0,7549.1923

17,True,False,0.02,0.25,Rot0,2,0,0.01082866,-0.00461495,0.02855968,0,0,7563.4602

17,True,False,0.02,0.25,Rot0,2,0,0.01082866,-0.00461495,0.02855968,0,0,7591.0789

17,True,False,0.02,0.25,Rot0,2,0,0.01082866,-0.00461495,0.02855968,0,0,7605.4289

17,True,False,0.02,0.25,Rot0,2,0,0.01082866,-0.00461495,0.02855968,0,0,7632.342

17,True,False,0.02,0.25,Rot0,2,0,0.01082866,-0.00461495,0.02855968,0,0,7647.2434

17,True,False,0.02,0.25,Rot0,2,0,0.01082866,-0.00461495,0.02855968,0,0,7660.5706

17,True,False,0.02,0.25,Rot0,2,0,0.01082866,-0.00461495,0.02855968,0,0,7674.7423

17,True,False,0.02,0.25,Rot0,2,0,0.01082866,-0.00461495,0.02855968,0,0,7688.2781

17,True,False,0.02,0.25,Rot0,2,0,0.01082866,-0.00461495,0.02855968,0,0,7715.1039

17,True,False,0.02,0.25,Rot0,2,0,0.01082866,-0.00461495,0.02855968,0,0,7729.6942

17,True,False,0.02,0.25,Rot0,2,0,0.01082866,-0.00461495,0.02855968,0,0,7743.1641

17,True,False,0.02,0.25,Rot0,2,0,0.01082866,-0.00461495,0.02855968,0,0,7757.2355

17,True,False,0.02,0.25,Rot0,2,0,0.01082866,-0.00461495,0.02855968,0,0,7771.5989

17,True,False,0.02,0.25,Rot0,2,0,0.01082866,-0.00461495,0.02855968,0,0,7798.9078

17,True,False,0.02,0.25,Rot0,2,0,0.01082866,-0.00461495,0.02855968,0,0,7813.8255

17,True,False,0.02,0.25,Rot0,2,0,0.01082866,-0.00461495,0.02855968,0,0,7826.6827

17,True,False,0.02,0.25,Rot0,2,0,0.01082866,-0.00461495,0.02855968,0,0,7840.456

17,True,False,0.02,0.25,Rot0,2,0,0.01082866,-0.00461495,0.02855968,0,0,7867.8523

17,True,False,0.02,0.25,Rot0,2,0,0.01082866,-0.00461495,0.02855968,0,0,7882.9121

17,True,False,0.02,0.25,Rot0,2,0,0.01082866,-0.00461495,0.02855968,0,0,7896.6053

17,True,False,0.02,0.25,Rot0,2,0,0.01082866,-0.00461495,0.02855968,0,0,7910.2038

17,True,False,0.02,0.25,Rot0,2,0,0.01082866,-0.00461495,0.02855968,0,0,7924.4962

17,True,False,0.02,0.25,Rot0,2,0,0.01082866,-0.00461495,0.02855968,0,0,7938.4385

17,True,False,0.02,0.25,Rot0,2,0,0.01082866,-0.00461495,0.02855968,0,0,7965.1615

17,True,False,0.02,0.25,Rot0,2,0,0.01082866,-0.00461495,0.02855968,0,0,7981.6381

17,True,False,0.02,0.25,Rot0,2,0,0.01082866,-0.00461495,0.02855968,0,0,7993.3029

17,True,False,0.02,0.25,Rot0,2,0,0.01082866,-0.00461495,0.02855968,0,0,8007.5288

17,True,False,0.02,0.25,Rot0,2,0,0.01082866,-0.00461495,0.02855968,0,0,8034.8982

17,True,False,0.02,0.25,Rot0,2,0,0.01082866,-0.00461495,0.02855968,0,0,8049.471

17,True,False,0.02,0.25,Rot0,2,0,0.01082866,-0.00461495,0.02855968,0,0,8063.6738

17,True,False,0.02,0.25,Rot0,2,0,0.01082866,-0.00461495,0.02855968,0,0,8076.9203

17,True,False,0.02,0.25,Rot0,2,0,0.01082866,-0.00461495,0.02855968,0,0,8091.4941

17,True,False,0.02,0.25,Rot0,2,0,0.01082866,-0.00461495,0.02855968,0,0,8119.5544

17,True,False,0.02,0.25,Rot0,2,0,0.01082866,-0.00461495,0.02855968,0,0,8133.0948

17,True,False,0.02,0.25,Rot0,2,0,0.01082866,-0.00461495,0.02855968,0,0,8147.6308

17,True,False,0.02,0.25,Rot0,2,0,0.01082866,-0.00461495,0.02855968,0,0,8161.03

17,True,False,0.02,0.25,Rot0,2,0,0.01082866,-0.00461495,0.02855968,0,0,8174.8565

17,True,False,0.02,0.25,Rot0,2,0,0.01082866,-0.00461495,0.02855968,0,0,8202.7391

17,True,False,0.02,0.25,Rot0,2,0,0.01082866,-0.00461495,0.02855968,0,0,8231.346

17,True,False,0.02,0.25,Rot0,2,0,0.01082866,-0.00461495,0.02855968,0,0,8245.01

17,True,False,0.02,0.25,Rot0,2,0,0.01082866,-0.00461495,0.02855968,0,0,8258.8366

17,True,False,0.02,0.25,Rot0,2,0,0.01082866,-0.00461495,0.02855968,0,0,8273.0236

17,True,False,0.02,0.25,Rot0,2,0,0.01082866,-0.00461495,0.02855968,0,0,8286.9104

17,True,False,0.02,0.25,Rot0,2,0,0.01082866,-0.00461495,0.02855968,0,0,8301.2044

17,True,False,0.02,0.25,Rot0,2,0,0.01082866,-0.00461495,0.02855968,0,0,8314.6825

17,True,False,0.02,0.25,Rot0,2,0,0.01082866,-0.00461495,0.02855968,0,0,8329.2354

17,True,False,0.02,0.25,Rot0,2,0,0.01082866,-0.00461495,0.02855968,0,0,8343.2876

17,True,False,0.02,0.25,Rot0,2,0,0.01082866,-0.00461495,0.02855968,0,0,8357.8802

17,True,False,0.02,0.25,Rot0,2,0,0.01082866,-0.00461495,0.02855968,0,0,8371.3915

17,True,False,0.02,0.25,Rot0,2,0,0.01082866,-0.00461495,0.02855968,0,0,8397.6606

17,True,False,0.02,0.25,Rot0,2,0,0.01082866,-0.00461495,0.02855968,0,0,8424.761

17,True,False,0.02,0.25,Rot0,2,0,0.01082866,-0.00461495,0.02855968,0,0,8439.1552

17,True,False,0.02,0.25,Rot0,2,0,0.01082866,-0.00461495,0.02855968,0,0,8452.9042

17,True,False,0.02,0.25,Rot0,2,0,0.01082866,-0.00461495,0.02855968,0,0,8467.0844

17,True,False,0.02,0.25,Rot0,2,0,0.01082866,-0.00461495,0.02855968,0,0,8480.9677

17,True,False,0.02,0.25,Rot0,2,0,0.01082866,-0.00461495,0.02855968,0,0,8494.7865

17,True,False,0.02,0.25,Rot0,2,0,0.01082866,-0.00461495,0.02855968,0,0,8509.2314

17,True,False,0.02,0.25,Rot0,2,0,0.01082866,-0.00461495,0.02855968,0,0,8523.2321

17,True,False,0.02,0.25,Rot0,2,0,0.01082866,-0.00461495,0.02855968,0,0,8550.3711

17,True,False,0.02,0.25,Rot0,2,0,0.01082866,-0.00461495,0.02855968,0,0,8577.8227

17,True,False,0.02,0.25,Rot0,2,0,0.01082866,-0.00461495,0.02855968,0,0,8592.0874

17,True,False,0.02,0.25,Rot0,2,0,0.01082866,-0.00461495,0.02855968,0,0,8605.766

17,True,False,0.02,0.25,Rot0,2,0,0.01082866,-0.00461495,0.02855968,0,0,8619.8816

17,True,False,0.02,0.25,Rot0,2,0,0.01082866,-0.00461495,0.02855968,0,0,8634.7894

17,True,False,0.02,0.25,Rot0,2,0,0.01082866,-0.00461495,0.02855968,0,0,8648.4137

17,True,False,0.02,0.25,Rot0,2,0,0.01082866,-0.00461495,0.02855968,0,0,8662.5882

17,True,False,0.02,0.25,Rot0,2,0,0.01082866,-0.00461495,0.02855968,0,0,8676.7087

17,True,False,0.02,0.25,Rot0,2,0,0.01082866,-0.00461495,0.02855968,0,0,8690.2592

17,True,False,0.02,0.25,Rot0,2,0,0.01082866,-0.00461495,0.02855968,0,0,8717.5224

17,True,False,0.02,0.25,Rot0,2,0,0.01082866,-0.00461495,0.02855968,0,0,8731.6557

17,True,False,0.02,0.25,Rot0,2,0,0.01082866,-0.00461495,0.02855968,0,0,8745.4603

17,True,False,0.02,0.25,Rot0,2,0,0.01082866,-0.00461495,0.02855968,0,0,8759.2372

17,True,False,0.02,0.25,Rot0,2,0,0.01082866,-0.00461495,0.02855968,0,0,8772.9078

17,True,False,0.02,0.25,Rot0,2,0,0.01082866,-0.00461495,0.02855968,0,0,8788.7689

17,True,False,0.02,0.25,Rot0,2,0,0.01082866,-0.00461495,0.02855968,0,0,8814.0026

17,True,False,0.02,0.25,Rot0,2,0,0.01082866,-0.00461495,0.02855968,0,0,8841.302

17,True,False,0.02,0.25,Rot0,2,0,0.01082866,-0.00461495,0.02855968,0,0,8855.0512

17,True,False,0.02,0.25,Rot0,2,0,0.01082866,-0.00461495,0.02855968,0,0,8868.9977

17,True,False,0.02,0.25,Rot0,2,0,0.01082866,-0.00461495,0.02855968,0,0,8882.6733

17,True,False,0.02,0.25,Rot0,2,0,0.01082866,-0.00461495,0.02855968,0,0,8896.5772

17,True,False,0.02,0.25,Rot0,2,0,0.01082866,-0.00461495,0.02855968,0,0,8910.9184

17,True,False,0.02,0.25,Rot0,2,0,0.01082866,-0.00461495,0.02855968,0,0,8925.1106

17,True,False,0.02,0.25,Rot0,2,0,0.01082866,-0.00461495,0.02855968,0,0,8939.3365

17,True,False,0.02,0.25,Rot0,2,0,0.01082866,-0.00461495,0.02855968,0,0,8966.0845

17,True,False,0.02,0.25,Rot0,2,0,0.01082866,-0.00461495,0.02855968,0,0,8981.7131

17,True,False,0.02,0.25,Rot0,2,0,0.01082866,-0.00461495,0.02855968,0,0,8993.8484

17,True,False,0.02,0.25,Rot0,2,0,0.01082866,-0.00461495,0.02855968,0,0,9008.593

17,True,False,0.02,0.25,Rot0,2,0,0.01082866,-0.00461495,0.02855968,0,0,9035.3086

17,True,False,0.02,0.25,Rot0,2,0,0.01082866,-0.00461495,0.02855968,0,0,9049.5672

17,True,False,0.02,0.25,Rot0,2,0,0.01082866,-0.00461495,0.02855968,0,0,9063.4366

17,True,False,0.02,0.25,Rot0,2,0,0.01082866,-0.00461495,0.02855968,0,0,9077.3002

17,True,False,0.02,0.25,Rot0,2,0,0.01082866,-0.00461495,0.02855968,0,0,9091.5602

17,True,False,0.02,0.25,Rot0,2,0,0.01082866,-0.00461495,0.02855968,0,0,9105.5393

17,True,False,0.02,0.25,Rot0,2,0,0.01082866,-0.00461495,0.02855968,0,0,9132.7542

17,True,False,0.02,0.25,Rot0,2,0,0.01082866,-0.00461495,0.02855968,0,0,9160.0923

17,True,False,0.02,0.25,Rot0,2,0,0.01082866,-0.00461495,0.02855968,0,0,9174.0518

17,True,False,0.02,0.25,Rot0,2,0,0.01082866,-0.00461495,0.02855968,0,0,9187.4186

17,True,False,0.02,0.25,Rot0,2,0,0.01082866,-0.00461495,0.02855968,0,0,9201.6544

17,True,False,0.02,0.25,Rot0,2,0,0.01082866,-0.00461495,0.02855968,0,0,9215.5854

17,True,False,0.02,0.25,Rot0,2,0,0.01082866,-0.00461495,0.02855968,0,0,9230.0531

17,True,False,0.02,0.25,Rot0,2,0,0.01082866,-0.00461495,0.02855968,0,0,9259.7098

17,True,False,0.02,0.25,Rot0,2,0,0.01082866,-0.00461495,0.02855968,0,0,9271.1403

17,True,False,0.02,0.25,Rot0,2,0,0.01082866,-0.00461495,0.02855968,0,0,9298.3984

17,True,False,0.02,0.25,Rot0,2,0,0.01082866,-0.00461495,0.02855968,0,0,9313.2228

17,True,False,0.02,0.25,Rot0,2,0,0.01082866,-0.00461495,0.02855968,0,0,9326.3498

17,True,False,0.02,0.25,Rot0,2,0,0.01082866,-0.00461495,0.02855968,0,0,9340.7805

17,True,False,0.02,0.25,Rot0,2,0,0.01082866,-0.00461495,0.02855968,0,0,9354.7854

17,True,False,0.02,0.25,Rot0,2,0,0.01082866,-0.00461495,0.02855968,0,0,9381.5261

17,True,False,0.02,0.25,Rot0,2,0,0.01082866,-0.00461495,0.02855968,0,0,9409.8268

17,True,False,0.02,0.25,Rot0,2,0,0.01082866,-0.00461495,0.02855968,0,0,9438.2023

17,True,False,0.02,0.25,Rot0,2,0,0.01082866,-0.00461495,0.02855968,0,0,9451.5885

17,True,False,0.02,0.25,Rot0,2,0,0.01082866,-0.00461495,0.02855968,0,0,9464.8899

17,True,False,0.02,0.25,Rot0,2,0,0.01082866,-0.00461495,0.02855968,0,0,9479.2783

17,True,False,0.02,0.25,Rot0,2,0,0.01082866,-0.00461495,0.02855968,0,0,9495.2085

17,True,False,0.02,0.25,Rot0,2,0,0.01082866,-0.00461495,0.02855968,0,0,9507.9831

17,True,False,0.02,0.25,Rot0,2,0,0.01082866,-0.00461495,0.02855968,0,0,9535.1504

17,True,False,0.02,0.25,Rot0,2,0,0.01082866,-0.00461495,0.02855968,0,0,9549.7956

17,True,False,0.02,0.25,Rot0,2,0,0.01082866,-0.00461495,0.02855968,0,0,9563.5328

17,True,False,0.02,0.25,Rot0,2,0,0.01082866,-0.00461495,0.02855968,0,0,9577.0565

17,True,False,0.02,0.25,Rot0,2,0,0.01082866,-0.00461495,0.02855968,0,0,9593.0591

17,True,False,0.02,0.25,Rot0,2,0,0.01082866,-0.00461495,0.02855968,0,0,9606.5714

17,True,False,0.02,0.25,Rot0,2,0,0.01082866,-0.00461495,0.02855968,0,0,9632.5078

17,True,False,0.02,0.25,Rot0,2,0,0.01082866,-0.00461495,0.02855968,0,0,9648.1568

17,True,False,0.02,0.25,Rot0,2,0,0.01082866,-0.00461495,0.02855968,0,0,9660.139

17,True,False,0.02,0.25,Rot0,2,0,0.01082866,-0.00461495,0.02855968,0,0,9674.0056

17,True,False,0.02,0.25,Rot0,2,0,0.01082866,-0.00461495,0.02855968,0,0,9701.7684

17,True,False,0.02,0.25,Rot0,2,0,0.01082866,-0.00461495,0.02855968,0,0,9716.2013

17,True,False,0.02,0.25,Rot0,2,0,0.01082866,-0.00461495,0.02855968,0,0,9729.5966

17,True,False,0.02,0.25,Rot0,2,0,0.01082866,-0.00461495,0.02855968,0,0,9743.4254

17,True,False,0.02,0.25,Rot0,2,0,0.01082866,-0.00461495,0.02855968,0,0,9759.1844

17,True,False,0.02,0.25,Rot0,2,0,0.01082866,-0.00461495,0.02855968,0,0,9771.5844

17,True,False,0.02,0.25,Rot0,2,0,0.01082866,-0.00461495,0.02855968,0,0,9797.9167

17,True,False,0.02,0.25,Rot0,2,0,0.01082866,-0.00461495,0.02855968,0,0,9825.4223

17,True,False,0.02,0.25,Rot0,2,0,0.01082866,-0.00461495,0.02855968,0,0,9840.8276

17,True,False,0.02,0.25,Rot0,2,0,0.01082866,-0.00461495,0.02855968,0,0,9854.946

17,True,False,0.02,0.25,Rot0,2,0,0.01082866,-0.00461495,0.02855968,0,0,9869.0739

17,True,False,0.02,0.25,Rot0,2,0,0.01082866,-0.00461495,0.02855968,0,0,9883.0612

17,True,False,0.02,0.25,Rot0,2,0,0.01082866,-0.00461495,0.02855968,0,0,9897.1192

17,True,False,0.02,0.25,Rot0,2,0,0.01082866,-0.00461495,0.02855968,0,0,9911.3525

17,True,False,0.02,0.25,Rot0,2,0,0.01082866,-0.00461495,0.02855968,0,0,9925.6013

17,True,False,0.02,0.25,Rot0,2,0,0.01082866,-0.00461495,0.02855968,0,0,9952.8346

17,True,False,0.02,0.25,Rot0,2,0,0.01082866,-0.00461495,0.02855968,0,0,9966.4963

17,True,False,0.02,0.25,Rot0,2,0,0.01082866,-0.00461495,0.02855968,0,0,9979.7011

17,True,False,0.02,0.25,Rot0,2,0,0.01082866,-0.00461495,0.02855968,0,0,9993.4039

17,True,False,0.02,0.25,Rot0,2,0,0.01082866,-0.00461495,0.02855968,0,0,10008.6105

17,True,False,0.02,0.25,Rot0,2,0,0.01082866,-0.00461495,0.02855968,0,0,10024.1664

17,True,False,0.02,0.25,Rot0,2,0,0.01082866,-0.00461495,0.02855968,0,0,10048.8299

17,True,False,0.02,0.25,Rot0,2,0,0.01082866,-0.00461495,0.02855968,0,0,10063.371

17,True,False,0.02,0.25,Rot0,2,0,0.01082866,-0.00461495,0.02855968,0,0,10076.2755

17,True,False,0.02,0.25,Rot0,2,0,0.01082866,-0.00461495,0.02855968,0,0,10090.4017

17,True,False,0.02,0.25,Rot0,2,0,0.01082866,-0.00461495,0.02855968,0,0,10105.7565

17,True,False,0.02,0.25,Rot0,2,0,0.01082866,-0.00461495,0.02855968,0,0,10131.7191

17,True,False,0.02,0.25,Rot0,2,0,0.01082866,-0.00461495,0.02855968,0,0,10147.4305

17,True,False,0.02,0.25,Rot0,2,0,0.01082866,-0.00461495,0.02855968,0,0,10159.544

17,True,False,0.02,0.25,Rot0,2,0,0.01082866,-0.00461495,0.02855968,0,0,10173.443

17,True,False,0.02,0.25,Rot0,2,0,0.01082866,-0.00461495,0.02855968,0,0,10187.8979

17,True,False,0.02,0.25,Rot0,2,0,0.01082866,-0.00461495,0.02855968,0,0,10215.0414

17,True,False,0.02,0.25,Rot0,2,0,0.01082866,-0.00461495,0.02855968,0,0,10229.8038

17,True,False,0.02,0.25,Rot0,2,0,0.01082866,-0.00461495,0.02855968,0,0,10242.9613

17,True,False,0.02,0.25,Rot0,2,0,0.01082866,-0.00461495,0.02855968,0,0,10256.9229

17,True,False,0.02,0.25,Rot0,2,0,0.01082866,-0.00461495,0.02855968,0,0,10271.4639

17,True,False,0.02,0.25,Rot0,2,0,0.01082866,-0.00461495,0.02855968,0,0,10298.3675

17,True,False,0.02,0.25,Rot0,2,0,0.01082866,-0.00461495,0.02855968,0,0,10313.474

17,True,False,0.02,0.25,Rot0,2,0,0.01082866,-0.00461495,0.02855968,0,0,10326.2491

17,True,False,0.02,0.25,Rot0,2,0,0.01082866,-0.00461495,0.02855968,0,0,10340.6305

17,True,False,0.02,0.25,Rot0,2,0,0.01082866,-0.00461495,0.02855968,0,0,10354.6632

17,True,False,0.02,0.25,Rot0,2,0,0.01082866,-0.00461495,0.02855968,0,0,10382.0451

17,True,False,0.02,0.25,Rot0,2,0,0.01082866,-0.00461495,0.02855968,0,0,10409.7533

17,True,False,0.02,0.25,Rot0,2,0,0.01082866,-0.00461495,0.02855968,0,0,10423.7272

17,True,False,0.02,0.25,Rot0,2,0,0.01082866,-0.00461495,0.02855968,0,0,10437.8057

17,True,False,0.02,0.25,Rot0,2,0,0.01082866,-0.00461495,0.02855968,0,0,10452.9845

17,True,False,0.02,0.25,Rot0,2,0,0.01082866,-0.00461495,0.02855968,0,0,10467.0476

17,True,False,0.02,0.25,Rot0,2,0,0.01082866,-0.00461495,0.02855968,0,0,10481.1954

17,True,False,0.02,0.25,Rot0,2,0,0.01082866,-0.00461495,0.02855968,0,0,10494.9531

17,True,False,0.02,0.25,Rot0,2,0,0.01082866,-0.00461495,0.02855968,0,0,10509.7946

17,True,False,0.02,0.25,Rot0,2,0,0.01082866,-0.00461495,0.02855968,0,0,10524.2473

17,True,False,0.02,0.25,Rot0,2,0,0.01082866,-0.00461495,0.02855968,0,0,10538.6752

17,True,False,0.02,0.25,Rot0,2,0,0.01082866,-0.00461495,0.02855968,0,0,10562.947

17,True,False,0.02,0.25,Rot0,2,0,0.01082866,-0.00461495,0.02855968,0,0,10579.6412

17,True,False,0.02,0.25,Rot0,2,0,0.01082866,-0.00461495,0.02855968,0,0,10590.7571

17,True,False,0.02,0.25,Rot0,2,0,0.01082866,-0.00461495,0.02855968,0,0,10605.8507

17,True,False,0.02,0.25,Rot0,2,0,0.01082866,-0.00461495,0.02855968,0,0,10631.9865

17,True,False,0.02,0.25,Rot0,2,0,0.01082866,-0.00461495,0.02855968,0,0,10660.1632

17,True,False,0.02,0.25,Rot0,2,0,0.01082866,-0.00461495,0.02855968,0,0,10674.1715

17,True,False,0.02,0.25,Rot0,2,0,0.01082866,-0.00461495,0.02855968,0,0,10687.5675

17,True,False,0.02,0.25,Rot0,2,0,0.01082866,-0.00461495,0.02855968,0,0,10701.9062

17,True,False,0.02,0.25,Rot0,2,0,0.01082866,-0.00461495,0.02855968,0,0,10715.6201

17,True,False,0.02,0.25,Rot0,2,0,0.01082866,-0.00461495,0.02855968,0,0,10729.8999

17,True,False,0.02,0.25,Rot0,2,0,0.01082866,-0.00461495,0.02855968,0,0,10743.6284

17,True,False,0.02,0.25,Rot0,2,0,0.01082866,-0.00461495,0.02855968,0,0,10759.4864

17,True,False,0.02,0.25,Rot0,2,0,0.01082866,-0.00461495,0.02855968,0,0,10784.3581

17,True,False,0.02,0.25,Rot0,2,0,0.01082866,-0.00461495,0.02855968,0,0,10799.9841

17,True,False,0.02,0.25,Rot0,2,0,0.01082866,-0.00461495,0.02855968,0,0,10812.5756

17,True,False,0.02,0.25,Rot0,2,0,0.01082866,-0.00461495,0.02855968,0,0,10826.75

17,True,False,0.02,0.25,Rot0,2,0,0.01082866,-0.00461495,0.02855968,0,0,10841.8159

17,True,False,0.02,0.25,Rot0,2,0,0.01082866,-0.00461495,0.02855968,0,0,10854.7299

17,True,False,0.02,0.25,Rot0,2,0,0.01082866,-0.00461495,0.02855968,0,0,10882.1759

17,True,False,0.02,0.25,Rot0,2,0,0.01082866,-0.00461495,0.02855968,0,0,10909.7269

17,True,False,0.02,0.25,Rot0,2,0,0.01082866,-0.00461495,0.02855968,0,0,10925.2532

17,True,False,0.02,0.25,Rot0,2,0,0.01082866,-0.00461495,0.02855968,0,0,10937.0735

17,True,False,0.02,0.25,Rot0,2,0,0.01082866,-0.00461495,0.02855968,0,0,10951.4135

17,True,False,0.02,0.25,Rot0,2,0,0.01082866,-0.00461495,0.02855968,0,0,10967.462

17,True,False,0.02,0.25,Rot0,2,0,0.01082866,-0.00461495,0.02855968,0,0,10993.0597

17,True,False,0.02,0.25,Rot0,2,0,0.01082866,-0.00461495,0.02855968,0,0,11007.7953

17,True,False,0.02,0.25,Rot0,2,0,0.01082866,-0.00461495,0.02855968,0,0,11021.8575

17,True,False,0.02,0.25,Rot0,2,0,0.01082866,-0.00461495,0.02855968,0,0,11035.9731

17,True,False,0.02,0.25,Rot0,2,0,0.01082866,-0.00461495,0.02855968,0,0,11049.6249

17,True,False,0.02,0.25,Rot0,2,0,0.01082866,-0.00461495,0.02855968,0,0,11076.3942

17,True,False,0.02,0.25,Rot0,2,0,0.01082866,-0.00461495,0.02855968,0,0,11091.4498

17,True,False,0.02,0.25,Rot0,2,0,0.01082866,-0.00461495,0.02855968,0,0,11104.8069

17,True,False,0.02,0.25,Rot0,2,0,0.01082866,-0.00461495,0.02855968,0,0,11118.7598

17,True,False,0.02,0.25,Rot0,2,0,0.01082866,-0.00461495,0.02855968,0,0,11133.2535

17,True,False,0.02,0.25,Rot0,2,0,0.01082866,-0.00461495,0.02855968,0,0,11160.45

17,True,False,0.02,0.25,Rot0,2,0,0.01082866,-0.00461495,0.02855968,0,0,11187.4343

17,True,False,0.02,0.25,Rot0,2,0,0.01082866,-0.00461495,0.02855968,0,0,11202.1544

17,True,False,0.02,0.25,Rot0,2,0,0.01082866,-0.00461495,0.02855968,0,0,11215.6482

17,True,False,0.02,0.25,Rot0,2,0,0.01082866,-0.00461495,0.02855968,0,0,11229.5432

17,True,False,0.02,0.25,Rot0,2,0,0.01082866,-0.00461495,0.02855968,0,0,11244.2355

17,True,False,0.02,0.25,Rot0,2,0,0.01082866,-0.00461495,0.02855968,0,0,11257.8118

17,True,False,0.02,0.25,Rot0,2,0,0.01082866,-0.00461495,0.02855968,0,0,11272.3424

17,True,False,0.02,0.25,Rot0,2,0,0.01082866,-0.00461495,0.02855968,0,0,11286.4946

17,True,False,0.02,0.25,Rot0,2,0,0.01082866,-0.00461495,0.02855968,0,0,11300.3417

17,True,False,0.02,0.25,Rot0,2,0,0.01082866,-0.00461495,0.02855968,0,0,11327.0507

17,True,False,0.02,0.25,Rot0,2,0,0.01082866,-0.00461495,0.02855968,0,0,11341.4081

17,True,False,0.02,0.25,Rot0,2,0,0.01082866,-0.00461495,0.02855968,0,0,11354.1153

17,True,False,0.02,0.25,Rot0,2,0,0.01082866,-0.00461495,0.02855968,0,0,11368.9389

17,True,False,0.02,0.25,Rot0,2,0,0.01082866,-0.00461495,0.02855968,0,0,11383.8701

17,True,False,0.02,0.25,Rot0,2,0,0.01082866,-0.00461495,0.02855968,0,0,11410.388

17,True,False,0.02,0.25,Rot0,2,0,0.01082866,-0.00461495,0.02855968,0,0,11424.4723

17,True,False,0.02,0.25,Rot0,2,0,0.01082866,-0.00461495,0.02855968,0,0,11438.314

17,True,False,0.02,0.25,Rot0,2,0,0.01082866,-0.00461495,0.02855968,0,0,11453.1156

17,True,False,0.02,0.25,Rot0,2,0,0.01082866,-0.00461495,0.02855968,0,0,11466.6017

17,True,False,0.02,0.25,Rot0,2,0,0.01082866,-0.00461495,0.02855968,0,0,11493.5292

17,True,False,0.02,0.25,Rot0,2,0,0.01082866,-0.00461495,0.02855968,0,0,11509.0289

17,True,False,0.02,0.25,Rot0,2,0,0.01082866,-0.00461495,0.02855968,0,0,11521.4647

17,True,False,0.02,0.25,Rot0,2,0,0.01082866,-0.00461495,0.02855968,0,0,11535.6463

17,True,False,0.02,0.25,Rot0,2,0,0.01082866,-0.00461495,0.02855968,0,0,11550.9104

17,True,False,0.02,0.25,Rot0,2,0,0.01082866,-0.00461495,0.02855968,0,0,11577.0172

17,True,False,0.02,0.25,Rot0,2,0,0.01082866,-0.00461495,0.02855968,0,0,11592.4909

17,True,False,0.02,0.25,Rot0,2,0,0.01082866,-0.00461495,0.02855968,0,0,11605.0059

17,True,False,0.02,0.25,Rot0,2,0,0.01082866,-0.00461495,0.02855968,0,0,11618.88

17,True,False,0.02,0.25,Rot0,2,0,0.01082866,-0.00461495,0.02855968,0,0,11634.7244

17,True,False,0.02,0.25,Rot0,2,0,0.01082866,-0.00461495,0.02855968,0,0,11649.2189

17,True,False,0.02,0.25,Rot0,2,0,0.01082866,-0.00461495,0.02855968,0,0,11673.8138

17,True,False,0.02,0.25,Rot0,2,0,0.01082866,-0.00461495,0.02855968,0,0,11689.4605

17,True,False,0.02,0.25,Rot0,2,0,0.01082866,-0.00461495,0.02855968,0,0,11702.5242

17,True,False,0.02,0.25,Rot0,2,0,0.01082866,-0.00461495,0.02855968,0,0,11716.275

17,True,False,0.02,0.25,Rot0,2,0,0.01082866,-0.00461495,0.02855968,0,0,11743.5176

17,True,False,0.02,0.25,Rot0,2,0,0.01082866,-0.00461495,0.02855968,0,0,11759.2982

17,True,False,0.02,0.25,Rot0,2,0,0.01082866,-0.00461495,0.02855968,0,0,11771.4232

17,True,False,0.02,0.25,Rot0,2,0,0.01082866,-0.00461495,0.02855968,0,0,11785.7197

17,True,False,0.02,0.25,Rot0,2,0,0.01082866,-0.00461495,0.02855968,0,0,11800.2024

17,True,False,0.02,0.25,Rot0,2,0,0.01082866,-0.00461495,0.02855968,0,0,11813.0484

17,True,False,0.02,0.25,Rot0,2,0,0.01082866,-0.00461495,0.02855968,0,0,11840.6935

17,True,False,0.02,0.25,Rot0,2,0,0.01082866,-0.00461495,0.02855968,0,0,11867.9346

17,True,False,0.02,0.25,Rot0,2,0,0.01082866,-0.00461495,0.02855968,0,0,11894.0575

17,True,False,0.02,0.25,Rot0,2,0,0.01082866,-0.00461495,0.02855968,0,0,11923.9834

17,True,False,0.02,0.25,Rot0,2,0,0.01082866,-0.00461495,0.02855968,0,0,11937.978

17,True,False,0.02,0.25,Rot0,2,0,0.01082866,-0.00461495,0.02855968,0,0,11951.8135

17,True,False,0.02,0.25,Rot0,2,0,0.01082866,-0.00461495,0.02855968,0,0,11966.4021

17,True,False,0.02,0.25,Rot0,2,0,0.01082866,-0.00461495,0.02855968,0,0,11980.5306

17,True,False,0.02,0.25,Rot0,2,0,0.01082866,-0.00461495,0.02855968,0,0,11994.098

17,True,False,0.02,0.25,Rot0,2,0,0.01082866,-0.00461495,0.02855968,0,0,12008.7737

17,True,False,0.02,0.25,Rot0,2,0,0.01082866,-0.00461495,0.02855968,0,0,12023.2475

17,True,False,0.02,0.25,Rot0,2,0,0.01082866,-0.00461495,0.02855968,0,0,12038.1755

17,True,False,0.02,0.25,Rot0,2,0,0.01082866,-0.00461495,0.02855968,0,0,12050.2763

17,True,False,0.02,0.25,Rot0,2,0,0.01082866,-0.00461495,0.02855968,0,0,12066.5439

17,True,False,0.02,0.25,Rot0,2,0,0.01082866,-0.00461495,0.02855968,0,0,12091.3417

17,True,False,0.02,0.25,Rot0,2,0,0.01082866,-0.00461495,0.02855968,0,0,12118.6137

17,True,False,0.02,0.25,Rot0,2,0,0.01082866,-0.00461495,0.02855968,0,0,12132.5738

17,True,False,0.02,0.25,Rot0,2,0,0.01082866,-0.00461495,0.02855968,0,0,12146.0174

17,True,False,0.02,0.25,Rot0,2,0,0.01082866,-0.00461495,0.02855968,0,0,12160.4131

17,True,False,0.02,0.25,Rot0,2,0,0.01082866,-0.00461495,0.02855968,0,0,12174.6098

17,True,False,0.02,0.25,Rot0,2,0,0.01082866,-0.00461495,0.02855968,0,0,12188.7117

17,True,False,0.02,0.25,Rot0,2,0,0.01082866,-0.00461495,0.02855968,0,0,12202.7519

17,True,False,0.02,0.25,Rot0,2,0,0.01082866,-0.00461495,0.02855968,0,0,12216.8646

17,True,False,0.02,0.25,Rot0,2,0,0.01082866,-0.00461495,0.02855968,0,0,12244.5163

17,True,False,0.02,0.25,Rot0,2,0,0.01082866,-0.00461495,0.02855968,0,0,12260.5136

17,True,False,0.02,0.25,Rot0,2,0,0.01082866,-0.00461495,0.02855968,0,0,12271.7673

17,True,False,0.02,0.25,Rot0,2,0,0.01082866,-0.00461495,0.02855968,0,0,12286.108

17,True,False,0.02,0.25,Rot0,2,0,0.01082866,-0.00461495,0.02855968,0,0,12301.1956

17,True,False,0.02,0.25,Rot0,2,0,0.01082866,-0.00461495,0.02855968,0,0,12315.002

17,True,False,0.02,0.25,Rot0,2,0,0.01082866,-0.00461495,0.02855968,0,0,12340.9847

17,True,False,0.02,0.25,Rot0,2,0,0.01082866,-0.00461495,0.02855968,0,0,12357.2916

17,True,False,0.02,0.25,Rot0,2,0,0.01082866,-0.00461495,0.02855968,0,0,12368.6257

17,True,False,0.02,0.25,Rot0,2,0,0.01082866,-0.00461495,0.02855968,0,0,12382.629

17,True,False,0.02,0.25,Rot0,2,0,0.01082866,-0.00461495,0.02855968,0,0,12398.1185

17,True,False,0.02,0.25,Rot0,2,0,0.01082866,-0.00461495,0.02855968,0,0,12423.1388

17,True,False,0.02,0.25,Rot0,2,0,0.01082866,-0.00461495,0.02855968,0,0,12450.9346

17,True,False,0.02,0.25,Rot0,2,0,0.01082866,-0.00461495,0.02855968,0,0,12463.2424

17,True,False,0.02,0.25,Rot0,2,0,0.01082866,-0.00461495,0.02855968,0,0,12475.7924

17,True,False,0.02,0.25,Rot0,2,0,0.01082866,-0.00461495,0.02855968,0,0,12489.2895

17,True,False,0.02,0.25,Rot0,2,0,0.01082866,-0.00461495,0.02855968,0,0,12502.4465

17,True,False,0.02,0.25,Rot0,2,0,0.01082866,-0.00461495,0.02855968,0,0,12518.0963

17,True,False,0.02,0.25,Rot0,2,0,0.01082866,-0.00461495,0.02855968,0,0,12531.5178

17,True,False,0.02,0.25,Rot0,2,0,0.01082866,-0.00461495,0.02855968,0,0,12546.5315

17,True,False,0.02,0.25,Rot0,2,0,0.01082866,-0.00461495,0.02855968,0,0,12576.2513

17,True,False,0.02,0.25,Rot0,2,0,0.01082866,-0.00461495,0.02855968,0,0,12600.6836

17,True,False,0.02,0.25,Rot0,2,0,0.01082866,-0.00461495,0.02855968,0,0,12615.2939

17,True,False,0.02,0.25,Rot0,2,0,0.01082866,-0.00461495,0.02855968,0,0,12628.5471

17,True,False,0.02,0.25,Rot0,2,0,0.01082866,-0.00461495,0.02855968,0,0,12656.4365

17,True,False,0.02,0.25,Rot0,2,0,0.01082866,-0.00461495,0.02855968,0,0,12669.8081

17,True,False,0.02,0.25,Rot0,2,0,0.01082866,-0.00461495,0.02855968,0,0,12681.6411

17,True,False,0.02,0.25,Rot0,2,0,0.01082866,-0.00461495,0.02855968,0,0,12694.9332

17,True,False,0.02,0.25,Rot0,2,0,0.01082866,-0.00461495,0.02855968,0,0,12722.9322

17,True,False,0.02,0.25,Rot0,2,0,0.01082866,-0.00461495,0.02855968,0,0,12736.4708

17,True,False,0.02,0.25,Rot0,2,0,0.01082866,-0.00461495,0.02855968,0,0,12748.718

17,True,False,0.02,0.25,Rot0,2,0,0.01082866,-0.00461495,0.02855968,0,0,12762.4808

17,True,False,0.02,0.25,Rot0,2,0,0.01082866,-0.00461495,0.02855968,0,0,12789.0704

17,True,False,0.02,0.25,Rot0,2,0,0.01082866,-0.00461495,0.02855968,0,0,12802.9824

17,True,False,0.02,0.25,Rot0,2,0,0.01082866,-0.00461495,0.02855968,0,0,12816.2042

17,True,False,0.02,0.25,Rot0,2,0,0.01082866,-0.00461495,0.02855968,0,0,12830.0927

17,True,False,0.02,0.25,Rot0,2,0,0.01082866,-0.00461495,0.02855968,0,0,12857.2107

17,True,False,0.02,0.25,Rot0,2,0,0.01082866,-0.00461495,0.02855968,0,0,12870.8881

17,True,False,0.02,0.25,Rot0,2,0,0.01082866,-0.00461495,0.02855968,0,0,12884.9494

17,True,False,0.02,0.25,Rot0,2,0,0.01082866,-0.00461495,0.02855968,0,0,12899.6655

17,True,False,0.02,0.25,Rot0,2,0,0.01082866,-0.00461495,0.02855968,0,0,12913.3249

17,True,False,0.02,0.25,Rot0,2,0,0.01082866,-0.00461495,0.02855968,0,0,12939.4226

17,True,False,0.02,0.25,Rot0,2,0,0.01082866,-0.00461495,0.02855968,0,0,12966.7729

17,True,False,0.02,0.25,Rot0,2,0,0.01082866,-0.00461495,0.02855968,0,0,12981.2111

17,True,False,0.02,0.25,Rot0,2,0,0.01082866,-0.00461495,0.02855968,0,0,12994.8957

17,True,False,0.02,0.25,Rot0,2,0,0.01082866,-0.00461495,0.02855968,0,0,13008.7842

17,True,False,0.02,0.25,Rot0,2,0,0.01082866,-0.00461495,0.02855968,0,0,13022.0374

17,True,False,0.02,0.25,Rot0,2,0,0.01082866,-0.00461495,0.02855968,0,0,13035.6632

17,True,False,0.02,0.25,Rot0,2,0,0.01082866,-0.00461495,0.02855968,0,0,13049.879

17,True,False,0.02,0.25,Rot0,2,0,0.01082866,-0.00461495,0.02855968,0,0,13066.0067

17,True,False,0.02,0.25,Rot0,2,0,0.01082866,-0.00461495,0.02855968,0,0,13080.2058

17,True,False,0.02,0.25,Rot0,2,0,0.01082866,-0.00461495,0.02855968,0,0,13104.5179

17,True,False,0.02,0.25,Rot0,2,0,0.01082866,-0.00461495,0.02855968,0,0,13120.9881

17,True,False,0.02,0.25,Rot0,2,0,0.01082866,-0.00461495,0.02855968,0,0,13131.319

17,True,False,0.02,0.25,Rot0,2,0,0.01082866,-0.00461495,0.02855968,0,0,13147.66

17,True,False,0.02,0.25,Rot0,2,0,0.01082866,-0.00461495,0.02855968,0,0,13173.3157

17,True,False,0.02,0.25,Rot0,2,0,0.01082866,-0.00461495,0.02855968,0,0,13202.3023

17,True,False,0.02,0.25,Rot0,2,0,0.01082866,-0.00461495,0.02855968,0,0,13214.7637

17,True,False,0.02,0.25,Rot0,2,0,0.01082866,-0.00461495,0.02855968,0,0,13228.7267

17,True,False,0.02,0.25,Rot0,2,0,0.01082866,-0.00461495,0.02855968,0,0,13242.2856

17,True,False,0.02,0.25,Rot0,2,0,0.01082866,-0.00461495,0.02855968,0,0,13255.5903

17,True,False,0.02,0.25,Rot0,2,0,0.01082866,-0.00461495,0.02855968,0,0,13269.3605

17,True,False,0.02,0.25,Rot0,2,0,0.01082866,-0.00461495,0.02855968,0,0,13283.8044

17,True,False,0.02,0.25,Rot0,2,0,0.01082866,-0.00461495,0.02855968,0,0,13297.6362

17,True,False,0.02,0.25,Rot0,2,0,0.01082866,-0.00461495,0.02855968,0,0,13311.6535

17,True,False,0.02,0.25,Rot0,2,0,0.01082866,-0.00461495,0.02855968,0,0,13326.5636

17,True,False,0.02,0.25,Rot0,2,0,0.01082866,-0.00461495,0.02855968,0,0,13352.7588

17,True,False,0.02,0.25,Rot0,2,0,0.01082866,-0.00461495,0.02855968,0,0,13380.8067

17,True,False,0.02,0.25,Rot0,2,0,0.01082866,-0.00461495,0.02855968,0,0,13395.0649

17,True,False,0.02,0.25,Rot0,2,0,0.01082866,-0.00461495,0.02855968,0,0,13407.9274

17,True,False,0.02,0.25,Rot0,2,0,0.01082866,-0.00461495,0.02855968,0,0,13420.972

17,True,False,0.02,0.25,Rot0,2,0,0.01082866,-0.00461495,0.02855968,0,0,13433.5182

17,True,False,0.02,0.25,Rot0,2,0,0.01082866,-0.00461495,0.02855968,0,0,13447.0725

17,True,False,0.02,0.25,Rot0,2,0,0.01082866,-0.00461495,0.02855968,0,0,13463.1937

17,True,False,0.02,0.25,Rot0,2,0,0.01082866,-0.00461495,0.02855968,0,0,13475.4915

17,True,False,0.02,0.25,Rot0,2,0,0.01082866,-0.00461495,0.02855968,0,0,13502.2056

17,True,False,0.02,0.25,Rot0,2,0,0.01082866,-0.00461495,0.02855968,0,0,13530.3782

17,True,False,0.02,0.25,Rot0,2,0,0.01082866,-0.00461495,0.02855968,0,0,13543.1083

17,True,False,0.02,0.25,Rot0,2,0,0.01082866,-0.00461495,0.02855968,0,0,13556.044

17,True,False,0.02,0.25,Rot0,2,0,0.01082866,-0.00461495,0.02855968,0,0,13569.72

17,True,False,0.02,0.25,Rot0,2,0,0.01082866,-0.00461495,0.02855968,0,0,13583.2013

17,True,False,0.02,0.25,Rot0,2,0,0.01082866,-0.00461495,0.02855968,0,0,13595.9549

17,True,False,0.02,0.25,Rot0,2,0,0.01082866,-0.00461495,0.02855968,0,0,13609.9791

17,True,False,0.02,0.25,Rot0,2,0,0.01082866,-0.00461495,0.02855968,0,0,13636.2071

17,True,False,0.02,0.25,Rot0,2,0,0.01082866,-0.00461495,0.02855968,0,0,13662.5659

17,True,False,0.02,0.25,Rot0,2,0,0.01082866,-0.00461495,0.02855968,0,0,13676.3862

17,True,False,0.02,0.25,Rot0,2,0,0.01082866,-0.00461495,0.02855968,0,0,13690.6391

17,True,False,0.02,0.25,Rot0,2,0,0.01082866,-0.00461495,0.02855968,0,0,13704.1326

17,True,False,0.02,0.25,Rot0,2,0,0.01082866,-0.00461495,0.02855968,0,0,13717.808

17,True,False,0.02,0.25,Rot0,2,0,0.01082866,-0.00461495,0.02855968,0,0,13732.228

17,True,False,0.02,0.25,Rot0,2,0,0.01082866,-0.00461495,0.02855968,0,0,13746.0298

17,True,False,0.02,0.25,Rot0,2,0,0.01082866,-0.00461495,0.02855968,0,0,13759.8654

17,True,False,0.02,0.25,Rot0,2,0,0.01082866,-0.00461495,0.02855968,0,0,13786.4975

17,True,False,0.02,0.25,Rot0,2,0,0.01082866,-0.00461495,0.02855968,0,0,13813.0613

17,True,False,0.02,0.25,Rot0,2,0,0.01082866,-0.00461495,0.02855968,0,0,13827.1526

17,True,False,0.02,0.25,Rot0,2,0,0.01082866,-0.00461495,0.02855968,0,0,13840.9966

17,True,False,0.02,0.25,Rot0,2,0,0.01082866,-0.00461495,0.02855968,0,0,13854.4008

17,True,False,0.02,0.25,Rot0,2,0,0.01082866,-0.00461495,0.02855968,0,0,13868.9581

17,True,False,0.02,0.25,Rot0,2,0,0.01082866,-0.00461495,0.02855968,0,0,13882.7619

17,True,False,0.02,0.25,Rot0,2,0,0.01082866,-0.00461495,0.02855968,0,0,13896.3233

17,True,False,0.02,0.25,Rot0,2,0,0.01082866,-0.00461495,0.02855968,0,0,13911.8044

17,True,False,0.02,0.25,Rot0,2,0,0.01082866,-0.00461495,0.02855968,0,0,13937.7777

17,True,False,0.02,0.25,Rot0,2,0,0.01082866,-0.00461495,0.02855968,0,0,13951.7874

17,True,False,0.02,0.25,Rot0,2,0,0.01082866,-0.00461495,0.02855968,0,0,13965.661

17,True,False,0.02,0.25,Rot0,2,0,0.01082866,-0.00461495,0.02855968,0,0,13979.2752

17,True,False,0.02,0.25,Rot0,2,0,0.01082866,-0.00461495,0.02855968,0,0,13993.7551

17,True,False,0.02,0.25,Rot0,2,0,0.01082866,-0.00461495,0.02855968,0,0,14020.7626

17,True,False,0.02,0.25,Rot0,2,0,0.01082866,-0.00461495,0.02855968,0,0,14048.9225

17,True,False,0.02,0.25,Rot0,2,0,0.01082866,-0.00461495,0.02855968,0,0,14062.3896

17,True,False,0.02,0.25,Rot0,2,0,0.01082866,-0.00461495,0.02855968,0,0,14075.7746

17,True,False,0.02,0.25,Rot0,2,0,0.01082866,-0.00461495,0.02855968,0,0,14089.3206

17,True,False,0.02,0.25,Rot0,2,0,0.01082866,-0.00461495,0.02855968,0,0,14103.227

17,True,False,0.02,0.25,Rot0,2,0,0.01082866,-0.00461495,0.02855968,0,0,14117.0131

17,True,False,0.02,0.25,Rot0,2,0,0.01082866,-0.00461495,0.02855968,0,0,14130.8378

17,True,False,0.02,0.25,Rot0,2,0,0.01082866,-0.00461495,0.02855968,0,0,14147.1838

17,True,False,0.02,0.25,Rot0,2,0,0.01082866,-0.00461495,0.02855968,0,0,14172.9271

17,True,False,0.02,0.25,Rot0,2,0,0.01082866,-0.00461495,0.02855968,0,0,14187.5226

17,True,False,0.02,0.25,Rot0,2,0,0.01082866,-0.00461495,0.02855968,0,0,14200.8708

17,True,False,0.02,0.25,Rot0,2,0,0.01082866,-0.00461495,0.02855968,0,0,14214.277

17,True,False,0.02,0.25,Rot0,2,0,0.01082866,-0.00461495,0.02855968,0,0,14256.7935

17,True,False,0.02,0.25,Rot0,2,0,0.01082866,-0.00461495,0.02855968,0,0,14271.148

17,True,False,0.02,0.25,Rot0,2,0,0.01082866,-0.00461495,0.02855968,0,0,14284.5804

17,True,False,0.02,0.25,Rot0,2,0,0.01082866,-0.00461495,0.02855968,0,0,14297.3507

17,True,False,0.02,0.25,Rot0,2,0,0.01082866,-0.00461495,0.02855968,0,0,14313.2141

17,True,False,0.02,0.25,Rot0,2,0,0.01082866,-0.00461495,0.02855968,0,0,14327.783

17,True,False,0.02,0.25,Rot0,2,0,0.01082866,-0.00461495,0.02855968,0,0,14352.6388

17,True,False,0.02,0.25,Rot0,2,0,0.01082866,-0.00461495,0.02855968,0,0,14367.8846

17,True,False,0.02,0.25,Rot0,2,0,0.01082866,-0.00461495,0.02855968,0,0,14381.1924

17,True,False,0.02,0.25,Rot0,2,0,0.01082866,-0.00461495,0.02855968,0,0,14395.8435

17,True,False,0.02,0.25,Rot0,2,0,0.01082866,-0.00461495,0.02855968,0,0,14409.38

17,True,False,0.02,0.25,Rot0,2,0,0.01082866,-0.00461495,0.02855968,0,0,14436.46

17,True,False,0.02,0.25,Rot0,2,0,0.01082866,-0.00461495,0.02855968,0,0,14452.2589

17,True,False,0.02,0.25,Rot0,2,0,0.01082866,-0.00461495,0.02855968,0,0,14478.216

17,True,False,0.02,0.25,Rot0,2,0,0.01082866,-0.00461495,0.02855968,0,0,14507.1988

17,True,False,0.02,0.25,Rot0,2,0,0.01082866,-0.00461495,0.02855968,0,0,14520.9215

17,True,False,0.02,0.25,Rot0,2,0,0.01082866,-0.00461495,0.02855968,0,0,14534.1068

17,True,False,0.02,0.25,Rot0,2,0,0.01082866,-0.00461495,0.02855968,0,0,14549.1199

17,True,False,0.02,0.25,Rot0,2,0,0.01082866,-0.00461495,0.02855968,0,0,14565.1535

17,True,False,0.02,0.25,Rot0,2,0,0.01082866,-0.00461495,0.02855968,0,0,14576.0959

17,True,False,0.02,0.25,Rot0,2,0,0.01082866,-0.00461495,0.02855968,0,0,14592.3835

17,True,False,0.02,0.25,Rot0,2,0,0.01082866,-0.00461495,0.02855968,0,0,14617.6457

17,True,False,0.02,0.25,Rot0,2,0,0.01082866,-0.00461495,0.02855968,0,0,14644.1496

17,True,False,0.02,0.25,Rot0,2,0,0.01082866,-0.00461495,0.02855968,0,0,14656.5597

17,True,False,0.02,0.25,Rot0,2,0,0.01082866,-0.00461495,0.02855968,0,0,14669.5911

17,True,False,0.02,0.25,Rot0,2,0,0.01082866,-0.00461495,0.02855968,0,0,14682.6843

17,True,False,0.02,0.25,Rot0,2,0,0.01082866,-0.00461495,0.02855968,0,0,14695.3245

17,True,False,0.02,0.25,Rot0,2,0,0.01082866,-0.00461495,0.02855968,0,0,14709.9723

17,True,False,0.02,0.25,Rot0,2,0,0.01082866,-0.00461495,0.02855968,0,0,14736.7272

17,True,False,0.02,0.25,Rot0,2,0,0.01082866,-0.00461495,0.02855968,0,0,14753.5543

17,True,False,0.02,0.25,Rot0,2,0,0.01082866,-0.00461495,0.02855968,0,0,14764.7387

17,True,False,0.02,0.25,Rot0,2,0,0.01082866,-0.00461495,0.02855968,0,0,14777.8101

17,True,False,0.02,0.25,Rot0,2,0,0.01082866,-0.00461495,0.02855968,0,0,14795.4023

17,True,False,0.02,0.25,Rot0,2,0,0.01082866,-0.00461495,0.02855968,0,0,14820.6967

17,True,False,0.02,0.25,Rot0,2,0,0.01082866,-0.00461495,0.02855968,0,0,14846.649

17,True,False,0.02,0.25,Rot0,2,0,0.01082866,-0.00461495,0.02855968,0,0,14860.1563

17,True,False,0.02,0.25,Rot0,2,0,0.01082866,-0.00461495,0.02855968,0,0,14873.1537

17,True,False,0.02,0.25,Rot0,2,0,0.01082866,-0.00461495,0.02855968,0,0,14887.3213

17,True,False,0.02,0.25,Rot0,2,0,0.01082866,-0.00461495,0.02855968,0,0,14900.9659

17,True,False,0.02,0.25,Rot0,2,0,0.01082866,-0.00461495,0.02855968,0,0,14914.2777

17,True,False,0.02,0.25,Rot0,2,0,0.01082866,-0.00461495,0.02855968,0,0,14927.9402

17,True,False,0.02,0.25,Rot0,2,0,0.01082866,-0.00461495,0.02855968,0,0,14942.8437

17,True,False,0.02,0.25,Rot0,2,0,0.01082866,-0.00461495,0.02855968,0,0,14967.9463

17,True,False,0.02,0.25,Rot0,2,0,0.01082866,-0.00461495,0.02855968,0,0,14994.5058

17,True,False,0.02,0.25,Rot0,2,0,0.01082866,-0.00461495,0.02855968,0,0,15008.6861

17,True,False,0.02,0.25,Rot0,2,0,0.01082866,-0.00461495,0.02855968,0,0,15022.7202

17,True,False,0.02,0.25,Rot0,2,0,0.01082866,-0.00461495,0.02855968,0,0,15036.6427

17,True,False,0.02,0.25,Rot0,2,0,0.01082866,-0.00461495,0.02855968,0,0,15049.7138

17,True,False,0.02,0.25,Rot0,2,0,0.01082866,-0.00461495,0.02855968,0,0,15064.2943

17,True,False,0.02,0.25,Rot0,2,0,0.01082866,-0.00461495,0.02855968,0,0,15091.1745

17,True,False,0.02,0.25,Rot0,2,0,0.01082866,-0.00461495,0.02855968,0,0,15105.2674

17,True,False,0.02,0.25,Rot0,2,0,0.01082866,-0.00461495,0.02855968,0,0,15119.1876

17,True,False,0.02,0.25,Rot0,2,0,0.01082866,-0.00461495,0.02855968,0,0,15132.9447

17,True,False,0.02,0.25,Rot0,2,0,0.01082866,-0.00461495,0.02855968,0,0,15147.3029

17,True,False,0.02,0.25,Rot0,2,0,0.01082866,-0.00461495,0.02855968,0,0,15162.4606

17,True,False,0.02,0.25,Rot0,2,0,0.01082866,-0.00461495,0.02855968,0,0,15188.0954

17,True,False,0.02,0.25,Rot0,2,0,0.01082866,-0.00461495,0.02855968,0,0,15203.8665

17,True,False,0.02,0.25,Rot0,2,0,0.01082866,-0.00461495,0.02855968,0,0,15215.7183

17,True,False,0.02,0.25,Rot0,2,0,0.01082866,-0.00461495,0.02855968,0,0,15229.5136

17,True,False,0.02,0.25,Rot0,2,0,0.01082866,-0.00461495,0.02855968,0,0,15244.269

17,True,False,0.02,0.25,Rot0,2,0,0.01082866,-0.00461495,0.02855968,0,0,15258.7983

17,True,False,0.02,0.25,Rot0,2,0,0.01082866,-0.00461495,0.02855968,0,0,15284.2202

17,True,False,0.02,0.25,Rot0,2,0,0.01082866,-0.00461495,0.02855968,0,0,15300.1487

17,True,False,0.02,0.25,Rot0,2,0,0.01082866,-0.00461495,0.02855968,0,0,15312.1295

17,True,False,0.02,0.25,Rot0,2,0,0.01082866,-0.00461495,0.02855968,0,0,15327.1834

17,True,False,0.02,0.25,Rot0,2,0,0.01082866,-0.00461495,0.02855968,0,0,15342.6381

17,True,False,0.02,0.25,Rot0,2,0,0.01082866,-0.00461495,0.02855968,0,0,15367.1121

17,True,False,0.02,0.25,Rot0,2,0,0.01082866,-0.00461495,0.02855968,0,0,15382.0687

17,True,False,0.02,0.25,Rot0,2,0,0.01082866,-0.00461495,0.02855968,0,0,15393.7428

17,True,False,0.02,0.25,Rot0,2,0,0.01082866,-0.00461495,0.02855968,0,0,15421.3861

17,True,False,0.02,0.25,Rot0,2,0,0.01082866,-0.00461495,0.02855968,0,0,15437.1872

17,True,False,0.02,0.25,Rot0,2,0,0.01082866,-0.00461495,0.02855968,0,0,15450.0463

17,True,False,0.02,0.25,Rot0,2,0,0.01082866,-0.00461495,0.02855968,0,0,15463.6178

17,True,False,0.02,0.25,Rot0,2,0,0.01082866,-0.00461495,0.02855968,0,0,15478.8617

17,True,False,0.02,0.25,Rot0,2,0,0.01082866,-0.00461495,0.02855968,0,0,15493.053

17,True,False,0.02,0.25,Rot0,2,0,0.01082866,-0.00461495,0.02855968,0,0,15519.4099

17,True,False,0.02,0.25,Rot0,2,0,0.01082866,-0.00461495,0.02855968,0,0,15547.172

17,True,False,0.02,0.25,Rot0,2,0,0.01082866,-0.00461495,0.02855968,0,0,15559.3652

17,True,False,0.02,0.25,Rot0,2,0,0.01082866,-0.00461495,0.02855968,0,0,15572.1719

17,True,False,0.02,0.25,Rot0,2,0,0.01082866,-0.00461495,0.02855968,0,0,15585.5193

17,True,False,0.02,0.25,Rot0,2,0,0.01082866,-0.00461495,0.02855968,0,0,15598.1184

17,True,False,0.02,0.25,Rot0,2,0,0.01082866,-0.00461495,0.02855968,0,0,15611.9986

17,True,False,0.02,0.25,Rot0,2,0,0.01082866,-0.00461495,0.02855968,0,0,15626.8395

17,True,False,0.02,0.25,Rot0,2,0,0.01082866,-0.00461495,0.02855968,0,0,15652.6487

17,True,False,0.02,0.25,Rot0,2,0,0.01082866,-0.00461495,0.02855968,0,0,15678.3677

17,True,False,0.02,0.25,Rot0,2,0,0.01082866,-0.00461495,0.02855968,0,0,15692.0962

17,True,False,0.02,0.25,Rot0,2,0,0.01082866,-0.00461495,0.02855968,0,0,15705.8602

17,True,False,0.02,0.25,Rot0,2,0,0.01082866,-0.00461495,0.02855968,0,0,15719.2924

17,True,False,0.02,0.25,Rot0,2,0,0.01082866,-0.00461495,0.02855968,0,0,15733.75

17,True,False,0.02,0.25,Rot0,2,0,0.01082866,-0.00461495,0.02855968,0,0,15746.9107

17,True,False,0.02,0.25,Rot0,2,0,0.01082866,-0.00461495,0.02855968,0,0,15760.8974

17,True,False,0.02,0.25,Rot0,2,0,0.01082866,-0.00461495,0.02855968,0,0,15787.6306

17,True,False,0.02,0.25,Rot0,2,0,0.01082866,-0.00461495,0.02855968,0,0,15813.6351

17,True,False,0.02,0.25,Rot0,2,0,0.01082866,-0.00461495,0.02855968,0,0,15841.968

17,True,False,0.02,0.25,Rot0,2,0,0.01082866,-0.00461495,0.02855968,0,0,15855.1182

17,True,False,0.02,0.25,Rot0,2,0,0.01082866,-0.00461495,0.02855968,0,0,15868.4096

17,True,False,0.02,0.25,Rot0,2,0,0.01082866,-0.00461495,0.02855968,0,0,15882.7614

17,True,False,0.02,0.25,Rot0,2,0,0.01082866,-0.00461495,0.02855968,0,0,15923.2512

17,True,False,0.02,0.25,Rot0,2,0,0.01082866,-0.00461495,0.02855968,0,0,15937.2197

17,True,False,0.02,0.25,Rot0,2,0,0.01082866,-0.00461495,0.02855968,0,0,15951.3505

17,True,False,0.02,0.25,Rot0,2,0,0.01082866,-0.00461495,0.02855968,0,0,15965.3547

17,True,False,0.02,0.25,Rot0,2,0,0.01082866,-0.00461495,0.02855968,0,0,15979.1189

17,True,False,0.02,0.25,Rot0,2,0,0.01082866,-0.00461495,0.02855968,0,0,15992.0926

17,True,False,0.02,0.25,Rot0,2,0,0.01082866,-0.00461495,0.02855968,0,0,16019.2574

17,True,False,0.02,0.25,Rot0,2,0,0.01082866,-0.00461495,0.02855968,0,0,16033.2181

17,True,False,0.02,0.25,Rot0,2,0,0.01082866,-0.00461495,0.02855968,0,0,16046.1077

17,True,False,0.02,0.25,Rot0,2,0,0.01082866,-0.00461495,0.02855968,0,0,16074.5025

17,True,False,0.02,0.25,Rot0,2,0,0.01082866,-0.00461495,0.02855968,0,0,16088.2436

17,True,False,0.02,0.25,Rot0,2,0,0.01082866,-0.00461495,0.02855968,0,0,16101.4068

17,True,False,0.02,0.25,Rot0,2,0,0.01082866,-0.00461495,0.02855968,0,0,16114.1886

17,True,False,0.02,0.25,Rot0,2,0,0.01082866,-0.00461495,0.02855968,0,0,16129.83

17,True,False,0.02,0.25,Rot0,2,0,0.01082866,-0.00461495,0.02855968,0,0,16142.5319

17,True,False,0.02,0.25,Rot0,2,0,0.01082866,-0.00461495,0.02855968,0,0,16170.0782

17,True,False,0.02,0.25,Rot0,2,0,0.01082866,-0.00461495,0.02855968,0,0,16185.1005

17,True,False,0.02,0.25,Rot0,2,0,0.01082866,-0.00461495,0.02855968,0,0,16196.9244

17,True,False,0.02,0.25,Rot0,2,0,0.01082866,-0.00461495,0.02855968,0,0,16211.6607

17,True,False,0.02,0.25,Rot0,2,0,0.01082866,-0.00461495,0.02855968,0,0,16225.6631

17,True,False,0.02,0.25,Rot0,2,0,0.01082866,-0.00461495,0.02855968,0,0,16241.3034

17,True,False,0.02,0.25,Rot0,2,0,0.01082866,-0.00461495,0.02855968,0,0,16267.4617

17,True,False,0.02,0.25,Rot0,2,0,0.01082866,-0.00461495,0.02855968,0,0,16295.0384

17,True,False,0.02,0.25,Rot0,2,0,0.01082866,-0.00461495,0.02855968,0,0,16307.778

17,True,False,0.02,0.25,Rot0,2,0,0.01082866,-0.00461495,0.02855968,0,0,16320.8671

17,True,False,0.02,0.25,Rot0,2,0,0.01082866,-0.00461495,0.02855968,0,0,16333.8305

17,True,False,0.02,0.25,Rot0,2,0,0.01082866,-0.00461495,0.02855968,0,0,16347.512

17,True,False,0.02,0.25,Rot0,2,0,0.01082866,-0.00461495,0.02855968,0,0,16373.9845

17,True,False,0.02,0.25,Rot0,2,0,0.01082866,-0.00461495,0.02855968,0,0,16386.8804

17,True,False,0.02,0.25,Rot0,2,0,0.01082866,-0.00461495,0.02855968,0,0,16400.6352

17,True,False,0.02,0.25,Rot0,2,0,0.01082866,-0.00461495,0.02855968,0,0,16413.9711

17,True,False,0.02,0.25,Rot0,2,0,0.01082866,-0.00461495,0.02855968,0,0,16428.6848

17,True,False,0.02,0.25,Rot0,2,0,0.01082866,-0.00461495,0.02855968,0,0,16442.5868

17,True,False,0.02,0.25,Rot0,2,0,0.01082866,-0.00461495,0.02855968,0,0,16467.3585

17,True,False,0.02,0.25,Rot0,2,0,0.01082866,-0.00461495,0.02855968,0,0,16494.1299

17,True,False,0.02,0.25,Rot0,2,0,0.01082866,-0.00461495,0.02855968,0,0,16508.0357

17,True,False,0.02,0.25,Rot0,2,0,0.01082866,-0.00461495,0.02855968,0,0,16521.0294

17,True,False,0.02,0.25,Rot0,2,0,0.01082866,-0.00461495,0.02855968,0,0,16534.9899

17,True,False,0.02,0.25,Rot0,2,0,0.01082866,-0.00461495,0.02855968,0,0,16549.3658

17,True,False,0.02,0.25,Rot0,2,0,0.01082866,-0.00461495,0.02855968,0,0,16563.4537

17,True,False,0.02,0.25,Rot0,2,0,0.01082866,-0.00461495,0.02855968,0,0,16576.1933

17,True,False,0.02,0.25,Rot0,2,0,0.01082866,-0.00461495,0.02855968,0,0,16604.0806

17,True,False,0.02,0.25,Rot0,2,0,0.01082866,-0.00461495,0.02855968,0,0,16619.8594

17,True,False,0.02,0.25,Rot0,2,0,0.01082866,-0.00461495,0.02855968,0,0,16632.0352

17,True,False,0.02,0.25,Rot0,2,0,0.01082866,-0.00461495,0.02855968,0,0,16644.8477

17,True,False,0.02,0.25,Rot0,2,0,0.01082866,-0.00461495,0.02855968,0,0,16661.3721

17,True,False,0.02,0.25,Rot0,2,0,0.01082866,-0.00461495,0.02855968,0,0,16685.9683

17,True,False,0.02,0.25,Rot0,2,0,0.01082866,-0.00461495,0.02855968,0,0,16714.1477

17,True,False,0.02,0.25,Rot0,2,0,0.01082866,-0.00461495,0.02855968,0,0,16726.3738

17,True,False,0.02,0.25,Rot0,2,0,0.01082866,-0.00461495,0.02855968,0,0,16738.9196

17,True,False,0.02,0.25,Rot0,2,0,0.01082866,-0.00461495,0.02855968,0,0,16751.6744

17,True,False,0.02,0.25,Rot0,2,0,0.01082866,-0.00461495,0.02855968,0,0,16765.5718

17,True,False,0.02,0.25,Rot0,2,0,0.01082866,-0.00461495,0.02855968,0,0,16780.113

17,True,False,0.02,0.25,Rot0,2,0,0.01082866,-0.00461495,0.02855968,0,0,16792.5438

17,True,False,0.02,0.25,Rot0,2,0,0.01082866,-0.00461495,0.02855968,0,0,16819.127

17,True,False,0.02,0.25,Rot0,2,0,0.01082866,-0.00461495,0.02855968,0,0,16845.3319

17,True,False,0.02,0.25,Rot0,2,0,0.01082866,-0.00461495,0.02855968,0,0,16858.1976

17,True,False,0.02,0.25,Rot0,2,0,0.01082866,-0.00461495,0.02855968,0,0,16872.333

17,True,False,0.02,0.25,Rot0,2,0,0.01082866,-0.00461495,0.02855968,0,0,16886.2033

17,True,False,0.02,0.25,Rot0,2,0,0.01082866,-0.00461495,0.02855968,0,0,16899.555

17,True,False,0.02,0.25,Rot0,2,0,0.01082866,-0.00461495,0.02855968,0,0,16912.8206

17,True,False,0.02,0.25,Rot0,2,0,0.01082866,-0.00461495,0.02855968,0,0,16927.9657

17,True,False,0.02,0.25,Rot0,2,0,0.01082866,-0.00461495,0.02855968,0,0,16953.6153

17,True,False,0.02,0.25,Rot0,2,0,0.01082866,-0.00461495,0.02855968,0,0,16980.0253

17,True,False,0.02,0.25,Rot0,2,0,0.01082866,-0.00461495,0.02855968,0,0,16994.0896

17,True,False,0.02,0.25,Rot0,2,0,0.01082866,-0.00461495,0.02855968,0,0,17007.1499

17,True,False,0.02,0.25,Rot0,2,0,0.01082866,-0.00461495,0.02855968,0,0,17021.391

17,True,False,0.02,0.25,Rot0,2,0,0.01082866,-0.00461495,0.02855968,0,0,17034.9311

17,True,False,0.02,0.25,Rot0,2,0,0.01082866,-0.00461495,0.02855968,0,0,17048.8799

17,True,False,0.02,0.25,Rot0,2,0,0.01082866,-0.00461495,0.02855968,0,0,17063.0159

17,True,False,0.02,0.25,Rot0,2,0,0.01082866,-0.00461495,0.02855968,0,0,17089.8658

17,True,False,0.02,0.25,Rot0,2,0,0.01082866,-0.00461495,0.02855968,0,0,17103.837

17,True,False,0.02,0.25,Rot0,2,0,0.01082866,-0.00461495,0.02855968,0,0,17117.7493

17,True,False,0.02,0.25,Rot0,2,0,0.01082866,-0.00461495,0.02855968,0,0,17131.6588

17,True,False,0.02,0.25,Rot0,2,0,0.01082866,-0.00461495,0.02855968,0,0,17146.0915

17,True,False,0.02,0.25,Rot0,2,0,0.01082866,-0.00461495,0.02855968,0,0,17173.0553

17,True,False,0.02,0.25,Rot0,2,0,0.01082866,-0.00461495,0.02855968,0,0,17201.4484

17,True,False,0.02,0.25,Rot0,2,0,0.01082866,-0.00461495,0.02855968,0,0,17215.4269

17,True,False,0.02,0.25,Rot0,2,0,0.01082866,-0.00461495,0.02855968,0,0,17229.23

17,True,False,0.02,0.25,Rot0,2,0,0.01082866,-0.00461495,0.02855968,0,0,17243.7324

17,True,False,0.02,0.25,Rot0,2,0,0.01082866,-0.00461495,0.02855968,0,0,17257.1664

17,True,False,0.02,0.25,Rot0,2,0,0.01082866,-0.00461495,0.02855968,0,0,17271.3063

17,True,False,0.02,0.25,Rot0,2,0,0.01082866,-0.00461495,0.02855968,0,0,17285.2239

17,True,False,0.02,0.25,Rot0,2,0,0.01082866,-0.00461495,0.02855968,0,0,17299.415

17,True,False,0.02,0.25,Rot0,2,0,0.01082866,-0.00461495,0.02855968,0,0,17313.1224

17,True,False,0.02,0.25,Rot0,2,0,0.01082866,-0.00461495,0.02855968,0,0,17327.4323

17,True,False,0.02,0.25,Rot0,2,0,0.01082866,-0.00461495,0.02855968,0,0,17354.0125

17,True,False,0.02,0.25,Rot0,2,0,0.01082866,-0.00461495,0.02855968,0,0,17368.9544

17,True,False,0.02,0.25,Rot0,2,0,0.01082866,-0.00461495,0.02855968,0,0,17381.965

17,True,False,0.02,0.25,Rot0,2,0,0.01082866,-0.00461495,0.02855968,0,0,17395.5196

17,True,False,0.02,0.25,Rot0,2,0,0.01082866,-0.00461495,0.02855968,0,0,17410.0827

17,True,False,0.02,0.25,Rot0,2,0,0.01082866,-0.00461495,0.02855968,0,0,17436.6271

17,True,False,0.02,0.25,Rot0,2,0,0.01082866,-0.00461495,0.02855968,0,0,17464.6627

17,True,False,0.02,0.25,Rot0,2,0,0.01082866,-0.00461495,0.02855968,0,0,17478.5202

17,True,False,0.02,0.25,Rot0,2,0,0.01082866,-0.00461495,0.02855968,0,0,17491.9754

17,True,False,0.02,0.25,Rot0,2,0,0.01082866,-0.00461495,0.02855968,0,0,17504.7744

17,True,False,0.02,0.25,Rot0,2,0,0.01082866,-0.00461495,0.02855968,0,0,17517.4618

17,True,False,0.02,0.25,Rot0,2,0,0.01082866,-0.00461495,0.02855968,0,0,17530.5687

17,True,False,0.02,0.25,Rot0,2,0,0.01082866,-0.00461495,0.02855968,0,0,17547.1707

17,True,False,0.02,0.25,Rot0,2,0,0.01082866,-0.00461495,0.02855968,0,0,17573.2761

17,True,False,0.02,0.25,Rot0,2,0,0.01082866,-0.00461495,0.02855968,0,0,17598.6409

17,True,False,0.02,0.25,Rot0,2,0,0.01082866,-0.00461495,0.02855968,0,0,17614.746

17,True,False,0.02,0.25,Rot0,2,0,0.01082866,-0.00461495,0.02855968,0,0,17626.4447

17,True,False,0.02,0.25,Rot0,2,0,0.01082866,-0.00461495,0.02855968,0,0,17639.6607

17,True,False,0.02,0.25,Rot0,2,0,0.01082866,-0.00461495,0.02855968,0,0,17665.7563

17,True,False,0.02,0.25,Rot0,2,0,0.01082866,-0.00461495,0.02855968,0,0,17692.0798

17,True,False,0.02,0.25,Rot0,2,0,0.01082866,-0.00461495,0.02855968,0,0,17705.5812

17,True,False,0.02,0.25,Rot0,2,0,0.01082866,-0.00461495,0.02855968,0,0,17719.6789

17,True,False,0.02,0.25,Rot0,2,0,0.01082866,-0.00461495,0.02855968,0,0,17732.8091

17,True,False,0.02,0.25,Rot0,2,0,0.01082866,-0.00461495,0.02855968,0,0,17747.211

17,True,False,0.02,0.25,Rot0,2,0,0.01082866,-0.00461495,0.02855968,0,0,17761.0593

17,True,False,0.02,0.25,Rot0,2,0,0.01082866,-0.00461495,0.02855968,0,0,17774.5405

17,True,False,0.02,0.25,Rot0,2,0,0.01082866,-0.00461495,0.02855968,0,0,17788.1155

17,True,False,0.02,0.25,Rot0,2,0,0.01082866,-0.00461495,0.02855968,0,0,17814.9088

17,True,False,0.02,0.25,Rot0,2,0,0.01082866,-0.00461495,0.02855968,0,0,17841.3776

17,True,False,0.02,0.25,Rot0,2,0,0.01082866,-0.00461495,0.02855968,0,0,17855.4542

17,True,False,0.02,0.25,Rot0,2,0,0.01082866,-0.00461495,0.02855968,0,0,17869.1904

17,True,False,0.02,0.25,Rot0,2,0,0.01082866,-0.00461495,0.02855968,0,0,17882.6994

17,True,False,0.02,0.25,Rot0,2,0,0.01082866,-0.00461495,0.02855968,0,0,17896.2232

17,True,False,0.02,0.25,Rot0,2,0,0.01082866,-0.00461495,0.02855968,0,0,17910.5954

17,True,False,0.02,0.25,Rot0,2,0,0.01082866,-0.00461495,0.02855968,0,0,17925.5201

17,True,False,0.02,0.25,Rot0,2,0,0.01082866,-0.00461495,0.02855968,0,0,17940.0173

17,True,False,0.02,0.25,Rot0,2,0,0.01082866,-0.00461495,0.02855968,0,0,17965.0288

17,True,False,0.02,0.25,Rot0,2,0,0.01082866,-0.00461495,0.02855968,0,0,17980.4595

17,True,False,0.02,0.25,Rot0,2,0,0.01082866,-0.00461495,0.02855968,0,0,17992.2533

17,True,False,0.02,0.25,Rot0,2,0,0.01082866,-0.00461495,0.02855968,0,0,18006.6987

17,True,False,0.02,0.25,Rot0,2,0,0.01082866,-0.00461495,0.02855968,0,0,18022.7925

17,True,False,0.02,0.25,Rot0,2,0,0.01082866,-0.00461495,0.02855968,0,0,18047.3657

17,True,False,0.02,0.25,Rot0,2,0,0.01082866,-0.00461495,0.02855968,0,0,18062.3314

17,True,False,0.02,0.25,Rot0,2,0,0.01082866,-0.00461495,0.02855968,0,0,18075.4858

17,True,False,0.02,0.25,Rot0,2,0,0.01082866,-0.00461495,0.02855968,0,0,18090.4203

17,True,False,0.02,0.25,Rot0,2,0,0.01082866,-0.00461495,0.02855968,0,0,18118.0105

17,True,False,0.02,0.25,Rot0,2,0,0.01082866,-0.00461495,0.02855968,0,0,18145.3968

17,True,False,0.02,0.25,Rot0,2,0,0.01082866,-0.00461495,0.02855968,0,0,18160.1287

17,True,False,0.02,0.25,Rot0,2,0,0.01082866,-0.00461495,0.02855968,0,0,18174.0119

17,True,False,0.02,0.25,Rot0,2,0,0.01082866,-0.00461495,0.02855968,0,0,18187.7566

17,True,False,0.02,0.25,Rot0,2,0,0.01082866,-0.00461495,0.02855968,0,0,18201.7769

17,True,False,0.02,0.25,Rot0,2,0,0.01082866,-0.00461495,0.02855968,0,0,18215.5851

17,True,False,0.02,0.25,Rot0,2,0,0.01082866,-0.00461495,0.02855968,0,0,18229.8938

17,True,False,0.02,0.25,Rot0,2,0,0.01082866,-0.00461495,0.02855968,0,0,18246.1584

17,True,False,0.02,0.25,Rot0,2,0,0.01082866,-0.00461495,0.02855968,0,0,18259.9648

17,True,False,0.02,0.25,Rot0,2,0,0.01082866,-0.00461495,0.02855968,0,0,18272.6871

17,True,False,0.02,0.25,Rot0,2,0,0.01082866,-0.00461495,0.02855968,0,0,18298.3059

17,True,False,0.02,0.25,Rot0,2,0,0.01082866,-0.00461495,0.02855968,0,0,18313.9918

17,True,False,0.02,0.25,Rot0,2,0,0.01082866,-0.00461495,0.02855968,0,0,18327.6531

17,True,False,0.02,0.25,Rot0,2,0,0.01082866,-0.00461495,0.02855968,0,0,18354.3951

17,True,False,0.02,0.25,Rot0,2,0,0.01082866,-0.00461495,0.02855968,0,0,18368.1988

17,True,False,0.02,0.25,Rot0,2,0,0.01082866,-0.00461495,0.02855968,0,0,18381.6566

17,True,False,0.02,0.25,Rot0,2,0,0.01082866,-0.00461495,0.02855968,0,0,18395.2075

17,True,False,0.02,0.25,Rot0,2,0,0.01082866,-0.00461495,0.02855968,0,0,18409.7764

17,True,False,0.02,0.25,Rot0,2,0,0.01082866,-0.00461495,0.02855968,0,0,18425.6553

17,True,False,0.02,0.25,Rot0,2,0,0.01082866,-0.00461495,0.02855968,0,0,18451.03

17,True,False,0.02,0.25,Rot0,2,0,0.01082866,-0.00461495,0.02855968,0,0,18466.3747

17,True,False,0.02,0.25,Rot0,2,0,0.01082866,-0.00461495,0.02855968,0,0,18478.9059

17,True,False,0.02,0.25,Rot0,2,0,0.01082866,-0.00461495,0.02855968,0,0,18493.4173

17,True,False,0.02,0.25,Rot0,2,0,0.01082866,-0.00461495,0.02855968,0,0,18521.482

17,True,False,0.02,0.25,Rot0,2,0,0.01082866,-0.00461495,0.02855968,0,0,18535.1437

17,True,False,0.02,0.25,Rot0,2,0,0.01082866,-0.00461495,0.02855968,0,0,18550.5402

17,True,False,0.02,0.25,Rot0,2,0,0.01082866,-0.00461495,0.02855968,0,0,18577.5761

17,True,False,0.02,0.25,Rot0,2,0,0.01082866,-0.00461495,0.02855968,0,0,18590.5835

17,True,False,0.02,0.25,Rot0,2,0,0.01082866,-0.00461495,0.02855968,0,0,18604.3794

17,True,False,0.02,0.25,Rot0,2,0,0.01082866,-0.00461495,0.02855968,0,0,18618.4114

17,True,False,0.02,0.25,Rot0,2,0,0.01082866,-0.00461495,0.02855968,0,0,18632.9968

17,True,False,0.02,0.25,Rot0,2,0,0.01082866,-0.00461495,0.02855968,0,0,18647.2657

17,True,False,0.02,0.25,Rot0,2,0,0.01082866,-0.00461495,0.02855968,0,0,18661.4798

17,True,False,0.02,0.25,Rot0,2,0,0.01082866,-0.00461495,0.02855968,0,0,18675.0811

17,True,False,0.02,0.25,Rot0,2,0,0.01082866,-0.00461495,0.02855968,0,0,18688.6461

17,True,False,0.02,0.25,Rot0,2,0,0.01082866,-0.00461495,0.02855968,0,0,18716.2081

17,True,False,0.02,0.25,Rot0,2,0,0.01082866,-0.00461495,0.02855968,0,0,18732.1467

17,True,False,0.02,0.25,Rot0,2,0,0.01082866,-0.00461495,0.02855968,0,0,18743.5544

17,True,False,0.02,0.25,Rot0,2,0,0.01082866,-0.00461495,0.02855968,0,0,18757.1187

17,True,False,0.02,0.25,Rot0,2,0,0.01082866,-0.00461495,0.02855968,0,0,18784.5502

17,True,False,0.02,0.25,Rot0,2,0,0.01082866,-0.00461495,0.02855968,0,0,18799.2606

17,True,False,0.02,0.25,Rot0,2,0,0.01082866,-0.00461495,0.02855968,0,0,18812.7776

17,True,False,0.02,0.25,Rot0,2,0,0.01082866,-0.00461495,0.02855968,0,0,18826.6974

17,True,False,0.02,0.25,Rot0,2,0,0.01082866,-0.00461495,0.02855968,0,0,18841.6273

17,True,False,0.02,0.25,Rot0,2,0,0.01082866,-0.00461495,0.02855968,0,0,18855.782

17,True,False,0.02,0.25,Rot0,2,0,0.01082866,-0.00461495,0.02855968,0,0,18881.6625

17,True,False,0.02,0.25,Rot0,2,0,0.01082866,-0.00461495,0.02855968,0,0,18897.4889

17,True,False,0.02,0.25,Rot0,2,0,0.01082866,-0.00461495,0.02855968,0,0,18909.2429

17,True,False,0.02,0.25,Rot0,2,0,0.01082866,-0.00461495,0.02855968,0,0,18923.5401

17,True,False,0.02,0.25,Rot0,2,0,0.01082866,-0.00461495,0.02855968,0,0,18939.4477

17,True,False,0.02,0.25,Rot0,2,0,0.01082866,-0.00461495,0.02855968,0,0,18964.1341

17,True,False,0.02,0.25,Rot0,2,0,0.01082866,-0.00461495,0.02855968,0,0,18981.4438

17,True,False,0.02,0.25,Rot0,2,0,0.01082866,-0.00461495,0.02855968,0,0,18993.6727

17,True,False,0.02,0.25,Rot0,2,0,0.01082866,-0.00461495,0.02855968,0,0,19006.5784

17,True,False,0.02,0.25,Rot0,2,0,0.01082866,-0.00461495,0.02855968,0,0,19034.1156

17,True,False,0.02,0.25,Rot0,2,0,0.01082866,-0.00461495,0.02855968,0,0,19049.4701

17,True,False,0.02,0.25,Rot0,2,0,0.01082866,-0.00461495,0.02855968,0,0,19062.6808

17,True,False,0.02,0.25,Rot0,2,0,0.01082866,-0.00461495,0.02855968,0,0,19076.1594

17,True,False,0.02,0.25,Rot0,2,0,0.01082866,-0.00461495,0.02855968,0,0,19090.4009

17,True,False,0.02,0.25,Rot0,2,0,0.01082866,-0.00461495,0.02855968,0,0,19105.6979

17,True,False,0.02,0.25,Rot0,2,0,0.01082866,-0.00461495,0.02855968,0,0,19131.6882

17,True,False,0.02,0.25,Rot0,2,0,0.01082866,-0.00461495,0.02855968,0,0,19146.722

17,True,False,0.02,0.25,Rot0,2,0,0.01082866,-0.00461495,0.02855968,0,0,19159.7123

17,True,False,0.02,0.25,Rot0,2,0,0.01082866,-0.00461495,0.02855968,0,0,19173.6228

17,True,False,0.02,0.25,Rot0,2,0,0.01082866,-0.00461495,0.02855968,0,0,19188.0434

17,True,False,0.02,0.25,Rot0,2,0,0.01082866,-0.00461495,0.02855968,0,0,19214.5544

17,True,False,0.02,0.25,Rot0,2,0,0.01082866,-0.00461495,0.02855968,0,0,19240.5421

17,True,False,0.02,0.25,Rot0,2,0,0.01082866,-0.00461495,0.02855968,0,0,19252.6525

17,True,False,0.02,0.25,Rot0,2,0,0.01082866,-0.00461495,0.02855968,0,0,19265.7002

17,True,False,0.02,0.25,Rot0,2,0,0.01082866,-0.00461495,0.02855968,0,0,19281.0217

17,True,False,0.02,0.25,Rot0,2,0,0.01082866,-0.00461495,0.02855968,0,0,19297.4273

17,True,False,0.02,0.25,Rot0,2,0,0.01082866,-0.00461495,0.02855968,0,0,19321.7764

17,True,False,0.02,0.25,Rot0,2,0,0.01082866,-0.00461495,0.02855968,0,0,19337.854

17,True,False,0.02,0.25,Rot0,2,0,0.01082866,-0.00461495,0.02855968,0,0,19349.3852

17,True,False,0.02,0.25,Rot0,2,0,0.01082866,-0.00461495,0.02855968,0,0,19377.571

17,True,False,0.02,0.25,Rot0,2,0,0.01082866,-0.00461495,0.02855968,0,0,19391.9585

17,True,False,0.02,0.25,Rot0,2,0,0.01082866,-0.00461495,0.02855968,0,0,19405.4134

17,True,False,0.02,0.25,Rot0,2,0,0.01082866,-0.00461495,0.02855968,0,0,19417.9268

17,True,False,0.02,0.25,Rot0,2,0,0.01082866,-0.00461495,0.02855968,0,0,19432.0692

17,True,False,0.02,0.25,Rot0,2,0,0.01082866,-0.00461495,0.02855968,0,0,19447.8504

17,True,False,0.02,0.25,Rot0,2,0,0.01082866,-0.00461495,0.02855968,0,0,19473.3606

17,True,False,0.02,0.25,Rot0,2,0,0.01082866,-0.00461495,0.02855968,0,0,19489.509

17,True,False,0.02,0.25,Rot0,2,0,0.01082866,-0.00461495,0.02855968,0,0,19501.4079

17,True,False,0.02,0.25,Rot0,2,0,0.01082866,-0.00461495,0.02855968,0,0,19515.4576

17,True,False,0.02,0.25,Rot0,2,0,0.01082866,-0.00461495,0.02855968,0,0,19542.3097

17,True,False,0.02,0.25,Rot0,2,0,0.01082866,-0.00461495,0.02855968,0,0,19568.6805

17,True,False,0.02,0.25,Rot0,2,0,0.01082866,-0.00461495,0.02855968,0,0,19581.9665

17,True,False,0.02,0.25,Rot0,2,0,0.01082866,-0.00461495,0.02855968,0,0,19594.6695

17,True,False,0.02,0.25,Rot0,2,0,0.01082866,-0.00461495,0.02855968,0,0,19608.8288

17,True,False,0.02,0.25,Rot0,2,0,0.01082866,-0.00461495,0.02855968,0,0,19622.7829

17,True,False,0.02,0.25,Rot0,2,0,0.01082866,-0.00461495,0.02855968,0,0,19635.8941

17,True,False,0.02,0.25,Rot0,2,0,0.01082866,-0.00461495,0.02855968,0,0,19649.5769

17,True,False,0.02,0.25,Rot0,2,0,0.01082866,-0.00461495,0.02855968,0,0,19664.5072

17,True,False,0.02,0.25,Rot0,2,0,0.01082866,-0.00461495,0.02855968,0,0,19689.658

17,True,False,0.02,0.25,Rot0,2,0,0.01082866,-0.00461495,0.02855968,0,0,19705.2803

17,True,False,0.02,0.25,Rot0,2,0,0.01082866,-0.00461495,0.02855968,0,0,19716.1206

17,True,False,0.02,0.25,Rot0,2,0,0.01082866,-0.00461495,0.02855968,0,0,19730.5391

17,True,False,0.02,0.25,Rot0,2,0,0.01082866,-0.00461495,0.02855968,0,0,19757.4564

17,True,False,0.02,0.25,Rot0,2,0,0.01082866,-0.00461495,0.02855968,0,0,19784.722

17,True,False,0.02,0.25,Rot0,2,0,0.01082866,-0.00461495,0.02855968,0,0,19798.7431

17,True,False,0.02,0.25,Rot0,2,0,0.01082866,-0.00461495,0.02855968,0,0,19811.7769

17,True,False,0.02,0.25,Rot0,2,0,0.01082866,-0.00461495,0.02855968,0,0,19825.9476

17,True,False,0.02,0.25,Rot0,2,0,0.01082866,-0.00461495,0.02855968,0,0,19839.4462

17,True,False,0.02,0.25,Rot0,2,0,0.01082866,-0.00461495,0.02855968,0,0,19854.3865

17,True,False,0.02,0.25,Rot0,2,0,0.01082866,-0.00461495,0.02855968,0,0,19869.4453

17,True,False,0.02,0.25,Rot0,2,0,0.01082866,-0.00461495,0.02855968,0,0,19882.3022

17,True,False,0.02,0.25,Rot0,2,0,0.01082866,-0.00461495,0.02855968,0,0,19909.4622

17,True,False,0.02,0.25,Rot0,2,0,0.01082866,-0.00461495,0.02855968,0,0,19924.703

17,True,False,0.02,0.25,Rot0,2,0,0.01082866,-0.00461495,0.02855968,0,0,19950.9299

17,True,False,0.02,0.25,Rot0,2,0,0.01082866,-0.00461495,0.02855968,0,0,19978.9218

17,True,False,0.02,0.25,Rot0,2,0,0.01082866,-0.00461495,0.02855968,0,0,19992.4291

17,True,False,0.02,0.25,Rot0,2,0,0.01082866,-0.00461495,0.02855968,0,0,20006.7812

17,True,False,0.02,0.25,Rot0,2,0,0.01082866,-0.00461495,0.02855968,0,0,20021.188

17,True,False,0.02,0.25,Rot0,2,0,0.01082866,-0.00461495,0.02855968,0,0,20034.4195

17,True,False,0.02,0.25,Rot0,2,0,0.01082866,-0.00461495,0.02855968,0,0,20048.7133

17,True,False,0.02,0.25,Rot0,2,0,0.01082866,-0.00461495,0.02855968,0,0,20076.0982

17,True,False,0.02,0.25,Rot0,2,0,0.01082866,-0.00461495,0.02855968,0,0,20092.0931

17,True,False,0.02,0.25,Rot0,2,0,0.01082866,-0.00461495,0.02855968,0,0,20103.8748

17,True,False,0.02,0.25,Rot0,2,0,0.01082866,-0.00461495,0.02855968,0,0,20117.3449

17,True,False,0.02,0.25,Rot0,2,0,0.01082866,-0.00461495,0.02855968,0,0,20133.3241

17,True,False,0.02,0.25,Rot0,2,0,0.01082866,-0.00461495,0.02855968,0,0,20146.5492

17,True,False,0.02,0.25,Rot0,2,0,0.01082866,-0.00461495,0.02855968,0,0,20172.1744

17,True,False,0.02,0.25,Rot0,2,0,0.01082866,-0.00461495,0.02855968,0,0,20187.455

17,True,False,0.02,0.25,Rot0,2,0,0.01082866,-0.00461495,0.02855968,0,0,20200.4422

17,True,False,0.02,0.25,Rot0,2,0,0.01082866,-0.00461495,0.02855968,0,0,20213.9129

17,True,False,0.02,0.25,Rot0,2,0,0.01082866,-0.00461495,0.02855968,0,0,20229.9004

17,True,False,0.02,0.25,Rot0,2,0,0.01082866,-0.00461495,0.02855968,0,0,20255.0507

17,True,False,0.02,0.25,Rot0,2,0,0.01082866,-0.00461495,0.02855968,0,0,20269.9391

17,True,False,0.02,0.25,Rot0,2,0,0.01082866,-0.00461495,0.02855968,0,0,20283.304

17,True,False,0.02,0.25,Rot0,2,0,0.01082866,-0.00461495,0.02855968,0,0,20299.1311

17,True,False,0.02,0.25,Rot0,2,0,0.01082866,-0.00461495,0.02855968,0,0,20324.0935

17,True,False,0.02,0.25,Rot0,2,0,0.01082866,-0.00461495,0.02855968,0,0,20352.5631

17,True,False,0.02,0.25,Rot0,2,0,0.01082866,-0.00461495,0.02855968,0,0,20364.6048

17,True,False,0.02,0.25,Rot0,2,0,0.01082866,-0.00461495,0.02855968,0,0,20377.448

17,True,False,0.02,0.25,Rot0,2,0,0.01082866,-0.00461495,0.02855968,0,0,20390.8514

17,True,False,0.02,0.25,Rot0,2,0,0.01082866,-0.00461495,0.02855968,0,0,20404.0886

17,True,False,0.02,0.25,Rot0,2,0,0.01082866,-0.00461495,0.02855968,0,0,20416.899

17,True,False,0.02,0.25,Rot0,2,0,0.01082866,-0.00461495,0.02855968,0,0,20429.7422

17,True,False,0.02,0.25,Rot0,2,0,0.01082866,-0.00461495,0.02855968,0,0,20447.3154

17,True,False,0.02,0.25,Rot0,2,0,0.01082866,-0.00461495,0.02855968,0,0,20472.4962

17,True,False,0.02,0.25,Rot0,2,0,0.01082866,-0.00461495,0.02855968,0,0,20497.9953

17,True,False,0.02,0.25,Rot0,2,0,0.01082866,-0.00461495,0.02855968,0,0,20511.8359

17,True,False,0.02,0.25,Rot0,2,0,0.01082866,-0.00461495,0.02855968,0,0,20525.4273

17,True,False,0.02,0.25,Rot0,2,0,0.01082866,-0.00461495,0.02855968,0,0,20538.8416

17,True,False,0.02,0.25,Rot0,2,0,0.01082866,-0.00461495,0.02855968,0,0,20552.9451

17,True,False,0.02,0.25,Rot0,2,0,0.01082866,-0.00461495,0.02855968,0,0,20567.2409

17,True,False,0.02,0.25,Rot0,2,0,0.01082866,-0.00461495,0.02855968,0,0,20579.8142

17,True,False,0.02,0.25,Rot0,2,0,0.01082866,-0.00461495,0.02855968,0,0,20606.0634

17,True,False,0.02,0.25,Rot0,2,0,0.01082866,-0.00461495,0.02855968,0,0,20632.6167

17,True,False,0.02,0.25,Rot0,2,0,0.01082866,-0.00461495,0.02855968,0,0,20646.7987

17,True,False,0.02,0.25,Rot0,2,0,0.01082866,-0.00461495,0.02855968,0,0,20660.7336

17,True,False,0.02,0.25,Rot0,2,0,0.01082866,-0.00461495,0.02855968,0,0,20673.7425

17,True,False,0.02,0.25,Rot0,2,0,0.01082866,-0.00461495,0.02855968,0,0,20688.3173

17,True,False,0.02,0.25,Rot0,2,0,0.01082866,-0.00461495,0.02855968,0,0,20701.8015

17,True,False,0.02,0.25,Rot0,2,0,0.01082866,-0.00461495,0.02855968,0,0,20715.368

17,True,False,0.02,0.25,Rot0,2,0,0.01082866,-0.00461495,0.02855968,0,0,20742.0124

17,True,False,0.02,0.25,Rot0,2,0,0.01082866,-0.00461495,0.02855968,0,0,20756.2276

17,True,False,0.02,0.25,Rot0,2,0,0.01082866,-0.00461495,0.02855968,0,0,20770.3555

17,True,False,0.02,0.25,Rot0,2,0,0.01082866,-0.00461495,0.02855968,0,0,20784.1677

17,True,False,0.02,0.25,Rot0,2,0,0.01082866,-0.00461495,0.02855968,0,0,20798.5575

17,True,False,0.02,0.25,Rot0,2,0,0.01082866,-0.00461495,0.02855968,0,0,20825.2145

17,True,False,0.02,0.25,Rot0,2,0,0.01082866,-0.00461495,0.02855968,0,0,20839.8328

17,True,False,0.02,0.25,Rot0,2,0,0.01082866,-0.00461495,0.02855968,0,0,20851.8803

17,True,False,0.02,0.25,Rot0,2,0,0.01082866,-0.00461495,0.02855968,0,0,20866.3154

17,True,False,0.02,0.25,Rot0,2,0,0.01082866,-0.00461495,0.02855968,0,0,20896.2549

17,True,False,0.02,0.25,Rot0,2,0,0.01082866,-0.00461495,0.02855968,0,0,20921.2889

17,True,False,0.02,0.25,Rot0,2,0,0.01082866,-0.00461495,0.02855968,0,0,20937.3988

17,True,False,0.02,0.25,Rot0,2,0,0.01082866,-0.00461495,0.02855968,0,0,20948.8143

17,True,False,0.02,0.25,Rot0,2,0,0.01082866,-0.00461495,0.02855968,0,0,20963.3774

17,True,False,0.02,0.25,Rot0,2,0,0.01082866,-0.00461495,0.02855968,0,0,20979.8856

17,True,False,0.02,0.25,Rot0,2,0,0.01082866,-0.00461495,0.02855968,0,0,21004.4373

17,True,False,0.02,0.25,Rot0,2,0,0.01082866,-0.00461495,0.02855968,0,0,21020.3505

17,True,False,0.02,0.25,Rot0,2,0,0.01082866,-0.00461495,0.02855968,0,0,21032.9405

17,True,False,0.02,0.25,Rot0,2,0,0.01082866,-0.00461495,0.02855968,0,0,21046.7941

17,True,False,0.02,0.25,Rot0,2,0,0.01082866,-0.00461495,0.02855968,0,0,21074.5521

17,True,False,0.02,0.25,Rot0,2,0,0.01082866,-0.00461495,0.02855968,0,0,21090.2461

17,True,False,0.02,0.25,Rot0,2,0,0.01082866,-0.00461495,0.02855968,0,0,21101.4351

17,True,False,0.02,0.25,Rot0,2,0,0.01082866,-0.00461495,0.02855968,0,0,21114

17,True,False,0.02,0.25,Rot0,2,0,0.01082866,-0.00461495,0.02855968,0,0,21130.4257

17,True,False,0.02,0.25,Rot0,2,0,0.01082866,-0.00461495,0.02855968,0,0,21156.0568

17,True,False,0.02,0.25,Rot0,2,0,0.01082866,-0.00461495,0.02855968,0,0,21170.9381

17,True,False,0.02,0.25,Rot0,2,0,0.01082866,-0.00461495,0.02855968,0,0,21184.0422

17,True,False,0.02,0.25,Rot0,2,0,0.01082866,-0.00461495,0.02855968,0,0,21198.0246

17,True,False,0.02,0.25,Rot0,2,0,0.01082866,-0.00461495,0.02855968,0,0,21211.7212

17,True,False,0.02,0.25,Rot0,2,0,0.01082866,-0.00461495,0.02855968,0,0,21226.6454

17,True,False,0.02,0.25,Rot0,2,0,0.01082866,-0.00461495,0.02855968,0,0,21253.6085

17,True,False,0.02,0.25,Rot0,2,0,0.01082866,-0.00461495,0.02855968,0,0,21279.5342

17,True,False,0.02,0.25,Rot0,2,0,0.01082866,-0.00461495,0.02855968,0,0,21292.8235

17,True,False,0.02,0.25,Rot0,2,0,0.01082866,-0.00461495,0.02855968,0,0,21305.6881

17,True,False,0.02,0.25,Rot0,2,0,0.01082866,-0.00461495,0.02855968,0,0,21318.838

17,True,False,0.02,0.25,Rot0,2,0,0.01082866,-0.00461495,0.02855968,0,0,21332.59

17,True,False,0.02,0.25,Rot0,2,0,0.01082866,-0.00461495,0.02855968,0,0,21347.7115

17,True,False,0.02,0.25,Rot0,2,0,0.01082866,-0.00461495,0.02855968,0,0,21372.0227

17,True,False,0.02,0.25,Rot0,2,0,0.01082866,-0.00461495,0.02855968,0,0,21397.9599

17,True,False,0.02,0.25,Rot0,2,0,0.01082866,-0.00461495,0.02855968,0,0,21426.4628

17,True,False,0.02,0.25,Rot0,2,0,0.01082866,-0.00461495,0.02855968,0,0,21439.5086

17,True,False,0.02,0.25,Rot0,2,0,0.01082866,-0.00461495,0.02855968,0,0,21453.0952

17,True,False,0.02,0.25,Rot0,2,0,0.01082866,-0.00461495,0.02855968,0,0,21467.6395

17,True,False,0.02,0.25,Rot0,2,0,0.01082866,-0.00461495,0.02855968,0,0,21481.8437

17,True,False,0.02,0.25,Rot0,2,0,0.01082866,-0.00461495,0.02855968,0,0,21493.9891

17,True,False,0.02,0.25,Rot0,2,0,0.01082866,-0.00461495,0.02855968,0,0,21521.4005

17,True,False,0.02,0.25,Rot0,2,0,0.01082866,-0.00461495,0.02855968,0,0,21548.7199

17,True,False,0.02,0.25,Rot0,2,0,0.01082866,-0.00461495,0.02855968,0,0,21562.4136

17,True,False,0.02,0.25,Rot0,2,0,0.01082866,-0.00461495,0.02855968,0,0,21575.9909

17,True,False,0.02,0.25,Rot0,2,0,0.01082866,-0.00461495,0.02855968,0,0,21590.3006

17,True,False,0.02,0.25,Rot0,2,0,0.01082866,-0.00461495,0.02855968,0,0,21603.9767

17,True,False,0.02,0.25,Rot0,2,0,0.01082866,-0.00461495,0.02855968,0,0,21617.7831

17,True,False,0.02,0.25,Rot0,2,0,0.01082866,-0.00461495,0.02855968,0,0,21632.0821

17,True,False,0.02,0.25,Rot0,2,0,0.01082866,-0.00461495,0.02855968,0,0,21645.5283

17,True,False,0.02,0.25,Rot0,2,0,0.01082866,-0.00461495,0.02855968,0,0,21672.678

17,True,False,0.02,0.25,Rot0,2,0,0.01082866,-0.00461495,0.02855968,0,0,21687.5489

17,True,False,0.02,0.25,Rot0,2,0,0.01082866,-0.00461495,0.02855968,0,0,21700.5894

17,True,False,0.02,0.25,Rot0,2,0,0.01082866,-0.00461495,0.02855968,0,0,21714.4176

17,True,False,0.02,0.25,Rot0,2,0,0.01082866,-0.00461495,0.02855968,0,0,21729.6868

17,True,False,0.02,0.25,Rot0,2,0,0.01082866,-0.00461495,0.02855968,0,0,21755.1291

17,True,False,0.02,0.25,Rot0,2,0,0.01082866,-0.00461495,0.02855968,0,0,21771.1028

17,True,False,0.02,0.25,Rot0,2,0,0.01082866,-0.00461495,0.02855968,0,0,21782.6474

17,True,False,0.02,0.25,Rot0,2,0,0.01082866,-0.00461495,0.02855968,0,0,21794.5373

17,True,False,0.02,0.25,Rot0,2,0,0.01082866,-0.00461495,0.02855968,0,0,21822.704

17,True,False,0.02,0.25,Rot0,2,0,0.01082866,-0.00461495,0.02855968,0,0,21837.4465

17,True,False,0.02,0.25,Rot0,2,0,0.01082866,-0.00461495,0.02855968,0,0,21849.6186

17,True,False,0.02,0.25,Rot0,2,0,0.01082866,-0.00461495,0.02855968,0,0,21862.9432

17,True,False,0.02,0.25,Rot0,2,0,0.01082866,-0.00461495,0.02855968,0,0,21877.7064

17,True,False,0.02,0.25,Rot0,2,0,0.01082866,-0.00461495,0.02855968,0,0,21904.759

17,True,False,0.02,0.25,Rot0,2,0,0.01082866,-0.00461495,0.02855968,0,0,21921.4201

17,True,False,0.02,0.25,Rot0,2,0,0.01082866,-0.00461495,0.02855968,0,0,21932.0238

17,True,False,0.02,0.25,Rot0,2,0,0.01082866,-0.00461495,0.02855968,0,0,21945.1693

17,True,False,0.02,0.25,Rot0,2,0,0.01082866,-0.00461495,0.02855968,0,0,21960.9745

17,True,False,0.02,0.25,Rot0,2,0,0.01082866,-0.00461495,0.02855968,0,0,21987.7879

17,True,False,0.02,0.25,Rot0,2,0,0.01082866,-0.00461495,0.02855968,0,0,22002.1887

17,True,False,0.02,0.25,Rot0,2,0,0.01082866,-0.00461495,0.02855968,0,0,22013.3858

17,True,False,0.02,0.25,Rot0,2,0,0.01082866,-0.00461495,0.02855968,0,0,22040.7053

17,True,False,0.02,0.25,Rot0,2,0,0.01082866,-0.00461495,0.02855968,0,0,22068.5901

17,True,False,0.02,0.25,Rot0,2,0,0.01082866,-0.00461495,0.02855968,0,0,22081.6448

17,True,False,0.02,0.25,Rot0,2,0,0.01082866,-0.00461495,0.02855968,0,0,22095.0087

17,True,False,0.02,0.25,Rot0,2,0,0.01082866,-0.00461495,0.02855968,0,0,22108.7859

17,True,False,0.02,0.25,Rot0,2,0,0.01082866,-0.00461495,0.02855968,0,0,22122.4534

17,True,False,0.02,0.25,Rot0,2,0,0.01082866,-0.00461495,0.02855968,0,0,22135.61

17,True,False,0.02,0.25,Rot0,2,0,0.01082866,-0.00461495,0.02855968,0,0,22149.3113

17,True,False,0.02,0.25,Rot0,2,0,0.01082866,-0.00461495,0.02855968,0,0,22163.936

17,True,False,0.02,0.25,Rot0,2,0,0.01082866,-0.00461495,0.02855968,0,0,22178.012

17,True,False,0.02,0.25,Rot0,2,0,0.01082866,-0.00461495,0.02855968,0,0,22201.8106

17,True,False,0.02,0.25,Rot0,2,0,0.01082866,-0.00461495,0.02855968,0,0,22228.8385

17,True,False,0.02,0.25,Rot0,2,0,0.01082866,-0.00461495,0.02855968,0,0,22242.6779

17,True,False,0.02,0.25,Rot0,2,0,0.01082866,-0.00461495,0.02855968,0,0,22256.0499

17,True,False,0.02,0.25,Rot0,2,0,0.01082866,-0.00461495,0.02855968,0,0,22270.3118

17,True,False,0.02,0.25,Rot0,2,0,0.01082866,-0.00461495,0.02855968,0,0,22284.3052

17,True,False,0.02,0.25,Rot0,2,0,0.01082866,-0.00461495,0.02855968,0,0,22298.2152

17,True,False,0.02,0.25,Rot0,2,0,0.01082866,-0.00461495,0.02855968,0,0,22313.3752

17,True,False,0.02,0.25,Rot0,2,0,0.01082866,-0.00461495,0.02855968,0,0,22339.6009

17,True,False,0.02,0.25,Rot0,2,0,0.01082866,-0.00461495,0.02855968,0,0,22354.7136

17,True,False,0.02,0.25,Rot0,2,0,0.01082866,-0.00461495,0.02855968,0,0,22366.3742

17,True,False,0.02,0.25,Rot0,2,0,0.01082866,-0.00461495,0.02855968,0,0,22379.5713

17,True,False,0.02,0.25,Rot0,2,0,0.01082866,-0.00461495,0.02855968,0,0,22394.9923

17,True,False,0.02,0.25,Rot0,2,0,0.01082866,-0.00461495,0.02855968,0,0,22420.8999

17,True,False,0.02,0.25,Rot0,2,0,0.01082866,-0.00461495,0.02855968,0,0,22437.4393

17,True,False,0.02,0.25,Rot0,2,0,0.01082866,-0.00461495,0.02855968,0,0,22448.5119

17,True,False,0.02,0.25,Rot0,2,0,0.01082866,-0.00461495,0.02855968,0,0,22462.3945

17,True,False,0.02,0.25,Rot0,2,0,0.01082866,-0.00461495,0.02855968,0,0,22478.3814

17,True,False,0.02,0.25,Rot0,2,0,0.01082866,-0.00461495,0.02855968,0,0,22503.6572

17,True,False,0.02,0.25,Rot0,2,0,0.01082866,-0.00461495,0.02855968,0,0,22519.3973

17,True,False,0.02,0.25,Rot0,2,0,0.01082866,-0.00461495,0.02855968,0,0,22530.9459

17,True,False,0.02,0.25,Rot0,2,0,0.01082866,-0.00461495,0.02855968,0,0,22571.6573

17,True,False,0.02,0.25,Rot0,2,0,0.01082866,-0.00461495,0.02855968,0,0,22585.8523

17,True,False,0.02,0.25,Rot0,2,0,0.01082866,-0.00461495,0.02855968,0,0,22598.0441

17,True,False,0.02,0.25,Rot0,2,0,0.01082866,-0.00461495,0.02855968,0,0,22626.3496

17,True,False,0.02,0.25,Rot0,2,0,0.01082866,-0.00461495,0.02855968,0,0,22641.2792

17,True,False,0.02,0.25,Rot0,2,0,0.01082866,-0.00461495,0.02855968,0,0,22654.2894

17,True,False,0.02,0.25,Rot0,2,0,0.01082866,-0.00461495,0.02855968,0,0,22667.4133

17,True,False,0.02,0.25,Rot0,2,0,0.01082866,-0.00461495,0.02855968,0,0,22680.3409

17,True,False,0.02,0.25,Rot0,2,0,0.01082866,-0.00461495,0.02855968,0,0,22708.2968

17,True,False,0.02,0.25,Rot0,2,0,0.01082866,-0.00461495,0.02855968,0,0,22724.3495

17,True,False,0.02,0.25,Rot0,2,0,0.01082866,-0.00461495,0.02855968,0,0,22735.5583

17,True,False,0.02,0.25,Rot0,2,0,0.01082866,-0.00461495,0.02855968,0,0,22749.2742

17,True,False,0.02,0.25,Rot0,2,0,0.01082866,-0.00461495,0.02855968,0,0,22775.4088

17,True,False,0.02,0.25,Rot0,2,0,0.01082866,-0.00461495,0.02855968,0,0,22801.641

17,True,False,0.02,0.25,Rot0,2,0,0.01082866,-0.00461495,0.02855968,0,0,22815.3697

17,True,False,0.02,0.25,Rot0,2,0,0.01082866,-0.00461495,0.02855968,0,0,22829.6188

17,True,False,0.02,0.25,Rot0,2,0,0.01082866,-0.00461495,0.02855968,0,0,22843.2804

17,True,False,0.02,0.25,Rot0,2,0,0.01082866,-0.00461495,0.02855968,0,0,22856.5359

17,True,False,0.02,0.25,Rot0,2,0,0.01082866,-0.00461495,0.02855968,0,0,22873.5867

17,True,False,0.02,0.25,Rot0,2,0,0.01082866,-0.00461495,0.02855968,0,0,22898.6123

17,True,False,0.02,0.25,Rot0,2,0,0.01082866,-0.00461495,0.02855968,0,0,22911.3454

17,True,False,0.02,0.25,Rot0,2,0,0.01082866,-0.00461495,0.02855968,0,0,22925.1395

17,True,False,0.02,0.25,Rot0,2,0,0.01082866,-0.00461495,0.02855968,0,0,22938.8983

17,True,False,0.02,0.25,Rot0,2,0,0.01082866,-0.00461495,0.02855968,0,0,22952.8739

17,True,False,0.02,0.25,Rot0,2,0,0.01082866,-0.00461495,0.02855968,0,0,22967.3548

17,True,False,0.02,0.25,Rot0,2,0,0.01082866,-0.00461495,0.02855968,0,0,22993.3709

17,True,False,0.02,0.25,Rot0,2,0,0.01082866,-0.00461495,0.02855968,0,0,23007.8318

17,True,False,0.02,0.25,Rot0,2,0,0.01082866,-0.00461495,0.02855968,0,0,23020.141

17,True,False,0.02,0.25,Rot0,2,0,0.01082866,-0.00461495,0.02855968,0,0,23033.7552

17,True,False,0.02,0.25,Rot0,2,0,0.01082866,-0.00461495,0.02855968,0,0,23061.105

17,True,False,0.02,0.25,Rot0,2,0,0.01082866,-0.00461495,0.02855968,0,0,23073.108

17,True,False,0.02,0.25,Rot0,2,0,0.01082866,-0.00461495,0.02855968,0,0,23086.025

17,True,False,0.02,0.25,Rot0,2,0,0.01082866,-0.00461495,0.02855968,0,0,23099.1359

17,True,False,0.02,0.25,Rot0,2,0,0.01082866,-0.00461495,0.02855968,0,0,23126.3241

17,True,False,0.02,0.25,Rot0,2,0,0.01082866,-0.00461495,0.02855968,0,0,23140.543

17,True,False,0.02,0.25,Rot0,2,0,0.01082866,-0.00461495,0.02855968,0,0,23151.8512

17,True,False,0.02,0.25,Rot0,2,0,0.01082866,-0.00461495,0.02855968,0,0,23164.7162

17,True,False,0.02,0.25,Rot0,2,0,0.01082866,-0.00461495,0.02855968,0,0,23191.1857

17,True,False,0.02,0.25,Rot0,2,0,0.01082866,-0.00461495,0.02855968,0,0,23217.569

17,True,False,0.02,0.25,Rot0,2,0,0.01082866,-0.00461495,0.02855968,0,0,23231.3977

17,True,False,0.02,0.25,Rot0,2,0,0.01082866,-0.00461495,0.02855968,0,0,23245.2846

17,True,False,0.02,0.25,Rot0,2,0,0.01082866,-0.00461495,0.02855968,0,0,23258.7873

17,True,False,0.02,0.25,Rot0,2,0,0.01082866,-0.00461495,0.02855968,0,0,23273.5128

17,True,False,0.02,0.25,Rot0,2,0,0.01082866,-0.00461495,0.02855968,0,0,23286.7277

17,True,False,0.02,0.25,Rot0,2,0,0.01082866,-0.00461495,0.02855968,0,0,23300.9582

17,True,False,0.02,0.25,Rot0,2,0,0.01082866,-0.00461495,0.02855968,0,0,23314.9321

17,True,False,0.02,0.25,Rot0,2,0,0.01082866,-0.00461495,0.02855968,0,0,23340.9681

17,True,False,0.02,0.25,Rot0,2,0,0.01082866,-0.00461495,0.02855968,0,0,23367.7839

17,True,False,0.02,0.25,Rot0,2,0,0.01082866,-0.00461495,0.02855968,0,0,23381.5177

17,True,False,0.02,0.25,Rot0,2,0,0.01082866,-0.00461495,0.02855968,0,0,23394.3146

17,True,False,0.02,0.25,Rot0,2,0,0.01082866,-0.00461495,0.02855968,0,0,23407.7989

17,True,False,0.02,0.25,Rot0,2,0,0.01082866,-0.00461495,0.02855968,0,0,23420.3595

17,True,False,0.02,0.25,Rot0,2,0,0.01082866,-0.00461495,0.02855968,0,0,23432.6425

17,True,False,0.02,0.25,Rot0,2,0,0.01082866,-0.00461495,0.02855968,0,0,23447.2366

17,True,False,0.02,0.25,Rot0,2,0,0.01082866,-0.00461495,0.02855968,0,0,23475.0194

17,True,False,0.02,0.25,Rot0,2,0,0.01082866,-0.00461495,0.02855968,0,0,23491.306

17,True,False,0.02,0.25,Rot0,2,0,0.01082866,-0.00461495,0.02855968,0,0,23501.753

17,True,False,0.02,0.25,Rot0,2,0,0.01082866,-0.00461495,0.02855968,0,0,23514.4415

17,True,False,0.02,0.25,Rot0,2,0,0.01082866,-0.00461495,0.02855968,0,0,23542.7996

17,True,False,0.02,0.25,Rot0,2,0,0.01082866,-0.00461495,0.02855968,0,0,23559.3069

17,True,False,0.02,0.25,Rot0,2,0,0.01082866,-0.00461495,0.02855968,0,0,23569.8426

17,True,False,0.02,0.25,Rot0,2,0,0.01082866,-0.00461495,0.02855968,0,0,23583.5999

17,True,False,0.02,0.25,Rot0,2,0,0.01082866,-0.00461495,0.02855968,0,0,23611.4203

17,True,False,0.02,0.25,Rot0,2,0,0.01082866,-0.00461495,0.02855968,0,0,23623.6878

17,True,False,0.02,0.25,Rot0,2,0,0.01082866,-0.00461495,0.02855968,0,0,23636.9189

17,True,False,0.02,0.25,Rot0,2,0,0.01082866,-0.00461495,0.02855968,0,0,23650.7372

17,True,False,0.02,0.25,Rot0,2,0,0.01082866,-0.00461495,0.02855968,0,0,23664.0855

17,True,False,0.02,0.25,Rot0,2,0,0.01082866,-0.00461495,0.02855968,0,0,23689.6799

17,True,False,0.02,0.25,Rot0,2,0,0.01082866,-0.00461495,0.02855968,0,0,23716.3929

17,True,False,0.02,0.25,Rot0,2,0,0.01082866,-0.00461495,0.02855968,0,0,23730.219

17,True,False,0.02,0.25,Rot0,2,0,0.01082866,-0.00461495,0.02855968,0,0,23744.125

17,True,False,0.02,0.25,Rot0,2,0,0.01082866,-0.00461495,0.02855968,0,0,23757.0465

17,True,False,0.02,0.25,Rot0,2,0,0.01082866,-0.00461495,0.02855968,0,0,23770.875

17,True,False,0.02,0.25,Rot0,2,0,0.01082866,-0.00461495,0.02855968,0,0,23785.1367

17,True,False,0.02,0.25,Rot0,2,0,0.01082866,-0.00461495,0.02855968,0,0,23798.7739

17,True,False,0.02,0.25,Rot0,2,0,0.01082866,-0.00461495,0.02855968,0,0,23813.0316

17,True,False,0.02,0.25,Rot0,2,0,0.01082866,-0.00461495,0.02855968,0,0,23838.4991

17,True,False,0.02,0.25,Rot0,2,0,0.01082866,-0.00461495,0.02855968,0,0,23865.5047

17,True,False,0.02,0.25,Rot0,2,0,0.01082866,-0.00461495,0.02855968,0,0,23877.3921

17,True,False,0.02,0.25,Rot0,2,0,0.01082866,-0.00461495,0.02855968,0,0,23890.7632

17,True,False,0.02,0.25,Rot0,2,0,0.01082866,-0.00461495,0.02855968,0,0,23903.8079

17,True,False,0.02,0.25,Rot0,2,0,0.01082866,-0.00461495,0.02855968,0,0,23917.7676

17,True,False,0.02,0.25,Rot0,2,0,0.01082866,-0.00461495,0.02855968,0,0,23930.1494

17,True,False,0.02,0.25,Rot0,2,0,0.01082866,-0.00461495,0.02855968,0,0,23957.3489

17,True,False,0.02,0.25,Rot0,2,0,0.01082866,-0.00461495,0.02855968,0,0,23982.8595

17,True,False,0.02,0.25,Rot0,2,0,0.01082866,-0.00461495,0.02855968,0,0,23996.7003

17,True,False,0.02,0.25,Rot0,2,0,0.01082866,-0.00461495,0.02855968,0,0,24009.5422

17,True,False,0.02,0.25,Rot0,2,0,0.01082866,-0.00461495,0.02855968,0,0,24023.1281

17,True,False,0.02,0.25,Rot0,2,0,0.01082866,-0.00461495,0.02855968,0,0,24036.4914

17,True,False,0.02,0.25,Rot0,2,0,0.01082866,-0.00461495,0.02855968,0,0,24050.9643

17,True,False,0.02,0.25,Rot0,2,0,0.01082866,-0.00461495,0.02855968,0,0,24064.9453

17,True,False,0.02,0.25,Rot0,2,0,0.01082866,-0.00461495,0.02855968,0,0,24090.3522

17,True,False,0.02,0.25,Rot0,2,0,0.01082866,-0.00461495,0.02855968,0,0,24105.8733

17,True,False,0.02,0.25,Rot0,2,0,0.01082866,-0.00461495,0.02855968,0,0,24117.1908

17,True,False,0.02,0.25,Rot0,2,0,0.01082866,-0.00461495,0.02855968,0,0,24131.1197

17,True,False,0.02,0.25,Rot0,2,0,0.01082866,-0.00461495,0.02855968,0,0,24158.7096

17,True,False,0.02,0.25,Rot0,2,0,0.01082866,-0.00461495,0.02855968,0,0,24185.899

17,True,False,0.02,0.25,Rot0,2,0,0.01082866,-0.00461495,0.02855968,0,0,24197.8796

17,True,False,0.02,0.25,Rot0,2,0,0.01082866,-0.00461495,0.02855968,0,0,24210.7724

17,True,False,0.02,0.25,Rot0,2,0,0.01082866,-0.00461495,0.02855968,0,0,24252.5107

17,True,False,0.02,0.25,Rot0,2,0,0.01082866,-0.00461495,0.02855968,0,0,24265.6992

17,True,False,0.02,0.25,Rot0,2,0,0.01082866,-0.00461495,0.02855968,0,0,24278.6122

17,True,False,0.02,0.25,Rot0,2,0,0.01082866,-0.00461495,0.02855968,0,0,24292.1741

17,True,False,0.02,0.25,Rot0,2,0,0.01082866,-0.00461495,0.02855968,0,0,24306.1231

17,True,False,0.02,0.25,Rot0,2,0,0.01082866,-0.00461495,0.02855968,0,0,24332.1185

17,True,False,0.02,0.25,Rot0,2,0,0.01082866,-0.00461495,0.02855968,0,0,24357.8121

17,True,False,0.02,0.25,Rot0,2,0,0.01082866,-0.00461495,0.02855968,0,0,24372.6093

17,True,False,0.02,0.25,Rot0,2,0,0.01082866,-0.00461495,0.02855968,0,0,24385.5641

17,True,False,0.02,0.25,Rot0,2,0,0.01082866,-0.00461495,0.02855968,0,0,24412.3036

17,True,False,0.02,0.25,Rot0,2,0,0.01082866,-0.00461495,0.02855968,0,0,24428.492

17,True,False,0.02,0.25,Rot0,2,0,0.01082866,-0.00461495,0.02855968,0,0,24453.2046

17,True,False,0.02,0.25,Rot0,2,0,0.01082866,-0.00461495,0.02855968,0,0,24480.6288

17,True,False,0.02,0.25,Rot0,2,0,0.01082866,-0.00461495,0.02855968,0,0,24508.3244

17,True,False,0.02,0.25,Rot0,2,0,0.01082866,-0.00461495,0.02855968,0,0,24522.9191

17,True,False,0.02,0.25,Rot0,2,0,0.01082866,-0.00461495,0.02855968,0,0,24536.0238

17,True,False,0.02,0.25,Rot0,2,0,0.01082866,-0.00461495,0.02855968,0,0,24563.9088

17,True,False,0.02,0.25,Rot0,2,0,0.01082866,-0.00461495,0.02855968,0,0,24577.2109

17,True,False,0.02,0.25,Rot0,2,0,0.01082866,-0.00461495,0.02855968,0,0,24590.0582

17,True,False,0.02,0.25,Rot0,2,0,0.01082866,-0.00461495,0.02855968,0,0,24604.1347

17,True,False,0.02,0.25,Rot0,2,0,0.01082866,-0.00461495,0.02855968,0,0,24617.6717

17,True,False,0.02,0.25,Rot0,2,0,0.01082866,-0.00461495,0.02855968,0,0,24631.8844

17,True,False,0.02,0.25,Rot0,2,0,0.01082866,-0.00461495,0.02855968,0,0,24645.4867

17,True,False,0.02,0.25,Rot0,2,0,0.01082866,-0.00461495,0.02855968,0,0,24659.3544

17,True,False,0.02,0.25,Rot0,2,0,0.01082866,-0.00461495,0.02855968,0,0,24673.7794

17,True,False,0.02,0.25,Rot0,2,0,0.01082866,-0.00461495,0.02855968,0,0,24700.3988

17,True,False,0.02,0.25,Rot0,2,0,0.01082866,-0.00461495,0.02855968,0,0,24716.0722

17,True,False,0.02,0.25,Rot0,2,0,0.01082866,-0.00461495,0.02855968,0,0,24728.215

17,True,False,0.02,0.25,Rot0,2,0,0.01082866,-0.00461495,0.02855968,0,0,24742.1208

17,True,False,0.02,0.25,Rot0,2,0,0.01082866,-0.00461495,0.02855968,0,0,24769.0702

17,True,False,0.02,0.25,Rot0,2,0,0.01082866,-0.00461495,0.02855968,0,0,24783.4129

17,True,False,0.02,0.25,Rot0,2,0,0.01082866,-0.00461495,0.02855968,0,0,24797.0523

17,True,False,0.02,0.25,Rot0,2,0,0.01082866,-0.00461495,0.02855968,0,0,24811.2364

17,True,False,0.02,0.25,Rot0,2,0,0.01082866,-0.00461495,0.02855968,0,0,24825.2845

17,True,False,0.02,0.25,Rot0,2,0,0.01082866,-0.00461495,0.02855968,0,0,24840.8829

17,True,False,0.02,0.25,Rot0,2,0,0.01082866,-0.00461495,0.02855968,0,0,24866.5035

17,True,False,0.02,0.25,Rot0,2,0,0.01082866,-0.00461495,0.02855968,0,0,24881.9718

17,True,False,0.02,0.25,Rot0,2,0,0.01082866,-0.00461495,0.02855968,0,0,24893.9265

17,True,False,0.02,0.25,Rot0,2,0,0.01082866,-0.00461495,0.02855968,0,0,24908.0914

17,True,False,0.02,0.25,Rot0,2,0,0.01082866,-0.00461495,0.02855968,0,0,24923.3022

17,True,False,0.02,0.25,Rot0,2,0,0.01082866,-0.00461495,0.02855968,0,0,24949.1505

17,True,False,0.02,0.25,Rot0,2,0,0.01082866,-0.00461495,0.02855968,0,0,24964.3387

17,True,False,0.02,0.25,Rot0,2,0,0.01082866,-0.00461495,0.02855968,0,0,24976.8111

17,True,False,0.02,0.25,Rot0,2,0,0.01082866,-0.00461495,0.02855968,0,0,24990.9394

17,True,False,0.02,0.25,Rot0,2,0,0.01082866,-0.00461495,0.02855968,0,0,25006.8403

17,True,False,0.02,0.25,Rot0,2,0,0.01082866,-0.00461495,0.02855968,0,0,25032.0858

17,True,False,0.02,0.25,Rot0,2,0,0.01082866,-0.00461495,0.02855968,0,0,25047.8724

17,True,False,0.02,0.25,Rot0,2,0,0.01082866,-0.00461495,0.02855968,0,0,25059.0324

17,True,False,0.02,0.25,Rot0,2,0,0.01082866,-0.00461495,0.02855968,0,0,25074.4183

17,True,False,0.02,0.25,Rot0,2,0,0.01082866,-0.00461495,0.02855968,0,0,25100.249

17,True,False,0.02,0.25,Rot0,2,0,0.01082866,-0.00461495,0.02855968,0,0,25113.8351

17,True,False,0.02,0.25,Rot0,2,0,0.01082866,-0.00461495,0.02855968,0,0,25126.9589

17,True,False,0.02,0.25,Rot0,2,0,0.01082866,-0.00461495,0.02855968,0,0,25155.2751

17,True,False,0.02,0.25,Rot0,2,0,0.01082866,-0.00461495,0.02855968,0,0,25167.8614

17,True,False,0.02,0.25,Rot0,2,0,0.01082866,-0.00461495,0.02855968,0,0,25180.43

17,True,False,0.02,0.25,Rot0,2,0,0.01082866,-0.00461495,0.02855968,0,0,25193.274

17,True,False,0.02,0.25,Rot0,2,0,0.01082866,-0.00461495,0.02855968,0,0,25208.4553

17,True,False,0.02,0.25,Rot0,2,0,0.01082866,-0.00461495,0.02855968,0,0,25232.9057

17,True,False,0.02,0.25,Rot0,2,0,0.01082866,-0.00461495,0.02855968,0,0,25259.0246

17,True,False,0.02,0.25,Rot0,2,0,0.01082866,-0.00461495,0.02855968,0,0,25272.8742

17,True,False,0.02,0.25,Rot0,2,0,0.01082866,-0.00461495,0.02855968,0,0,25286.8199

17,True,False,0.02,0.25,Rot0,2,0,0.01082866,-0.00461495,0.02855968,0,0,25300.7128

17,True,False,0.02,0.25,Rot0,2,0,0.01082866,-0.00461495,0.02855968,0,0,25314.2144

17,True,False,0.02,0.25,Rot0,2,0,0.01082866,-0.00461495,0.02855968,0,0,25328.6917

17,True,False,0.02,0.25,Rot0,2,0,0.01082866,-0.00461495,0.02855968,0,0,25342.4578

17,True,False,0.02,0.25,Rot0,2,0,0.01082866,-0.00461495,0.02855968,0,0,25355.7976

17,True,False,0.02,0.25,Rot0,2,0,0.01082866,-0.00461495,0.02855968,0,0,25381.1898

17,True,False,0.02,0.25,Rot0,2,0,0.01082866,-0.00461495,0.02855968,0,0,25395.1531

17,True,False,0.02,0.25,Rot0,2,0,0.01082866,-0.00461495,0.02855968,0,0,25409.218

17,True,False,0.02,0.25,Rot0,2,0,0.01082866,-0.00461495,0.02855968,0,0,25435.5686

17,True,False,0.02,0.25,Rot0,2,0,0.01082866,-0.00461495,0.02855968,0,0,25450.4122

17,True,False,0.02,0.25,Rot0,2,0,0.01082866,-0.00461495,0.02855968,0,0,25464.8355

17,True,False,0.02,0.25,Rot0,2,0,0.01082866,-0.00461495,0.02855968,0,0,25480.7441

17,True,False,0.02,0.25,Rot0,2,0,0.01082866,-0.00461495,0.02855968,0,0,25507.3319

17,True,False,0.02,0.25,Rot0,2,0,0.01082866,-0.00461495,0.02855968,0,0,25520.8246

17,True,False,0.02,0.25,Rot0,2,0,0.01082866,-0.00461495,0.02855968,0,0,25534.1906

17,True,False,0.02,0.25,Rot0,2,0,0.01082866,-0.00461495,0.02855968,0,0,25548.7284

17,True,False,0.02,0.25,Rot0,2,0,0.01082866,-0.00461495,0.02855968,0,0,25562.7465

17,True,False,0.02,0.25,Rot0,2,0,0.01082866,-0.00461495,0.02855968,0,0,25576.3319

17,True,False,0.02,0.25,Rot0,2,0,0.01082866,-0.00461495,0.02855968,0,0,25590.7283

17,True,False,0.02,0.25,Rot0,2,0,0.01082866,-0.00461495,0.02855968,0,0,25617.2727

17,True,False,0.02,0.25,Rot0,2,0,0.01082866,-0.00461495,0.02855968,0,0,25632.4688

17,True,False,0.02,0.25,Rot0,2,0,0.01082866,-0.00461495,0.02855968,0,0,25645.0814

17,True,False,0.02,0.25,Rot0,2,0,0.01082866,-0.00461495,0.02855968,0,0,25659.0157

17,True,False,0.02,0.25,Rot0,2,0,0.01082866,-0.00461495,0.02855968,0,0,25673.613

17,True,False,0.02,0.25,Rot0,2,0,0.01082866,-0.00461495,0.02855968,0,0,25700.2901

17,True,False,0.02,0.25,Rot0,2,0,0.01082866,-0.00461495,0.02855968,0,0,25715.8118

17,True,False,0.02,0.25,Rot0,2,0,0.01082866,-0.00461495,0.02855968,0,0,25728.163

17,True,False,0.02,0.25,Rot0,2,0,0.01082866,-0.00461495,0.02855968,0,0,25741.9058

17,True,False,0.02,0.25,Rot0,2,0,0.01082866,-0.00461495,0.02855968,0,0,25757.2007

17,True,False,0.02,0.25,Rot0,2,0,0.01082866,-0.00461495,0.02855968,0,0,25783.2341

17,True,False,0.02,0.25,Rot0,2,0,0.01082866,-0.00461495,0.02855968,0,0,25799.1988

17,True,False,0.02,0.25,Rot0,2,0,0.01082866,-0.00461495,0.02855968,0,0,25810.7292

17,True,False,0.02,0.25,Rot0,2,0,0.01082866,-0.00461495,0.02855968,0,0,25824.9649

17,True,False,0.02,0.25,Rot0,2,0,0.01082866,-0.00461495,0.02855968,0,0,25840.9758

17,True,False,0.02,0.25,Rot0,2,0,0.01082866,-0.00461495,0.02855968,0,0,25866.3138

17,True,False,0.02,0.25,Rot0,2,0,0.01082866,-0.00461495,0.02855968,0,0,25880.8059

17,True,False,0.02,0.25,Rot0,2,0,0.01082866,-0.00461495,0.02855968,0,0,25906.3957

17,True,False,0.02,0.25,Rot0,2,0,0.01082866,-0.00461495,0.02855968,0,0,25934.6083

17,True,False,0.02,0.25,Rot0,2,0,0.01082866,-0.00461495,0.02855968,0,0,25946.8852

17,True,False,0.02,0.25,Rot0,2,0,0.01082866,-0.00461495,0.02855968,0,0,25960.4314

17,True,False,0.02,0.25,Rot0,2,0,0.01082866,-0.00461495,0.02855968,0,0,25972.6397

17,True,False,0.02,0.25,Rot0,2,0,0.01082866,-0.00461495,0.02855968,0,0,25988.1335

17,True,False,0.02,0.25,Rot0,2,0,0.01082866,-0.00461495,0.02855968,0,0,26014.0403

17,True,False,0.02,0.25,Rot0,2,0,0.01082866,-0.00461495,0.02855968,0,0,26039.906

17,True,False,0.02,0.25,Rot0,2,0,0.01082866,-0.00461495,0.02855968,0,0,26053.5451

17,True,False,0.02,0.25,Rot0,2,0,0.01082866,-0.00461495,0.02855968,0,0,26066.9119

17,True,False,0.02,0.25,Rot0,2,0,0.01082866,-0.00461495,0.02855968,0,0,26080.5706

17,True,False,0.02,0.25,Rot0,2,0,0.01082866,-0.00461495,0.02855968,0,0,26093.7791

17,True,False,0.02,0.25,Rot0,2,0,0.01082866,-0.00461495,0.02855968,0,0,26108.1326

17,True,False,0.02,0.25,Rot0,2,0,0.01082866,-0.00461495,0.02855968,0,0,26121.6031

17,True,False,0.02,0.25,Rot0,2,0,0.01082866,-0.00461495,0.02855968,0,0,26134.5293

17,True,False,0.02,0.25,Rot0,2,0,0.01082866,-0.00461495,0.02855968,0,0,26161.8018

17,True,False,0.02,0.25,Rot0,2,0,0.01082866,-0.00461495,0.02855968,0,0,26188.4744

17,True,False,0.02,0.25,Rot0,2,0,0.01082866,-0.00461495,0.02855968,0,0,26202.3027

17,True,False,0.02,0.25,Rot0,2,0,0.01082866,-0.00461495,0.02855968,0,0,26215.8532

17,True,False,0.02,0.25,Rot0,2,0,0.01082866,-0.00461495,0.02855968,0,0,26230.3641

17,True,False,0.02,0.25,Rot0,2,0,0.01082866,-0.00461495,0.02855968,0,0,26244.3228

17,True,False,0.02,0.25,Rot0,2,0,0.01082866,-0.00461495,0.02855968,0,0,26257.8878

17,True,False,0.02,0.25,Rot0,2,0,0.01082866,-0.00461495,0.02855968,0,0,26272.6847

17,True,False,0.02,0.25,Rot0,2,0,0.01082866,-0.00461495,0.02855968,0,0,26285.604

17,True,False,0.02,0.25,Rot0,2,0,0.01082866,-0.00461495,0.02855968,0,0,26311.9499

17,True,False,0.02,0.25,Rot0,2,0,0.01082866,-0.00461495,0.02855968,0,0,26325.9451

17,True,False,0.02,0.25,Rot0,2,0,0.01082866,-0.00461495,0.02855968,0,0,26338.3752

17,True,False,0.02,0.25,Rot0,2,0,0.01082866,-0.00461495,0.02855968,0,0,26353.8929

17,True,False,0.02,0.25,Rot0,2,0,0.01082866,-0.00461495,0.02855968,0,0,26380.5827

17,True,False,0.02,0.25,Rot0,2,0,0.01082866,-0.00461495,0.02855968,0,0,26396.1187

17,True,False,0.02,0.25,Rot0,2,0,0.01082866,-0.00461495,0.02855968,0,0,26408.4416

17,True,False,0.02,0.25,Rot0,2,0,0.01082866,-0.00461495,0.02855968,0,0,26422.0455

17,True,False,0.02,0.25,Rot0,2,0,0.01082866,-0.00461495,0.02855968,0,0,26437.8025

17,True,False,0.02,0.25,Rot0,2,0,0.01082866,-0.00461495,0.02855968,0,0,26452.2121

17,True,False,0.02,0.25,Rot0,2,0,0.01082866,-0.00461495,0.02855968,0,0,26477.1279

17,True,False,0.02,0.25,Rot0,2,0,0.01082866,-0.00461495,0.02855968,0,0,26492.9446

17,True,False,0.02,0.25,Rot0,2,0,0.01082866,-0.00461495,0.02855968,0,0,26506.7781

17,True,False,0.02,0.25,Rot0,2,0,0.01082866,-0.00461495,0.02855968,0,0,26521.2231

17,True,False,0.02,0.25,Rot0,2,0,0.01082866,-0.00461495,0.02855968,0,0,26546.8998

17,True,False,0.02,0.25,Rot0,2,0,0.01082866,-0.00461495,0.02855968,0,0,26560.5715

17,True,False,0.02,0.25,Rot0,2,0,0.01082866,-0.00461495,0.02855968,0,0,26574.3523

17,True,False,0.02,0.25,Rot0,2,0,0.01082866,-0.00461495,0.02855968,0,0,26589.2455

17,True,False,0.02,0.25,Rot0,2,0,0.01082866,-0.00461495,0.02855968,0,0,26603.6548

17,True,False,0.02,0.25,Rot0,2,0,0.01082866,-0.00461495,0.02855968,0,0,26619.036

17,True,False,0.02,0.25,Rot0,2,0,0.01082866,-0.00461495,0.02855968,0,0,26643.3448

17,True,False,0.02,0.25,Rot0,2,0,0.01082866,-0.00461495,0.02855968,0,0,26657.366

17,True,False,0.02,0.25,Rot0,2,0,0.01082866,-0.00461495,0.02855968,0,0,26669.6427

17,True,False,0.02,0.25,Rot0,2,0,0.01082866,-0.00461495,0.02855968,0,0,26697.878

17,True,False,0.02,0.25,Rot0,2,0,0.01082866,-0.00461495,0.02855968,0,0,26712.7241

17,True,False,0.02,0.25,Rot0,2,0,0.01082866,-0.00461495,0.02855968,0,0,26725.6472

17,True,False,0.02,0.25,Rot0,2,0,0.01082866,-0.00461495,0.02855968,0,0,26739.9242

17,True,False,0.02,0.25,Rot0,2,0,0.01082866,-0.00461495,0.02855968,0,0,26753.6018

17,True,False,0.02,0.25,Rot0,2,0,0.01082866,-0.00461495,0.02855968,0,0,26767.7458

17,True,False,0.02,0.25,Rot0,2,0,0.01082866,-0.00461495,0.02855968,0,0,26795.0461

17,True,False,0.02,0.25,Rot0,2,0,0.01082866,-0.00461495,0.02855968,0,0,26823.1746

17,True,False,0.02,0.25,Rot0,2,0,0.01082866,-0.00461495,0.02855968,0,0,26835.2227

17,True,False,0.02,0.25,Rot0,2,0,0.01082866,-0.00461495,0.02855968,0,0,26848.752

17,True,False,0.02,0.25,Rot0,2,0,0.01082866,-0.00461495,0.02855968,0,0,26861.1841

17,True,False,0.02,0.25,Rot0,2,0,0.01082866,-0.00461495,0.02855968,0,0,26874.1246

17,True,False,0.02,0.25,Rot0,2,0,0.01082866,-0.00461495,0.02855968,0,0,26887.8969

17,True,False,0.02,0.25,Rot0,2,0,0.01082866,-0.00461495,0.02855968,0,0,26901.8317

17,True,False,0.02,0.25,Rot0,2,0,0.01082866,-0.00461495,0.02855968,0,0,26927.2764

17,True,False,0.02,0.25,Rot0,2,0,0.01082866,-0.00461495,0.02855968,0,0,26953.019

17,True,False,0.02,0.25,Rot0,2,0,0.01082866,-0.00461495,0.02855968,0,0,26966.8675

17,True,False,0.02,0.25,Rot0,2,0,0.01082866,-0.00461495,0.02855968,0,0,26980.8941

17,True,False,0.02,0.25,Rot0,2,0,0.01082866,-0.00461495,0.02855968,0,0,26994.3499

17,True,False,0.02,0.25,Rot0,2,0,0.01082866,-0.00461495,0.02855968,0,0,27008.775

17,True,False,0.02,0.25,Rot0,2,0,0.01082866,-0.00461495,0.02855968,0,0,27023.0065

17,True,False,0.02,0.25,Rot0,2,0,0.01082866,-0.00461495,0.02855968,0,0,27035.4829

17,True,False,0.02,0.25,Rot0,2,0,0.01082866,-0.00461495,0.02855968,0,0,27062.5205

17,True,False,0.02,0.25,Rot0,2,0,0.01082866,-0.00461495,0.02855968,0,0,27089.7906

17,True,False,0.02,0.25,Rot0,2,0,0.01082866,-0.00461495,0.02855968,0,0,27103.8495

17,True,False,0.02,0.25,Rot0,2,0,0.01082866,-0.00461495,0.02855968,0,0,27117.3949

17,True,False,0.02,0.25,Rot0,2,0,0.01082866,-0.00461495,0.02855968,0,0,27131.7241

17,True,False,0.02,0.25,Rot0,2,0,0.01082866,-0.00461495,0.02855968,0,0,27146.1734

17,True,False,0.02,0.25,Rot0,2,0,0.01082866,-0.00461495,0.02855968,0,0,27159.6335

17,True,False,0.02,0.25,Rot0,2,0,0.01082866,-0.00461495,0.02855968,0,0,27173.8246

17,True,False,0.02,0.25,Rot0,2,0,0.01082866,-0.00461495,0.02855968,0,0,27188.4188

17,True,False,0.02,0.25,Rot0,2,0,0.01082866,-0.00461495,0.02855968,0,0,27201.9833

17,True,False,0.02,0.25,Rot0,2,0,0.01082866,-0.00461495,0.02855968,0,0,27228.0668

17,True,False,0.02,0.25,Rot0,2,0,0.01082866,-0.00461495,0.02855968,0,0,27242.2931

17,True,False,0.02,0.25,Rot0,2,0,0.01082866,-0.00461495,0.02855968,0,0,27255.668

17,True,False,0.02,0.25,Rot0,2,0,0.01082866,-0.00461495,0.02855968,0,0,27270.2503

17,True,False,0.02,0.25,Rot0,2,0,0.01082866,-0.00461495,0.02855968,0,0,27285.0139

17,True,False,0.02,0.25,Rot0,2,0,0.01082866,-0.00461495,0.02855968,0,0,27310.8542

17,True,False,0.02,0.25,Rot0,2,0,0.01082866,-0.00461495,0.02855968,0,0,27326.0662

17,True,False,0.02,0.25,Rot0,2,0,0.01082866,-0.00461495,0.02855968,0,0,27339.1135

17,True,False,0.02,0.25,Rot0,2,0,0.01082866,-0.00461495,0.02855968,0,0,27353.3327

17,True,False,0.02,0.25,Rot0,2,0,0.01082866,-0.00461495,0.02855968,0,0,27367.7986

17,True,False,0.02,0.25,Rot0,2,0,0.01082866,-0.00461495,0.02855968,0,0,27393.6515

17,True,False,0.02,0.25,Rot0,2,0,0.01082866,-0.00461495,0.02855968,0,0,27409.8741

17,True,False,0.02,0.25,Rot0,2,0,0.01082866,-0.00461495,0.02855968,0,0,27421.9064

17,True,False,0.02,0.25,Rot0,2,0,0.01082866,-0.00461495,0.02855968,0,0,27435.119

17,True,False,0.02,0.25,Rot0,2,0,0.01082866,-0.00461495,0.02855968,0,0,27451.1844

17,True,False,0.02,0.25,Rot0,2,0,0.01082866,-0.00461495,0.02855968,0,0,27476.2656

17,True,False,0.02,0.25,Rot0,2,0,0.01082866,-0.00461495,0.02855968,0,0,27491.7027

17,True,False,0.02,0.25,Rot0,2,0,0.01082866,-0.00461495,0.02855968,0,0,27505.0959

17,True,False,0.02,0.25,Rot0,2,0,0.01082866,-0.00461495,0.02855968,0,0,27519.6128

17,True,False,0.02,0.25,Rot0,2,0,0.01082866,-0.00461495,0.02855968,0,0,27545.2511

17,True,False,0.02,0.25,Rot0,2,0,0.01082866,-0.00461495,0.02855968,0,0,27575.6187

17,True,False,0.02,0.25,Rot0,2,0,0.01082866,-0.00461495,0.02855968,0,0,27599.8577

17,True,False,0.02,0.25,Rot0,2,0,0.01082866,-0.00461495,0.02855968,0,0,27627.0639

17,True,False,0.02,0.25,Rot0,2,0,0.01082866,-0.00461495,0.02855968,0,0,27639.066

17,True,False,0.02,0.25,Rot0,2,0,0.01082866,-0.00461495,0.02855968,0,0,27651.0768

17,True,False,0.02,0.25,Rot0,2,0,0.01082866,-0.00461495,0.02855968,0,0,27666.1245

17,True,False,0.02,0.25,Rot0,2,0,0.01082866,-0.00461495,0.02855968,0,0,27690.8357

17,True,False,0.02,0.25,Rot0,2,0,0.01082866,-0.00461495,0.02855968,0,0,27717.1158

17,True,False,0.02,0.25,Rot0,2,0,0.01082866,-0.00461495,0.02855968,0,0,27730.9426

17,True,False,0.02,0.25,Rot0,2,0,0.01082866,-0.00461495,0.02855968,0,0,27744.9416

17,True,False,0.02,0.25,Rot0,2,0,0.01082866,-0.00461495,0.02855968,0,0,27758.4703

17,True,False,0.02,0.25,Rot0,2,0,0.01082866,-0.00461495,0.02855968,0,0,27772.5676

17,True,False,0.02,0.25,Rot0,2,0,0.01082866,-0.00461495,0.02855968,0,0,27786.4425

17,True,False,0.02,0.25,Rot0,2,0,0.01082866,-0.00461495,0.02855968,0,0,27800.3932

17,True,False,0.02,0.25,Rot0,2,0,0.01082866,-0.00461495,0.02855968,0,0,27826.8431

17,True,False,0.02,0.25,Rot0,2,0,0.01082866,-0.00461495,0.02855968,0,0,27841.534

17,True,False,0.02,0.25,Rot0,2,0,0.01082866,-0.00461495,0.02855968,0,0,27854.1641

17,True,False,0.02,0.25,Rot0,2,0,0.01082866,-0.00461495,0.02855968,0,0,27868.2833

17,True,False,0.02,0.25,Rot0,2,0,0.01082866,-0.00461495,0.02855968,0,0,27882.5398

17,True,False,0.02,0.25,Rot0,2,0,0.01082866,-0.00461495,0.02855968,0,0,27909.5781

17,True,False,0.02,0.25,Rot0,2,0,0.01082866,-0.00461495,0.02855968,0,0,27924.5029

17,True,False,0.02,0.25,Rot0,2,0,0.01082866,-0.00461495,0.02855968,0,0,27936.7051

17,True,False,0.02,0.25,Rot0,2,0,0.01082866,-0.00461495,0.02855968,0,0,27950.514

17,True,False,0.02,0.25,Rot0,2,0,0.01082866,-0.00461495,0.02855968,0,0,27978.3068

17,True,False,0.02,0.25,Rot0,2,0,0.01082866,-0.00461495,0.02855968,0,0,27992.6815

17,True,False,0.02,0.25,Rot0,2,0,0.01082866,-0.00461495,0.02855968,0,0,28004.644

17,True,False,0.02,0.25,Rot0,2,0,0.01082866,-0.00461495,0.02855968,0,0,28017.3396

17,True,False,0.02,0.25,Rot0,2,0,0.01082866,-0.00461495,0.02855968,0,0,28044.9393

17,True,False,0.02,0.25,Rot0,2,0,0.01082866,-0.00461495,0.02855968,0,0,28059.1275

17,True,False,0.02,0.25,Rot0,2,0,0.01082866,-0.00461495,0.02855968,0,0,28071.9762

17,True,False,0.02,0.25,Rot0,2,0,0.01082866,-0.00461495,0.02855968,0,0,28085.4935

17,True,False,0.02,0.25,Rot0,2,0,0.01082866,-0.00461495,0.02855968,0,0,28101.4905

17,True,False,0.02,0.25,Rot0,2,0,0.01082866,-0.00461495,0.02855968,0,0,28114.1443

17,True,False,0.02,0.25,Rot0,2,0,0.01082866,-0.00461495,0.02855968,0,0,28129.7383

17,True,False,0.02,0.25,Rot0,2,0,0.01082866,-0.00461495,0.02855968,0,0,28154.1739

17,True,False,0.02,0.25,Rot0,2,0,0.01082866,-0.00461495,0.02855968,0,0,28181.8459

17,True,False,0.02,0.25,Rot0,2,0,0.01082866,-0.00461495,0.02855968,0,0,28193.819

17,True,False,0.02,0.25,Rot0,2,0,0.01082866,-0.00461495,0.02855968,0,0,28207.4844

17,True,False,0.02,0.25,Rot0,2,0,0.01082866,-0.00461495,0.02855968,0,0,28220.7409

17,True,False,0.02,0.25,Rot0,2,0,0.01082866,-0.00461495,0.02855968,0,0,28233.9749

17,True,False,0.02,0.25,Rot0,2,0,0.01082866,-0.00461495,0.02855968,0,0,28247.3403

17,True,False,0.02,0.25,Rot0,2,0,0.01082866,-0.00461495,0.02855968,0,0,28273.275

17,True,False,0.02,0.25,Rot0,2,0,0.01082866,-0.00461495,0.02855968,0,0,28299.5604

17,True,False,0.02,0.25,Rot0,2,0,0.01082866,-0.00461495,0.02855968,0,0,28313.307

17,True,False,0.02,0.25,Rot0,2,0,0.01082866,-0.00461495,0.02855968,0,0,28327.149

17,True,False,0.02,0.25,Rot0,2,0,0.01082866,-0.00461495,0.02855968,0,0,28341.0577

17,True,False,0.02,0.25,Rot0,2,0,0.01082866,-0.00461495,0.02855968,0,0,28354.4981

17,True,False,0.02,0.25,Rot0,2,0,0.01082866,-0.00461495,0.02855968,0,0,28368.0252

17,True,False,0.02,0.25,Rot0,2,0,0.01082866,-0.00461495,0.02855968,0,0,28382.4236

17,True,False,0.02,0.25,Rot0,2,0,0.01082866,-0.00461495,0.02855968,0,0,28409.0841

17,True,False,0.02,0.25,Rot0,2,0,0.01082866,-0.00461495,0.02855968,0,0,28424.7038

17,True,False,0.02,0.25,Rot0,2,0,0.01082866,-0.00461495,0.02855968,0,0,28435.9208

17,True,False,0.02,0.25,Rot0,2,0,0.01082866,-0.00461495,0.02855968,0,0,28449.3504

17,True,False,0.02,0.25,Rot0,2,0,0.01082866,-0.00461495,0.02855968,0,0,28464.9626

17,True,False,0.02,0.25,Rot0,2,0,0.01082866,-0.00461495,0.02855968,0,0,28490.4841

17,True,False,0.02,0.25,Rot0,2,0,0.01082866,-0.00461495,0.02855968,0,0,28506.3767

17,True,False,0.02,0.25,Rot0,2,0,0.01082866,-0.00461495,0.02855968,0,0,28517.9537

17,True,False,0.02,0.25,Rot0,2,0,0.01082866,-0.00461495,0.02855968,0,0,28532.344

17,True,False,0.02,0.25,Rot0,2,0,0.01082866,-0.00461495,0.02855968,0,0,28548.9471

17,True,False,0.02,0.25,Rot0,2,0,0.01082866,-0.00461495,0.02855968,0,0,28573.7346

17,True,False,0.02,0.25,Rot0,2,0,0.01082866,-0.00461495,0.02855968,0,0,28588.7442

17,True,False,0.02,0.25,Rot0,2,0,0.01082866,-0.00461495,0.02855968,0,0,28601.6766

17,True,False,0.02,0.25,Rot0,2,0,0.01082866,-0.00461495,0.02855968,0,0,28615.8586

17,True,False,0.02,0.25,Rot0,2,0,0.01082866,-0.00461495,0.02855968,0,0,28631.2971

17,True,False,0.02,0.25,Rot0,2,0,0.01082866,-0.00461495,0.02855968,0,0,28656.8992

17,True,False,0.02,0.25,Rot0,2,0,0.01082866,-0.00461495,0.02855968,0,0,28684.4605

17,True,False,0.02,0.25,Rot0,2,0,0.01082866,-0.00461495,0.02855968,0,0,28713.2189

17,True,False,0.02,0.25,Rot0,2,0,0.01082866,-0.00461495,0.02855968,0,0,28724.2839

17,True,False,0.02,0.25,Rot0,2,0,0.01082866,-0.00461495,0.02855968,0,0,28737.1804

17,True,False,0.02,0.25,Rot0,2,0,0.01082866,-0.00461495,0.02855968,0,0,28750.3438

17,True,False,0.02,0.25,Rot0,2,0,0.01082866,-0.00461495,0.02855968,0,0,28764.2163

17,True,False,0.02,0.25,Rot0,2,0,0.01082866,-0.00461495,0.02855968,0,0,28791.2869

17,True,False,0.02,0.25,Rot0,2,0,0.01082866,-0.00461495,0.02855968,0,0,28808.1172

17,True,False,0.02,0.25,Rot0,2,0,0.01082866,-0.00461495,0.02855968,0,0,28819.0669

17,True,False,0.02,0.25,Rot0,2,0,0.01082866,-0.00461495,0.02855968,0,0,28831.9696

17,True,False,0.02,0.25,Rot0,2,0,0.01082866,-0.00461495,0.02855968,0,0,28847.462

17,True,False,0.02,0.25,Rot0,2,0,0.01082866,-0.00461495,0.02855968,0,0,28873.1505

17,True,False,0.02,0.25,Rot0,2,0,0.01082866,-0.00461495,0.02855968,0,0,28898.7841

17,True,False,0.02,0.25,Rot0,2,0,0.01082866,-0.00461495,0.02855968,0,0,28912.661

17,True,False,0.02,0.25,Rot0,2,0,0.01082866,-0.00461495,0.02855968,0,0,28926.3927

17,True,False,0.02,0.25,Rot0,2,0,0.01082866,-0.00461495,0.02855968,0,0,28940.5915

17,True,False,0.02,0.25,Rot0,2,0,0.01082866,-0.00461495,0.02855968,0,0,28954.038

17,True,False,0.02,0.25,Rot0,2,0,0.01082866,-0.00461495,0.02855968,0,0,28967.3526

17,True,False,0.02,0.25,Rot0,2,0,0.01082866,-0.00461495,0.02855968,0,0,28994.4824

17,True,False,0.02,0.25,Rot0,2,0,0.01082866,-0.00461495,0.02855968,0,0,29021.5385

17,True,False,0.02,0.25,Rot0,2,0,0.01082866,-0.00461495,0.02855968,0,0,29035.2823

17,True,False,0.02,0.25,Rot0,2,0,0.01082866,-0.00461495,0.02855968,0,0,29049.3235

17,True,False,0.02,0.25,Rot0,2,0,0.01082866,-0.00461495,0.02855968,0,0,29061.9391

17,True,False,0.02,0.25,Rot0,2,0,0.01082866,-0.00461495,0.02855968,0,0,29075.5038

17,True,False,0.02,0.25,Rot0,2,0,0.01082866,-0.00461495,0.02855968,0,0,29089.2205

17,True,False,0.02,0.25,Rot0,2,0,0.01082866,-0.00461495,0.02855968,0,0,29103.2917

17,True,False,0.02,0.25,Rot0,2,0,0.01082866,-0.00461495,0.02855968,0,0,29116.8055

17,True,False,0.02,0.25,Rot0,2,0,0.01082866,-0.00461495,0.02855968,0,0,29131.8771

17,True,False,0.02,0.25,Rot0,2,0,0.01082866,-0.00461495,0.02855968,0,0,29157.9114

17,True,False,0.02,0.25,Rot0,2,0,0.01082866,-0.00461495,0.02855968,0,0,29184.0352

17,True,False,0.02,0.25,Rot0,2,0,0.01082866,-0.00461495,0.02855968,0,0,29196.6678

17,True,False,0.02,0.25,Rot0,2,0,0.01082866,-0.00461495,0.02855968,0,0,29209.6596

17,True,False,0.02,0.25,Rot0,2,0,0.01082866,-0.00461495,0.02855968,0,0,29251.6078

17,True,False,0.02,0.25,Rot0,2,0,0.01082866,-0.00461495,0.02855968,0,0,29266.5456

17,True,False,0.02,0.25,Rot0,2,0,0.01082866,-0.00461495,0.02855968,0,0,29279.3567

17,True,False,0.02,0.25,Rot0,2,0,0.01082866,-0.00461495,0.02855968,0,0,29291.8853

17,True,False,0.02,0.25,Rot0,2,0,0.01082866,-0.00461495,0.02855968,0,0,29307.1198

17,True,False,0.02,0.25,Rot0,2,0,0.01082866,-0.00461495,0.02855968,0,0,29321.0942

17,True,False,0.02,0.25,Rot0,2,0,0.01082866,-0.00461495,0.02855968,0,0,29346.9598

17,True,False,0.02,0.25,Rot0,2,0,0.01082866,-0.00461495,0.02855968,0,0,29374.7091

17,True,False,0.02,0.25,Rot0,2,0,0.01082866,-0.00461495,0.02855968,0,0,29386.9855

17,True,False,0.02,0.25,Rot0,2,0,0.01082866,-0.00461495,0.02855968,0,0,29400.2767

17,True,False,0.02,0.25,Rot0,2,0,0.01082866,-0.00461495,0.02855968,0,0,29413.4254

17,True,False,0.02,0.25,Rot0,2,0,0.01082866,-0.00461495,0.02855968,0,0,29427.5296

17,True,False,0.02,0.25,Rot0,2,0,0.01082866,-0.00461495,0.02855968,0,0,29441.6928

17,True,False,0.02,0.25,Rot0,2,0,0.01082866,-0.00461495,0.02855968,0,0,29456.0175

17,True,False,0.02,0.25,Rot0,2,0,0.01082866,-0.00461495,0.02855968,0,0,29480.254

17,True,False,0.02,0.25,Rot0,2,0,0.01082866,-0.00461495,0.02855968,0,0,29506.9823

17,True,False,0.02,0.25,Rot0,2,0,0.01082866,-0.00461495,0.02855968,0,0,29520.7277

17,True,False,0.02,0.25,Rot0,2,0,0.01082866,-0.00461495,0.02855968,0,0,29533.9878

17,True,False,0.02,0.25,Rot0,2,0,0.01082866,-0.00461495,0.02855968,0,0,29548.6066

17,True,False,0.02,0.25,Rot0,2,0,0.01082866,-0.00461495,0.02855968,0,0,29562.5256

17,True,False,0.02,0.25,Rot0,2,0,0.01082866,-0.00461495,0.02855968,0,0,29575.798

17,True,False,0.02,0.25,Rot0,2,0,0.01082866,-0.00461495,0.02855968,0,0,29590.3422

17,True,False,0.02,0.25,Rot0,2,0,0.01082866,-0.00461495,0.02855968,0,0,29617.1803

17,True,False,0.02,0.25,Rot0,2,0,0.01082866,-0.00461495,0.02855968,0,0,29631.0596

17,True,False,0.02,0.25,Rot0,2,0,0.01082866,-0.00461495,0.02855968,0,0,29643.7705

17,True,False,0.02,0.25,Rot0,2,0,0.01082866,-0.00461495,0.02855968,0,0,29657.9876

17,True,False,0.02,0.25,Rot0,2,0,0.01082866,-0.00461495,0.02855968,0,0,29684.6778

17,True,False,0.02,0.25,Rot0,2,0,0.01082866,-0.00461495,0.02855968,0,0,29699.1107

17,True,False,0.02,0.25,Rot0,2,0,0.01082866,-0.00461495,0.02855968,0,0,29710.1574

17,True,False,0.02,0.25,Rot0,2,0,0.01082866,-0.00461495,0.02855968,0,0,29724.0173

17,True,False,0.02,0.25,Rot0,2,0,0.01082866,-0.00461495,0.02855968,0,0,29750.7866

17,True,False,0.02,0.25,Rot0,2,0,0.01082866,-0.00461495,0.02855968,0,0,29763.5296

17,True,False,0.02,0.25,Rot0,2,0,0.01082866,-0.00461495,0.02855968,0,0,29776.4896

17,True,False,0.02,0.25,Rot0,2,0,0.01082866,-0.00461495,0.02855968,0,0,29804.2825

17,True,False,0.02,0.25,Rot0,2,0,0.01082866,-0.00461495,0.02855968,0,0,29830.8371

17,True,False,0.02,0.25,Rot0,2,0,0.01082866,-0.00461495,0.02855968,0,0,29843.4647

17,True,False,0.02,0.25,Rot0,2,0,0.01082866,-0.00461495,0.02855968,0,0,29856.8302

17,True,False,0.02,0.25,Rot0,2,0,0.01082866,-0.00461495,0.02855968,0,0,29871.083

17,True,False,0.02,0.25,Rot0,2,0,0.01082866,-0.00461495,0.02855968,0,0,29884.5294

17,True,False,0.02,0.25,Rot0,2,0,0.01082866,-0.00461495,0.02855968,0,0,29898.1192

17,True,False,0.02,0.25,Rot0,2,0,0.01082866,-0.00461495,0.02855968,0,0,29911.3077

17,True,False,0.02,0.25,Rot0,2,0,0.01082866,-0.00461495,0.02855968,0,0,29925.4094

17,True,False,0.02,0.25,Rot0,2,0,0.01082866,-0.00461495,0.02855968,0,0,29939.4546

17,True,False,0.02,0.25,Rot0,2,0,0.01082866,-0.00461495,0.02855968,0,0,29965.2374

17,True,False,0.02,0.25,Rot0,2,0,0.01082866,-0.00461495,0.02855968,0,0,29980.4774

17,True,False,0.02,0.25,Rot0,2,0,0.01082866,-0.00461495,0.02855968,0,0,29991.2333

17,True,False,0.02,0.25,Rot0,2,0,0.01082866,-0.00461495,0.02855968,0,0,30005.7834

17,True,False,0.02,0.25,Rot0,2,0,0.01082866,-0.00461495,0.02855968,0,0,30032.9601

17,True,False,0.02,0.25,Rot0,2,0,0.01082866,-0.00461495,0.02855968,0,0,30048.718

17,True,False,0.02,0.25,Rot0,2,0,0.01082866,-0.00461495,0.02855968,0,0,30060.5787

17,True,False,0.02,0.25,Rot0,2,0,0.01082866,-0.00461495,0.02855968,0,0,30073.9556

17,True,False,0.02,0.25,Rot0,2,0,0.01082866,-0.00461495,0.02855968,0,0,30090.5227

17,True,False,0.02,0.25,Rot0,2,0,0.01082866,-0.00461495,0.02855968,0,0,30114.9055

17,True,False,0.02,0.25,Rot0,2,0,0.01082866,-0.00461495,0.02855968,0,0,30142.297

17,True,False,0.02,0.25,Rot0,2,0,0.01082866,-0.00461495,0.02855968,0,0,30154.4441

17,True,False,0.02,0.25,Rot0,2,0,0.01082866,-0.00461495,0.02855968,0,0,30167.4343

17,True,False,0.02,0.25,Rot0,2,0,0.01082866,-0.00461495,0.02855968,0,0,30180.6035

17,True,False,0.02,0.25,Rot0,2,0,0.01082866,-0.00461495,0.02855968,0,0,30193.3649

17,True,False,0.02,0.25,Rot0,2,0,0.01082866,-0.00461495,0.02855968,0,0,30206.7744

17,True,False,0.02,0.25,Rot0,2,0,0.01082866,-0.00461495,0.02855968,0,0,30221.4695

17,True,False,0.02,0.25,Rot0,2,0,0.01082866,-0.00461495,0.02855968,0,0,30245.5685

17,True,False,0.02,0.25,Rot0,2,0,0.01082866,-0.00461495,0.02855968,0,0,30272.2511

17,True,False,0.02,0.25,Rot0,2,0,0.01082866,-0.00461495,0.02855968,0,0,30286.0182

17,True,False,0.02,0.25,Rot0,2,0,0.01082866,-0.00461495,0.02855968,0,0,30299.7154

17,True,False,0.02,0.25,Rot0,2,0,0.01082866,-0.00461495,0.02855968,0,0,30312.8642

17,True,False,0.02,0.25,Rot0,2,0,0.01082866,-0.00461495,0.02855968,0,0,30327.0934

17,True,False,0.02,0.25,Rot0,2,0,0.01082866,-0.00461495,0.02855968,0,0,30341.1329

17,True,False,0.02,0.25,Rot0,2,0,0.01082866,-0.00461495,0.02855968,0,0,30353.4056

17,True,False,0.02,0.25,Rot0,2,0,0.01082866,-0.00461495,0.02855968,0,0,30380.7751

17,True,False,0.02,0.25,Rot0,2,0,0.01082866,-0.00461495,0.02855968,0,0,30396.5039

17,True,False,0.02,0.25,Rot0,2,0,0.01082866,-0.00461495,0.02855968,0,0,30408.1097

17,True,False,0.02,0.25,Rot0,2,0,0.01082866,-0.00461495,0.02855968,0,0,30421.1159

17,True,False,0.02,0.25,Rot0,2,0,0.01082866,-0.00461495,0.02855968,0,0,30448.4181

17,True,False,0.02,0.25,Rot0,2,0,0.01082866,-0.00461495,0.02855968,0,0,30476.2745

17,True,False,0.02,0.25,Rot0,2,0,0.01082866,-0.00461495,0.02855968,0,0,30488.046

17,True,False,0.02,0.25,Rot0,2,0,0.01082866,-0.00461495,0.02855968,0,0,30501.0478

17,True,False,0.02,0.25,Rot0,2,0,0.01082866,-0.00461495,0.02855968,0,0,30513.5909

17,True,False,0.02,0.25,Rot0,2,0,0.01082866,-0.00461495,0.02855968,0,0,30527.0143

17,True,False,0.02,0.25,Rot0,2,0,0.01082866,-0.00461495,0.02855968,0,0,30541.3686

17,True,False,0.02,0.25,Rot0,2,0,0.01082866,-0.00461495,0.02855968,0,0,30554.9143

17,True,False,0.02,0.25,Rot0,2,0,0.01082866,-0.00461495,0.02855968,0,0,30581.0039

17,True,False,0.02,0.25,Rot0,2,0,0.01082866,-0.00461495,0.02855968,0,0,30607.0159

17,True,False,0.02,0.25,Rot0,2,0,0.01082866,-0.00461495,0.02855968,0,0,30620.3139

17,True,False,0.02,0.25,Rot0,2,0,0.01082866,-0.00461495,0.02855968,0,0,30633.7159

17,True,False,0.02,0.25,Rot0,2,0,0.01082866,-0.00461495,0.02855968,0,0,30647.7494

17,True,False,0.02,0.25,Rot0,2,0,0.01082866,-0.00461495,0.02855968,0,0,30661.5693

17,True,False,0.02,0.25,Rot0,2,0,0.01082866,-0.00461495,0.02855968,0,0,30674.6477

17,True,False,0.02,0.25,Rot0,2,0,0.01082866,-0.00461495,0.02855968,0,0,30688.7725

17,True,False,0.02,0.25,Rot0,2,0,0.01082866,-0.00461495,0.02855968,0,0,30715.4179

17,True,False,0.02,0.25,Rot0,2,0,0.01082866,-0.00461495,0.02855968,0,0,30730.1377

17,True,False,0.02,0.25,Rot0,2,0,0.01082866,-0.00461495,0.02855968,0,0,30742.7825

17,True,False,0.02,0.25,Rot0,2,0,0.01082866,-0.00461495,0.02855968,0,0,30756.6206

17,True,False,0.02,0.25,Rot0,2,0,0.01082866,-0.00461495,0.02855968,0,0,30770.271

17,True,False,0.02,0.25,Rot0,2,0,0.01082866,-0.00461495,0.02855968,0,0,30796.1695

17,True,False,0.02,0.25,Rot0,2,0,0.01082866,-0.00461495,0.02855968,0,0,30823.8671

17,True,False,0.02,0.25,Rot0,2,0,0.01082866,-0.00461495,0.02855968,0,0,30835.5373

17,True,False,0.02,0.25,Rot0,2,0,0.01082866,-0.00461495,0.02855968,0,0,30848.5072

17,True,False,0.02,0.25,Rot0,2,0,0.01082866,-0.00461495,0.02855968,0,0,30861.7245

17,True,False,0.02,0.25,Rot0,2,0,0.01082866,-0.00461495,0.02855968,0,0,30874.2264

17,True,False,0.02,0.25,Rot0,2,0,0.01082866,-0.00461495,0.02855968,0,0,30902.2333

17,True,False,0.02,0.25,Rot0,2,0,0.01082866,-0.00461495,0.02855968,0,0,30927.8001

17,True,False,0.02,0.25,Rot0,2,0,0.01082866,-0.00461495,0.02855968,0,0,30955.4702

17,True,False,0.02,0.25,Rot0,2,0,0.01082866,-0.00461495,0.02855968,0,0,30968.0476

17,True,False,0.02,0.25,Rot0,2,0,0.01082866,-0.00461495,0.02855968,0,0,30981.8498

17,True,False,0.02,0.25,Rot0,2,0,0.01082866,-0.00461495,0.02855968,0,0,30995.3498

17,True,False,0.02,0.25,Rot0,2,0,0.01082866,-0.00461495,0.02855968,0,0,31008.217

17,True,False,0.02,0.25,Rot0,2,0,0.01082866,-0.00461495,0.02855968,0,0,31022.3029

17,True,False,0.02,0.25,Rot0,2,0,0.01082866,-0.00461495,0.02855968,0,0,31036.9228

17,True,False,0.02,0.25,Rot0,2,0,0.01082866,-0.00461495,0.02855968,0,0,31061.4658

17,True,False,0.02,0.25,Rot0,2,0,0.01082866,-0.00461495,0.02855968,0,0,31076.6115

17,True,False,0.02,0.25,Rot0,2,0,0.01082866,-0.00461495,0.02855968,0,0,31089.1432

17,True,False,0.02,0.25,Rot0,2,0,0.01082866,-0.00461495,0.02855968,0,0,31103.6356

17,True,False,0.02,0.25,Rot0,2,0,0.01082866,-0.00461495,0.02855968,0,0,31117.8691

17,True,False,0.02,0.25,Rot0,2,0,0.01082866,-0.00461495,0.02855968,0,0,31142.3557

17,True,False,0.02,0.25,Rot0,2,0,0.01082866,-0.00461495,0.02855968,0,0,31157.5553

17,True,False,0.02,0.25,Rot0,2,0,0.01082866,-0.00461495,0.02855968,0,0,31170.1753

17,True,False,0.02,0.25,Rot0,2,0,0.01082866,-0.00461495,0.02855968,0,0,31198.0051

17,True,False,0.02,0.25,Rot0,2,0,0.01082866,-0.00461495,0.02855968,0,0,31212.1808

17,True,False,0.02,0.25,Rot0,2,0,0.01082866,-0.00461495,0.02855968,0,0,31225.0222

17,True,False,0.02,0.25,Rot0,2,0,0.01082866,-0.00461495,0.02855968,0,0,31239.3411

17,True,False,0.02,0.25,Rot0,2,0,0.01082866,-0.00461495,0.02855968,0,0,31253.1273

17,True,False,0.02,0.25,Rot0,2,0,0.01082866,-0.00461495,0.02855968,0,0,31269.2129

17,True,False,0.02,0.25,Rot0,2,0,0.01082866,-0.00461495,0.02855968,0,0,31294.8667

17,True,False,0.02,0.25,Rot0,2,0,0.01082866,-0.00461495,0.02855968,0,0,31322.1703

17,True,False,0.02,0.25,Rot0,2,0,0.01082866,-0.00461495,0.02855968,0,0,31334.3228

17,True,False,0.02,0.25,Rot0,2,0,0.01082866,-0.00461495,0.02855968,0,0,31347.523

17,True,False,0.02,0.25,Rot0,2,0,0.01082866,-0.00461495,0.02855968,0,0,31360.6883

17,True,False,0.02,0.25,Rot0,2,0,0.01082866,-0.00461495,0.02855968,0,0,31373.6992

17,True,False,0.02,0.25,Rot0,2,0,0.01082866,-0.00461495,0.02855968,0,0,31388.7668

17,True,False,0.02,0.25,Rot0,2,0,0.01082866,-0.00461495,0.02855968,0,0,31413.4974

17,True,False,0.02,0.25,Rot0,2,0,0.01082866,-0.00461495,0.02855968,0,0,31439.088

17,True,False,0.02,0.25,Rot0,2,0,0.01082866,-0.00461495,0.02855968,0,0,31452.8508

17,True,False,0.02,0.25,Rot0,2,0,0.01082866,-0.00461495,0.02855968,0,0,31466.9589

17,True,False,0.02,0.25,Rot0,2,0,0.01082866,-0.00461495,0.02855968,0,0,31480.7431

17,True,False,0.02,0.25,Rot0,2,0,0.01082866,-0.00461495,0.02855968,0,0,31493.5353

17,True,False,0.02,0.25,Rot0,2,0,0.01082866,-0.00461495,0.02855968,0,0,31507.9052

17,True,False,0.02,0.25,Rot0,2,0,0.01082866,-0.00461495,0.02855968,0,0,31521.9046

17,True,False,0.02,0.25,Rot0,2,0,0.01082866,-0.00461495,0.02855968,0,0,31534.9499

17,True,False,0.02,0.25,Rot0,2,0,0.01082866,-0.00461495,0.02855968,0,0,31560.465

17,True,False,0.02,0.25,Rot0,2,0,0.01082866,-0.00461495,0.02855968,0,0,31575.2323

17,True,False,0.02,0.25,Rot0,2,0,0.01082866,-0.00461495,0.02855968,0,0,31588.5167

17,True,False,0.02,0.25,Rot0,2,0,0.01082866,-0.00461495,0.02855968,0,0,31615.2842

17,True,False,0.02,0.25,Rot0,2,0,0.01082866,-0.00461495,0.02855968,0,0,31630.9482

17,True,False,0.02,0.25,Rot0,2,0,0.01082866,-0.00461495,0.02855968,0,0,31643.3152

17,True,False,0.02,0.25,Rot0,2,0,0.01082866,-0.00461495,0.02855968,0,0,31655.7292

17,True,False,0.02,0.25,Rot0,2,0,0.01082866,-0.00461495,0.02855968,0,0,31671.8157

17,True,False,0.02,0.25,Rot0,2,0,0.01082866,-0.00461495,0.02855968,0,0,31696.439

17,True,False,0.02,0.25,Rot0,2,0,0.01082866,-0.00461495,0.02855968,0,0,31712.0362

17,True,False,0.02,0.25,Rot0,2,0,0.01082866,-0.00461495,0.02855968,0,0,31723.2835

17,True,False,0.02,0.25,Rot0,2,0,0.01082866,-0.00461495,0.02855968,0,0,31736.2185

17,True,False,0.02,0.25,Rot0,2,0,0.01082866,-0.00461495,0.02855968,0,0,31752.3032

17,True,False,0.02,0.25,Rot0,2,0,0.01082866,-0.00461495,0.02855968,0,0,31777.2885

17,True,False,0.02,0.25,Rot0,2,0,0.01082866,-0.00461495,0.02855968,0,0,31803.0844

17,True,False,0.02,0.25,Rot0,2,0,0.01082866,-0.00461495,0.02855968,0,0,31816.4864

17,True,False,0.02,0.25,Rot0,2,0,0.01082866,-0.00461495,0.02855968,0,0,31830.2608

17,True,False,0.02,0.25,Rot0,2,0,0.01082866,-0.00461495,0.02855968,0,0,31843.4823

17,True,False,0.02,0.25,Rot0,2,0,0.01082866,-0.00461495,0.02855968,0,0,31856.719

17,True,False,0.02,0.25,Rot0,2,0,0.01082866,-0.00461495,0.02855968,0,0,31872.2684

17,True,False,0.02,0.25,Rot0,2,0,0.01082866,-0.00461495,0.02855968,0,0,31886.1266

17,True,False,0.02,0.25,Rot0,2,0,0.01082866,-0.00461495,0.02855968,0,0,31909.7945

17,True,False,0.02,0.25,Rot0,2,0,0.01082866,-0.00461495,0.02855968,0,0,31935.9879

17,True,False,0.02,0.25,Rot0,2,0,0.01082868,-0.004614919,0.02855957,1.253529E-07,8.98174811683627E-06,31949.9443

17,True,False,0.02,0.25,Rot0,2,0,0.01081231,-0.004862249,0.02884746,0.0003798961,0.0268282489315824,31964.1046

17,True,False,0.02,0.25,Rot0,2,0,0.01061593,-0.005651118,0.02989447,0.001325564,0.102409939016178,31977.0483

17,True,False,0.02,0.25,Rot0,2,0,0.009877246,-0.007185699,0.03225756,0.002912862,0.201458095650297,31991.5072

17,True,False,0.02,0.25,Rot0,2,0,0.00881594,-0.008272829,0.03443873,0.002658145,0.193314015341242,32005.2576

17,True,False,0.02,0.25,Rot0,2,0,0.007301549,-0.009198161,0.03690493,0.003038383,0.205038455466429,32020.0762

17,True,False,0.02,0.25,Rot0,2,0,0.0062766,-0.009421768,0.03819335,0.001661485,0.0654470580350686,32045.4629

17,True,False,0.02,0.25,Rot0,2,0,0.005634305,-0.009297909,0.03875887,0.0008647,0.0312637845842027,32073.1211

17,True,False,0.02,0.25,Rot0,2,0,0.005379452,-0.009178371,0.03909719,0.0004401104,0.0151718781957399,32102.1294

17,True,False,0.02,0.25,Rot0,2,0,0.004942668,-0.008899272,0.03931189,0.0005610445,0.0418771174425189,32115.5268

17,True,False,0.02,0.25,Rot0,2,0,0.00444509,-0.008553476,0.03951466,0.0006389651,0.0508738283912886,32128.0866

17,True,False,0.02,0.25,Rot0,2,0,0.004012742,-0.00826338,0.03954339,0.0005214457,0.0401167627125134,32141.0848

17,True,False,0.02,0.25,Rot0,2,0,0.003643812,-0.008031637,0.03957558,0.0004368642,0.0312007999262824,32155.0865

17,True,False,0.02,0.25,Rot0,2,0,0.003313649,-0.00783518,0.03960884,0.0003856276,0.0271455914788354,32169.2924

17,True,False,0.02,0.25,Rot0,2,0,0.002928976,-0.007624895,0.03965294,0.0004406121,0.0159665778646434,32196.8883

17,True,False,0.02,0.25,Rot0,2,0,0.002750332,-0.007561446,0.03960955,0.0001944799,0.0070284958539063,32224.5585

17,True,False,0.02,0.25,Rot0,2,0,0.002484222,-0.007561387,0.03954029,0.0002749752,0.0221300861897808,32236.9839

17,True,False,0.02,0.25,Rot0,2,0,0.002324568,-0.007526577,0.03942752,0.0001985412,0.0152455462035025,32250.0068

17,True,False,0.02,0.25,Rot0,2,0,0.00225028,-0.007509829,0.0393635,9.948459E-05,0.00740984585612062,32263.4328

17,True,False,0.02,0.25,Rot0,2,0,0.002250114,-0.00750962,0.0393635,2.664625E-07,2.15652552445173E-05,32275.7889

17,True,False,0.02,0.25,Rot0,2,0,0.002170416,-0.007512868,0.03933728,8.396564E-05,0.00590654292516981,32290.0046

17,True,False,0.02,0.25,Rot0,2,0,0.002095257,-0.007519693,0.03930819,8.087929E-05,0.00313872486944138,32315.7728

17,True,False,0.02,0.25,Rot0,2,0,0.002022268,-0.007575036,0.03919137,0.0001484531,0.011108267567981,32329.137

17,True,False,0.02,0.25,Rot0,2,0,0.00198874,-0.00776893,0.03906953,0.0002314347,0.0171139011128911,32342.6602

17,True,False,0.02,0.25,Rot0,2,0,0.001977874,-0.007872731,0.03900719,0.0001215726,0.00933049257594285,32355.6898

17,True,False,0.02,0.25,Rot0,2,0,0.001972037,-0.007982881,0.03894365,0.0001272954,0.00467664064181134,32382.9092

17,True,False,0.02,0.25,Rot0,2,0,0.001911154,-0.008026899,0.03876984,0.0001893494,0.0137965492757755,32396.6336

17,True,False,0.02,0.25,Rot0,2,0,0.001632068,-0.008202196,0.03860676,0.0003677126,0.0265442804227348,32410.4864

17,True,False,0.02,0.25,Rot0,2,0,0.001486958,-0.008293034,0.03852558,0.0001894701,0.0135571107474416,32424.4621

17,True,False,0.02,0.25,Rot0,2,0,0.001336235,-0.00838697,0.038445,0.0001950274,0.0141339598828107,32438.2606

17,True,False,0.02,0.25,Rot0,2,0,0.00128654,-0.008434118,0.03843069,6.997868E-05,0.0052486505594385,32451.5933

17,True,False,0.02,0.25,Rot0,2,0,0.001239428,-0.008482368,0.03842068,6.817586E-05,0.00265199363172064,32477.3007

17,True,False,0.02,0.25,Rot0,2,0,0.001100578,-0.008504839,0.03843844,0.0001417737,0.00904463141906384,32492.9756

17,True,False,0.02,0.25,Rot0,2,0,0.0008070432,-0.008548857,0.03849685,0.0003025095,0.0253942934845108,32504.8881

17,True,False,0.02,0.25,Rot0,2,0,0.0006296001,-0.008571596,0.03852689,0.0001813989,0.0129687366804042,32518.8755

17,True,False,0.02,0.25,Rot0,2,0,0.0004462118,-0.008593083,0.03856111,0.0001877859,0.00725218501443603,32544.7692

17,True,False,0.02,0.25,Rot0,2,0,0.000203674,-0.008628697,0.0386169,0.0002514069,0.00881198874670864,32573.2993

17,True,False,0.02,0.25,Rot0,2,0,-0.0002114809,-0.008663745,0.03870451,0.0004257452,0.0372067039252711,32584.742

17,True,False,0.02,0.25,Rot0,2,0,-0.0006455797,-0.008686394,0.03879869,0.0004447739,0.0304341552891712,32599.3563

17,True,False,0.02,0.25,Rot0,2,0,-0.000833489,-0.008728207,0.03889453,0.0002150449,0.00849751565049283,32624.6631

17,True,False,0.02,0.25,Rot0,2,0,-0.0009979231,-0.008787007,0.03899455,0.0002012444,0.0139353403836344,32639.1044

17,True,False,0.02,0.25,Rot0,2,0,-0.001129864,-0.008901657,0.03930032,0.0003522062,0.033644059701206,32649.573

17,True,False,0.02,0.25,Rot0,2,0,-0.001190666,-0.008960129,0.03945959,0.0001802244,0.00672456442543601,32676.3739

17,True,False,0.02,0.25,Rot0,2,0,-0.001253182,-0.009097428,0.0395875,0.0001977896,0.0137561187817842,32690.7522

17,True,False,0.02,0.25,Rot0,2,0,-0.001309093,-0.009241284,0.03971934,0.0002029871,0.0170535844409592,32702.6551

17,True,False,0.02,0.25,Rot0,2,0,-0.001372372,-0.009268285,0.03985,0.0001476601,0.0101793164482994,32717.161

17,True,False,0.02,0.25,Rot0,2,0,-0.001430612,-0.009293229,0.03998315,0.0001474615,0.00583931815250179,32742.4142

17,True,False,0.02,0.25,Rot0,2,0,-0.001477153,-0.00934595,0.04011321,0.0001478527,0.00977273485255507,32757.5433

17,True,False,0.02,0.25,Rot0,2,0,-0.00155532,-0.009454192,0.04038441,0.0003022854,0.0249348645906079,32769.6663

17,True,False,0.02,0.25,Rot0,2,0,-0.001634974,-0.009513468,0.04050398,0.0001554181,0.0117126972026687,32782.9355

17,True,False,0.02,0.25,Rot0,2,0,-0.001713566,-0.009573431,0.0406245,0.0001558763,0.00994134437896661,32798.6151

17,True,False,0.02,0.25,Rot0,2,0,-0.001771012,-0.009632201,0.04071558,0.0001226735,0.00500937000924461,32823.1039

17,True,False,0.02,0.25,Rot0,2,0,-0.001826014,-0.009690733,0.04080498,0.0001201866,0.00794275338190826,32838.2355

17,True,False,0.02,0.25,Rot0,2,0,-0.001894316,-0.009626419,0.04078496,9.5929E-05,0.00767972689583289,32850.7267

17,True,False,0.02,0.25,Rot0,2,0,-0.001926588,-0.009587885,0.04076827,5.296163E-05,0.00383546490744727,32864.5351

17,True,False,0.02,0.25,Rot0,2,0,-0.001908332,-0.009587021,0.04075336,2.358122E-05,0.000880566428830531,32891.3147

17,True,False,0.02,0.25,Rot0,2,0,-0.001885413,-0.009582044,0.04073155,3.203052E-05,0.00115841919991188,32918.9649

17,True,False,0.02,0.25,Rot0,2,0,-0.001783851,-0.009531439,0.0407232,0.0001137769,0.00903737092306786,32931.5545

17,True,False,0.02,0.25,Rot0,2,0,-0.001693712,-0.009568245,0.0409162,0.0002161681,0.0167607254300354,32944.4518

17,True,False,0.02,0.25,Rot0,2,0,-0.001645315,-0.009587587,0.04101694,0.0001134164,0.00896302953272051,32957.1056

17,True,False,0.02,0.25,Rot0,2,0,-0.001645315,-0.009587587,0.04101694,2.328306E-10,1.69692977511281E-08,32970.8263

17,True,False,0.02,0.25,Rot0,2,0,-0.001635026,-0.009611399,0.04108727,7.496453E-05,0.00484695972979572,32986.2926

17,True,False,0.02,0.25,Rot0,2,0,-0.00162233,-0.009637655,0.04115963,7.801619E-05,0.00325627794110869,33010.2513

17,True,False,0.02,0.25,Rot0,2,0,-0.001565184,-0.00959158,0.04121077,8.946446E-05,0.00340356705332444,33036.5368

17,True,False,0.02,0.25,Rot0,2,0,-0.001587812,-0.009467245,0.04118681,0.0001286289,0.00954787213873115,33050.0088

17,True,False,0.02,0.25,Rot0,2,0,-0.001617996,-0.009325237,0.04114032,0.0001524429,0.0111054929619274,33063.7356

17,True,False,0.02,0.25,Rot0,2,0,-0.001662473,-0.009194703,0.0411526,0.0001384491,0.0101120468698129,33077.4271

17,True,False,0.02,0.25,Rot0,2,0,-0.001711305,-0.009057016,0.04116249,0.0001464244,0.0108304494130771,33090.9468

17,True,False,0.02,0.25,Rot0,2,0,-0.001764491,-0.008912445,0.04117131,0.0001542964,0.0112316015624395,33104.6845

17,True,False,0.02,0.25,Rot0,2,0,-0.001776032,-0.008783401,0.04121435,0.0001365194,0.0111606546851452,33116.9167

17,True,False,0.02,0.25,Rot0,2,0,-0.001786151,-0.008652211,0.04125834,0.0001387376,0.00497559841589191,33144.8003

17,True,False,0.02,0.25,Rot0,2,0,-0.001829305,-0.008474887,0.04135585,0.0002069176,0.014482217749912,33159.088

17,True,False,0.02,0.25,Rot0,2,0,-0.001918042,-0.008102269,0.04156661,0.0004371948,0.0347026822376235,33171.6863

17,True,False,0.02,0.25,Rot0,2,0,-0.00196705,-0.007985414,0.04166698,0.0001616535,0.0114437664843755,33185.8122

17,True,False,0.02,0.25,Rot0,2,0,-0.002016297,-0.007869185,0.04177094,0.000163524,0.00590401333788736,33213.5093

17,True,False,0.02,0.25,Rot0,2,0,-0.002067372,-0.007673533,0.04183924,0.0002134346,0.0154360743163977,33227.3363

17,True,False,0.02,0.25,Rot0,2,0,-0.002182133,-0.007259906,0.0419786,0.0004513059,0.0268949811409108,33244.1166

17,True,False,0.02,0.25,Rot0,2,0,-0.002233448,-0.006944449,0.04196048,0.0003201171,0.0123614042719999,33270.0131

17,True,False,0.02,0.25,Rot0,2,0,-0.002296542,-0.006464363,0.04200482,0.0004862403,0.0362276531303938,33283.4349

17,True,False,0.02,0.25,Rot0,2,0,-0.002417039,-0.005776436,0.04203665,0.0006991258,0.0568399590556883,33295.7348

17,True,False,0.02,0.25,Rot0,2,0,-0.002461269,-0.005405844,0.04224527,0.0004275688,0.0316321618061981,33309.2517

17,True,False,0.02,0.25,Rot0,2,0,-0.002506895,-0.005079449,0.04244149,0.0003835589,0.0261075354946958,33323.9432

17,True,False,0.02,0.25,Rot0,2,0,-0.002553552,-0.004778862,0.04263353,0.0003597371,0.026254346252331,33337.6452

17,True,False,0.02,0.25,Rot0,2,0,-0.002415255,-0.004455954,0.04279757,0.0003876886,0.0295296276008973,33350.774

17,True,False,0.02,0.25,Rot0,2,0,-0.002263666,-0.004120827,0.0429709,0.0004066112,0.0146872177058712,33378.4587

17,True,False,0.02,0.25,Rot0,2,0,-0.002276124,-0.003741533,0.04303253,0.0003844707,0.0277181866542235,33392.3294

17,True,False,0.02,0.25,Rot0,2,0,-0.002360827,-0.003137261,0.04310679,0.0006146826,0.0480389683815076,33405.1249

17,True,False,0.02,0.25,Rot0,2,0,-0.002383158,-0.002808273,0.04322827,0.0003514081,0.0277396049167092,33417.793

17,True,False,0.02,0.25,Rot0,2,0,-0.002407234,-0.002493739,0.04334116,0.0003350458,0.0218696893787397,33433.1131

17,True,False,0.02,0.25,Rot0,2,0,-0.002402852,-0.002262712,0.04337168,0.0002330757,0.0177659981823878,33446.2323

17,True,False,0.02,0.25,Rot0,2,0,-0.002397605,-0.002039761,0.04339898,0.0002246775,0.00831504576854631,33473.2529

17,True,False,0.02,0.25,Rot0,2,0,-0.002449292,-0.00179267,0.0434314,0.000254513,0.00951112679026645,33500.0124

17,True,False,0.02,0.25,Rot0,2,0,-0.002537332,-0.001270622,0.04349327,0.0005330219,0.0388381055563678,33513.7366

17,True,False,0.02,0.25,Rot0,2,0,-0.002629492,-0.0007367135,0.04355431,0.0005452314,0.0431787787260213,33526.3639

17,True,False,0.02,0.25,Rot0,2,0,-0.002629493,-0.0007367135,0.04355431,9.331398E-10,7.23465125104646E-08,33539.2621

17,True,False,0.02,0.25,Rot0,2,0,-0.002585387,-0.0004543365,0.04359853,0.0002892026,0.0220987981292101,33552.3489

17,True,False,0.02,0.25,Rot0,2,0,-0.002540411,-0.0001844765,0.04363692,0.000276262,0.0197169426111881,33566.3603

17,True,False,0.02,0.25,Rot0,2,0,-0.002481449,0.0001767278,0.04371703,0.0003746497,0.0144204739131197,33592.3407

17,True,False,0.02,0.25,Rot0,2,0,-0.002412803,0.0005613566,0.04380488,0.0004004629,0.0151646246062581,33618.7484

17,True,False,0.02,0.25,Rot0,2,0,-0.002308488,0.001180261,0.04373312,0.0006317239,0.0460947472939153,33632.4533

17,True,False,0.02,0.25,Rot0,2,0,-0.002272403,0.001821935,0.04364991,0.0006480517,0.050096759040147,33645.3893

17,True,False,0.02,0.25,Rot0,2,0,-0.00224763,0.002348751,0.0435698,0.0005334473,0.0394456543860469,33658.9129

17,True,False,0.02,0.25,Rot0,2,0,-0.002229949,0.002867341,0.0434761,0.0005272835,0.0384149401004109,33672.6389

17,True,False,0.02,0.25,Rot0,2,0,-0.002163157,0.003592104,0.0434041,0.0007313869,0.0549819869181369,33685.9412

17,True,False,0.02,0.25,Rot0,2,0,-0.002092136,0.004347593,0.04332221,0.0007632264,0.0508980446199962,33700.9364

17,True,False,0.02,0.25,Rot0,2,0,-0.001952145,0.005311162,0.04327822,0.0009746779,0.0378006302405093,33726.7211

17,True,False,0.02,0.25,Rot0,2,0,-0.001811398,0.006283463,0.04322565,0.000983841,0.0617645298012623,33742.65

17,True,False,0.02,0.25,Rot0,2,0,-0.001768157,0.007120878,0.04326439,0.0008394257,0.0711691303236394,33754.4448

17,True,False,0.02,0.25,Rot0,2,0,-0.001842164,0.008453847,0.0431639,0.001338798,0.0973607778342498,33768.1957

17,True,False,0.02,0.25,Rot0,2,0,-0.001726076,0.009468795,0.04308176,0.001024862,0.0376916305958347,33795.3864

17,True,False,0.02,0.25,Rot0,2,0,-0.001463413,0.01033565,0.04303217,0.0009071369,0.0619976313413416,33810.0182

17,True,False,0.02,0.25,Rot0,2,0,-0.001175746,0.01099414,0.04305959,0.0007190991,0.0578081798751799,33822.4576

17,True,False,0.02,0.25,Rot0,2,0,-0.0008375795,0.01190132,0.04304492,0.0009682734,0.0792562362321243,33834.6746

17,True,False,0.02,0.25,Rot0,2,0,-0.0006552451,0.0129005,0.04272509,0.001064851,0.0705194787836759,33849.7747

17,True,False,0.02,0.25,Rot0,2,0,-0.000481721,0.0138478,0.04241681,0.001011195,0.0659317268103492,33865.1117

17,True,False,0.02,0.25,Rot0,2,0,-0.0003190566,0.01434958,0.04221261,0.0005656364,0.0218015316818271,33891.0565

17,True,False,0.02,0.25,Rot0,2,0,-0.0001853522,0.01477143,0.04203057,0.0004785099,0.0174636737867325,33918.4568

17,True,False,0.02,0.25,Rot0,2,0,2.137176E-05,0.01510853,0.04192364,0.0004096357,0.032391998077104,33931.103

17,True,False,0.02,0.25,Rot0,2,0,5.203849E-05,0.01528138,0.041978,0.0001837763,0.0139349015321519,33944.2912

17,True,False,0.02,0.25,Rot0,2,0,6.543194E-05,0.01536626,0.04200864,9.122557E-05,0.00730810162310059,33956.774

17,True,False,0.02,0.25,Rot0,2,0,6.544087E-05,0.01536626,0.04200864,8.9276E-09,6.43625457263101E-07,33970.6448

17,True,False,0.02,0.25,Rot0,2,0,5.136109E-05,0.01541871,0.04201472,5.464819E-05,0.00380047610461232,33985.0241

17,True,False,0.02,0.25,Rot0,2,0,3.306171E-05,0.01546791,0.04202282,5.311851E-05,0.00378855036175882,33999.0449

17,True,False,0.02,0.25,Rot0,2,0,8.437687E-06,0.01552499,0.04199958,6.636159E-05,0.00286613312365083,34022.1986

17,True,False,0.02,0.25,Rot0,2,0,-1.90921E-05,0.0155792,0.04197586,6.526426E-05,0.0024065345979124,34049.3182

17,True,False,0.02,0.25,Rot0,2,0,-0.0001390506,0.01566059,0.04188979,0.0001685891,0.0126700602955487,34062.6243

17,True,False,0.02,0.25,Rot0,2,0,-0.0002457318,0.01574531,0.0417825,0.0001734085,0.0129544669391436,34076.0103

17,True,False,0.02,0.25,Rot0,2,0,-0.0003011341,0.01578564,0.04172695,8.821166E-05,0.00626997549874708,34090.0792

17,True,False,0.02,0.25,Rot0,2,0,-0.0003589393,0.01582402,0.04166889,9.047238E-05,0.00679523049703331,34103.3933

17,True,False,0.02,0.25,Rot0,2,0,-0.0004569525,0.01589722,0.0415653,0.0001602982,0.012006366052604,34116.7444

17,True,False,0.02,0.25,Rot0,2,0,-0.0005585276,0.01597047,0.04145718,0.0001654515,0.0106720893947266,34132.2476

17,True,False,0.02,0.25,Rot0,2,0,-0.00064778,0.01606009,0.04140222,0.0001379023,0.00547085899793832,34157.4543

17,True,False,0.02,0.25,Rot0,2,0,-0.0007397516,0.01614908,0.04134858,0.0001387647,0.009145324343632,34172.6276

17,True,False,0.02,0.25,Rot0,2,0,-0.0007208606,0.01630694,0.04123878,0.0001932144,0.0152982928208594,34185.2574

17,True,False,0.02,0.25,Rot0,2,0,-0.0007068133,0.01638472,0.04118443,9.593036E-05,0.00698686520340816,34198.9875

17,True,False,0.02,0.25,Rot0,2,0,-0.0007438114,0.0163737,0.0411973,4.069654E-05,0.00140297583587027,34227.9948

17,True,False,0.02,0.25,Rot0,2,0,-0.0007809331,0.0163585,0.04121339,4.322065E-05,0.00170649146750255,34253.322

17,True,False,0.02,0.25,Rot0,2,0,-0.0008294492,0.01641619,0.04137444,0.0001778214,0.0120234900703958,34268.1115

17,True,False,0.02,0.25,Rot0,2,0,-0.0008400233,0.01644486,0.04146802,9.844214E-05,0.00830672288087604,34279.9624

17,True,False,0.02,0.25,Rot0,2,0,-0.000842412,0.01645696,0.04151762,5.11017E-05,0.00354902483352766,34294.3612

17,True,False,0.02,0.25,Rot0,2,0,-0.000842255,0.01646692,0.04156983,5.315424E-05,0.0032746778120841,34310.5931

17,True,False,0.02,0.25,Rot0,2,0,-0.0008161929,0.01651704,0.0415597,5.739923E-05,0.00234231912692047,34335.0984

17,True,False,0.02,0.25,Rot0,2,0,-0.000752371,0.01653323,0.0415498,6.658088E-05,0.00437364526457077,34350.3216

17,True,False,0.02,0.25,Rot0,2,0,-0.0006077049,0.01655504,0.0415324,0.0001473334,0.0117415841379428,34362.8696

17,True,False,0.02,0.25,Rot0,2,0,-0.0005857963,0.01646584,0.04157805,0.0001025715,0.00376077826551932,34390.1436

17,True,False,0.02,0.25,Rot0,2,0,-0.0005633258,0.01636785,0.04162776,0.0001121521,0.00851526908201381,34403.3143

17,True,False,0.02,0.25,Rot0,2,0,-0.0004669097,0.01621026,0.04163027,0.0001847658,0.0170353888738296,34414.1603

17,True,False,0.02,0.25,Rot0,2,0,-0.000415616,0.01612622,0.04163146,9.846633E-05,0.00367329431739669,34440.9663

17,True,False,0.02,0.25,Rot0,2,0,-0.0004156158,0.01612622,0.04163146,1.455192E-10,5.09952944314309E-09,34469.5021

17,True,False,0.02,0.25,Rot0,2,0,-0.0004254282,0.01580182,0.04153168,0.0003395382,0.0289641667288981,34481.2248

17,True,False,0.02,0.25,Rot0,2,0,-0.000443702,0.0154452,0.04142904,0.000371541,0.0279825408135492,34494.5024

17,True,False,0.02,0.25,Rot0,2,0,-0.0003905328,0.01517439,0.04141939,0.0002761526,0.0190938606716141,34508.9653

17,True,False,0.02,0.25,Rot0,2,0,-0.00031848,0.01485837,0.04143345,0.0003244388,0.0247822130851765,34522.0569

17,True,False,0.02,0.25,Rot0,2,0,-0.0002198369,0.01448211,0.04148245,0.0003920437,0.0294161471498951,34535.3844

17,True,False,0.02,0.25,Rot0,2,0,-0.0001587905,0.01398528,0.04135835,0.000515724,0.0361779567061325,34549.6396

17,True,False,0.02,0.25,Rot0,2,0,-8.99605E-05,0.01338059,0.04119909,0.0006290877,0.0440503697497479,34563.9207

17,True,False,0.02,0.25,Rot0,2,0,1.976232E-05,0.01279247,0.04090786,0.0006653849,0.0448953409144912,34578.7415

17,True,False,0.02,0.25,Rot0,2,0,0.0001273451,0.01220218,0.040591,0.0006785432,0.0279598341159955,34603.01

17,True,False,0.02,0.25,Rot0,2,0,0.0001942626,0.01157943,0.04026008,0.0007083835,0.04565621104093,34618.5256

17,True,False,0.02,0.25,Rot0,2,0,0.0002678018,0.01095423,0.03996229,0.0006963837,0.0592293966090166,34630.283

17,True,False,0.02,0.25,Rot0,2,0,0.0001231485,0.0102531,0.03957558,0.000813668,0.0567977797580548,34644.6087

17,True,False,0.02,0.25,Rot0,2,0,-2.289589E-05,0.009597451,0.03920698,0.0007662047,0.0283065574709475,34671.6768

17,True,False,0.02,0.25,Rot0,2,0,-0.0002620166,0.008894802,0.03887939,0.0008113003,0.0298457607360698,34698.8599

17,True,False,0.02,0.25,Rot0,2,0,-0.0005359501,0.008194656,0.03870308,0.0007722236,0.0636643939823527,34710.9895

17,True,False,0.02,0.25,Rot0,2,0,-0.0008490607,0.007441045,0.03851223,0.0008380892,0.0652336415993128,34723.837

17,True,False,0.02,0.25,Rot0,2,0,-0.001358181,0.00624168,0.03821135,0.00133724,0.107269254818842,34736.3032

17,True,False,0.02,0.25,Rot0,2,0,-0.001668503,0.005074323,0.03812885,0.001210714,0.0872643096896083,34750.1773

17,True,False,0.02,0.25,Rot0,2,0,-0.001668492,0.005074323,0.03812885,1.024455E-08,7.82396884080565E-07,34763.2711

17,True,False,0.02,0.25,Rot0,2,0,-0.00180739,0.004004121,0.0383085,0.001094028,0.0772035176829393,34777.4418

17,True,False,0.02,0.25,Rot0,2,0,-0.001891175,0.003006787,0.03851032,0.001020994,0.0391612989110401,34803.5133

17,True,False,0.02,0.25,Rot0,2,0,-0.001862181,0.002010048,0.03879666,0.001037458,0.0661673941773465,34819.1926

17,True,False,0.02,0.25,Rot0,2,0,-0.001935542,0.001198113,0.03898489,0.0008366902,0.0802503594403004,34829.6186

17,True,False,0.02,0.25,Rot0,2,0,-0.001739027,8.243321E-05,0.03932476,0.001182738,0.0886038718540294,34842.9672

17,True,False,0.02,0.25,Rot0,2,0,-0.001534548,-0.0009742976,0.03965104,0.001124699,0.0416263807173567,34869.9861

17,True,False,0.02,0.25,Rot0,2,0,-0.001461986,-0.00183633,0.03993952,0.0009119152,0.0346997036147615,34896.2663

17,True,False,0.02,0.25,Rot0,2,0,-0.001440648,-0.002552986,0.04004633,0.0007248865,0.0519892809330003,34910.2093

17,True,False,0.02,0.25,Rot0,2,0,-0.001411041,-0.00332442,0.04015851,0.0007801086,0.0548237183309816,34924.4387

17,True,False,0.02,0.25,Rot0,2,0,-0.00131881,-0.004268587,0.04033709,0.0009653226,0.0707896161535271,34938.0752

17,True,False,0.02,0.25,Rot0,2,0,-0.00132139,-0.00505662,0.040501,0.0008049037,0.0626267267118517,34950.9276

17,True,False,0.02,0.25,Rot0,2,0,-0.001340806,-0.005775094,0.04063773,0.0007316272,0.0513696584854686,34965.17

17,True,False,0.02,0.25,Rot0,2,0,-0.00140495,-0.006451876,0.04084551,0.0007108592,0.0460815887528524,34980.5961

17,True,False,0.02,0.25,Rot0,2,0,-0.001468343,-0.00710255,0.04104662,0.0006839877,0.0271112766631712,35005.825

17,True,False,0.02,0.25,Rot0,2,0,-0.001471346,-0.007641644,0.04118657,0.0005569722,0.0348458278054374,35021.8089

17,True,False,0.02,0.25,Rot0,2,0,-0.001437739,-0.008245678,0.04134512,0.0006253986,0.0536712258497948,35033.4613

17,True,False,0.02,0.25,Rot0,2,0,-0.001215906,-0.009038151,0.04134333,0.0008229385,0.0565550683318273,35048.0124

17,True,False,0.02,0.25,Rot0,2,0,-0.0009803602,-0.009855748,0.04134095,0.0008508538,0.0523605561412162,35064.2623

17,True,False,0.02,0.25,Rot0,2,0,-0.000826026,-0.01050854,0.04124212,0.0006780267,0.0550239157518983,35076.5847

17,True,False,0.02,0.25,Rot0,2,0,-0.000673957,-0.0111177,0.04114008,0.000636092,0.0243596759365729,35102.6972

17,True,False,0.02,0.25,Rot0,2,0,-0.0004714187,-0.01159537,0.0411613,0.0005192708,0.0318317191226191,35119.0102

17,True,False,0.02,0.25,Rot0,2,0,-0.0002483772,-0.01213148,0.04117954,0.0005809469,0.0463922471432786,35131.5327

17,True,False,0.02,0.25,Rot0,2,0,0.0001357722,-0.01278934,0.0411942,0.0007619455,0.0567012330131495,35144.9706

17,True,False,0.02,0.25,Rot0,2,0,0.0005365968,-0.01345802,0.04120445,0.0007796738,0.0294279828639255,35171.4649

17,True,False,0.02,0.25,Rot0,2,0,0.0007465773,-0.0138984,0.0413456,0.0005078935,0.0184646247018873,35198.9712

17,True,False,0.02,0.25,Rot0,2,0,0.0009050026,-0.01439315,0.04158187,0.0005707007,0.0415335999415097,35212.7119

17,True,False,0.02,0.25,Rot0,2,0,0.001064837,-0.01491058,0.04184163,0.0006006267,0.0455234043396007,35225.9057

17,True,False,0.02,0.25,Rot0,2,0,0.001209107,-0.01547194,0.04214418,0.0006538145,0.0440911520365624,35240.7344

17,True,False,0.02,0.25,Rot0,2,0,0.00119388,-0.01576352,0.04224002,0.0003073114,0.0219592878276468,35254.729

17,True,False,0.02,0.25,Rot0,2,0,0.001182711,-0.01599151,0.04230666,0.0002377894,0.0158282490856688,35269.7521

17,True,False,0.02,0.25,Rot0,2,0,0.001251117,-0.01614398,0.04238141,0.0001830651,0.0132715517726076,35283.5459

17,True,False,0.02,0.25,Rot0,2,0,0.001316968,-0.01627413,0.04244268,0.0001582055,0.0122917164900797,35296.4168

17,True,False,0.02,0.25,Rot0,2,0,0.001329276,-0.01626712,0.04245329,1.76945E-05,0.00111638606855466,35312.2666

17,True,False,0.02,0.25,Rot0,2,0,0.001332678,-0.01624206,0.04245746,2.563543E-05,0.00102885765021331,35337.183

17,True,False,0.02,0.25,Rot0,2,0,0.001445457,-0.01633063,0.04253268,0.0001619328,0.0105983212651612,35352.4621

17,True,False,0.02,0.25,Rot0,2,0,0.001662992,-0.01653019,0.0427295,0.0003547962,0.0279140705937774,35365.1724

17,True,False,0.02,0.25,Rot0,2,0,0.001770888,-0.016601,0.04281998,0.0001576139,0.0114485904303931,35378.9395

17,True,False,0.02,0.25,Rot0,2,0,0.001880999,-0.01667291,0.04291582,0.0001627334,0.0109662319222821,35393.779

17,True,False,0.02,0.25,Rot0,2,0,0.001992621,-0.01674628,0.04301703,0.0001675897,0.0064645532301909,35419.7034

17,True,False,0.02,0.25,Rot0,2,0,0.002063856,-0.01682627,0.04314566,0.0001673845,0.00611369709203827,35447.082

17,True,False,0.02,0.25,Rot0,2,0,0.002201919,-0.01703322,0.04342544,0.0003743898,0.0314478486738086,35458.9871

17,True,False,0.02,0.25,Rot0,2,0,0.002344313,-0.01724613,0.04371727,0.0003882878,0.0310737105170632,35471.4828

17,True,False,0.02,0.25,Rot0,2,0,0.002357387,-0.01729173,0.04377377,7.377594E-05,0.00541649707862156,35485.1034

17,True,False,0.02,0.25,Rot0,2,0,0.002357562,-0.01729128,0.04377329,6.766608E-07,5.22655228433743E-05,35498.05

17,True,False,0.02,0.25,Rot0,2,0,0.00236677,-0.01726261,0.0436877,9.073476E-05,0.00616584713388383,35512.7657

17,True,False,0.02,0.25,Rot0,2,0,0.002370382,-0.01722303,0.043589,0.0001064056,0.00418456795097278,35538.1938

17,True,False,0.02,0.25,Rot0,2,0,0.002333613,-0.0171904,0.04353678,7.171573E-05,0.00277867787513467,35564.0031

17,True,False,0.02,0.25,Rot0,2,0,0.002178343,-0.01686832,0.04319596,0.0004939615,0.0358504255064303,35577.7815

17,True,False,0.02,0.25,Rot0,2,0,0.001780048,-0.01583034,0.04233527,0.001406002,0.100431573645937,35591.7811

17,True,False,0.02,0.25,Rot0,2,0,0.001208666,-0.01423061,0.04112124,0.002087935,0.156613160987973,35605.1129

17,True,False,0.02,0.25,Rot0,2,0,0.001208666,-0.01423061,0.04112124,0,0,35619.1172

17,True,False,0.02,0.25,Rot0,2,0,0.001208666,-0.01423061,0.04112124,0,0,35647.1416

17,True,False,0.02,0.25,Rot0,2,0,0.001208666,-0.01423061,0.04112124,0,0,35673.7121

17,True,False,0.02,0.25,Rot0,2,0,0.001208666,-0.01423061,0.04112124,0,0,35699.5151

17,True,False,0.02,0.25,Rot0,2,0,0.001208666,-0.01423061,0.04112124,0,0,35711.7034

17,True,False,0.02,0.25,Rot0,2,0,0.001208666,-0.01423061,0.04112124,0,0,35724.7582

17,True,False,0.02,0.25,Rot0,2,0,0.001208666,-0.01423061,0.04112124,0,0,35737.1093

17,True,False,0.02,0.25,Rot0,2,0,0.001208666,-0.01423061,0.04112124,0,0,35750.6855

17,True,False,0.02,0.25,Rot0,2,0,0.001208666,-0.01423061,0.04112124,0,0,35763.6304

17,True,False,0.02,0.25,Rot0,2,0,0.001208666,-0.01423061,0.04112124,0,0,35777.4617

17,True,False,0.02,0.25,Rot0,2,0,0.001208666,-0.01423061,0.04112124,0,0,35802.3177

17,True,False,0.02,0.25,Rot0,2,0,0.001208666,-0.01423061,0.04112124,0,0,35829.2368

17,True,False,0.02,0.25,Rot0,2,0,0.001208666,-0.01423061,0.04112124,0,0,35842.8511

17,True,False,0.02,0.25,Rot0,2,0,0.001208666,-0.01423061,0.04112124,0,0,35856.027

17,True,False,0.02,0.25,Rot0,2,0,0.001208666,-0.01423061,0.04112124,0,0,35870.2976

17,True,False,0.02,0.25,Rot0,2,0,0.001208666,-0.01423061,0.04112124,0,0,35910.3296

17,True,False,0.02,0.25,Rot0,2,0,0.001208666,-0.01423061,0.04112124,0,0,35923.946

17,True,False,0.02,0.25,Rot0,2,0,0.001208666,-0.01423061,0.04112124,0,0,35937.4361

17,True,False,0.02,0.25,Rot0,2,0,0.001208666,-0.01423061,0.04112124,0,0,35951.5617

17,True,False,0.02,0.25,Rot0,2,0,0.001208666,-0.01423061,0.04112124,0,0,35965.7298

17,True,False,0.02,0.25,Rot0,2,0,0.001208666,-0.01423061,0.04112124,0,0,35992.9356

17,True,False,0.02,0.25,Rot0,2,0,0.001208666,-0.01423061,0.04112124,0,0,36006.8623

17,True,False,0.02,0.25,Rot0,2,0,0.001208666,-0.01423061,0.04112124,0,0,36020.8424

17,True,False,0.02,0.25,Rot0,2,0,0.001208666,-0.01423061,0.04112124,0,0,36033.6299

17,True,False,0.02,0.25,Rot0,2,0,0.001208666,-0.01423061,0.04112124,0,0,36048.3377

17,True,False,0.02,0.25,Rot0,2,0,0.001208666,-0.01423061,0.04112124,0,0,36074.4279

17,True,False,0.02,0.25,Rot0,2,0,0.001208666,-0.01423061,0.04112124,0,0,36089.9361

17,True,False,0.02,0.25,Rot0,2,0,0.001208666,-0.01423061,0.04112124,0,0,36102.3986

17,True,False,0.02,0.25,Rot0,2,0,0.001208666,-0.01423061,0.04112124,0,0,36115.3291

17,True,False,0.02,0.25,Rot0,2,0,0.001208666,-0.01423061,0.04112124,0,0,36131.6683

17,True,False,0.02,0.25,Rot0,2,0,0.001208666,-0.01423061,0.04112124,0,0,36156.4525

17,True,False,0.02,0.25,Rot0,2,0,0.001208666,-0.01423061,0.04112124,0,0,36172.5636

17,True,False,0.02,0.25,Rot0,2,0,0.001208666,-0.01423061,0.04112124,0,0,36184.0057

17,True,False,0.02,0.25,Rot0,2,0,0.001208666,-0.01423061,0.04112124,0,0,36197.7849

17,True,False,0.02,0.25,Rot0,2,0,0.001208666,-0.01423061,0.04112124,0,0,36213.0879

17,True,False,0.02,0.25,Rot0,2,0,0.001208666,-0.01423061,0.04112124,0,0,36238.3385

17,True,False,0.02,0.25,Rot0,2,0,0.001208666,-0.01423061,0.04112124,0,0,36266.1604

17,True,False,0.02,0.25,Rot0,2,0,0.001208666,-0.01423061,0.04112124,0,0,36278.6208

17,True,False,0.02,0.25,Rot0,2,0,0.001208666,-0.01423061,0.04112124,0,0,36291.8842

17,True,False,0.02,0.25,Rot0,2,0,0.001208666,-0.01423061,0.04112124,0,0,36305.2429

17,True,False,0.02,0.25,Rot0,2,0,0.001208666,-0.01423061,0.04112124,0,0,36318.0033

17,True,False,0.02,0.25,Rot0,2,0,0.001208666,-0.01423061,0.04112124,0,0,36332.9705

17,True,False,0.02,0.25,Rot0,2,0,0.001208666,-0.01423061,0.04112124,0,0,36357.4314

17,True,False,0.02,0.25,Rot0,2,0,0.001208666,-0.01423061,0.04112124,0,0,36383.6331

17,True,False,0.02,0.25,Rot0,2,0,0.001208666,-0.01423061,0.04112124,0,0,36397.5517

17,True,False,0.02,0.25,Rot0,2,0,0.001208666,-0.01423061,0.04112124,0,0,36411.3529

17,True,False,0.02,0.25,Rot0,2,0,0.001208666,-0.01423061,0.04112124,0,0,36425.2124

17,True,False,0.02,0.25,Rot0,2,0,0.001208666,-0.01423061,0.04112124,0,0,36438.7077

17,True,False,0.02,0.25,Rot0,2,0,0.001208666,-0.01423061,0.04112124,0,0,36452.7631

17,True,False,0.02,0.25,Rot0,2,0,0.001208666,-0.01423061,0.04112124,0,0,36466.8099

17,True,False,0.02,0.25,Rot0,2,0,0.001208666,-0.01423061,0.04112124,0,0,36480.9723

17,True,False,0.02,0.25,Rot0,2,0,0.001208666,-0.01423061,0.04112124,0,0,36506.8315

17,True,False,0.02,0.25,Rot0,2,0,0.001208666,-0.01423061,0.04112124,0,0,36522.005

17,True,False,0.02,0.25,Rot0,2,0,0.001208666,-0.01423061,0.04112124,0,0,36534.0361

17,True,False,0.02,0.25,Rot0,2,0,0.001208666,-0.01423061,0.04112124,0,0,36548.4396

17,True,False,0.02,0.25,Rot0,2,0,0.001208666,-0.01423061,0.04112124,0,0,36563.2687

17,True,False,0.02,0.25,Rot0,2,0,0.001208666,-0.01423061,0.04112124,0,0,36588.2972

17,True,False,0.02,0.25,Rot0,2,0,0.001208666,-0.01423061,0.04112124,0,0,36603.7963

17,True,False,0.02,0.25,Rot0,2,0,0.001208666,-0.01423061,0.04112124,0,0,36615.8567

17,True,False,0.02,0.25,Rot0,2,0,0.001208666,-0.01423061,0.04112124,0,0,36632.1647

17,True,False,0.02,0.25,Rot0,2,0,0.001208666,-0.01423061,0.04112124,0,0,36657.677

17,True,False,0.02,0.25,Rot0,2,0,0.001208666,-0.01423061,0.04112124,0,0,36684.2186

17,True,False,0.02,0.25,Rot0,2,0,0.001208666,-0.01423061,0.04112124,0,0,36697.1125

17,True,False,0.02,0.25,Rot0,2,0,0.001208666,-0.01423061,0.04112124,0,0,36709.6951

17,True,False,0.02,0.25,Rot0,2,0,0.001208666,-0.01423061,0.04112124,0,0,36723.1548

17,True,False,0.02,0.25,Rot0,2,0,0.001208666,-0.01423061,0.04112124,0,0,36735.7576

17,True,False,0.02,0.25,Rot0,2,0,0.001208666,-0.01423061,0.04112124,0,0,36749.4335

17,True,False,0.02,0.25,Rot0,2,0,0.001208666,-0.01423061,0.04112124,0,0,36764.088

17,True,False,0.02,0.25,Rot0,2,0,0.001208666,-0.01423061,0.04112124,0,0,36790.1365

17,True,False,0.02,0.25,Rot0,2,0,0.001208666,-0.01423061,0.04112124,0,0,36804.7738

17,True,False,0.02,0.25,Rot0,2,0,0.001208666,-0.01423061,0.04112124,0,0,36815.7044

17,True,False,0.02,0.25,Rot0,2,0,0.001208666,-0.01423061,0.04112124,0,0,36842.7185

17,True,False,0.02,0.25,Rot0,2,0,0.001208666,-0.01423061,0.04112124,0,0,36869.6379

17,True,False,0.02,0.25,Rot0,2,0,0.001208666,-0.01423061,0.04112124,0,0,36883.3634

17,True,False,0.02,0.25,Rot0,2,0,0.001208666,-0.01423061,0.04112124,0,0,36896.9047

17,True,False,0.02,0.25,Rot0,2,0,0.001208666,-0.01423061,0.04112124,0,0,36912.3687

17,True,False,0.02,0.25,Rot0,2,0,0.001208666,-0.01423061,0.04112124,0,0,36939.3195

17,True,False,0.02,0.25,Rot0,2,0,0.001208666,-0.01423061,0.04112124,0,0,36952.4693

17,True,False,0.02,0.25,Rot0,2,0,0.001208666,-0.01423061,0.04112124,0,0,36966.2857

17,True,False,0.02,0.25,Rot0,2,0,0.001208666,-0.01423061,0.04112124,0,0,36979.7151

17,True,False,0.02,0.25,Rot0,2,0,0.001208666,-0.01423061,0.04112124,0,0,36993.6405

17,True,False,0.02,0.25,Rot0,2,0,0.001208666,-0.01423061,0.04112124,0,0,37007.9856

17,True,False,0.02,0.25,Rot0,2,0,0.001208666,-0.01423061,0.04112124,0,0,37021.4734

17,True,False,0.02,0.25,Rot0,2,0,0.001208666,-0.01423061,0.04112124,0,0,37034.5864

17,True,False,0.02,0.25,Rot0,2,0,0.001208666,-0.01423061,0.04112124,0,0,37050.2052

17,True,False,0.02,0.25,Rot0,2,0,0.001208666,-0.01423061,0.04112124,0,0,37075.0032

17,True,False,0.02,0.25,Rot0,2,0,0.001208666,-0.01423061,0.04112124,0,0,37091.0039

17,True,False,0.02,0.25,Rot0,2,0,0.001208666,-0.01423061,0.04112124,0,0,37102.8393

17,True,False,0.02,0.25,Rot0,2,0,0.001208666,-0.01423061,0.04112124,0,0,37116.5608

17,True,False,0.02,0.25,Rot0,2,0,0.001208666,-0.01423061,0.04112124,0,0,37144.5547

17,True,False,0.02,0.25,Rot0,2,0,0.001208666,-0.01423061,0.04112124,0,0,37158.9973

17,True,False,0.02,0.25,Rot0,2,0,0.001208666,-0.01423061,0.04112124,0,0,37171.3062

17,True,False,0.02,0.25,Rot0,2,0,0.001208666,-0.01423061,0.04112124,0,0,37184.8576

17,True,False,0.02,0.25,Rot0,2,0,0.001208666,-0.01423061,0.04112124,0,0,37212.8255

17,True,False,0.02,0.25,Rot0,2,0,0.001208666,-0.01423061,0.04112124,0,0,37226.6254

17,True,False,0.02,0.25,Rot0,2,0,0.001208666,-0.01423061,0.04112124,0,0,37240.0863

17,True,False,0.02,0.25,Rot0,2,0,0.001208666,-0.01423061,0.04112124,0,0,37252.4729

17,True,False,0.02,0.25,Rot0,2,0,0.001208666,-0.01423061,0.04112124,0,0,37267.866

17,True,False,0.02,0.25,Rot0,2,0,0.001208666,-0.01423061,0.04112124,0,0,37282.1221

17,True,False,0.02,0.25,Rot0,2,0,0.001208666,-0.01423061,0.04112124,0,0,37297.1342

17,True,False,0.02,0.25,Rot0,2,0,0.001208666,-0.01423061,0.04112124,0,0,37322.6136

17,True,False,0.02,0.25,Rot0,2,0,0.001208666,-0.01423061,0.04112124,0,0,37339.5941

17,True,False,0.02,0.25,Rot0,2,0,0.001208666,-0.01423061,0.04112124,0,0,37350.9981

17,True,False,0.02,0.25,Rot0,2,0,0.001208666,-0.01423061,0.04112124,0,0,37365.2202

17,True,False,0.02,0.25,Rot0,2,0,0.001208666,-0.01423061,0.04112124,0,0,37392.9757

17,True,False,0.02,0.25,Rot0,2,0,0.001208666,-0.01423061,0.04112124,0,0,37407.2107

17,True,False,0.02,0.25,Rot0,2,0,0.001208666,-0.01423061,0.04112124,0,0,37419.1786

17,True,False,0.02,0.25,Rot0,2,0,0.001208666,-0.01423061,0.04112124,0,0,37432.5109

17,True,False,0.02,0.25,Rot0,2,0,0.001208666,-0.01423061,0.04112124,0,0,37446.8757

17,True,False,0.02,0.25,Rot0,2,0,0.001208666,-0.01423061,0.04112124,0,0,37473.9516

17,True,False,0.02,0.25,Rot0,2,0,0.001208666,-0.01423061,0.04112124,0,0,37500.7976

17,True,False,0.02,0.25,Rot0,2,0,0.001208666,-0.01423061,0.04112124,0,0,37514.2094

17,True,False,0.02,0.25,Rot0,2,0,0.001208666,-0.01423061,0.04112124,0,0,37527.1027

17,True,False,0.02,0.25,Rot0,2,0,0.001208666,-0.01423061,0.04112124,0,0,37541.2535

17,True,False,0.02,0.25,Rot0,2,0,0.001208666,-0.01423061,0.04112124,0,0,37583.2548

17,True,False,0.02,0.25,Rot0,2,0,0.001208666,-0.01423061,0.04112124,0,0,37597.458

17,True,False,0.02,0.25,Rot0,2,0,0.001208666,-0.01423061,0.04112124,0,0,37609.595

17,True,False,0.02,0.25,Rot0,2,0,0.001208666,-0.01423061,0.04112124,0,0,37622.8343

17,True,False,0.02,0.25,Rot0,2,0,0.001208666,-0.01423061,0.04112124,0,0,37637.4725

17,True,False,0.02,0.25,Rot0,2,0,0.001208666,-0.01423061,0.04112124,0,0,37662.0701

17,True,False,0.02,0.25,Rot0,2,0,0.001208666,-0.01423061,0.04112124,0,0,37677.2762

17,True,False,0.02,0.25,Rot0,2,0,0.001208666,-0.01423061,0.04112124,0,0,37688.5661

17,True,False,0.02,0.25,Rot0,2,0,0.001208666,-0.01423061,0.04112124,0,0,37702.7085

17,True,False,0.02,0.25,Rot0,2,0,0.001208666,-0.01423061,0.04112124,0,0,37729.5699

17,True,False,0.02,0.25,Rot0,2,0,0.001208666,-0.01423061,0.04112124,0,0,37744.2571

17,True,False,0.02,0.25,Rot0,2,0,0.001208666,-0.01423061,0.04112124,0,0,37755.709

17,True,False,0.02,0.25,Rot0,2,0,0.001208666,-0.01423061,0.04112124,0,0,37770.1095

17,True,False,0.02,0.25,Rot0,2,0,0.001208666,-0.01423061,0.04112124,0,0,37797.4215

17,True,False,0.02,0.25,Rot0,2,0,0.001208666,-0.01423061,0.04112124,0,0,37812.6635

17,True,False,0.02,0.25,Rot0,2,0,0.001208666,-0.01423061,0.04112124,0,0,37825.2171

17,True,False,0.02,0.25,Rot0,2,0,0.001208666,-0.01423061,0.04112124,0,0,37838.2889

17,True,False,0.02,0.25,Rot0,2,0,0.001208666,-0.01423061,0.04112124,0,0,37866.4103

17,True,False,0.02,0.25,Rot0,2,0,0.001208666,-0.01423061,0.04112124,0,0,37880.3787

17,True,False,0.02,0.25,Rot0,2,0,0.001208666,-0.01423061,0.04112124,0,0,37892.6758

17,True,False,0.02,0.25,Rot0,2,0,0.001208666,-0.01423061,0.04112124,0,0,37905.8317

17,True,False,0.02,0.25,Rot0,2,0,0.001208666,-0.01423061,0.04112124,0,0,37921.8365

17,True,False,0.02,0.25,Rot0,2,0,0.001208666,-0.01423061,0.04112124,0,0,37933.9283

17,True,False,0.02,0.25,Rot0,2,0,0.001208666,-0.01423061,0.04112124,0,0,37961.7889

17,True,False,0.02,0.25,Rot0,2,0,0.001208666,-0.01423061,0.04112124,0,0,37988.9231

17,True,False,0.02,0.25,Rot0,2,0,0.001208666,-0.01423061,0.04112124,0,0,38001.7692

17,True,False,0.02,0.25,Rot0,2,0,0.001208666,-0.01423061,0.04112124,0,0,38014.12

17,True,False,0.02,0.25,Rot0,2,0,0.001208666,-0.01423061,0.04112124,0,0,38027.7046

17,True,False,0.02,0.25,Rot0,2,0,0.001208666,-0.01423061,0.04112124,0,0,38041.092

17,True,False,0.02,0.25,Rot0,2,0,0.001208666,-0.01423061,0.04112124,0,0,38054.0631

17,True,False,0.02,0.25,Rot0,2,0,0.001208666,-0.01423061,0.04112124,0,0,38068.2646

17,True,False,0.02,0.25,Rot0,2,0,0.001208666,-0.01423061,0.04112124,0,0,38093.1788

17,True,False,0.02,0.25,Rot0,2,0,0.001208666,-0.01423061,0.04112124,0,0,38119.44

17,True,False,0.02,0.25,Rot0,2,0,0.001208666,-0.01423061,0.04112124,0,0,38133.3058

17,True,False,0.02,0.25,Rot0,2,0,0.001208666,-0.01423061,0.04112124,0,0,38146.3176

17,True,False,0.02,0.25,Rot0,2,0,0.001208666,-0.01423061,0.04112124,0,0,38159.8551

17,True,False,0.02,0.25,Rot0,2,0,0.001208666,-0.01423061,0.04112124,0,0,38175.6109

17,True,False,0.02,0.25,Rot0,2,0,0.001208666,-0.01423061,0.04112124,0,0,38202.6065

17,True,False,0.02,0.25,Rot0,2,0,0.001208666,-0.01423061,0.04112124,0,0,38215.8147

17,True,False,0.02,0.25,Rot0,2,0,0.001208666,-0.01423061,0.04112124,0,0,38229.6319

17,True,False,0.02,0.25,Rot0,2,0,0.001208666,-0.01423061,0.04112124,0,0,38243.7812

17,True,False,0.02,0.25,Rot0,2,0,0.001208666,-0.01423061,0.04112124,0,0,38257.2266

17,True,False,0.02,0.25,Rot0,2,0,0.001208666,-0.01423061,0.04112124,0,0,38271.1963

17,True,False,0.02,0.25,Rot0,2,0,0.001208666,-0.01423061,0.04112124,0,0,38286.3057

17,True,False,0.02,0.25,Rot0,2,0,0.001208666,-0.01423061,0.04112124,0,0,38311.7232

17,True,False,0.02,0.25,Rot0,2,0,0.001208666,-0.01423061,0.04112124,0,0,38326.7763

17,True,False,0.02,0.25,Rot0,2,0,0.001208666,-0.01423061,0.04112124,0,0,38339.4112

17,True,False,0.02,0.25,Rot0,2,0,0.001208666,-0.01423061,0.04112124,0,0,38352.8212

17,True,False,0.02,0.25,Rot0,2,0,0.001208666,-0.01423061,0.04112124,0,0,38368.4226

17,True,False,0.02,0.25,Rot0,2,0,0.001208666,-0.01423061,0.04112124,0,0,38393.9247

17,True,False,0.02,0.25,Rot0,2,0,0.001208666,-0.01423061,0.04112124,0,0,38409.1731

17,True,False,0.02,0.25,Rot0,2,0,0.001208666,-0.01423061,0.04112124,0,0,38422.1903

17,True,False,0.02,0.25,Rot0,2,0,0.001208666,-0.01423061,0.04112124,0,0,38437.3839

17,True,False,0.02,0.25,Rot0,2,0,0.001208666,-0.01423061,0.04112124,0,0,38450.7556

17,True,False,0.02,0.25,Rot0,2,0,0.001208666,-0.01423061,0.04112124,0,0,38476.7718

17,True,False,0.02,0.25,Rot0,2,0,0.001208666,-0.01423061,0.04112124,0,0,38492.3369

17,True,False,0.02,0.25,Rot0,2,0,0.001208666,-0.01423061,0.04112124,0,0,38504.6128

17,True,False,0.02,0.25,Rot0,2,0,0.001208666,-0.01423061,0.04112124,0,0,38519.0211

17,True,False,0.02,0.25,Rot0,2,0,0.001208666,-0.01423061,0.04112124,0,0,38533.8255

17,True,False,0.02,0.25,Rot0,2,0,0.001208666,-0.01423061,0.04112124,0,0,38558.888

17,True,False,0.02,0.25,Rot0,2,0,0.001208666,-0.01423061,0.04112124,0,0,38586.6825

17,True,False,0.02,0.25,Rot0,2,0,0.001208666,-0.01423061,0.04112124,0,0,38599.3516

17,True,False,0.02,0.25,Rot0,2,0,0.001208666,-0.01423061,0.04112124,0,0,38612.2766

17,True,False,0.02,0.25,Rot0,2,0,0.001208666,-0.01423061,0.04112124,0,0,38625.5318

17,True,False,0.02,0.25,Rot0,2,0,0.001208666,-0.01423061,0.04112124,0,0,38638.7945

17,True,False,0.02,0.25,Rot0,2,0,0.001208666,-0.01423061,0.04112124,0,0,38664.2693

17,True,False,0.02,0.25,Rot0,2,0,0.001208666,-0.01423061,0.04112124,0,0,38678.2713

17,True,False,0.02,0.25,Rot0,2,0,0.001208666,-0.01423061,0.04112124,0,0,38691.8578

17,True,False,0.02,0.25,Rot0,2,0,0.001208666,-0.01423061,0.04112124,0,0,38705.7228

17,True,False,0.02,0.25,Rot0,2,0,0.001208666,-0.01423061,0.04112124,0,0,38731.8446

17,True,False,0.02,0.25,Rot0,2,0,0.001208666,-0.01423061,0.04112124,0,0,38745.5777

17,True,False,0.02,0.25,Rot0,2,0,0.001208666,-0.01423061,0.04112124,0,0,38759.1122

17,True,False,0.02,0.25,Rot0,2,0,0.001208666,-0.01423061,0.04112124,0,0,38773.287

17,True,False,0.02,0.25,Rot0,2,0,0.001208666,-0.01423061,0.04112124,0,0,38787.2132

17,True,False,0.02,0.25,Rot0,2,0,0.001208666,-0.01423061,0.04112124,0,0,38801.5911

17,True,False,0.02,0.25,Rot0,2,0,0.001208666,-0.01423061,0.04112124,0,0,38826.914

17,True,False,0.02,0.25,Rot0,2,0,0.001208666,-0.01423061,0.04112124,0,0,38853.8408

17,True,False,0.02,0.25,Rot0,2,0,0.001208666,-0.01423061,0.04112124,0,0,38868.0406

17,True,False,0.02,0.25,Rot0,2,0,0.001208666,-0.01423061,0.04112124,0,0,38881.8198

17,True,False,0.02,0.25,Rot0,2,0,0.001208666,-0.01423061,0.04112124,0,0,38895.5292

17,True,False,0.02,0.25,Rot0,2,0,0.001208666,-0.01423061,0.04112124,0,0,38909.6839

17,True,False,0.02,0.25,Rot0,2,0,0.001208666,-0.01423061,0.04112124,0,0,38923.1994

17,True,False,0.02,0.25,Rot0,2,0,0.001208666,-0.01423061,0.04112124,0,0,38936.8437

17,True,False,0.02,0.25,Rot0,2,0,0.001208666,-0.01423061,0.04112124,0,0,38952.2981

17,True,False,0.02,0.25,Rot0,2,0,0.001208666,-0.01423061,0.04112124,0,0,38978.3315

17,True,False,0.02,0.25,Rot0,2,0,0.001208666,-0.01423061,0.04112124,0,0,39004.6696

17,True,False,0.02,0.25,Rot0,2,0,0.001208666,-0.01423061,0.04112124,0,0,39017.0512

17,True,False,0.02,0.25,Rot0,2,0,0.001208666,-0.01423061,0.04112124,0,0,39029.768

17,True,False,0.02,0.25,Rot0,2,0,0.001208666,-0.01423061,0.04112124,0,0,39042.8929

17,True,False,0.02,0.25,Rot0,2,0,0.001208666,-0.01423061,0.04112124,0,0,39055.5266

17,True,False,0.02,0.25,Rot0,2,0,0.001208666,-0.01423061,0.04112124,0,0,39069.3832

17,True,False,0.02,0.25,Rot0,2,0,0.001208666,-0.01423061,0.04112124,0,0,39094.8738

17,True,False,0.02,0.25,Rot0,2,0,0.001208666,-0.01423061,0.04112124,0,0,39120.9243

17,True,False,0.02,0.25,Rot0,2,0,0.001208666,-0.01423061,0.04112124,0,0,39134.9017

17,True,False,0.02,0.25,Rot0,2,0,0.001208666,-0.01423061,0.04112124,0,0,39148.2981

17,True,False,0.02,0.25,Rot0,2,0,0.001208666,-0.01423061,0.04112124,0,0,39162.4402

17,True,False,0.02,0.25,Rot0,2,0,0.001208666,-0.01423061,0.04112124,0,0,39175.6766

17,True,False,0.02,0.25,Rot0,2,0,0.001208666,-0.01423061,0.04112124,0,0,39189.9061

17,True,False,0.02,0.25,Rot0,2,0,0.001208666,-0.01423061,0.04112124,0,0,39205.326

17,True,False,0.02,0.25,Rot0,2,0,0.001208666,-0.01423061,0.04112124,0,0,39230.3314

17,True,False,0.02,0.25,Rot0,2,0,0.001208666,-0.01423061,0.04112124,0,0,39257.3102

17,True,False,0.02,0.25,Rot0,2,0,0.001208666,-0.01423061,0.04112124,0,0,39272.2376

17,True,False,0.02,0.25,Rot0,2,0,0.001208666,-0.01423061,0.04112124,0,0,39284.5472

17,True,False,0.02,0.25,Rot0,2,0,0.001208666,-0.01423061,0.04112124,0,0,39298.3073

17,True,False,0.02,0.25,Rot0,2,0,0.001208666,-0.01423061,0.04112124,0,0,39313.2512

17,True,False,0.02,0.25,Rot0,2,0,0.001208666,-0.01423061,0.04112124,0,0,39339.0984

17,True,False,0.02,0.25,Rot0,2,0,0.001208666,-0.01423061,0.04112124,0,0,39354.7202

17,True,False,0.02,0.25,Rot0,2,0,0.001208666,-0.01423061,0.04112124,0,0,39366.5874

17,True,False,0.02,0.25,Rot0,2,0,0.001208666,-0.01423061,0.04112124,0,0,39380.2488

17,True,False,0.02,0.25,Rot0,2,0,0.001208666,-0.01423061,0.04112124,0,0,39395.0486

17,True,False,0.02,0.25,Rot0,2,0,0.001208666,-0.01423061,0.04112124,0,0,39420.6924

17,True,False,0.02,0.25,Rot0,2,0,0.001208666,-0.01423061,0.04112124,0,0,39436.402

17,True,False,0.02,0.25,Rot0,2,0,0.001208666,-0.01423061,0.04112124,0,0,39449.8021

17,True,False,0.02,0.25,Rot0,2,0,0.001208666,-0.01423061,0.04112124,0,0,39476.6457

17,True,False,0.02,0.25,Rot0,2,0,0.001208666,-0.01423061,0.04112124,0,0,39505.9907

17,True,False,0.02,0.25,Rot0,2,0,0.001208666,-0.01423061,0.04112124,0,0,39519.0052

17,True,False,0.02,0.25,Rot0,2,0,0.001208666,-0.01423061,0.04112124,0,0,39531.6146

17,True,False,0.02,0.25,Rot0,2,0,0.001208666,-0.01423061,0.04112124,0,0,39545.0367

17,True,False,0.02,0.25,Rot0,2,0,0.001208666,-0.01423061,0.04112124,0,0,39559.2591

17,True,False,0.02,0.25,Rot0,2,0,0.001208666,-0.01423061,0.04112124,0,0,39572.3211

17,True,False,0.02,0.25,Rot0,2,0,0.001208666,-0.01423061,0.04112124,0,0,39585.6021

17,True,False,0.02,0.25,Rot0,2,0,0.001208666,-0.01423061,0.04112124,0,0,39600.1134

17,True,False,0.02,0.25,Rot0,2,0,0.001208666,-0.01423061,0.04112124,0,0,39613.9434

17,True,False,0.02,0.25,Rot0,2,0,0.001208666,-0.01423061,0.04112124,0,0,39628.2117

17,True,False,0.02,0.25,Rot0,2,0,0.001208666,-0.01423061,0.04112124,0,0,39655.6474

17,True,False,0.02,0.25,Rot0,2,0,0.001208666,-0.01423061,0.04112124,0,0,39683.3782

17,True,False,0.02,0.25,Rot0,2,0,0.001208666,-0.01423061,0.04112124,0,0,39694.6701

17,True,False,0.02,0.25,Rot0,2,0,0.001208666,-0.01423061,0.04112124,0,0,39708.0409

17,True,False,0.02,0.25,Rot0,2,0,0.001208666,-0.01423061,0.04112124,0,0,39721.2367

17,True,False,0.02,0.25,Rot0,2,0,0.001208666,-0.01423061,0.04112124,0,0,39734.7042

17,True,False,0.02,0.25,Rot0,2,0,0.001208666,-0.01423061,0.04112124,0,0,39761.4231

17,True,False,0.02,0.25,Rot0,2,0,0.001208666,-0.01423061,0.04112124,0,0,39774.3158

17,True,False,0.02,0.25,Rot0,2,0,0.001208666,-0.01423061,0.04112124,0,0,39787.914

17,True,False,0.02,0.25,Rot0,2,0,0.001208666,-0.01423061,0.04112124,0,0,39801.7774

17,True,False,0.02,0.25,Rot0,2,0,0.001208666,-0.01423061,0.04112124,0,0,39816.9415

17,True,False,0.02,0.25,Rot0,2,0,0.001208666,-0.01423061,0.04112124,0,0,39829.0961

17,True,False,0.02,0.25,Rot0,2,0,0.001208666,-0.01423061,0.04112124,0,0,39855.1237

17,True,False,0.02,0.25,Rot0,2,0,0.001208666,-0.01423061,0.04112124,0,0,39881.2312

17,True,False,0.02,0.25,Rot0,2,0,0.001208666,-0.01423061,0.04112124,0,0,39895.5206

17,True,False,0.02,0.25,Rot0,2,0,0.001208666,-0.01423061,0.04112124,0,0,39909.4735

17,True,False,0.02,0.25,Rot0,2,0,0.001208666,-0.01423061,0.04112124,0,0,39923.3043

17,True,False,0.02,0.25,Rot0,2,0,0.001208666,-0.01423061,0.04112124,0,0,39936.7961

17,True,False,0.02,0.25,Rot0,2,0,0.001208666,-0.01423061,0.04112124,0,0,39951.0428

17,True,False,0.02,0.25,Rot0,2,0,0.001208666,-0.01423061,0.04112124,0,0,39965.7934

17,True,False,0.02,0.25,Rot0,2,0,0.001208666,-0.01423061,0.04112124,0,0,39991.9973

17,True,False,0.02,0.25,Rot0,2,0,0.001208666,-0.01423061,0.04112124,0,0,40006.2

17,True,False,0.02,0.25,Rot0,2,0,0.001208666,-0.01423061,0.04112124,0,0,40019.6854

17,True,False,0.02,0.25,Rot0,2,0,0.001208666,-0.01423061,0.04112124,0,0,40033.2408

17,True,False,0.02,0.25,Rot0,2,0,0.001208666,-0.01423061,0.04112124,0,0,40047.3796

17,True,False,0.02,0.25,Rot0,2,0,0.001208666,-0.01423061,0.04112124,0,0,40074.2817

17,True,False,0.02,0.25,Rot0,2,0,0.001208666,-0.01423061,0.04112124,0,0,40089.4519

17,True,False,0.02,0.25,Rot0,2,0,0.001208666,-0.01423061,0.04112124,0,0,40101.5351

17,True,False,0.02,0.25,Rot0,2,0,0.001208666,-0.01423061,0.04112124,0,0,40114.2667

17,True,False,0.02,0.25,Rot0,2,0,0.001208666,-0.01423061,0.04112124,0,0,40141.785

17,True,False,0.02,0.25,Rot0,2,0,0.001208666,-0.01423061,0.04112124,0,0,40155.3552

17,True,False,0.02,0.25,Rot0,2,0,0.001208666,-0.01423061,0.04112124,0,0,40168.4105

17,True,False,0.02,0.25,Rot0,2,0,0.001208666,-0.01423061,0.04112124,0,0,40183.5833

17,True,False,0.02,0.25,Rot0,2,0,0.001208666,-0.01423061,0.04112124,0,0,40196.874

17,True,False,0.02,0.25,Rot0,2,0,0.001208666,-0.01423061,0.04112124,0,0,40222.4853

17,True,False,0.02,0.25,Rot0,2,0,0.001208666,-0.01423061,0.04112124,0,0,40250.7006

17,True,False,0.02,0.25,Rot0,2,0,0.001208666,-0.01423061,0.04112124,0,0,40262.7807

17,True,False,0.02,0.25,Rot0,2,0,0.001208666,-0.01423061,0.04112124,0,0,40275.9237

17,True,False,0.02,0.25,Rot0,2,0,0.001208666,-0.01423061,0.04112124,0,0,40289.6925

17,True,False,0.02,0.25,Rot0,2,0,0.001208666,-0.01423061,0.04112124,0,0,40303.5292

17,True,False,0.02,0.25,Rot0,2,0,0.001208666,-0.01423061,0.04112124,0,0,40316.938

17,True,False,0.02,0.25,Rot0,2,0,0.001208666,-0.01423061,0.04112124,0,0,40329.8683

17,True,False,0.02,0.25,Rot0,2,0,0.001208666,-0.01423061,0.04112124,0,0,40355.8234

17,True,False,0.02,0.25,Rot0,2,0,0.001208666,-0.01423061,0.04112124,0,0,40382.5052

17,True,False,0.02,0.25,Rot0,2,0,0.001208666,-0.01423061,0.04112124,0,0,40396.2961

17,True,False,0.02,0.25,Rot0,2,0,0.001208666,-0.01423061,0.04112124,0,0,40410.1057

17,True,False,0.02,0.25,Rot0,2,0,0.001208666,-0.01423061,0.04112124,0,0,40424.0153

17,True,False,0.02,0.25,Rot0,2,0,0.001208666,-0.01423061,0.04112124,0,0,40437.6107

17,True,False,0.02,0.25,Rot0,2,0,0.001208666,-0.01423061,0.04112124,0,0,40450.9877

17,True,False,0.02,0.25,Rot0,2,0,0.001208666,-0.01423061,0.04112124,0,0,40466.3273

17,True,False,0.02,0.25,Rot0,2,0,0.001208666,-0.01423061,0.04112124,0,0,40492.1209

17,True,False,0.02,0.25,Rot0,2,0,0.001208666,-0.01423061,0.04112124,0,0,40508.1127

17,True,False,0.02,0.25,Rot0,2,0,0.001208666,-0.01423061,0.04112124,0,0,40519.774

17,True,False,0.02,0.25,Rot0,2,0,0.001208666,-0.01423061,0.04112124,0,0,40533.1778

17,True,False,0.02,0.25,Rot0,2,0,0.001208666,-0.01423061,0.04112124,0,0,40547.9671

17,True,False,0.02,0.25,Rot0,2,0,0.001208666,-0.01423061,0.04112124,0,0,40574.3033

17,True,False,0.02,0.25,Rot0,2,0,0.001208666,-0.01423061,0.04112124,0,0,40601.6586

17,True,False,0.02,0.25,Rot0,2,0,0.001208666,-0.01423061,0.04112124,0,0,40613.7988

17,True,False,0.02,0.25,Rot0,2,0,0.001208666,-0.01423061,0.04112124,0,0,40626.6877

17,True,False,0.02,0.25,Rot0,2,0,0.001208666,-0.01423061,0.04112124,0,0,40639.9847

17,True,False,0.02,0.25,Rot0,2,0,0.001208666,-0.01423061,0.04112124,0,0,40652.5545

17,True,False,0.02,0.25,Rot0,2,0,0.001208666,-0.01423061,0.04112124,0,0,40666.2319

17,True,False,0.02,0.25,Rot0,2,0,0.001208666,-0.01423061,0.04112124,0,0,40693.8992

17,True,False,0.02,0.25,Rot0,2,0,0.001208666,-0.01423061,0.04112124,0,0,40707.2554

17,True,False,0.02,0.25,Rot0,2,0,0.001208666,-0.01423061,0.04112124,0,0,40720.2237

17,True,False,0.02,0.25,Rot0,2,0,0.001208666,-0.01423061,0.04112124,0,0,40732.769

17,True,False,0.02,0.25,Rot0,2,0,0.001208666,-0.01423061,0.04112124,0,0,40747.9875

17,True,False,0.02,0.25,Rot0,2,0,0.001208666,-0.01423061,0.04112124,0,0,40773.4786

17,True,False,0.02,0.25,Rot0,2,0,0.001208666,-0.01423061,0.04112124,0,0,40800.7791

17,True,False,0.02,0.25,Rot0,2,0,0.001208666,-0.01423061,0.04112124,0,0,40814.1945

17,True,False,0.02,0.25,Rot0,2,0,0.001208666,-0.01423061,0.04112124,0,0,40828.1968

17,True,False,0.02,0.25,Rot0,2,0,0.001208666,-0.01423061,0.04112124,0,0,40841.8568

17,True,False,0.02,0.25,Rot0,2,0,0.001208666,-0.01423061,0.04112124,0,0,40855.0507

17,True,False,0.02,0.25,Rot0,2,0,0.001208666,-0.01423061,0.04112124,0,0,40869.3563

17,True,False,0.02,0.25,Rot0,2,0,0.001208666,-0.01423061,0.04112124,0,0,40909.8498

17,True,False,0.02,0.25,Rot0,2,0,0.001208666,-0.01423061,0.04112124,0,0,40923.4349

17,True,False,0.02,0.25,Rot0,2,0,0.001208666,-0.01423061,0.04112124,0,0,40937.2418

17,True,False,0.02,0.25,Rot0,2,0,0.001208666,-0.01423061,0.04112124,0,0,40951.5314

17,True,False,0.02,0.25,Rot0,2,0,0.001208666,-0.01423061,0.04112124,0,0,40965.2451

17,True,False,0.02,0.25,Rot0,2,0,0.001208666,-0.01423061,0.04112124,0,0,40978.3402

17,True,False,0.02,0.25,Rot0,2,0,0.001208666,-0.01423061,0.04112124,0,0,41005.1734

17,True,False,0.02,0.25,Rot0,2,0,0.001208666,-0.01423061,0.04112124,0,0,41020.0341

17,True,False,0.02,0.25,Rot0,2,0,0.001208666,-0.01423061,0.04112124,0,0,41032.4833

17,True,False,0.02,0.25,Rot0,2,0,0.001208666,-0.01423061,0.04112124,0,0,41047.2327

17,True,False,0.02,0.25,Rot0,2,0,0.001208666,-0.01423061,0.04112124,0,0,41062.7838

17,True,False,0.02,0.25,Rot0,2,0,0.001208666,-0.01423061,0.04112124,0,0,41087.214

17,True,False,0.02,0.25,Rot0,2,0,0.001208666,-0.01423061,0.04112124,0,0,41102.4604

17,True,False,0.02,0.25,Rot0,2,0,0.001208666,-0.01423061,0.04112124,0,0,41114.4199

17,True,False,0.02,0.25,Rot0,2,0,0.001208666,-0.01423061,0.04112124,0,0,41129.6079

17,True,False,0.02,0.25,Rot0,2,0,0.001208666,-0.01423061,0.04112124,0,0,41155.5861

17,True,False,0.02,0.25,Rot0,2,0,0.001208666,-0.01423061,0.04112124,0,0,41171.7989

17,True,False,0.02,0.25,Rot0,2,0,0.001208666,-0.01423061,0.04112124,0,0,41182.5888

17,True,False,0.02,0.25,Rot0,2,0,0.001208666,-0.01423061,0.04112124,0,0,41196.7764

17,True,False,0.02,0.25,Rot0,2,0,0.001208666,-0.01423061,0.04112124,0,0,41211.1249

17,True,False,0.02,0.25,Rot0,2,0,0.001208666,-0.01423061,0.04112124,0,0,41237.6626

17,True,False,0.02,0.25,Rot0,2,0,0.001208666,-0.01423061,0.04112124,0,0,41265.4139

17,True,False,0.02,0.25,Rot0,2,0,0.001208666,-0.01423061,0.04112124,0,0,41278.1362

17,True,False,0.02,0.25,Rot0,2,0,0.001208666,-0.01423061,0.04112124,0,0,41291.4387

17,True,False,0.02,0.25,Rot0,2,0,0.001208666,-0.01423061,0.04112124,0,0,41304.7479

17,True,False,0.02,0.25,Rot0,2,0,0.001208666,-0.01423061,0.04112124,0,0,41317.6905

17,True,False,0.02,0.25,Rot0,2,0,0.001208666,-0.01423061,0.04112124,0,0,41331.8563

17,True,False,0.02,0.25,Rot0,2,0,0.001208666,-0.01423061,0.04112124,0,0,41345.5838

17,True,False,0.02,0.25,Rot0,2,0,0.001208666,-0.01423061,0.04112124,0,0,41370.2997

17,True,False,0.02,0.25,Rot0,2,0,0.001208666,-0.01423061,0.04112124,0,0,41397.0279

17,True,False,0.02,0.25,Rot0,2,0,0.001208666,-0.01423061,0.04112124,0,0,41410.6258

17,True,False,0.02,0.25,Rot0,2,0,0.001208666,-0.01423061,0.04112124,0,0,41423.3177

17,True,False,0.02,0.25,Rot0,2,0,0.001208666,-0.01423061,0.04112124,0,0,41437.0035

17,True,False,0.02,0.25,Rot0,2,0,0.001208666,-0.01423061,0.04112124,0,0,41451.3415

17,True,False,0.02,0.25,Rot0,2,0,0.001208666,-0.01423061,0.04112124,0,0,41464.5232

17,True,False,0.02,0.25,Rot0,2,0,0.001208666,-0.01423061,0.04112124,0,0,41480.4196

17,True,False,0.02,0.25,Rot0,2,0,0.001208666,-0.01423061,0.04112124,0,0,41504.1641

17,True,False,0.02,0.25,Rot0,2,0,0.001208666,-0.01423061,0.04112124,0,0,41519.9336

17,True,False,0.02,0.25,Rot0,2,0,0.001208666,-0.01423061,0.04112124,0,0,41530.7438

17,True,False,0.02,0.25,Rot0,2,0,0.001208666,-0.01423061,0.04112124,0,0,41546.7343

17,True,False,0.02,0.25,Rot0,2,0,0.001208666,-0.01423061,0.04112124,0,0,41572.1929

17,True,False,0.02,0.25,Rot0,2,0,0.001208666,-0.01423061,0.04112124,0,0,41587.8059

17,True,False,0.02,0.25,Rot0,2,0,0.001208666,-0.01423061,0.04112124,0,0,41598.6274

17,True,False,0.02,0.25,Rot0,2,0,0.001208666,-0.01423061,0.04112124,0,0,41613.3975

17,True,False,0.02,0.25,Rot0,2,0,0.001208666,-0.01423061,0.04112124,0,0,41640.6199

17,True,False,0.02,0.25,Rot0,2,0,0.001208666,-0.01423061,0.04112124,0,0,41655.8944

17,True,False,0.02,0.25,Rot0,2,0,0.001208666,-0.01423061,0.04112124,0,0,41668.0712

17,True,False,0.02,0.25,Rot0,2,0,0.001208666,-0.01423061,0.04112124,0,0,41680.9447

17,True,False,0.02,0.25,Rot0,2,0,0.001208666,-0.01423061,0.04112124,0,0,41695.5796

17,True,False,0.02,0.25,Rot0,2,0,0.001208666,-0.01423061,0.04112124,0,0,41721.3368

17,True,False,0.02,0.25,Rot0,2,0,0.001208666,-0.01423061,0.04112124,0,0,41738.0879

17,True,False,0.02,0.25,Rot0,2,0,0.001208666,-0.01423061,0.04112124,0,0,41748.8697

17,True,False,0.02,0.25,Rot0,2,0,0.001208666,-0.01423061,0.04112124,0,0,41762.3672

17,True,False,0.02,0.25,Rot0,2,0,0.001208666,-0.01423061,0.04112124,0,0,41791.2032

17,True,False,0.02,0.25,Rot0,2,0,0.001208666,-0.01423061,0.04112124,0,0,41816.1172

17,True,False,0.02,0.25,Rot0,2,0,0.001208666,-0.01423061,0.04112124,0,0,41829.5828

17,True,False,0.02,0.25,Rot0,2,0,0.001208666,-0.01423061,0.04112124,0,0,41843.3044

17,True,False,0.02,0.25,Rot0,2,0,0.001208666,-0.01423061,0.04112124,0,0,41856.8268

17,True,False,0.02,0.25,Rot0,2,0,0.001208666,-0.01423061,0.04112124,0,0,41871.0735

17,True,False,0.02,0.25,Rot0,2,0,0.001208666,-0.01423061,0.04112124,0,0,41884.4075

17,True,False,0.02,0.25,Rot0,2,0,0.001208666,-0.01423061,0.04112124,0,0,41898.2387

17,True,False,0.02,0.25,Rot0,2,0,0.001208666,-0.01423061,0.04112124,0,0,41924.5771

17,True,False,0.02,0.25,Rot0,2,0,0.001208666,-0.01423061,0.04112124,0,0,41939.6397

17,True,False,0.02,0.25,Rot0,2,0,0.001208666,-0.01423061,0.04112124,0,0,41951.6313

17,True,False,0.02,0.25,Rot0,2,0,0.001208666,-0.01423061,0.04112124,0,0,41965.9503

17,True,False,0.02,0.25,Rot0,2,0,0.001208666,-0.01423061,0.04112124,0,0,41979.6649

17,True,False,0.02,0.25,Rot0,2,0,0.001208666,-0.01423061,0.04112124,0,0,41994.6383

17,True,False,0.02,0.25,Rot0,2,0,0.001208666,-0.01423061,0.04112124,0,0,42018.6011

17,True,False,0.02,0.25,Rot0,2,0,0.001208666,-0.01423061,0.04112124,0,0,42034.8347

17,True,False,0.02,0.25,Rot0,2,0,0.001208666,-0.01423061,0.04112124,0,0,42047.6493

17,True,False,0.02,0.25,Rot0,2,0,0.001208666,-0.01423061,0.04112124,0,0,42073.7075

17,True,False,0.02,0.25,Rot0,2,0,0.001208666,-0.01423061,0.04112124,0,0,42088.9209

17,True,False,0.02,0.25,Rot0,2,0,0.001208666,-0.01423061,0.04112124,0,0,42101.5876

17,True,False,0.02,0.25,Rot0,2,0,0.001208666,-0.01423061,0.04112124,0,0,42129.4164

17,True,False,0.02,0.25,Rot0,2,0,0.001208666,-0.01423061,0.04112124,0,0,42158.7694

17,True,False,0.02,0.25,Rot0,2,0,0.001208666,-0.01423061,0.04112124,0,0,42172.3263

17,True,False,0.02,0.25,Rot0,2,0,0.001208666,-0.01423061,0.04112124,0,0,42186.5676

17,True,False,0.02,0.25,Rot0,2,0,0.001208666,-0.01423061,0.04112124,0,0,42200.6616

17,True,False,0.02,0.25,Rot0,2,0,0.001208666,-0.01423061,0.04112124,0,0,42214.1655

17,True,False,0.02,0.25,Rot0,2,0,0.001208666,-0.01423061,0.04112124,0,0,42230.7425

17,True,False,0.02,0.25,Rot0,2,0,0.001208666,-0.01423061,0.04112124,0,0,42255.0476

17,True,False,0.02,0.25,Rot0,2,0,0.001208666,-0.01423061,0.04112124,0,0,42282.4365

17,True,False,0.02,0.25,Rot0,2,0,0.001208666,-0.01423061,0.04112124,0,0,42294.4825

17,True,False,0.02,0.25,Rot0,2,0,0.001208666,-0.01423061,0.04112124,0,0,42307.4557

17,True,False,0.02,0.25,Rot0,2,0,0.001208666,-0.01423061,0.04112124,0,0,42320.3358

17,True,False,0.02,0.25,Rot0,2,0,0.001208666,-0.01423061,0.04112124,0,0,42333.0652

17,True,False,0.02,0.25,Rot0,2,0,0.001208666,-0.01423061,0.04112124,0,0,42348.3036

17,True,False,0.02,0.25,Rot0,2,0,0.001208666,-0.01423061,0.04112124,0,0,42372.6479

17,True,False,0.02,0.25,Rot0,2,0,0.001208666,-0.01423061,0.04112124,0,0,42398.0578

17,True,False,0.02,0.25,Rot0,2,0,0.001208666,-0.01423061,0.04112124,0,0,42411.7534

17,True,False,0.02,0.25,Rot0,2,0,0.001208666,-0.01423061,0.04112124,0,0,42425.7376

17,True,False,0.02,0.25,Rot0,2,0,0.001208666,-0.01423061,0.04112124,0,0,42439.2285

17,True,False,0.02,0.25,Rot0,2,0,0.001208666,-0.01423061,0.04112124,0,0,42453.4772

17,True,False,0.02,0.25,Rot0,2,0,0.001208666,-0.01423061,0.04112124,0,0,42467.073

17,True,False,0.02,0.25,Rot0,2,0,0.001208666,-0.01423061,0.04112124,0,0,42480.6392

17,True,False,0.02,0.25,Rot0,2,0,0.001208666,-0.01423061,0.04112124,0,0,42495.8036

17,True,False,0.02,0.25,Rot0,2,0,0.001208666,-0.01423061,0.04112124,0,0,42520.7588

17,True,False,0.02,0.25,Rot0,2,0,0.001208666,-0.01423061,0.04112124,0,0,42547.4108

17,True,False,0.02,0.25,Rot0,2,0,0.001208666,-0.01423061,0.04112124,0,0,42573.7131

17,True,False,0.02,0.25,Rot0,2,0,0.001208666,-0.01423061,0.04112124,0,0,42585.9005

17,True,False,0.02,0.25,Rot0,2,0,0.001208666,-0.01423061,0.04112124,0,0,42598.6331

17,True,False,0.02,0.25,Rot0,2,0,0.001208666,-0.01423061,0.04112124,0,0,42611.925

17,True,False,0.02,0.25,Rot0,2,0,0.001208666,-0.01423061,0.04112124,0,0,42626.2175

17,True,False,0.02,0.25,Rot0,2,0,0.001208666,-0.01423061,0.04112124,0,0,42650.6142

17,True,False,0.02,0.25,Rot0,2,0,0.001208666,-0.01423061,0.04112124,0,0,42676.535

17,True,False,0.02,0.25,Rot0,2,0,0.001208666,-0.01423061,0.04112124,0,0,42690.1295

17,True,False,0.02,0.25,Rot0,2,0,0.001208666,-0.01423061,0.04112124,0,0,42703.9723

17,True,False,0.02,0.25,Rot0,2,0,0.001208666,-0.01423061,0.04112124,0,0,42717.3149

17,True,False,0.02,0.25,Rot0,2,0,0.001208666,-0.01423061,0.04112124,0,0,42731.5465

17,True,False,0.02,0.25,Rot0,2,0,0.001208666,-0.01423061,0.04112124,0,0,42745.1691

17,True,False,0.02,0.25,Rot0,2,0,0.001208666,-0.01423061,0.04112124,0,0,42758.7671

17,True,False,0.02,0.25,Rot0,2,0,0.001208666,-0.01423061,0.04112124,0,0,42772.7903

17,True,False,0.02,0.25,Rot0,2,0,0.001208666,-0.01423061,0.04112124,0,0,42798.9432

17,True,False,0.02,0.25,Rot0,2,0,0.001208666,-0.01423061,0.04112124,0,0,42825.6683

17,True,False,0.02,0.25,Rot0,2,0,0.001208666,-0.01423061,0.04112124,0,0,42839.1518

17,True,False,0.02,0.25,Rot0,2,0,0.001208666,-0.01423061,0.04112124,0,0,42853.1242

17,True,False,0.02,0.25,Rot0,2,0,0.001208666,-0.01423061,0.04112124,0,0,42867.0276

17,True,False,0.02,0.25,Rot0,2,0,0.001208666,-0.01423061,0.04112124,0,0,42880.3595

17,True,False,0.02,0.25,Rot0,2,0,0.001208666,-0.01423061,0.04112124,0,0,42893.5122

17,True,False,0.02,0.25,Rot0,2,0,0.001208666,-0.01423061,0.04112124,0,0,42909.9097

17,True,False,0.02,0.25,Rot0,2,0,0.001208666,-0.01423061,0.04112124,0,0,42935.0422

17,True,False,0.02,0.25,Rot0,2,0,0.001208666,-0.01423061,0.04112124,0,0,42949.8474

17,True,False,0.02,0.25,Rot0,2,0,0.001208666,-0.01423061,0.04112124,0,0,42960.5245

17,True,False,0.02,0.25,Rot0,2,0,0.001208666,-0.01423061,0.04112124,0,0,42974.4485

17,True,False,0.02,0.25,Rot0,2,0,0.001208666,-0.01423061,0.04112124,0,0,43001.3412

17,True,False,0.02,0.25,Rot0,2,0,0.001208666,-0.01423061,0.04112124,0,0,43017.4009

17,True,False,0.02,0.25,Rot0,2,0,0.001208666,-0.01423061,0.04112124,0,0,43027.7921

17,True,False,0.02,0.25,Rot0,2,0,0.001208666,-0.01423061,0.04112124,0,0,43041.4248

17,True,False,0.02,0.25,Rot0,2,0,0.001208666,-0.01423061,0.04112124,0,0,43068.2564

17,True,False,0.02,0.25,Rot0,2,0,0.001208666,-0.01423061,0.04112124,0,0,43081.1355

17,True,False,0.02,0.25,Rot0,2,0,0.001208666,-0.01423061,0.04112124,0,0,43093.8398

17,True,False,0.02,0.25,Rot0,2,0,0.001208666,-0.01423061,0.04112124,0,0,43107.9828

17,True,False,0.02,0.25,Rot0,2,0,0.001208666,-0.01423061,0.04112124,0,0,43134.0569

17,True,False,0.02,0.25,Rot0,2,0,0.001208666,-0.01423061,0.04112124,0,0,43160.0083

17,True,False,0.02,0.25,Rot0,2,0,0.001208666,-0.01423061,0.04112124,0,0,43173.8154

17,True,False,0.02,0.25,Rot0,2,0,0.001208666,-0.01423061,0.04112124,0,0,43187.5831

17,True,False,0.02,0.25,Rot0,2,0,0.001208666,-0.01423061,0.04112124,0,0,43200.5469

17,True,False,0.02,0.25,Rot0,2,0,0.001208666,-0.01423061,0.04112124,0,0,43214.1435

17,True,False,0.02,0.25,Rot0,2,0,0.001208666,-0.01423061,0.04112124,0,0,43228.6601

17,True,False,0.02,0.25,Rot0,2,0,0.001208666,-0.01423061,0.04112124,0,0,43242.9466

17,True,False,0.02,0.25,Rot0,2,0,0.001208666,-0.01423061,0.04112124,0,0,43256.7841

17,True,False,0.02,0.25,Rot0,2,0,0.001208666,-0.01423061,0.04112124,0,0,43282.0208

17,True,False,0.02,0.25,Rot0,2,0,0.001208666,-0.01423061,0.04112124,0,0,43297.3082

17,True,False,0.02,0.25,Rot0,2,0,0.001208666,-0.01423061,0.04112124,0,0,43309.269

17,True,False,0.02,0.25,Rot0,2,0,0.001208666,-0.01423061,0.04112124,0,0,43323.5366

17,True,False,0.02,0.25,Rot0,2,0,0.001208666,-0.01423061,0.04112124,0,0,43339.0593

17,True,False,0.02,0.25,Rot0,2,0,0.001208666,-0.01423061,0.04112124,0,0,43364.2832

17,True,False,0.02,0.25,Rot0,2,0,0.001208666,-0.01423061,0.04112124,0,0,43392.1083

17,True,False,0.02,0.25,Rot0,2,0,0.001208666,-0.01423061,0.04112124,0,0,43406.2268

17,True,False,0.02,0.25,Rot0,2,0,0.001208666,-0.01423061,0.04112124,0,0,43420.7102

17,True,False,0.02,0.25,Rot0,2,0,0.001208666,-0.01423061,0.04112124,0,0,43433.2555

17,True,False,0.02,0.25,Rot0,2,0,0.001208666,-0.01423061,0.04112124,0,0,43446.0853

17,True,False,0.02,0.25,Rot0,2,0,0.001208666,-0.01423061,0.04112124,0,0,43461.1952

17,True,False,0.02,0.25,Rot0,2,0,0.001208666,-0.01423061,0.04112124,0,0,43486.4441

17,True,False,0.02,0.25,Rot0,2,0,0.001208666,-0.01423061,0.04112124,0,0,43513.2244

17,True,False,0.02,0.25,Rot0,2,0,0.001208666,-0.01423061,0.04112124,0,0,43540.2425

17,True,False,0.02,0.25,Rot0,2,0,0.001208666,-0.01423061,0.04112124,0,0,43551.7736

17,True,False,0.02,0.25,Rot0,2,0,0.001208666,-0.01423061,0.04112124,0,0,43565.4734

17,True,False,0.02,0.25,Rot0,2,0,0.001208666,-0.01423061,0.04112124,0,0,43579.0254

17,True,False,0.02,0.25,Rot0,2,0,0.001208666,-0.01423061,0.04112124,0,0,43605.1341

17,True,False,0.02,0.25,Rot0,2,0,0.001208666,-0.01423061,0.04112124,0,0,43619.3566

17,True,False,0.02,0.25,Rot0,2,0,0.001208666,-0.01423061,0.04112124,0,0,43632.4086

17,True,False,0.02,0.25,Rot0,2,0,0.001208666,-0.01423061,0.04112124,0,0,43646.5396

17,True,False,0.02,0.25,Rot0,2,0,0.001208666,-0.01423061,0.04112124,0,0,43660.6289

17,True,False,0.02,0.25,Rot0,2,0,0.001208666,-0.01423061,0.04112124,0,0,43673.5581

17,True,False,0.02,0.25,Rot0,2,0,0.001208666,-0.01423061,0.04112124,0,0,43700.1943

17,True,False,0.02,0.25,Rot0,2,0,0.001208666,-0.01423061,0.04112124,0,0,43716.0419

17,True,False,0.02,0.25,Rot0,2,0,0.001208666,-0.01423061,0.04112124,0,0,43729.3389

17,True,False,0.02,0.25,Rot0,2,0,0.001208666,-0.01423061,0.04112124,0,0,43741.1711

17,True,False,0.02,0.25,Rot0,2,0,0.001208666,-0.01423061,0.04112124,0,0,43767.9531

17,True,False,0.02,0.25,Rot0,2,0,0.001208666,-0.01423061,0.04112124,0,0,43783.9623

17,True,False,0.02,0.25,Rot0,2,0,0.001208666,-0.01423061,0.04112124,0,0,43795.4121

17,True,False,0.02,0.25,Rot0,2,0,0.001208666,-0.01423061,0.04112124,0,0,43808.7615

17,True,False,0.02,0.25,Rot0,2,0,0.001208666,-0.01423061,0.04112124,0,0,43836.5813

17,True,False,0.02,0.25,Rot0,2,0,0.001208666,-0.01423061,0.04112124,0,0,43850.479

17,True,False,0.02,0.25,Rot0,2,0,0.001208666,-0.01423061,0.04112124,0,0,43862.9502

17,True,False,0.02,0.25,Rot0,2,0,0.001208666,-0.01423061,0.04112124,0,0,43875.6527

17,True,False,0.02,0.25,Rot0,2,0,0.001208666,-0.01423061,0.04112124,0,0,43892.5895

17,True,False,0.02,0.25,Rot0,2,0,0.001208666,-0.01423061,0.04112124,0,0,43917.7505

17,True,False,0.02,0.25,Rot0,2,0,0.001208666,-0.01423061,0.04112124,0,0,43932.5728

17,True,False,0.02,0.25,Rot0,2,0,0.001208666,-0.01423061,0.04112124,0,0,43944.7519

17,True,False,0.02,0.25,Rot0,2,0,0.001208666,-0.01423061,0.04112124,0,0,43958.5272

17,True,False,0.02,0.25,Rot0,2,0,0.001208666,-0.01423061,0.04112124,0,0,43982.9414

17,True,False,0.02,0.25,Rot0,2,0,0.001208666,-0.01423061,0.04112124,0,0,44009.2872

17,True,False,0.02,0.25,Rot0,2,0,0.001208666,-0.01423061,0.04112124,0,0,44022.9815

17,True,False,0.02,0.25,Rot0,2,0,0.001208666,-0.01423061,0.04112124,0,0,44036.2163

17,True,False,0.02,0.25,Rot0,2,0,0.001208666,-0.01423061,0.04112124,0,0,44050.4279

17,True,False,0.02,0.25,Rot0,2,0,0.001208666,-0.01423061,0.04112124,0,0,44064.0519

17,True,False,0.02,0.25,Rot0,2,0,0.001208666,-0.01423061,0.04112124,0,0,44077.4796

17,True,False,0.02,0.25,Rot0,2,0,0.001208666,-0.01423061,0.04112124,0,0,44093.0447

17,True,False,0.02,0.25,Rot0,2,0,0.001208666,-0.01423061,0.04112124,0,0,44106.5524

17,True,False,0.02,0.25,Rot0,2,0,0.001208666,-0.01423061,0.04112124,0,0,44130.886

17,True,False,0.02,0.25,Rot0,2,0,0.001208666,-0.01423061,0.04112124,0,0,44157.8191

17,True,False,0.02,0.25,Rot0,2,0,0.001208666,-0.01423061,0.04112124,0,0,44172.2476

17,True,False,0.02,0.25,Rot0,2,0,0.001208666,-0.01423061,0.04112124,0,0,44186.2711

17,True,False,0.02,0.25,Rot0,2,0,0.001208666,-0.01423061,0.04112124,0,0,44198.9668

17,True,False,0.02,0.25,Rot0,2,0,0.001208666,-0.01423061,0.04112124,0,0,44229.3865

17,True,False,0.02,0.25,Rot0,2,0,0.001208666,-0.01423061,0.04112124,0,0,44254.1589

17,True,False,0.02,0.25,Rot0,2,0,0.001208666,-0.01423061,0.04112124,0,0,44269.1819

17,True,False,0.02,0.25,Rot0,2,0,0.001208666,-0.01423061,0.04112124,0,0,44280.9786

17,True,False,0.02,0.25,Rot0,2,0,0.001208666,-0.01423061,0.04112124,0,0,44293.7331

17,True,False,0.02,0.25,Rot0,2,0,0.001208666,-0.01423061,0.04112124,0,0,44309.1437

17,True,False,0.02,0.25,Rot0,2,0,0.001208666,-0.01423061,0.04112124,0,0,44335.3745

17,True,False,0.02,0.25,Rot0,2,0,0.001208666,-0.01423061,0.04112124,0,0,44362.1879

17,True,False,0.02,0.25,Rot0,2,0,0.001208666,-0.01423061,0.04112124,0,0,44374.882

17,True,False,0.02,0.25,Rot0,2,0,0.001208666,-0.01423061,0.04112124,0,0,44387.9617

17,True,False,0.02,0.25,Rot0,2,0,0.001208666,-0.01423061,0.04112124,0,0,44401.2731

17,True,False,0.02,0.25,Rot0,2,0,0.001208666,-0.01423061,0.04112124,0,0,44414.2404

17,True,False,0.02,0.25,Rot0,2,0,0.001208666,-0.01423061,0.04112124,0,0,44429.6551

17,True,False,0.02,0.25,Rot0,2,0,0.001208666,-0.01423061,0.04112124,0,0,44442.6205

17,True,False,0.02,0.25,Rot0,2,0,0.001208666,-0.01423061,0.04112124,0,0,44468.8353

17,True,False,0.02,0.25,Rot0,2,0,0.001208666,-0.01423061,0.04112124,0,0,44495.0398

17,True,False,0.02,0.25,Rot0,2,0,0.001208666,-0.01423061,0.04112124,0,0,44509.0687

17,True,False,0.02,0.25,Rot0,2,0,0.001208666,-0.01423061,0.04112124,0,0,44522.5733

17,True,False,0.02,0.25,Rot0,2,0,0.001208666,-0.01423061,0.04112124,0,0,44535.8575

17,True,False,0.02,0.25,Rot0,2,0,0.001208666,-0.01423061,0.04112124,0,0,44550.1562

17,True,False,0.02,0.25,Rot0,2,0,0.001208666,-0.01423061,0.04112124,0,0,44563.5189

17,True,False,0.02,0.25,Rot0,2,0,0.001208666,-0.01423061,0.04112124,0,0,44577.0201

17,True,False,0.02,0.25,Rot0,2,0,0.001208666,-0.01423061,0.04112124,0,0,44604.0825

17,True,False,0.02,0.25,Rot0,2,0,0.001208666,-0.01423061,0.04112124,0,0,44619.2908

17,True,False,0.02,0.25,Rot0,2,0,0.001208666,-0.01423061,0.04112124,0,0,44630.9997

17,True,False,0.02,0.25,Rot0,2,0,0.001208666,-0.01423061,0.04112124,0,0,44645.0076

17,True,False,0.02,0.25,Rot0,2,0,0.001208666,-0.01423061,0.04112124,0,0,44660.6952

17,True,False,0.02,0.25,Rot0,2,0,0.001208666,-0.01423061,0.04112124,0,0,44685.1611

17,True,False,0.02,0.25,Rot0,2,0,0.001208666,-0.01423061,0.04112124,0,0,44713.2824

17,True,False,0.02,0.25,Rot0,2,0,0.001208666,-0.01423061,0.04112124,0,0,44725.7548

17,True,False,0.02,0.25,Rot0,2,0,0.001208666,-0.01423061,0.04112124,0,0,44738.7623

17,True,False,0.02,0.25,Rot0,2,0,0.001208666,-0.01423061,0.04112124,0,0,44751.8616

17,True,False,0.02,0.25,Rot0,2,0,0.001208666,-0.01423061,0.04112124,0,0,44764.5875

17,True,False,0.02,0.25,Rot0,2,0,0.001208666,-0.01423061,0.04112124,0,0,44778.1713

17,True,False,0.02,0.25,Rot0,2,0,0.001208666,-0.01423061,0.04112124,0,0,44792.772

17,True,False,0.02,0.25,Rot0,2,0,0.001208666,-0.01423061,0.04112124,0,0,44819.3796

17,True,False,0.02,0.25,Rot0,2,0,0.001208666,-0.01423061,0.04112124,0,0,44835.4964

17,True,False,0.02,0.25,Rot0,2,0,0.001208666,-0.01423061,0.04112124,0,0,44846.7148

17,True,False,0.02,0.25,Rot0,2,0,0.001208666,-0.01423061,0.04112124,0,0,44860.848

17,True,False,0.02,0.25,Rot0,2,0,0.001208666,-0.01423061,0.04112124,0,0,44885.3127

17,True,False,0.02,0.25,Rot0,2,0,0.001208666,-0.01423061,0.04112124,0,0,44911.9493

17,True,False,0.02,0.25,Rot0,2,0,0.001208666,-0.01423061,0.04112124,0,0,44928.0415

17,True,False,0.02,0.25,Rot0,2,0,0.001208666,-0.01423061,0.04112124,0,0,44953.3829

17,True,False,0.02,0.25,Rot0,2,0,0.001208666,-0.01423061,0.04112124,0,0,44966.2817

17,True,False,0.02,0.25,Rot0,2,0,0.001208666,-0.01423061,0.04112124,0,0,44979.7187

17,True,False,0.02,0.25,Rot0,2,0,0.001208666,-0.01423061,0.04112124,0,0,44993.8057

17,True,False,0.02,0.25,Rot0,2,0,0.001208666,-0.01423061,0.04112124,0,0,45007.8256

17,True,False,0.02,0.25,Rot0,2,0,0.001208666,-0.01423061,0.04112124,0,0,45020.9079

17,True,False,0.02,0.25,Rot0,2,0,0.001208666,-0.01423061,0.04112124,0,0,45034.4458

17,True,False,0.02,0.25,Rot0,2,0,0.001208666,-0.01423061,0.04112124,0,0,45048.9897

17,True,False,0.02,0.25,Rot0,2,0,0.001208666,-0.01423061,0.04112124,0,0,45063.2805

17,True,False,0.02,0.25,Rot0,2,0,0.001208666,-0.01423061,0.04112124,0,0,45074.8708

17,True,False,0.02,0.25,Rot0,2,0,0.001208666,-0.01423061,0.04112124,0,0,45101.2966

17,True,False,0.02,0.25,Rot0,2,0,0.001208666,-0.01423061,0.04112124,0,0,45116.7818

17,True,False,0.02,0.25,Rot0,2,0,0.001208666,-0.01423061,0.04112124,0,0,45128.1205

17,True,False,0.02,0.25,Rot0,2,0,0.001208666,-0.01423061,0.04112124,0,0,45143.1682

17,True,False,0.02,0.25,Rot0,2,0,0.001208666,-0.01423061,0.04112124,0,0,45169.553

17,True,False,0.02,0.25,Rot0,2,0,0.001208666,-0.01423061,0.04112124,0,0,45197.1006

17,True,False,0.02,0.25,Rot0,2,0,0.001208666,-0.01423061,0.04112124,0,0,45209.3413

17,True,False,0.02,0.25,Rot0,2,0,0.001208666,-0.01423061,0.04112124,0,0,45222.5127

17,True,False,0.02,0.25,Rot0,2,0,0.001208666,-0.01423061,0.04112124,0,0,45235.2519

17,True,False,0.02,0.25,Rot0,2,0,0.001208666,-0.01423061,0.04112124,0,0,45248.781

17,True,False,0.02,0.25,Rot0,2,0,0.001208666,-0.01423061,0.04112124,0,0,45261.5977

17,True,False,0.02,0.25,Rot0,2,0,0.001208666,-0.01423061,0.04112124,0,0,45275.9595

17,True,False,0.02,0.25,Rot0,2,0,0.001208666,-0.01423061,0.04112124,0,0,45300.6693

17,True,False,0.02,0.25,Rot0,2,0,0.001208666,-0.01423061,0.04112124,0,0,45327.2071

17,True,False,0.02,0.25,Rot0,2,0,0.001208666,-0.01423061,0.04112124,0,0,45340.876

17,True,False,0.02,0.25,Rot0,2,0,0.001208666,-0.01423061,0.04112124,0,0,45354.4125

17,True,False,0.02,0.25,Rot0,2,0,0.001208666,-0.01423061,0.04112124,0,0,45367.5493

17,True,False,0.02,0.25,Rot0,2,0,0.001208666,-0.01423061,0.04112124,0,0,45381.3605

17,True,False,0.02,0.25,Rot0,2,0,0.001208666,-0.01423061,0.04112124,0,0,45395.976

17,True,False,0.02,0.25,Rot0,2,0,0.001208666,-0.01423061,0.04112124,0,0,45409.8233

17,True,False,0.02,0.25,Rot0,2,0,0.001208666,-0.01423061,0.04112124,0,0,45435.4886

17,True,False,0.02,0.25,Rot0,2,0,0.001208666,-0.01423061,0.04112124,0,0,45451.5908

17,True,False,0.02,0.25,Rot0,2,0,0.001208666,-0.01423061,0.04112124,0,0,45463.37

17,True,False,0.02,0.25,Rot0,2,0,0.001208666,-0.01423061,0.04112124,0,0,45477.1898

17,True,False,0.02,0.25,Rot0,2,0,0.001208666,-0.01423061,0.04112124,0,0,45504.4336

17,True,False,0.02,0.25,Rot0,2,0,0.001208666,-0.01423061,0.04112124,0,0,45531.9005

17,True,False,0.02,0.25,Rot0,2,0,0.001208666,-0.01423061,0.04112124,0,0,45543.982

17,True,False,0.02,0.25,Rot0,2,0,0.001208666,-0.01423061,0.04112124,0,0,45556.5498

17,True,False,0.02,0.25,Rot0,2,0,0.001208666,-0.01423061,0.04112124,0,0,45570.3005

17,True,False,0.02,0.25,Rot0,2,0,0.001208666,-0.01423061,0.04112124,0,0,45582.7012

17,True,False,0.02,0.25,Rot0,2,0,0.001208666,-0.01423061,0.04112124,0,0,45595.8394

17,True,False,0.02,0.25,Rot0,2,0,0.001208666,-0.01423061,0.04112124,0,0,45622.1707

17,True,False,0.02,0.25,Rot0,2,0,0.001208666,-0.01423061,0.04112124,0,0,45635.2104

17,True,False,0.02,0.25,Rot0,2,0,0.001208666,-0.01423061,0.04112124,0,0,45648.8445

17,True,False,0.02,0.25,Rot0,2,0,0.001208666,-0.01423061,0.04112124,0,0,45662.7227

17,True,False,0.02,0.25,Rot0,2,0,0.001208666,-0.01423061,0.04112124,0,0,45676.7638

17,True,False,0.02,0.25,Rot0,2,0,0.001208666,-0.01423061,0.04112124,0,0,45701.3784

17,True,False,0.02,0.25,Rot0,2,0,0.001208666,-0.01423061,0.04112124,0,0,45728.1927

17,True,False,0.02,0.25,Rot0,2,0,0.001208666,-0.01423061,0.04112124,0,0,45742.3272

17,True,False,0.02,0.25,Rot0,2,0,0.001208666,-0.01423061,0.04112124,0,0,45755.6483

17,True,False,0.02,0.25,Rot0,2,0,0.001208666,-0.01423061,0.04112124,0,0,45770.287

17,True,False,0.02,0.25,Rot0,2,0,0.001208666,-0.01423061,0.04112124,0,0,45784.1333

17,True,False,0.02,0.25,Rot0,2,0,0.001208666,-0.01423061,0.04112124,0,0,45796.9272

17,True,False,0.02,0.25,Rot0,2,0,0.001208666,-0.01423061,0.04112124,0,0,45812.3266

17,True,False,0.02,0.25,Rot0,2,0,0.001208666,-0.01423061,0.04112124,0,0,45838.0603

17,True,False,0.02,0.25,Rot0,2,0,0.001208666,-0.01423061,0.04112124,0,0,45865.253

17,True,False,0.02,0.25,Rot0,2,0,0.001208666,-0.01423061,0.04112124,0,0,45877.6235

17,True,False,0.02,0.25,Rot0,2,0,0.001208666,-0.01423061,0.04112124,0,0,45904.1428

17,True,False,0.02,0.25,Rot0,2,0,0.001208666,-0.01423061,0.04112124,0,0,45918.7932

17,True,False,0.02,0.25,Rot0,2,0,0.001208666,-0.01423061,0.04112124,0,0,45930.6329

17,True,False,0.02,0.25,Rot0,2,0,0.001208666,-0.01423061,0.04112124,0,0,45958.7629

17,True,False,0.02,0.25,Rot0,2,0,0.001208666,-0.01423061,0.04112124,0,0,45985.7373

17,True,False,0.02,0.25,Rot0,2,0,0.001208666,-0.01423061,0.04112124,0,0,45999.1413

17,True,False,0.02,0.25,Rot0,2,0,0.001208666,-0.01423061,0.04112124,0,0,46012.4753

17,True,False,0.02,0.25,Rot0,2,0,0.001208666,-0.01423061,0.04112124,0,0,46025.8144

17,True,False,0.02,0.25,Rot0,2,0,0.001208666,-0.01423061,0.04112124,0,0,46038.8437

17,True,False,0.02,0.25,Rot0,2,0,0.001208666,-0.01423061,0.04112124,0,0,46051.4392

17,True,False,0.02,0.25,Rot0,2,0,0.001208666,-0.01423061,0.04112124,0,0,46066.6926

17,True,False,0.02,0.25,Rot0,2,0,0.001208666,-0.01423061,0.04112124,0,0,46091.3824

17,True,False,0.02,0.25,Rot0,2,0,0.001208666,-0.01423061,0.04112124,0,0,46118.0333

17,True,False,0.02,0.25,Rot0,2,0,0.001208666,-0.01423061,0.04112124,0,0,46131.8231

17,True,False,0.02,0.25,Rot0,2,0,0.001208666,-0.01423061,0.04112124,0,0,46145.6765

17,True,False,0.02,0.25,Rot0,2,0,0.001208666,-0.01423061,0.04112124,0,0,46159.1962

17,True,False,0.02,0.25,Rot0,2,0,0.001208666,-0.01423061,0.04112124,0,0,46172.8831

17,True,False,0.02,0.25,Rot0,2,0,0.001208666,-0.01423061,0.04112124,0,0,46186.7512

17,True,False,0.02,0.25,Rot0,2,0,0.001208666,-0.01423061,0.04112124,0,0,46202.571

17,True,False,0.02,0.25,Rot0,2,0,0.001208666,-0.01423061,0.04112124,0,0,46227.2489

17,True,False,0.02,0.25,Rot0,2,0,0.001208666,-0.01423061,0.04112124,0,0,46243.6103

17,True,False,0.02,0.25,Rot0,2,0,0.001208666,-0.01423061,0.04112124,0,0,46254.482

17,True,False,0.02,0.25,Rot0,2,0,0.001208666,-0.01423061,0.04112124,0,0,46267.8505

17,True,False,0.02,0.25,Rot0,2,0,0.001208666,-0.01423061,0.04112124,0,0,46295.3773

17,True,False,0.02,0.25,Rot0,2,0,0.001208666,-0.01423061,0.04112124,0,0,46309.5045

17,True,False,0.02,0.25,Rot0,2,0,0.001208666,-0.01423061,0.04112124,0,0,46322.7887

17,True,False,0.02,0.25,Rot0,2,0,0.001208666,-0.01423061,0.04112124,0,0,46336.2205

17,True,False,0.02,0.25,Rot0,2,0,0.001208666,-0.01423061,0.04112124,0,0,46349.0922

17,True,False,0.02,0.25,Rot0,2,0,0.001208666,-0.01423061,0.04112124,0,0,46376.3789

17,True,False,0.02,0.25,Rot0,2,0,0.001208666,-0.01423061,0.04112124,0,0,46387.9948

17,True,False,0.02,0.25,Rot0,2,0,0.001208666,-0.01423061,0.04112124,0,0,46401.4785

17,True,False,0.02,0.25,Rot0,2,0,0.001208666,-0.01423061,0.04112124,0,0,46427.8051

17,True,False,0.02,0.25,Rot0,2,0,0.001208672,-0.01423058,0.04112124,3.045813E-08,2.40667276119191E-06,46440.4608

17,True,False,0.02,0.25,Rot0,2,0,0.001197293,-0.01423305,0.04115951,3.999873E-05,0.00292315747349965,46454.1442

17,True,False,0.02,0.25,Rot0,2,0,0.00108318,-0.01426363,0.04144132,0.0003055717,0.0224210282460352,46467.773

17,True,False,0.02,0.25,Rot0,2,0,0.000655869,-0.01428834,0.04237318,0.001025459,0.0382441362395167,46494.5865

17,True,False,0.02,0.25,Rot0,2,0,-2.086164E-05,-0.01419768,0.04373384,0.001522355,0.104391728401965,46509.1696

17,True,False,0.02,0.25,Rot0,2,0,-0.0007918235,-0.01381377,0.04560983,0.002064252,0.16716753374979,46521.518

17,True,False,0.02,0.25,Rot0,2,0,-0.001215789,-0.01342741,0.04660904,0.001152148,0.0863912041761862,46534.8544

17,True,False,0.02,0.25,Rot0,2,0,-0.001657292,-0.01301694,0.04704368,0.0007431807,0.027812295360069,46561.5757

17,True,False,0.02,0.25,Rot0,2,0,-0.002109373,-0.01265207,0.04754186,0.0007653012,0.0542928552452797,46575.6715

17,True,False,0.02,0.25,Rot0,2,0,-0.002534036,-0.01221428,0.04805112,0.0007945764,0.0621593194478146,46588.4544

17,True,False,0.02,0.25,Rot0,2,0,-0.003123326,-0.01169896,0.04872751,0.001034562,0.0792082138185777,46601.5157

17,True,False,0.02,0.25,Rot0,2,0,-0.004026266,-0.01076481,0.04882431,0.00130281,0.0467392440027086,46629.3897

17,True,False,0.02,0.25,Rot0,2,0,-0.004796175,-0.009964109,0.04902184,0.001128228,0.0927147760148024,46641.5585

17,True,False,0.02,0.25,Rot0,2,0,-0.005375674,-0.009330512,0.04915845,0.000869441,0.0678593410108929,46654.3709

17,True,False,0.02,0.25,Rot0,2,0,-0.00632889,-0.008388312,0.04940712,0.001363158,0.0924582353703095,46669.1144

17,True,False,0.02,0.25,Rot0,2,0,-0.007209275,-0.007637353,0.04966652,0.001185877,0.0850701039200323,46683.0544

17,True,False,0.02,0.25,Rot0,2,0,-0.008030014,-0.006963284,0.04990196,0.001087848,0.0430931530240792,46708.2985

17,True,False,0.02,0.25,Rot0,2,0,-0.008627223,-0.006645084,0.05004728,0.000692117,0.0256625708560579,46735.2684

17,True,False,0.02,0.25,Rot0,2,0,-0.009107428,-0.006286324,0.05018198,0.0006143708,0.0442063349225148,46749.1662

17,True,False,0.02,0.25,Rot0,2,0,-0.009701369,-0.00584665,0.0503186,0.0007514941,0.0645935329253028,46760.8004

17,True,False,0.02,0.25,Rot0,2,0,-0.01060608,-0.005317063,0.05039752,0.00105128,0.0809143518332617,46773.7929

17,True,False,0.02,0.25,Rot0,2,0,-0.01060628,-0.005316943,0.05039752,2.338343E-07,1.66130962529944E-05,46787.8682

17,True,False,0.02,0.25,Rot0,2,0,-0.01105794,-0.005053044,0.05048501,0.000530378,0.037507988578493,46802.0086

17,True,False,0.02,0.25,Rot0,2,0,-0.01140672,-0.004788608,0.05052125,0.0004391865,0.0337591681608218,46815.018

17,True,False,0.02,0.25,Rot0,2,0,-0.01172689,-0.004540712,0.0505619,0.0004069536,0.015803838925496,46840.7683

17,True,False,0.02,0.25,Rot0,2,0,-0.01195285,-0.004350722,0.05060518,0.0002983713,0.0109407746106044,46868.0398

17,True,False,0.02,0.25,Rot0,2,0,-0.01227391,-0.00399986,0.0506469,0.0004774177,0.0347485822619185,46881.779

17,True,False,0.02,0.25,Rot0,2,0,-0.01259751,-0.003614367,0.05066204,0.0005035368,0.0421496716702203,46893.7254

17,True,False,0.02,0.25,Rot0,2,0,-0.01290996,-0.003163994,0.05049527,0.0005729527,0.0396337026956911,46908.1816

17,True,False,0.02,0.25,Rot0,2,0,-0.01311915,-0.002895057,0.05046892,0.0003417328,0.0240848550286212,46922.3703

17,True,False,0.02,0.25,Rot0,2,0,-0.01329804,-0.002657652,0.05046022,0.0002973877,0.0215840830323027,46936.1484

17,True,False,0.02,0.25,Rot0,2,0,-0.01339983,-0.002456278,0.0505178,0.0002328707,0.0160538495221473,46950.654

17,True,False,0.02,0.25,Rot0,2,0,-0.01348348,-0.00226441,0.05058122,0.0002187039,0.00836567803376011,46976.797

17,True,False,0.02,0.25,Rot0,2,0,-0.01355586,-0.002158612,0.05058861,0.0001284042,0.00466904072469624,47004.2982

17,True,False,0.02,0.25,Rot0,2,0,-0.01354442,-0.001931042,0.05069125,0.0002499081,0.0204298492607109,47016.5307

17,True,False,0.02,0.25,Rot0,2,0,-0.01349763,-0.001708865,0.05079639,0.0002502127,0.0199104531398794,47029.0976

17,True,False,0.02,0.25,Rot0,2,0,-0.01356966,-0.001165301,0.050313,0.0007309716,0.0562805382759523,47042.0856

17,True,False,0.02,0.25,Rot0,2,0,-0.01356965,-0.001165301,0.050313,3.72529E-09,2.90597867175058E-07,47054.905

17,True,False,0.02,0.25,Rot0,2,0,-0.01366217,-0.0003282726,0.04953885,0.001143886,0.0873963001789383,47067.9935

17,True,False,0.02,0.25,Rot0,2,0,-0.01366217,-0.0003282726,0.04953885,0,0,47083.1814

17,True,False,0.02,0.25,Rot0,2,0,-0.01366217,-0.0003282726,0.04953885,0,0,47109.3178

17,True,False,0.02,0.25,Rot0,2,0,-0.01366217,-0.0003282726,0.04953885,0,0,47134.4633

17,True,False,0.02,0.25,Rot0,2,0,-0.01366217,-0.0003282726,0.04953885,0,0,47148.1881

17,True,False,0.02,0.25,Rot0,2,0,-0.01366217,-0.0003282726,0.04953885,0,0,47162.0315

17,True,False,0.02,0.25,Rot0,2,0,-0.01366217,-0.0003282726,0.04953885,0,0,47175.261

17,True,False,0.02,0.25,Rot0,2,0,-0.01366217,-0.0003282726,0.04953885,0,0,47189.7445

17,True,False,0.02,0.25,Rot0,2,0,-0.01366217,-0.0003282726,0.04953885,0,0,47202.3954

17,True,False,0.02,0.25,Rot0,2,0,-0.01366217,-0.0003282726,0.04953885,0,0,47215.568

17,True,False,0.02,0.25,Rot0,2,0,-0.01366217,-0.0003282726,0.04953885,0,0,47241.6027

17,True,False,0.02,0.25,Rot0,2,0,-0.01366217,-0.0003282726,0.04953885,0,0,47255.4885

17,True,False,0.02,0.25,Rot0,2,0,-0.01366217,-0.0003282726,0.04953885,0,0,47269.1867

17,True,False,0.02,0.25,Rot0,2,0,-0.01366217,-0.0003282726,0.04953885,0,0,47284.6344

17,True,False,0.02,0.25,Rot0,2,0,-0.01366217,-0.0003282726,0.04953885,0,0,47310.6143

17,True,False,0.02,0.25,Rot0,2,0,-0.01366217,-0.0003282726,0.04953885,0,0,47325.8546

17,True,False,0.02,0.25,Rot0,2,0,-0.01366217,-0.0003282726,0.04953885,0,0,47338.7525

17,True,False,0.02,0.25,Rot0,2,0,-0.01366217,-0.0003282726,0.04953885,0,0,47351.1076

17,True,False,0.02,0.25,Rot0,2,0,-0.01366217,-0.0003282726,0.04953885,0,0,47367.181

17,True,False,0.02,0.25,Rot0,2,0,-0.01366217,-0.0003282726,0.04953885,0,0,47391.8767

17,True,False,0.02,0.25,Rot0,2,0,-0.01366217,-0.0003282726,0.04953885,0,0,47419.908

17,True,False,0.02,0.25,Rot0,2,0,-0.01366217,-0.0003282726,0.04953885,0,0,47431.8513

17,True,False,0.02,0.25,Rot0,2,0,-0.01366217,-0.0003282726,0.04953885,0,0,47444.7183

17,True,False,0.02,0.25,Rot0,2,0,-0.01366217,-0.0003282726,0.04953885,0,0,47457.4167

17,True,False,0.02,0.25,Rot0,2,0,-0.01366217,-0.0003282726,0.04953885,0,0,47471.2047

17,True,False,0.02,0.25,Rot0,2,0,-0.01366217,-0.0003282726,0.04953885,0,0,47485.3734

17,True,False,0.02,0.25,Rot0,2,0,-0.01366217,-0.0003282726,0.04953885,0,0,47498.8597

17,True,False,0.02,0.25,Rot0,2,0,-0.01366217,-0.0003282726,0.04953885,0,0,47524.4736

17,True,False,0.02,0.25,Rot0,2,0,-0.01366217,-0.0003282726,0.04953885,0,0,47551.0709

17,True,False,0.02,0.25,Rot0,2,0,-0.01366217,-0.0003282726,0.04953885,0,0,47576.2784

17,True,False,0.02,0.25,Rot0,2,0,-0.01366217,-0.0003282726,0.04953885,0,0,47590.1737

17,True,False,0.02,0.25,Rot0,2,0,-0.01366217,-0.0003282726,0.04953885,0,0,47603.1247

17,True,False,0.02,0.25,Rot0,2,0,-0.01366217,-0.0003282726,0.04953885,0,0,47616.2838

17,True,False,0.02,0.25,Rot0,2,0,-0.01366217,-0.0003282726,0.04953885,0,0,47630.5313

17,True,False,0.02,0.25,Rot0,2,0,-0.01366217,-0.0003282726,0.04953885,0,0,47644.1692

17,True,False,0.02,0.25,Rot0,2,0,-0.01366217,-0.0003282726,0.04953885,0,0,47670.5885

17,True,False,0.02,0.25,Rot0,2,0,-0.01366217,-0.0003282726,0.04953885,0,0,47697.3125

17,True,False,0.02,0.25,Rot0,2,0,-0.01366217,-0.0003282726,0.04953885,0,0,47709.5886

17,True,False,0.02,0.25,Rot0,2,0,-0.01366217,-0.0003282726,0.04953885,0,0,47722.4514

17,True,False,0.02,0.25,Rot0,2,0,-0.01366217,-0.0003282726,0.04953885,0,0,47735.3276

17,True,False,0.02,0.25,Rot0,2,0,-0.01366217,-0.0003282726,0.04953885,0,0,47748.6993

17,True,False,0.02,0.25,Rot0,2,0,-0.01366217,-0.0003282726,0.04953885,0,0,47762.0197

17,True,False,0.02,0.25,Rot0,2,0,-0.01366217,-0.0003282726,0.04953885,0,0,47775.878

17,True,False,0.02,0.25,Rot0,2,0,-0.01366217,-0.0003282726,0.04953885,0,0,47801.2718

17,True,False,0.02,0.25,Rot0,2,0,-0.01366217,-0.0003282726,0.04953885,0,0,47828.8562

17,True,False,0.02,0.25,Rot0,2,0,-0.01366217,-0.0003282726,0.04953885,0,0,47841.6384

17,True,False,0.02,0.25,Rot0,2,0,-0.01366217,-0.0003282726,0.04953885,0,0,47854.8635

17,True,False,0.02,0.25,Rot0,2,0,-0.01366217,-0.0003282726,0.04953885,0,0,47869.4378

17,True,False,0.02,0.25,Rot0,2,0,-0.01366217,-0.0003282726,0.04953885,0,0,47883.0266

17,True,False,0.02,0.25,Rot0,2,0,-0.01366217,-0.0003282726,0.04953885,0,0,47896.3489

17,True,False,0.02,0.25,Rot0,2,0,-0.01366217,-0.0003282726,0.04953885,0,0,47912.3968

17,True,False,0.02,0.25,Rot0,2,0,-0.01366217,-0.0003282726,0.04953885,0,0,47936.5841

17,True,False,0.02,0.25,Rot0,2,0,-0.01366217,-0.0003282726,0.04953885,0,0,47951.0148

17,True,False,0.02,0.25,Rot0,2,0,-0.01366217,-0.0003282726,0.04953885,0,0,47962.7239

17,True,False,0.02,0.25,Rot0,2,0,-0.01366217,-0.0003282726,0.04953885,0,0,47977.9087

17,True,False,0.02,0.25,Rot0,2,0,-0.01366217,-0.0003282726,0.04953885,0,0,48004.1111

17,True,False,0.02,0.25,Rot0,2,0,-0.01366217,-0.0003282726,0.04953885,0,0,48019.0627

17,True,False,0.02,0.25,Rot0,2,0,-0.01366217,-0.0003282726,0.04953885,0,0,48030.4904

17,True,False,0.02,0.25,Rot0,2,0,-0.01366217,-0.0003282726,0.04953885,0,0,48044.6945

17,True,False,0.02,0.25,Rot0,2,0,-0.01366217,-0.0003282726,0.04953885,0,0,48059.5312

17,True,False,0.02,0.25,Rot0,2,0,-0.01366217,-0.0003282726,0.04953885,0,0,48085.3647

17,True,False,0.02,0.25,Rot0,2,0,-0.01366217,-0.0003282726,0.04953885,0,0,48099.5179

17,True,False,0.02,0.25,Rot0,2,0,-0.01366217,-0.0003282726,0.04953885,0,0,48112.301

17,True,False,0.02,0.25,Rot0,2,0,-0.01366217,-0.0003282726,0.04953885,0,0,48140.19

17,True,False,0.02,0.25,Rot0,2,0,-0.01366217,-0.0003282726,0.04953885,0,0,48154.0189

17,True,False,0.02,0.25,Rot0,2,0,-0.01366217,-0.0003282726,0.04953885,0,0,48167.2561

17,True,False,0.02,0.25,Rot0,2,0,-0.01366217,-0.0003282726,0.04953885,0,0,48180.6303

17,True,False,0.02,0.25,Rot0,2,0,-0.01366217,-0.0003282726,0.04953885,0,0,48196.2719

17,True,False,0.02,0.25,Rot0,2,0,-0.01366217,-0.0003282726,0.04953885,0,0,48208.1025

17,True,False,0.02,0.25,Rot0,2,0,-0.01366217,-0.0003282726,0.04953885,0,0,48234.6762

17,True,False,0.02,0.25,Rot0,2,0,-0.01366217,-0.0003282726,0.04953885,0,0,48262.3818

17,True,False,0.02,0.25,Rot0,2,0,-0.01366217,-0.0003282726,0.04953885,0,0,48274.9382

17,True,False,0.02,0.25,Rot0,2,0,-0.01366217,-0.0003282726,0.04953885,0,0,48288.2058

17,True,False,0.02,0.25,Rot0,2,0,-0.01366217,-0.0003282726,0.04953885,0,0,48301.9491

17,True,False,0.02,0.25,Rot0,2,0,-0.01366217,-0.0003282726,0.04953885,0,0,48314.9129

17,True,False,0.02,0.25,Rot0,2,0,-0.01366217,-0.0003282726,0.04953885,0,0,48329.3725

17,True,False,0.02,0.25,Rot0,2,0,-0.01366217,-0.0003282726,0.04953885,0,0,48344.6538

17,True,False,0.02,0.25,Rot0,2,0,-0.01366217,-0.0003282726,0.04953885,0,0,48368.0065

17,True,False,0.02,0.25,Rot0,2,0,-0.01366217,-0.0003282726,0.04953885,0,0,48394.557

17,True,False,0.02,0.25,Rot0,2,0,-0.01366217,-0.0003282726,0.04953885,0,0,48408.493

17,True,False,0.02,0.25,Rot0,2,0,-0.01366217,-0.0003282726,0.04953885,0,0,48422.5341

17,True,False,0.02,0.25,Rot0,2,0,-0.01366217,-0.0003282726,0.04953885,0,0,48436.1959

17,True,False,0.02,0.25,Rot0,2,0,-0.01366217,-0.0003282726,0.04953885,0,0,48449.6057

17,True,False,0.02,0.25,Rot0,2,0,-0.01366217,-0.0003282726,0.04953885,0,0,48462.6247

17,True,False,0.02,0.25,Rot0,2,0,-0.01366217,-0.0003282726,0.04953885,0,0,48476.422

17,True,False,0.02,0.25,Rot0,2,0,-0.01366217,-0.0003282726,0.04953885,0,0,48491.6906

17,True,False,0.02,0.25,Rot0,2,0,-0.01366217,-0.0003282726,0.04953885,0,0,48516.8513

17,True,False,0.02,0.25,Rot0,2,0,-0.01366217,-0.0003282726,0.04953885,0,0,48543.4377

17,True,False,0.02,0.25,Rot0,2,0,-0.01366217,-0.0003282726,0.04953885,0,0,48555.8512

17,True,False,0.02,0.25,Rot0,2,0,-0.01366217,-0.0003282726,0.04953885,0,0,48569.2822

17,True,False,0.02,0.25,Rot0,2,0,-0.01366217,-0.0003282726,0.04953885,0,0,48581.9516

17,True,False,0.02,0.25,Rot0,2,0,-0.01366217,-0.0003282726,0.04953885,0,0,48594.697

17,True,False,0.02,0.25,Rot0,2,0,-0.01366217,-0.0003282726,0.04953885,0,0,48609.5277

17,True,False,0.02,0.25,Rot0,2,0,-0.01366217,-0.0003282726,0.04953885,0,0,48636.2603

17,True,False,0.02,0.25,Rot0,2,0,-0.01366217,-0.0003282726,0.04953885,0,0,48661.5454

17,True,False,0.02,0.25,Rot0,2,0,-0.01366217,-0.0003282726,0.04953885,0,0,48675.1106

17,True,False,0.02,0.25,Rot0,2,0,-0.01366217,-0.0003282726,0.04953885,0,0,48688.9468

17,True,False,0.02,0.25,Rot0,2,0,-0.01366217,-0.0003282726,0.04953885,0,0,48702.7424

17,True,False,0.02,0.25,Rot0,2,0,-0.01366217,-0.0003282726,0.04953885,0,0,48716.2909

17,True,False,0.02,0.25,Rot0,2,0,-0.01366217,-0.0003282726,0.04953885,0,0,48732.121

17,True,False,0.02,0.25,Rot0,2,0,-0.01366217,-0.0003282726,0.04953885,0,0,48743.7315

17,True,False,0.02,0.25,Rot0,2,0,-0.01366217,-0.0003282726,0.04953885,0,0,48769.5517

17,True,False,0.02,0.25,Rot0,2,0,-0.01366217,-0.0003282726,0.04953885,0,0,48784.2273

17,True,False,0.02,0.25,Rot0,2,0,-0.01366217,-0.0003282726,0.04953885,0,0,48796.7434

17,True,False,0.02,0.25,Rot0,2,0,-0.01366217,-0.0003282726,0.04953885,0,0,48810.8764

17,True,False,0.02,0.25,Rot0,2,0,-0.01366217,-0.0003282726,0.04953885,0,0,48825.6194

17,True,False,0.02,0.25,Rot0,2,0,-0.01366217,-0.0003282726,0.04953885,0,0,48850.7076

17,True,False,0.02,0.25,Rot0,2,0,-0.01366217,-0.0003282726,0.04953885,0,0,48866.2704

17,True,False,0.02,0.25,Rot0,2,0,-0.01366217,-0.0003282726,0.04953885,0,0,48877.8084

17,True,False,0.02,0.25,Rot0,2,0,-0.01366217,-0.0003282726,0.04953885,0,0,48893.0059

17,True,False,0.02,0.25,Rot0,2,0,-0.01366217,-0.0003282726,0.04953885,0,0,48918.6155

17,True,False,0.02,0.25,Rot0,2,0,-0.01366217,-0.0003282726,0.04953885,0,0,48946.4364

17,True,False,0.02,0.25,Rot0,2,0,-0.01366217,-0.0003282726,0.04953885,0,0,48957.1822

17,True,False,0.02,0.25,Rot0,2,0,-0.01366217,-0.0003282726,0.04953885,0,0,48970.863

17,True,False,0.02,0.25,Rot0,2,0,-0.01366217,-0.0003282726,0.04953885,0,0,48984.0022

17,True,False,0.02,0.25,Rot0,2,0,-0.01366217,-0.0003282726,0.04953885,0,0,48997.1455

17,True,False,0.02,0.25,Rot0,2,0,-0.01366217,-0.0003282726,0.04953885,0,0,49024.0028

17,True,False,0.02,0.25,Rot0,2,0,-0.01366217,-0.0003282726,0.04953885,0,0,49037.0038

17,True,False,0.02,0.25,Rot0,2,0,-0.01366217,-0.0003282726,0.04953885,0,0,49050.6442

17,True,False,0.02,0.25,Rot0,2,0,-0.01366217,-0.0003282726,0.04953885,0,0,49064.0417

17,True,False,0.02,0.25,Rot0,2,0,-0.01366217,-0.0003282726,0.04953885,0,0,49077.9744

17,True,False,0.02,0.25,Rot0,2,0,-0.01366217,-0.0003282726,0.04953885,0,0,49092.703

17,True,False,0.02,0.25,Rot0,2,0,-0.01366217,-0.0003282726,0.04953885,0,0,49117.5883

17,True,False,0.02,0.25,Rot0,2,0,-0.01366217,-0.0003282726,0.04953885,0,0,49143.5968

17,True,False,0.02,0.25,Rot0,2,0,-0.01366217,-0.0003282726,0.04953885,0,0,49158.3341

17,True,False,0.02,0.25,Rot0,2,0,-0.01366217,-0.0003282726,0.04953885,0,0,49172.1558

17,True,False,0.02,0.25,Rot0,2,0,-0.01366217,-0.0003282726,0.04953885,0,0,49186.1159

17,True,False,0.02,0.25,Rot0,2,0,-0.01366217,-0.0003282726,0.04953885,0,0,49199.9738

17,True,False,0.02,0.25,Rot0,2,0,-0.01366217,-0.0003282726,0.04953885,0,0,49229.145

17,True,False,0.02,0.25,Rot0,2,0,-0.01366217,-0.0003282726,0.04953885,0,0,49243.4637

17,True,False,0.02,0.25,Rot0,2,0,-0.01366217,-0.0003282726,0.04953885,0,0,49267.5025

17,True,False,0.02,0.25,Rot0,2,0,-0.01366217,-0.0003282726,0.04953885,0,0,49295.1149

17,True,False,0.02,0.25,Rot0,2,0,-0.01366217,-0.0003282726,0.04953885,0,0,49320.7049

17,True,False,0.02,0.25,Rot0,2,0,-0.01366217,-0.0003282726,0.04953885,0,0,49346.6492

17,True,False,0.02,0.25,Rot0,2,0,-0.01366217,-0.0003282726,0.04953885,0,0,49372.7805

17,True,False,0.02,0.25,Rot0,2,0,-0.01366217,-0.0003282726,0.04953885,0,0,49399.5054

17,True,False,0.02,0.25,Rot0,2,0,-0.01366217,-0.0003282726,0.04953885,0,0,49426.4035

17,True,False,0.02,0.25,Rot0,2,0,-0.01366217,-0.0003282726,0.04953885,0,0,49440.8258

17,True,False,0.02,0.25,Rot0,2,0,-0.01366217,-0.0003282726,0.04953885,0,0,49453.2671

17,True,False,0.02,0.25,Rot0,2,0,-0.01366217,-0.0003282726,0.04953885,0,0,49480.0241

17,True,False,0.02,0.25,Rot0,2,0,-0.01366217,-0.0003282726,0.04953885,0,0,49493.536

17,True,False,0.02,0.25,Rot0,2,0,-0.01366217,-0.0003282726,0.04953885,0,0,49507.3259

17,True,False,0.02,0.25,Rot0,2,0,-0.01366217,-0.0003282726,0.04953885,0,0,49520.5297

17,True,False,0.02,0.25,Rot0,2,0,-0.01366217,-0.0003282726,0.04953885,0,0,49533.3595

17,True,False,0.02,0.25,Rot0,2,0,-0.01366217,-0.0003282726,0.04953885,0,0,49547.7075

17,True,False,0.02,0.25,Rot0,2,0,-0.01366217,-0.0003282726,0.04953885,0,0,49575.038

17,True,False,0.02,0.25,Rot0,2,0,-0.01366217,-0.0003282726,0.04953885,0,0,49589.2604

17,True,False,0.02,0.25,Rot0,2,0,-0.01366217,-0.0003282726,0.04953885,0,0,49602.9806

17,True,False,0.02,0.25,Rot0,2,0,-0.01366217,-0.0003282726,0.04953885,0,0,49617.1719

17,True,False,0.02,0.25,Rot0,2,0,-0.01366217,-0.0003282726,0.04953885,0,0,49631.4572

17,True,False,0.02,0.25,Rot0,2,0,-0.01366217,-0.0003282726,0.04953885,0,0,49645.0091

17,True,False,0.02,0.25,Rot0,2,0,-0.01366217,-0.0003282726,0.04953885,0,0,49659.7202

17,True,False,0.02,0.25,Rot0,2,0,-0.01366217,-0.0003282726,0.04953885,0,0,49684.9898

17,True,False,0.02,0.25,Rot0,2,0,-0.01366217,-0.0003282726,0.04953885,0,0,49712.377

17,True,False,0.02,0.25,Rot0,2,0,-0.01366217,-0.0003282726,0.04953885,0,0,49724.2584

17,True,False,0.02,0.25,Rot0,2,0,-0.01366217,-0.0003282726,0.04953885,0,0,49736.6397

17,True,False,0.02,0.25,Rot0,2,0,-0.01366217,-0.0003282726,0.04953885,0,0,49750.238

17,True,False,0.02,0.25,Rot0,2,0,-0.01366217,-0.0003282726,0.04953885,0,0,49763.1937

17,True,False,0.02,0.25,Rot0,2,0,-0.01366217,-0.0003282726,0.04953885,0,0,49775.8969

17,True,False,0.02,0.25,Rot0,2,0,-0.01366217,-0.0003282726,0.04953885,0,0,49802.1221

17,True,False,0.02,0.25,Rot0,2,0,-0.01366217,-0.0003282726,0.04953885,0,0,49827.8673

17,True,False,0.02,0.25,Rot0,2,0,-0.01366217,-0.0003282726,0.04953885,0,0,49841.4761

17,True,False,0.02,0.25,Rot0,2,0,-0.01366217,-0.0003282726,0.04953885,0,0,49855.0432

17,True,False,0.02,0.25,Rot0,2,0,-0.01366217,-0.0003282726,0.04953885,0,0,49867.9559

17,True,False,0.02,0.25,Rot0,2,0,-0.01366217,-0.0003282726,0.04953885,0,0,49881.4736

17,True,False,0.02,0.25,Rot0,2,0,-0.01366217,-0.0003282726,0.04953885,0,0,49895.4763

17,True,False,0.02,0.25,Rot0,2,0,-0.01366217,-0.0003282726,0.04953885,0,0,49909.7755

17,True,False,0.02,0.25,Rot0,2,0,-0.01366217,-0.0003282726,0.04953885,0,0,49935.7903

17,True,False,0.02,0.25,Rot0,2,0,-0.01366217,-0.0003282726,0.04953885,0,0,49950.3833

17,True,False,0.02,0.25,Rot0,2,0,-0.01366217,-0.0003282726,0.04953885,0,0,49962.5565

17,True,False,0.02,0.25,Rot0,2,0,-0.01366217,-0.0003282726,0.04953885,0,0,49979.4083

17,True,False,0.02,0.25,Rot0,2,0,-0.01366217,-0.0003282726,0.04953885,0,0,50004.2816

17,True,False,0.02,0.25,Rot0,2,0,-0.01366217,-0.0003282726,0.04953885,0,0,50019.5522

17,True,False,0.02,0.25,Rot0,2,0,-0.01366217,-0.0003282726,0.04953885,0,0,50030.8735

17,True,False,0.02,0.25,Rot0,2,0,-0.01366217,-0.0003282726,0.04953885,0,0,50043.6846

17,True,False,0.02,0.25,Rot0,2,0,-0.01366217,-0.0003282726,0.04953885,0,0,50060.379

17,True,False,0.02,0.25,Rot0,2,0,-0.01366217,-0.0003282726,0.04953885,0,0,50084.713

17,True,False,0.02,0.25,Rot0,2,0,-0.01366217,-0.0003282726,0.04953885,0,0,50098.8269

17,True,False,0.02,0.25,Rot0,2,0,-0.01366217,-0.0003282726,0.04953885,0,0,50110.1475

17,True,False,0.02,0.25,Rot0,2,0,-0.01366217,-0.0003282726,0.04953885,0,0,50136.0713

17,True,False,0.02,0.25,Rot0,2,0,-0.01366217,-0.0003282726,0.04953885,0,0,50161.9433

17,True,False,0.02,0.25,Rot0,2,0,-0.01366217,-0.0003282726,0.04953885,0,0,50175.4696

17,True,False,0.02,0.25,Rot0,2,0,-0.01366217,-0.0003282726,0.04953885,0,0,50189.1961

17,True,False,0.02,0.25,Rot0,2,0,-0.01366217,-0.0003282726,0.04953885,0,0,50203.3464

17,True,False,0.02,0.25,Rot0,2,0,-0.01366217,-0.0003282726,0.04953885,0,0,50216.415

17,True,False,0.02,0.25,Rot0,2,0,-0.01366217,-0.0003282726,0.04953885,0,0,50230.4025

17,True,False,0.02,0.25,Rot0,2,0,-0.01366217,-0.0003282726,0.04953885,0,0,50245.1544

17,True,False,0.02,0.25,Rot0,2,0,-0.01366217,-0.0003282726,0.04953885,0,0,50258.7867

17,True,False,0.02,0.25,Rot0,2,0,-0.01366217,-0.0003282726,0.04953885,0,0,50283.5552

17,True,False,0.02,0.25,Rot0,2,0,-0.01366217,-0.0003282726,0.04953885,0,0,50298.3639

17,True,False,0.02,0.25,Rot0,2,0,-0.01366217,-0.0003282726,0.04953885,0,0,50309.6389

17,True,False,0.02,0.25,Rot0,2,0,-0.01366217,-0.0003282726,0.04953885,0,0,50337.5637

17,True,False,0.02,0.25,Rot0,2,0,-0.01366217,-0.0003282726,0.04953885,0,0,50365.0212

17,True,False,0.02,0.25,Rot0,2,0,-0.01366217,-0.0003282726,0.04953885,0,0,50376.7257

17,True,False,0.02,0.25,Rot0,2,0,-0.01366217,-0.0003282726,0.04953885,0,0,50390.2411

17,True,False,0.02,0.25,Rot0,2,0,-0.01366217,-0.0003282726,0.04953885,0,0,50416.7249

17,True,False,0.02,0.25,Rot0,2,0,-0.01366217,-0.0003282726,0.04953885,0,0,50443.5826

17,True,False,0.02,0.25,Rot0,2,0,-0.01366217,-0.0003282726,0.04953885,0,0,50455.5742

17,True,False,0.02,0.25,Rot0,2,0,-0.01366217,-0.0003282726,0.04953885,0,0,50469.5548

17,True,False,0.02,0.25,Rot0,2,0,-0.01366217,-0.0003282726,0.04953885,0,0,50482.7509

17,True,False,0.02,0.25,Rot0,2,0,-0.01366217,-0.0003282726,0.04953885,0,0,50495.6093

17,True,False,0.02,0.25,Rot0,2,0,-0.01366217,-0.0003282726,0.04953885,0,0,50510.2776

17,True,False,0.02,0.25,Rot0,2,0,-0.01366217,-0.0003282726,0.04953885,0,0,50536.0488

17,True,False,0.02,0.25,Rot0,2,0,-0.01366217,-0.0003282726,0.04953885,0,0,50562.6072

17,True,False,0.02,0.25,Rot0,2,0,-0.01366217,-0.0003282726,0.04953885,0,0,50576.5483

17,True,False,0.02,0.25,Rot0,2,0,-0.01366217,-0.0003282726,0.04953885,0,0,50590.2205

17,True,False,0.02,0.25,Rot0,2,0,-0.01366217,-0.0003282726,0.04953885,0,0,50603.5462

17,True,False,0.02,0.25,Rot0,2,0,-0.01366217,-0.0003282726,0.04953885,0,0,50617.3162

17,True,False,0.02,0.25,Rot0,2,0,-0.01366217,-0.0003282726,0.04953885,0,0,50631.4173

17,True,False,0.02,0.25,Rot0,2,0,-0.01366217,-0.0003282726,0.04953885,0,0,50644.6471

17,True,False,0.02,0.25,Rot0,2,0,-0.01366217,-0.0003282726,0.04953885,0,0,50660.366

17,True,False,0.02,0.25,Rot0,2,0,-0.01366217,-0.0003282726,0.04953885,0,0,50684.9509

17,True,False,0.02,0.25,Rot0,2,0,-0.01366217,-0.0003282726,0.04953885,0,0,50701.3393

17,True,False,0.02,0.25,Rot0,2,0,-0.01366217,-0.0003282726,0.04953885,0,0,50712.7219

17,True,False,0.02,0.25,Rot0,2,0,-0.01366217,-0.0003282726,0.04953885,0,0,50726.8481

17,True,False,0.02,0.25,Rot0,2,0,-0.01366217,-0.0003282726,0.04953885,0,0,50743.0468

17,True,False,0.02,0.25,Rot0,2,0,-0.01366217,-0.0003282726,0.04953885,0,0,50766.7715

17,True,False,0.02,0.25,Rot0,2,0,-0.01366217,-0.0003282726,0.04953885,0,0,50782.72

17,True,False,0.02,0.25,Rot0,2,0,-0.01366217,-0.0003282726,0.04953885,0,0,50793.2992

17,True,False,0.02,0.25,Rot0,2,0,-0.01366217,-0.0003282726,0.04953885,0,0,50809.2905

17,True,False,0.02,0.25,Rot0,2,0,-0.01366217,-0.0003282726,0.04953885,0,0,50835.394

17,True,False,0.02,0.25,Rot0,2,0,-0.01366217,-0.0003282726,0.04953885,0,0,50862.0271

17,True,False,0.02,0.25,Rot0,2,0,-0.01366217,-0.0003282726,0.04953885,0,0,50874.24

17,True,False,0.02,0.25,Rot0,2,0,-0.01366217,-0.0003282726,0.04953885,0,0,50901.5928

17,True,False,0.02,0.25,Rot0,2,0,-0.01366217,-0.0003282726,0.04953885,0,0,50915.4252

17,True,False,0.02,0.25,Rot0,2,0,-0.01366217,-0.0003282726,0.04953885,0,0,50927.9881

17,True,False,0.02,0.25,Rot0,2,0,-0.01366217,-0.0003282726,0.04953885,0,0,50952.9889

17,True,False,0.02,0.25,Rot0,2,0,-0.01366217,-0.0003282726,0.04953885,0,0,50979.4286

17,True,False,0.02,0.25,Rot0,2,0,-0.01366217,-0.0003282726,0.04953885,0,0,50993.353

17,True,False,0.02,0.25,Rot0,2,0,-0.01366217,-0.0003282726,0.04953885,0,0,51007.1868

17,True,False,0.02,0.25,Rot0,2,0,-0.01366217,-0.0003282726,0.04953885,0,0,51020.9871

17,True,False,0.02,0.25,Rot0,2,0,-0.01366217,-0.0003282726,0.04953885,0,0,51033.4409

17,True,False,0.02,0.25,Rot0,2,0,-0.01366217,-0.0003282726,0.04953885,0,0,51047.9183

17,True,False,0.02,0.25,Rot0,2,0,-0.01366217,-0.0003282726,0.04953885,0,0,51075.2806

17,True,False,0.02,0.25,Rot0,2,0,-0.01366217,-0.0003282726,0.04953885,0,0,51089.3351

17,True,False,0.02,0.25,Rot0,2,0,-0.01366217,-0.0003282726,0.04953885,0,0,51101.4109

17,True,False,0.02,0.25,Rot0,2,0,-0.01366217,-0.0003282726,0.04953885,0,0,51113.8269

17,True,False,0.02,0.25,Rot0,2,0,-0.01366217,-0.0003282726,0.04953885,0,0,51141.4729

17,True,False,0.02,0.25,Rot0,2,0,-0.01366217,-0.0003282726,0.04953885,0,0,51156.1464

17,True,False,0.02,0.25,Rot0,2,0,-0.01366217,-0.0003282726,0.04953885,0,0,51168.8481

17,True,False,0.02,0.25,Rot0,2,0,-0.01366217,-0.0003282726,0.04953885,0,0,51182.1014

17,True,False,0.02,0.25,Rot0,2,0,-0.01366217,-0.0003282726,0.04953885,0,0,51195.7879

17,True,False,0.02,0.25,Rot0,2,0,-0.01366217,-0.0003282726,0.04953885,0,0,51221.5307

17,True,False,0.02,0.25,Rot0,2,0,-0.01366217,-0.0003282726,0.04953885,0,0,51237.9303

17,True,False,0.02,0.25,Rot0,2,0,-0.01366217,-0.0003282726,0.04953885,0,0,51249.2212

17,True,False,0.02,0.25,Rot0,2,0,-0.01366217,-0.0003282726,0.04953885,0,0,51262.7976

17,True,False,0.02,0.25,Rot0,2,0,-0.01366217,-0.0003282726,0.04953885,0,0,51288.8122

17,True,False,0.02,0.25,Rot0,2,0,-0.01366217,-0.0003282726,0.04953885,0,0,51314.1948

17,True,False,0.02,0.25,Rot0,2,0,-0.01366217,-0.0003282726,0.04953885,0,0,51327.9782

17,True,False,0.02,0.25,Rot0,2,0,-0.01366217,-0.0003282726,0.04953885,0,0,51341.959

17,True,False,0.02,0.25,Rot0,2,0,-0.01366217,-0.0003282726,0.04953885,0,0,51354.591

17,True,False,0.02,0.25,Rot0,2,0,-0.01366217,-0.0003282726,0.04953885,0,0,51369.3676

17,True,False,0.02,0.25,Rot0,2,0,-0.01366217,-0.0003282726,0.04953885,0,0,51382.6345

17,True,False,0.02,0.25,Rot0,2,0,-0.01366217,-0.0003282726,0.04953885,0,0,51395.1292

17,True,False,0.02,0.25,Rot0,2,0,-0.01366217,-0.0003282726,0.04953885,0,0,51422.2477

17,True,False,0.02,0.25,Rot0,2,0,-0.01366217,-0.0003282726,0.04953885,0,0,51436.8724

17,True,False,0.02,0.25,Rot0,2,0,-0.01366217,-0.0003282726,0.04953885,0,0,51463.8144

17,True,False,0.02,0.25,Rot0,2,0,-0.01366217,-0.0003282726,0.04953885,0,0,51492.4935

17,True,False,0.02,0.25,Rot0,2,0,-0.01366217,-0.0003282726,0.04953885,0,0,51505.6592

17,True,False,0.02,0.25,Rot0,2,0,-0.01366217,-0.0003282726,0.04953885,0,0,51517.8868

17,True,False,0.02,0.25,Rot0,2,0,-0.01366217,-0.0003282726,0.04953885,0,0,51531.696

17,True,False,0.02,0.25,Rot0,2,0,-0.01366217,-0.0003282726,0.04953885,0,0,51559.1724

17,True,False,0.02,0.25,Rot0,2,0,-0.01366217,-0.0003282726,0.04953885,0,0,51569.9702

17,True,False,0.02,0.25,Rot0,2,0,-0.01366217,-0.0003282726,0.04953885,0,0,51583.6307

17,True,False,0.02,0.25,Rot0,2,0,-0.01366217,-0.0003282726,0.04953885,0,0,51599.7828

17,True,False,0.02,0.25,Rot0,2,0,-0.01366217,-0.0003282726,0.04953885,0,0,51610.9304

17,True,False,0.02,0.25,Rot0,2,0,-0.01366217,-0.0003282726,0.04953885,0,0,51638.7951

17,True,False,0.02,0.25,Rot0,2,0,-0.01366217,-0.0003282726,0.04953885,0,0,51655.0359

17,True,False,0.02,0.25,Rot0,2,0,-0.01366217,-0.0003282726,0.04953885,0,0,51666.1748

17,True,False,0.02,0.25,Rot0,2,0,-0.01366217,-0.0003282726,0.04953885,0,0,51679.8728

17,True,False,0.02,0.25,Rot0,2,0,-0.01366217,-0.0003282726,0.04953885,0,0,51707.6828

17,True,False,0.02,0.25,Rot0,2,0,-0.01366217,-0.0003282726,0.04953885,0,0,51732.8803

17,True,False,0.02,0.25,Rot0,2,0,-0.01366217,-0.0003282726,0.04953885,0,0,51746.5474

17,True,False,0.02,0.25,Rot0,2,0,-0.01366217,-0.0003282726,0.04953885,0,0,51760.1076

17,True,False,0.02,0.25,Rot0,2,0,-0.01366217,-0.0003282726,0.04953885,0,0,51773.1099

17,True,False,0.02,0.25,Rot0,2,0,-0.01366217,-0.0003282726,0.04953885,0,0,51787.3718

17,True,False,0.02,0.25,Rot0,2,0,-0.01366217,-0.0003282726,0.04953885,0,0,51800.9094

17,True,False,0.02,0.25,Rot0,2,0,-0.01366217,-0.0003282726,0.04953885,0,0,51814.2703

17,True,False,0.02,0.25,Rot0,2,0,-0.01366217,-0.0003282726,0.04953885,0,0,51827.8122

17,True,False,0.02,0.25,Rot0,2,0,-0.01366217,-0.0003282726,0.04953885,0,0,51855.0825

17,True,False,0.02,0.25,Rot0,2,0,-0.01366217,-0.0003282726,0.04953885,0,0,51880.7358

17,True,False,0.02,0.25,Rot0,2,0,-0.01366217,-0.0003282726,0.04953885,0,0,51895.2638

17,True,False,0.02,0.25,Rot0,2,0,-0.01366217,-0.0003282726,0.04953885,0,0,51908.9323

17,True,False,0.02,0.25,Rot0,2,0,-0.01366217,-0.0003282726,0.04953885,0,0,51922.9123

17,True,False,0.02,0.25,Rot0,2,0,-0.01366217,-0.0003282726,0.04953885,0,0,51936.3949

17,True,False,0.02,0.25,Rot0,2,0,-0.01366217,-0.0003282726,0.04953885,0,0,51951.2004

17,True,False,0.02,0.25,Rot0,2,0,-0.01366217,-0.0003282726,0.04953885,0,0,51977.688

17,True,False,0.02,0.25,Rot0,2,0,-0.01366217,-0.0003282726,0.04953885,0,0,51991.6336

17,True,False,0.02,0.25,Rot0,2,0,-0.01366217,-0.0003282726,0.04953885,0,0,52004.7063

17,True,False,0.02,0.25,Rot0,2,0,-0.01366217,-0.0003282726,0.04953885,0,0,52016.6749

17,True,False,0.02,0.25,Rot0,2,0,-0.01366217,-0.0003282726,0.04953885,0,0,52030.9924

17,True,False,0.02,0.25,Rot0,2,0,-0.01366217,-0.0003282726,0.04953885,0,0,52045.0476

17,True,False,0.02,0.25,Rot0,2,0,-0.01366217,-0.0003282726,0.04953885,0,0,52071.475

17,True,False,0.02,0.25,Rot0,2,0,-0.01366217,-0.0003282726,0.04953885,0,0,52099.1293

17,True,False,0.02,0.25,Rot0,2,0,-0.01366217,-0.0003282726,0.04953885,0,0,52111.3025

17,True,False,0.02,0.25,Rot0,2,0,-0.01366217,-0.0003282726,0.04953885,0,0,52124.7994

17,True,False,0.02,0.25,Rot0,2,0,-0.01366217,-0.0003282726,0.04953885,0,0,52137.1912

17,True,False,0.02,0.25,Rot0,2,0,-0.01366217,-0.0003282726,0.04953885,0,0,52150.8504

17,True,False,0.02,0.25,Rot0,2,0,-0.01366217,-0.0003282726,0.04953885,0,0,52163.4781

17,True,False,0.02,0.25,Rot0,2,0,-0.01366217,-0.0003282726,0.04953885,0,0,52178.4008

17,True,False,0.02,0.25,Rot0,2,0,-0.01366217,-0.0003282726,0.04953885,0,0,52204.5617

17,True,False,0.02,0.25,Rot0,2,0,-0.01366217,-0.0003282726,0.04953885,0,0,52218.0813

17,True,False,0.02,0.25,Rot0,2,0,-0.01366217,-0.0003282726,0.04953885,0,0,52230.5204

17,True,False,0.02,0.25,Rot0,2,0,-0.01366217,-0.0003282726,0.04953885,0,0,52257.7138

17,True,False,0.02,0.25,Rot0,2,0,-0.01366217,-0.0003282726,0.04953885,0,0,52283.6594

17,True,False,0.02,0.25,Rot0,2,0,-0.01366217,-0.0003282726,0.04953885,0,0,52297.7976

17,True,False,0.02,0.25,Rot0,2,0,-0.01366217,-0.0003282726,0.04953885,0,0,52310.3578

17,True,False,0.02,0.25,Rot0,2,0,-0.01366217,-0.0003282726,0.04953885,0,0,52323.5218

17,True,False,0.02,0.25,Rot0,2,0,-0.01366217,-0.0003282726,0.04953885,0,0,52335.9799

17,True,False,0.02,0.25,Rot0,2,0,-0.01366217,-0.0003282726,0.04953885,0,0,52348.8506

17,True,False,0.02,0.25,Rot0,2,0,-0.01366217,-0.0003282726,0.04953885,0,0,52364.8465

17,True,False,0.02,0.25,Rot0,2,0,-0.01366217,-0.0003282726,0.04953885,0,0,52378.2115

17,True,False,0.02,0.25,Rot0,2,0,-0.01366217,-0.0003282726,0.04953885,0,0,52403.2112

17,True,False,0.02,0.25,Rot0,2,0,-0.01366217,-0.0003282726,0.04953885,0,0,52431.3624

17,True,False,0.02,0.25,Rot0,2,0,-0.01366217,-0.0003282726,0.04953885,0,0,52443.5958

17,True,False,0.02,0.25,Rot0,2,0,-0.01366217,-0.0003282726,0.04953885,0,0,52456.8595

17,True,False,0.02,0.25,Rot0,2,0,-0.01366217,-0.0003282726,0.04953885,0,0,52470.2926

17,True,False,0.02,0.25,Rot0,2,0,-0.01366217,-0.0003282726,0.04953885,0,0,52483.7956

17,True,False,0.02,0.25,Rot0,2,0,-0.01366217,-0.0003282726,0.04953885,0,0,52498.1879

17,True,False,0.02,0.25,Rot0,2,0,-0.01366217,-0.0003282726,0.04953885,0,0,52522.761

17,True,False,0.02,0.25,Rot0,2,0,-0.01366217,-0.0003282726,0.04953885,0,0,52550.8494

17,True,False,0.02,0.25,Rot0,2,0,-0.01366217,-0.0003282726,0.04953885,0,0,52575.2855

17,True,False,0.02,0.25,Rot0,2,0,-0.01366217,-0.0003282726,0.04953885,0,0,52589.2845

17,True,False,0.02,0.25,Rot0,2,0,-0.01366217,-0.0003282726,0.04953885,0,0,52603.1055

17,True,False,0.02,0.25,Rot0,2,0,-0.01366217,-0.0003282726,0.04953885,0,0,52616.7972

17,True,False,0.02,0.25,Rot0,2,0,-0.01366217,-0.0003282726,0.04953885,0,0,52632.6325

17,True,False,0.02,0.25,Rot0,2,0,-0.01366217,-0.0003282726,0.04953885,0,0,52645.829

17,True,False,0.02,0.25,Rot0,2,0,-0.01366217,-0.0003282726,0.04953885,0,0,52671.6334

17,True,False,0.02,0.25,Rot0,2,0,-0.01366217,-0.0003282726,0.04953885,0,0,52687.4106

17,True,False,0.02,0.25,Rot0,2,0,-0.01366217,-0.0003282726,0.04953885,0,0,52699.2528

17,True,False,0.02,0.25,Rot0,2,0,-0.01366217,-0.0003282726,0.04953885,0,0,52712.3188

17,True,False,0.02,0.25,Rot0,2,0,-0.01366217,-0.0003282726,0.04953885,0,0,52740.3511

17,True,False,0.02,0.25,Rot0,2,0,-0.01366217,-0.0003282726,0.04953885,0,0,52767.981

17,True,False,0.02,0.25,Rot0,2,0,-0.01366217,-0.0003282726,0.04953885,0,0,52779.4282

17,True,False,0.02,0.25,Rot0,2,0,-0.01366217,-0.0003282726,0.04953885,0,0,52791.9818

17,True,False,0.02,0.25,Rot0,2,0,-0.01366217,-0.0003282726,0.04953885,0,0,52805.6843

17,True,False,0.02,0.25,Rot0,2,0,-0.01366217,-0.0003282726,0.04953885,0,0,52818.0401

17,True,False,0.02,0.25,Rot0,2,0,-0.01366217,-0.0003282726,0.04953885,0,0,52831.8909

17,True,False,0.02,0.25,Rot0,2,0,-0.01366217,-0.0003282726,0.04953885,0,0,52857.4939

17,True,False,0.02,0.25,Rot0,2,0,-0.01366217,-0.0003282726,0.04953885,0,0,52870.724

17,True,False,0.02,0.25,Rot0,2,0,-0.01366217,-0.0003282726,0.04953885,0,0,52884.1943

17,True,False,0.02,0.25,Rot0,2,0,-0.01366217,-0.0003282726,0.04953885,0,0,52897.6207

17,True,False,0.02,0.25,Rot0,2,0,-0.01366217,-0.0003282726,0.04953885,0,0,52911.5512

17,True,False,0.02,0.25,Rot0,2,0,-0.01366217,-0.0003282726,0.04953885,0,0,52937.4279

17,True,False,0.02,0.25,Rot0,2,0,-0.01366217,-0.0003282726,0.04953885,0,0,52963.8275

17,True,False,0.02,0.25,Rot0,2,0,-0.01366217,-0.0003282726,0.04953885,0,0,52977.7911

17,True,False,0.02,0.25,Rot0,2,0,-0.01366217,-0.0003282726,0.04953885,0,0,52992.3504

17,True,False,0.02,0.25,Rot0,2,0,-0.01366217,-0.0003282726,0.04953885,0,0,53006.4809

17,True,False,0.02,0.25,Rot0,2,0,-0.01366217,-0.0003282726,0.04953885,0,0,53019.9616

17,True,False,0.02,0.25,Rot0,2,0,-0.01366217,-0.0003282726,0.04953885,0,0,53032.4197

17,True,False,0.02,0.25,Rot0,2,0,-0.01366217,-0.0003282726,0.04953885,0,0,53048.4578

17,True,False,0.02,0.25,Rot0,2,0,-0.01366217,-0.0003282726,0.04953885,0,0,53073.6969

17,True,False,0.02,0.25,Rot0,2,0,-0.01366217,-0.0003282726,0.04953885,0,0,53088.6661

17,True,False,0.02,0.25,Rot0,2,0,-0.01366217,-0.0003282726,0.04953885,0,0,53101.3026

17,True,False,0.02,0.25,Rot0,2,0,-0.01366217,-0.0003282726,0.04953885,0,0,53114.6584

17,True,False,0.02,0.25,Rot0,2,0,-0.01366217,-0.0003282726,0.04953885,0,0,53130.0419

17,True,False,0.02,0.25,Rot0,2,0,-0.01366217,-0.0003282726,0.04953885,0,0,53155.4318

17,True,False,0.02,0.25,Rot0,2,0,-0.01366217,-0.0003282726,0.04953885,0,0,53183.2082

17,True,False,0.02,0.25,Rot0,2,0,-0.01366217,-0.0003282726,0.04953885,0,0,53195.7861

17,True,False,0.02,0.25,Rot0,2,0,-0.01366217,-0.0003282726,0.04953885,0,0,53208.768

17,True,False,0.02,0.25,Rot0,2,0,-0.01366217,-0.0003282726,0.04953885,0,0,53221.5867

17,True,False,0.02,0.25,Rot0,2,0,-0.01366217,-0.0003282726,0.04953885,0,0,53234.1005

17,True,False,0.02,0.25,Rot0,2,0,-0.01366217,-0.0003282726,0.04953885,0,0,53247.5464

17,True,False,0.02,0.25,Rot0,2,0,-0.01366217,-0.0003282726,0.04953885,0,0,53274.0135

17,True,False,0.02,0.25,Rot0,2,0,-0.01366217,-0.0003282726,0.04953885,0,0,53289.0378

17,True,False,0.02,0.25,Rot0,2,0,-0.01366217,-0.0003282726,0.04953885,0,0,53300.0583

17,True,False,0.02,0.25,Rot0,2,0,-0.01366217,-0.0003282726,0.04953885,0,0,53313.3853

17,True,False,0.02,0.25,Rot0,2,0,-0.01366217,-0.0003282726,0.04953885,0,0,53340.5988

17,True,False,0.02,0.25,Rot0,2,0,-0.01366217,-0.0003282726,0.04953885,0,0,53354.0729

17,True,False,0.02,0.25,Rot0,2,0,-0.01366217,-0.0003282726,0.04953885,0,0,53368.0165

17,True,False,0.02,0.25,Rot0,2,0,-0.01366217,-0.0003282726,0.04953885,0,0,53381.2129

17,True,False,0.02,0.25,Rot0,2,0,-0.01366217,-0.0003282726,0.04953885,0,0,53395.0949

17,True,False,0.02,0.25,Rot0,2,0,-0.01366217,-0.0003282726,0.04953885,0,0,53421.832

17,True,False,0.02,0.25,Rot0,2,0,-0.01366217,-0.0003282726,0.04953885,0,0,53436.1424

17,True,False,0.02,0.25,Rot0,2,0,-0.01366217,-0.0003282726,0.04953885,0,0,53447.7609

17,True,False,0.02,0.25,Rot0,2,0,-0.01366217,-0.0003282726,0.04953885,0,0,53462.1577

17,True,False,0.02,0.25,Rot0,2,0,-0.01366217,-0.0003282726,0.04953885,0,0,53489.3229

17,True,False,0.02,0.25,Rot0,2,0,-0.01366217,-0.0003282726,0.04953885,0,0,53516.768

17,True,False,0.02,0.25,Rot0,2,0,-0.01366217,-0.0003282726,0.04953885,0,0,53528.8412

17,True,False,0.02,0.25,Rot0,2,0,-0.01366217,-0.0003282726,0.04953885,0,0,53542.0885

17,True,False,0.02,0.25,Rot0,2,0,-0.01366217,-0.0003282726,0.04953885,0,0,53554.7681

17,True,False,0.02,0.25,Rot0,2,0,-0.01366217,-0.0003282726,0.04953885,0,0,53568.3824

17,True,False,0.02,0.25,Rot0,2,0,-0.01366217,-0.0003282726,0.04953885,0,0,53581.4386

17,True,False,0.02,0.25,Rot0,2,0,-0.01366217,-0.0003282726,0.04953885,0,0,53608.4861

17,True,False,0.02,0.25,Rot0,2,0,-0.01366217,-0.0003282726,0.04953885,0,0,53635.517

17,True,False,0.02,0.25,Rot0,2,0,-0.01366217,-0.0003282726,0.04953885,0,0,53648.52

17,True,False,0.02,0.25,Rot0,2,0,-0.01366217,-0.0003282726,0.04953885,0,0,53662.3451

17,True,False,0.02,0.25,Rot0,2,0,-0.01366217,-0.0003282726,0.04953885,0,0,53675.6082

17,True,False,0.02,0.25,Rot0,2,0,-0.01366217,-0.0003282726,0.04953885,0,0,53689.8293

17,True,False,0.02,0.25,Rot0,2,0,-0.01366217,-0.0003282726,0.04953885,0,0,53702.4955

17,True,False,0.02,0.25,Rot0,2,0,-0.01366217,-0.0003282726,0.04953885,0,0,53716.2046

17,True,False,0.02,0.25,Rot0,2,0,-0.01366217,-0.0003282726,0.04953885,0,0,53731.0103

17,True,False,0.02,0.25,Rot0,2,0,-0.01366217,-0.0003282726,0.04953885,0,0,53744.4728

17,True,False,0.02,0.25,Rot0,2,0,-0.01366217,-0.0003282726,0.04953885,0,0,53770.2427

17,True,False,0.02,0.25,Rot0,2,0,-0.01366217,-0.0003282726,0.04953885,0,0,53797.3415

17,True,False,0.02,0.25,Rot0,2,0,-0.01366217,-0.0003282726,0.04953885,0,0,53811.4961

17,True,False,0.02,0.25,Rot0,2,0,-0.01366217,-0.0003282726,0.04953885,0,0,53825.3372

17,True,False,0.02,0.25,Rot0,2,0,-0.01366217,-0.0003282726,0.04953885,0,0,53839.2593

17,True,False,0.02,0.25,Rot0,2,0,-0.01366217,-0.0003282726,0.04953885,0,0,53853.7263

17,True,False,0.02,0.25,Rot0,2,0,-0.01366217,-0.0003282726,0.04953885,0,0,53866.6215

17,True,False,0.02,0.25,Rot0,2,0,-0.01366217,-0.0003282726,0.04953885,0,0,53881.0884

17,True,False,0.02,0.25,Rot0,2,0,-0.01366217,-0.0003282726,0.04953885,0,0,53907.4286

17,True,False,0.02,0.25,Rot0,2,0,-0.01366217,-0.0003282726,0.04953885,0,0,53935.444

17,True,False,0.02,0.25,Rot0,2,0,-0.01366217,-0.0003282726,0.04953885,0,0,53949.9262

17,True,False,0.02,0.25,Rot0,2,0,-0.01366217,-0.0003282726,0.04953885,0,0,53964.1815

17,True,False,0.02,0.25,Rot0,2,0,-0.01366217,-0.0003282726,0.04953885,0,0,53978.2415

17,True,False,0.02,0.25,Rot0,2,0,-0.01366217,-0.0003282726,0.04953885,0,0,53992.6579

17,True,False,0.02,0.25,Rot0,2,0,-0.01366217,-0.0003282726,0.04953885,0,0,54006.3306

17,True,False,0.02,0.25,Rot0,2,0,-0.01366217,-0.0003282726,0.04953885,0,0,54020.7157

17,True,False,0.02,0.25,Rot0,2,0,-0.01366217,-0.0003282726,0.04953885,0,0,54033.7856

17,True,False,0.02,0.25,Rot0,2,0,-0.01366217,-0.0003282726,0.04953885,0,0,54048.3557

17,True,False,0.02,0.25,Rot0,2,0,-0.01366217,-0.0003282726,0.04953885,0,0,54074.2023

17,True,False,0.02,0.25,Rot0,2,0,-0.01366217,-0.0003282726,0.04953885,0,0,54086.4787

17,True,False,0.02,0.25,Rot0,2,0,-0.01366217,-0.0003282726,0.04953885,0,0,54099.2191

17,True,False,0.02,0.25,Rot0,2,0,-0.01366217,-0.0003282726,0.04953885,0,0,54112.7718

17,True,False,0.02,0.25,Rot0,2,0,-0.01366217,-0.0003282726,0.04953885,0,0,54126.7836

17,True,False,0.02,0.25,Rot0,2,0,-0.01366217,-0.0003282726,0.04953885,0,0,54153.6982

17,True,False,0.02,0.25,Rot0,2,0,-0.01366217,-0.0003282726,0.04953885,0,0,54180.9302

17,True,False,0.02,0.25,Rot0,2,0,-0.01366217,-0.0003282726,0.04953885,0,0,54193.808

17,True,False,0.02,0.25,Rot0,2,0,-0.01366217,-0.0003282726,0.04953885,0,0,54206.9735

17,True,False,0.02,0.25,Rot0,2,0,-0.01366217,-0.0003282726,0.04953885,0,0,54245.9086

17,True,False,0.02,0.25,Rot0,2,0,-0.01366217,-0.0003282726,0.04953885,0,0,54260.8347

17,True,False,0.02,0.25,Rot0,2,0,-0.01366217,-0.0003282726,0.04953885,0,0,54271.7487

17,True,False,0.02,0.25,Rot0,2,0,-0.01366217,-0.0003282726,0.04953885,0,0,54285.6219

17,True,False,0.02,0.25,Rot0,2,0,-0.01366217,-0.0003282726,0.04953885,0,0,54312.3282

17,True,False,0.02,0.25,Rot0,2,0,-0.01366217,-0.0003282726,0.04953885,0,0,54327.4414

17,True,False,0.02,0.25,Rot0,2,0,-0.01366217,-0.0003282726,0.04953885,0,0,54339.3112

17,True,False,0.02,0.25,Rot0,2,0,-0.01366217,-0.0003282726,0.04953885,0,0,54352.6337

17,True,False,0.02,0.25,Rot0,2,0,-0.01366217,-0.0003282726,0.04953885,0,0,54368.2595

17,True,False,0.02,0.25,Rot0,2,0,-0.01366217,-0.0003282726,0.04953885,0,0,54393.2508

17,True,False,0.02,0.25,Rot0,2,0,-0.01366217,-0.0003282726,0.04953885,0,0,54408.7354

17,True,False,0.02,0.25,Rot0,2,0,-0.01366217,-0.0003282726,0.04953885,0,0,54421.1598

17,True,False,0.02,0.25,Rot0,2,0,-0.01366217,-0.0003282726,0.04953885,0,0,54436.4487

17,True,False,0.02,0.25,Rot0,2,0,-0.01366217,-0.0003282726,0.04953885,0,0,54449.2809

17,True,False,0.02,0.25,Rot0,2,0,-0.01366217,-0.0003282726,0.04953885,0,0,54474.4962

17,True,False,0.02,0.25,Rot0,2,0,-0.01366217,-0.0003282726,0.04953885,0,0,54501.9123

17,True,False,0.02,0.25,Rot0,2,0,-0.01366217,-0.0003282726,0.04953885,0,0,54514.3225

17,True,False,0.02,0.25,Rot0,2,0,-0.01366217,-0.0003282726,0.04953885,0,0,54527.6113

17,True,False,0.02,0.25,Rot0,2,0,-0.01366217,-0.0003282726,0.04953885,0,0,54540.8292

17,True,False,0.02,0.25,Rot0,2,0,-0.01366217,-0.0003282726,0.04953885,0,0,54553.4308

17,True,False,0.02,0.25,Rot0,2,0,-0.01366217,-0.0003282726,0.04953885,0,0,54567.6215

17,True,False,0.02,0.25,Rot0,2,0,-0.01366217,-0.0003282726,0.04953885,0,0,54592.8003

17,True,False,0.02,0.25,Rot0,2,0,-0.01366217,-0.0003282726,0.04953885,0,0,54618.7303

17,True,False,0.02,0.25,Rot0,2,0,-0.01366217,-0.0003282726,0.04953885,0,0,54632.5913

17,True,False,0.02,0.25,Rot0,2,0,-0.01366217,-0.0003282726,0.04953885,0,0,54646.1607

17,True,False,0.02,0.25,Rot0,2,0,-0.01366217,-0.0003282726,0.04953885,0,0,54659.6462

17,True,False,0.02,0.25,Rot0,2,0,-0.01366217,-0.0003282726,0.04953885,0,0,54673.4265

17,True,False,0.02,0.25,Rot0,2,0,-0.01366217,-0.0003282726,0.04953885,0,0,54688.4665

17,True,False,0.02,0.25,Rot0,2,0,-0.01366217,-0.0003282726,0.04953885,0,0,54713.4027

17,True,False,0.02,0.25,Rot0,2,0,-0.01366217,-0.0003282726,0.04953885,0,0,54741.9681

17,True,False,0.02,0.25,Rot0,2,0,-0.01366217,-0.0003282726,0.04953885,0,0,54755.8025

17,True,False,0.02,0.25,Rot0,2,0,-0.01366217,-0.0003282726,0.04953885,0,0,54769.9416

17,True,False,0.02,0.25,Rot0,2,0,-0.01366217,-0.0003282726,0.04953885,0,0,54783.9835

17,True,False,0.02,0.25,Rot0,2,0,-0.01366217,-0.0003282726,0.04953885,0,0,54797.2595

17,True,False,0.02,0.25,Rot0,2,0,-0.01366217,-0.0003282726,0.04953885,0,0,54810.8472

17,True,False,0.02,0.25,Rot0,2,0,-0.01366217,-0.0003282726,0.04953885,0,0,54824.9213

17,True,False,0.02,0.25,Rot0,2,0,-0.01366217,-0.0003282726,0.04953885,0,0,54839.9201

17,True,False,0.02,0.25,Rot0,2,0,-0.01366217,-0.0003282726,0.04953885,0,0,54851.8407

17,True,False,0.02,0.25,Rot0,2,0,-0.01366217,-0.0003282726,0.04953885,0,0,54878.2767

17,True,False,0.02,0.25,Rot0,2,0,-0.01366217,-0.0003282726,0.04953885,0,0,54893.7504

17,True,False,0.02,0.25,Rot0,2,0,-0.01366217,-0.0003282726,0.04953885,0,0,54905.9526

17,True,False,0.02,0.25,Rot0,2,0,-0.01366217,-0.0003282726,0.04953885,0,0,54920.7751

17,True,False,0.02,0.25,Rot0,2,0,-0.01366217,-0.0003282726,0.04953885,0,0,54934.2071

17,True,False,0.02,0.25,Rot0,2,0,-0.01366217,-0.0003282726,0.04953885,0,0,54961.0417

17,True,False,0.02,0.25,Rot0,2,0,-0.01366217,-0.0003282726,0.04953885,0,0,54988.1278

17,True,False,0.02,0.25,Rot0,2,0,-0.01366217,-0.0003282726,0.04953885,0,0,55000.1859

17,True,False,0.02,0.25,Rot0,2,0,-0.01366217,-0.0003282726,0.04953885,0,0,55012.9164

17,True,False,0.02,0.25,Rot0,2,0,-0.01366217,-0.0003282726,0.04953885,0,0,55026.5154

17,True,False,0.02,0.25,Rot0,2,0,-0.01366217,-0.0003282726,0.04953885,0,0,55040.0367

17,True,False,0.02,0.25,Rot0,2,0,-0.01366217,-0.0003282726,0.04953885,0,0,55052.4223

17,True,False,0.02,0.25,Rot0,2,0,-0.01366217,-0.0003282726,0.04953885,0,0,55078.9294

17,True,False,0.02,0.25,Rot0,2,0,-0.01366217,-0.0003282726,0.04953885,0,0,55093.0417

17,True,False,0.02,0.25,Rot0,2,0,-0.01366217,-0.0003282726,0.04953885,0,0,55105.815

17,True,False,0.02,0.25,Rot0,2,0,-0.01366217,-0.0003282726,0.04953885,0,0,55118.963

17,True,False,0.02,0.25,Rot0,2,0,-0.01366217,-0.0003282726,0.04953885,0,0,55134.1247

17,True,False,0.02,0.25,Rot0,2,0,-0.01366217,-0.0003282726,0.04953885,0,0,55158.9903

17,True,False,0.02,0.25,Rot0,2,0,-0.01366217,-0.0003282726,0.04953885,0,0,55185.8847

17,True,False,0.02,0.25,Rot0,2,0,-0.01366217,-0.0003282726,0.04953885,0,0,55200.027

17,True,False,0.02,0.25,Rot0,2,0,-0.01366217,-0.0003282726,0.04953885,0,0,55213.8098

17,True,False,0.02,0.25,Rot0,2,0,-0.01366217,-0.0003282726,0.04953885,0,0,55227.8003

17,True,False,0.02,0.25,Rot0,2,0,-0.01366217,-0.0003282726,0.04953885,0,0,55241.7844

17,True,False,0.02,0.25,Rot0,2,0,-0.01366217,-0.0003282726,0.04953885,0,0,55255.8006

17,True,False,0.02,0.25,Rot0,2,0,-0.01366217,-0.0003282726,0.04953885,0,0,55268.9246

17,True,False,0.02,0.25,Rot0,2,0,-0.01366217,-0.0003282726,0.04953885,0,0,55295.8208

17,True,False,0.02,0.25,Rot0,2,0,-0.01366217,-0.0003282726,0.04953885,0,0,55310.0441

17,True,False,0.02,0.25,Rot0,2,0,-0.01366217,-0.0003282726,0.04953885,0,0,55322.3792

17,True,False,0.02,0.25,Rot0,2,0,-0.01366217,-0.0003282726,0.04953885,0,0,55337.2787

17,True,False,0.02,0.25,Rot0,2,0,-0.01366217,-0.0003282726,0.04953885,0,0,55352.8756

17,True,False,0.02,0.25,Rot0,2,0,-0.01366217,-0.0003282726,0.04953885,0,0,55377.6141

17,True,False,0.02,0.25,Rot0,2,0,-0.01366217,-0.0003282726,0.04953885,0,0,55404.8535

17,True,False,0.02,0.25,Rot0,2,0,-0.01366217,-0.0003282726,0.04953885,0,0,55417.1755

17,True,False,0.02,0.25,Rot0,2,0,-0.01366217,-0.0003282726,0.04953885,0,0,55430.4696

17,True,False,0.02,0.25,Rot0,2,0,-0.01366217,-0.0003282726,0.04953885,0,0,55443.7545

17,True,False,0.02,0.25,Rot0,2,0,-0.01366217,-0.0003282726,0.04953885,0,0,55456.6421

17,True,False,0.02,0.25,Rot0,2,0,-0.01366217,-0.0003282726,0.04953885,0,0,55471.2343

17,True,False,0.02,0.25,Rot0,2,0,-0.01366217,-0.0003282726,0.04953885,0,0,55496.9697

17,True,False,0.02,0.25,Rot0,2,0,-0.01366217,-0.0003282726,0.04953885,0,0,55522.6434

17,True,False,0.02,0.25,Rot0,2,0,-0.01366217,-0.0003282726,0.04953885,0,0,55536.2102

17,True,False,0.02,0.25,Rot0,2,0,-0.01366217,-0.0003282726,0.04953885,0,0,55550.0635

17,True,False,0.02,0.25,Rot0,2,0,-0.01366217,-0.0003282726,0.04953885,0,0,55563.6262

17,True,False,0.02,0.25,Rot0,2,0,-0.01366217,-0.0003282726,0.04953885,0,0,55576.8274

17,True,False,0.02,0.25,Rot0,2,0,-0.01366217,-0.0003282726,0.04953885,0,0,55591.3038

17,True,False,0.02,0.25,Rot0,2,0,-0.01366217,-0.0003282726,0.04953885,0,0,55606.5858

17,True,False,0.02,0.25,Rot0,2,0,-0.01366217,-0.0003282726,0.04953885,0,0,55618.2973

17,True,False,0.02,0.25,Rot0,2,0,-0.01366217,-0.0003282726,0.04953885,0,0,55644.5854

17,True,False,0.02,0.25,Rot0,2,0,-0.01366217,-0.0003282726,0.04953885,0,0,55659.0247

17,True,False,0.02,0.25,Rot0,2,0,-0.01366217,-0.0003282726,0.04953885,0,0,55672.2466

17,True,False,0.02,0.25,Rot0,2,0,-0.01366217,-0.0003282726,0.04953885,0,0,55685.9763

17,True,False,0.02,0.25,Rot0,2,0,-0.01366217,-0.0003282726,0.04953885,0,0,55701.1451

17,True,False,0.02,0.25,Rot0,2,0,-0.01366217,-0.0003282726,0.04953885,0,0,55726.5513

17,True,False,0.02,0.25,Rot0,2,0,-0.01366217,-0.0003282726,0.04953885,0,0,55742.6281

17,True,False,0.02,0.25,Rot0,2,0,-0.01366217,-0.0003282726,0.04953885,0,0,55753.9408

17,True,False,0.02,0.25,Rot0,2,0,-0.01366217,-0.0003282726,0.04953885,0,0,55767.6826

17,True,False,0.02,0.25,Rot0,2,0,-0.01366217,-0.0003282726,0.04953885,0,0,55795.3258

17,True,False,0.02,0.25,Rot0,2,0,-0.01366217,-0.0003282726,0.04953885,0,0,55822.6184

17,True,False,0.02,0.25,Rot0,2,0,-0.01366217,-0.0003282726,0.04953885,0,0,55849.3242

17,True,False,0.02,0.25,Rot0,2,0,-0.01366217,-0.0003282726,0.04953885,0,0,55860.8893

17,True,False,0.02,0.25,Rot0,2,0,-0.01366217,-0.0003282726,0.04953885,0,0,55873.691

17,True,False,0.02,0.25,Rot0,2,0,-0.01366217,-0.0003282726,0.04953885,0,0,55916.033

17,True,False,0.02,0.25,Rot0,2,0,-0.01366217,-0.0003282726,0.04953885,0,0,55929.4702

17,True,False,0.02,0.25,Rot0,2,0,-0.01366217,-0.0003282726,0.04953885,0,0,55942.4437

17,True,False,0.02,0.25,Rot0,2,0,-0.01366217,-0.0003282726,0.04953885,0,0,55956.0701

17,True,False,0.02,0.25,Rot0,2,0,-0.01366217,-0.0003282726,0.04953885,0,0,55980.1393

17,True,False,0.02,0.25,Rot0,2,0,-0.01366217,-0.0003282726,0.04953885,0,0,56006.5239

17,True,False,0.02,0.25,Rot0,2,0,-0.01366217,-0.0003282726,0.04953885,0,0,56020.6605

17,True,False,0.02,0.25,Rot0,2,0,-0.01366217,-0.0003282726,0.04953885,0,0,56034.0224

17,True,False,0.02,0.25,Rot0,2,0,-0.01366217,-0.0003282726,0.04953885,0,0,56047.8593

17,True,False,0.02,0.25,Rot0,2,0,-0.01366217,-0.0003282726,0.04953885,0,0,56061.2799

17,True,False,0.02,0.25,Rot0,2,0,-0.01366217,-0.0003282726,0.04953885,0,0,56075.0106

17,True,False,0.02,0.25,Rot0,2,0,-0.01366217,-0.0003282726,0.04953885,0,0,56102.7719

17,True,False,0.02,0.25,Rot0,2,0,-0.01366217,-0.0003282726,0.04953885,0,0,56116.7646

17,True,False,0.02,0.25,Rot0,2,0,-0.01366217,-0.0003282726,0.04953885,0,0,56128.7921

17,True,False,0.02,0.25,Rot0,2,0,-0.01366217,-0.0003282726,0.04953885,0,0,56141.7456

17,True,False,0.02,0.25,Rot0,2,0,-0.01366217,-0.0003282726,0.04953885,0,0,56157.3022

17,True,False,0.02,0.25,Rot0,2,0,-0.01366217,-0.0003282726,0.04953885,0,0,56168.4728

17,True,False,0.02,0.25,Rot0,2,0,-0.01366217,-0.0003282726,0.04953885,0,0,56196.2458

17,True,False,0.02,0.25,Rot0,2,0,-0.01366217,-0.0003282726,0.04953885,0,0,56224.0392

17,True,False,0.02,0.25,Rot0,2,0,-0.01366217,-0.0003282726,0.04953885,0,0,56236.5955

17,True,False,0.02,0.25,Rot0,2,0,-0.01366217,-0.0003282726,0.04953885,0,0,56249.5476

17,True,False,0.02,0.25,Rot0,2,0,-0.01366217,-0.0003282726,0.04953885,0,0,56262.859

17,True,False,0.02,0.25,Rot0,2,0,-0.01366217,-0.0003282726,0.04953885,0,0,56275.5535

17,True,False,0.02,0.25,Rot0,2,0,-0.01366217,-0.0003282726,0.04953885,0,0,56289.1824

17,True,False,0.02,0.25,Rot0,2,0,-0.01366217,-0.0003282726,0.04953885,0,0,56315.1946

17,True,False,0.02,0.25,Rot0,2,0,-0.01366217,-0.0003282726,0.04953885,0,0,56341.2746

17,True,False,0.02,0.25,Rot0,2,0,-0.01366217,-0.0003282726,0.04953885,0,0,56355.0004

17,True,False,0.02,0.25,Rot0,2,0,-0.01366217,-0.0003282726,0.04953885,0,0,56368.8251

17,True,False,0.02,0.25,Rot0,2,0,-0.01366217,-0.0003282726,0.04953885,0,0,56382.6574

17,True,False,0.02,0.25,Rot0,2,0,-0.01366217,-0.0003282726,0.04953885,0,0,56395.4965

17,True,False,0.02,0.25,Rot0,2,0,-0.01366217,-0.0003282726,0.04953885,0,0,56409.3231

17,True,False,0.02,0.25,Rot0,2,0,-0.01366217,-0.0003282726,0.04953885,0,0,56423.4118

17,True,False,0.02,0.25,Rot0,2,0,-0.01366217,-0.0003282726,0.04953885,0,0,56438.2725

17,True,False,0.02,0.25,Rot0,2,0,-0.01366217,-0.0003282726,0.04953885,0,0,56462.6855

17,True,False,0.02,0.25,Rot0,2,0,-0.01366217,-0.0003282726,0.04953885,0,0,56477.3153

17,True,False,0.02,0.25,Rot0,2,0,-0.01366217,-0.0003282726,0.04953885,0,0,56490.5381

17,True,False,0.02,0.25,Rot0,2,0,-0.01366217,-0.0003282726,0.04953885,0,0,56504.7514

17,True,False,0.02,0.25,Rot0,2,0,-0.01366217,-0.0003282726,0.04953885,0,0,56519.7025

17,True,False,0.02,0.25,Rot0,2,0,-0.01366217,-0.0003282726,0.04953885,0,0,56544.7172

17,True,False,0.02,0.25,Rot0,2,0,-0.01366217,-0.0003282726,0.04953885,0,0,56572.1328

17,True,False,0.02,0.25,Rot0,2,0,-0.01366217,-0.0003282726,0.04953885,0,0,56584.5982

17,True,False,0.02,0.25,Rot0,2,0,-0.01366217,-0.0003282726,0.04953885,0,0,56597.1819

17,True,False,0.02,0.25,Rot0,2,0,-0.01366217,-0.0003282726,0.04953885,0,0,56610.7918

17,True,False,0.02,0.25,Rot0,2,0,-0.01366217,-0.0003282726,0.04953885,0,0,56624.0193

17,True,False,0.02,0.25,Rot0,2,0,-0.01366217,-0.0003282726,0.04953885,0,0,56649.8755

17,True,False,0.02,0.25,Rot0,2,0,-0.01366217,-0.0003282726,0.04953885,0,0,56662.7323

17,True,False,0.02,0.25,Rot0,2,0,-0.01366217,-0.0003282726,0.04953885,0,0,56676.0418

17,True,False,0.02,0.25,Rot0,2,0,-0.01366217,-0.0003282726,0.04953885,0,0,56690.0386

17,True,False,0.02,0.25,Rot0,2,0,-0.01366217,-0.0003282726,0.04953885,0,0,56703.1428

17,True,False,0.02,0.25,Rot0,2,0,-0.01366217,-0.0003282726,0.04953885,0,0,56729.9727

17,True,False,0.02,0.25,Rot0,2,0,-0.01366217,-0.0003282726,0.04953885,0,0,56756.1861

17,True,False,0.02,0.25,Rot0,2,0,-0.01366217,-0.0003282726,0.04953885,0,0,56770.2461

17,True,False,0.02,0.25,Rot0,2,0,-0.01366217,-0.0003282726,0.04953885,0,0,56784.0204

17,True,False,0.02,0.25,Rot0,2,0,-0.01366217,-0.0003282726,0.04953885,0,0,56796.8912

17,True,False,0.02,0.25,Rot0,2,0,-0.01366217,-0.0003282726,0.04953885,0,0,56811.2834

17,True,False,0.02,0.25,Rot0,2,0,-0.01366217,-0.0003282726,0.04953885,0,0,56825.2468

17,True,False,0.02,0.25,Rot0,2,0,-0.01366217,-0.0003282726,0.04953885,0,0,56838.5788

17,True,False,0.02,0.25,Rot0,2,0,-0.01366217,-0.0003282726,0.04953885,0,0,56865.6638

17,True,False,0.02,0.25,Rot0,2,0,-0.01366217,-0.0003282726,0.04953885,0,0,56879.9622

17,True,False,0.02,0.25,Rot0,2,0,-0.01366217,-0.0003282726,0.04953885,0,0,56891.8894

17,True,False,0.02,0.25,Rot0,2,0,-0.01366217,-0.0003282726,0.04953885,0,0,56905.7097

17,True,False,0.02,0.25,Rot0,2,0,-0.01366217,-0.0003282726,0.04953885,0,0,56933.0892

17,True,False,0.02,0.25,Rot0,2,0,-0.01366217,-0.0003282726,0.04953885,0,0,56945.1432

17,True,False,0.02,0.25,Rot0,2,0,-0.01366217,-0.0003282726,0.04953885,0,0,56957.8349

17,True,False,0.02,0.25,Rot0,2,0,-0.01366217,-0.0003282726,0.04953885,0,0,56985.3448

17,True,False,0.02,0.25,Rot0,2,0,-0.01366217,-0.0003282726,0.04953885,0,0,57011.2527

17,True,False,0.02,0.25,Rot0,2,0,-0.01366217,-0.0003282726,0.04953885,0,0,57023.7664

17,True,False,0.02,0.25,Rot0,2,0,-0.01366217,-0.0003282726,0.04953885,0,0,57037.4461

17,True,False,0.02,0.25,Rot0,2,0,-0.01366217,-0.0003282726,0.04953885,0,0,57050.5584

17,True,False,0.02,0.25,Rot0,2,0,-0.01366217,-0.0003282726,0.04953885,0,0,57064.6918

17,True,False,0.02,0.25,Rot0,2,0,-0.01366217,-0.0003282726,0.04953885,0,0,57077.9911

17,True,False,0.02,0.25,Rot0,2,0,-0.01366217,-0.0003282726,0.04953885,0,0,57092.4682

17,True,False,0.02,0.25,Rot0,2,0,-0.01366217,-0.0003282726,0.04953885,0,0,57118.9076

17,True,False,0.02,0.25,Rot0,2,0,-0.01366217,-0.0003282726,0.04953885,0,0,57132.4638

17,True,False,0.02,0.25,Rot0,2,0,-0.01366217,-0.0003282726,0.04953885,0,0,57146.2435

17,True,False,0.02,0.25,Rot0,2,0,-0.01366217,-0.0003282726,0.04953885,0,0,57159.8625

17,True,False,0.02,0.25,Rot0,2,0,-0.01366217,-0.0003282726,0.04953885,0,0,57173.4331

17,True,False,0.02,0.25,Rot0,2,0,-0.01366217,-0.0003282726,0.04953885,0,0,57186.543

17,True,False,0.02,0.25,Rot0,2,0,-0.01366217,-0.0003282726,0.04953885,0,0,57213.6006

17,True,False,0.02,0.25,Rot0,2,0,-0.01366217,-0.0003282726,0.04953885,0,0,57229.0989

17,True,False,0.02,0.25,Rot0,2,0,-0.01366217,-0.0003282726,0.04953885,0,0,57241.0883

17,True,False,0.02,0.25,Rot0,2,0,-0.01366217,-0.0003282726,0.04953885,0,0,57254.6265

17,True,False,0.02,0.25,Rot0,2,0,-0.01366217,-0.0003282726,0.04953885,0,0,57269.0319

17,True,False,0.02,0.25,Rot0,2,0,-0.01366217,-0.0003282726,0.04953885,0,0,57295.4892

17,True,False,0.02,0.25,Rot0,2,0,-0.01366217,-0.0003282726,0.04953885,0,0,57322.5562

17,True,False,0.02,0.25,Rot0,2,0,-0.01366217,-0.0003282726,0.04953885,0,0,57334.9025

17,True,False,0.02,0.25,Rot0,2,0,-0.01366217,-0.0003282726,0.04953885,0,0,57347.8676

17,True,False,0.02,0.25,Rot0,2,0,-0.01366217,-0.0003282726,0.04953885,0,0,57360.8431

17,True,False,0.02,0.25,Rot0,2,0,-0.01366217,-0.0003282726,0.04953885,0,0,57373.977

17,True,False,0.02,0.25,Rot0,2,0,-0.01366217,-0.0003282726,0.04953885,0,0,57400.0792

17,True,False,0.02,0.25,Rot0,2,0,-0.01366217,-0.0003282726,0.04953885,0,0,57414.6065

17,True,False,0.02,0.25,Rot0,2,0,-0.01366217,-0.0003282726,0.04953885,0,0,57426.5897

17,True,False,0.02,0.25,Rot0,2,0,-0.01366217,-0.0003282726,0.04953885,0,0,57439.9337

17,True,False,0.02,0.25,Rot0,2,0,-0.01366217,-0.0003282726,0.04953885,0,0,57466.3029

17,True,False,0.02,0.25,Rot0,2,0,-0.01366217,-0.0003282726,0.04953885,0,0,57481.0167

17,True,False,0.02,0.25,Rot0,2,0,-0.01366217,-0.0003282726,0.04953885,0,0,57493.2127

17,True,False,0.02,0.25,Rot0,2,0,-0.01366217,-0.0003282726,0.04953885,0,0,57507.3803

17,True,False,0.02,0.25,Rot0,2,0,-0.01366217,-0.0003282726,0.04953885,0,0,57522.2134

17,True,False,0.02,0.25,Rot0,2,0,-0.01366217,-0.0003282726,0.04953885,0,0,57536.0564

17,True,False,0.02,0.25,Rot0,2,0,-0.01366217,-0.0003282726,0.04953885,0,0,57575.0633

17,True,False,0.02,0.25,Rot0,2,0,-0.01366217,-0.0003282726,0.04953885,0,0,57602.061

17,True,False,0.02,0.25,Rot0,2,0,-0.01366217,-0.0003282726,0.04953885,0,0,57616.7854

17,True,False,0.02,0.25,Rot0,2,0,-0.01366217,-0.0003282726,0.04953885,0,0,57630.7996

17,True,False,0.02,0.25,Rot0,2,0,-0.01366217,-0.0003282726,0.04953885,0,0,57643.9077

17,True,False,0.02,0.25,Rot0,2,0,-0.01366217,-0.0003282726,0.04953885,0,0,57657.9169

17,True,False,0.02,0.25,Rot0,2,0,-0.01366217,-0.0003282726,0.04953885,0,0,57672.5108

17,True,False,0.02,0.25,Rot0,2,0,-0.01366217,-0.0003282726,0.04953885,0,0,57686.3619

17,True,False,0.02,0.25,Rot0,2,0,-0.01366217,-0.0003282726,0.04953885,0,0,57699.8589

17,True,False,0.02,0.25,Rot0,2,0,-0.01366217,-0.0003282726,0.04953885,0,0,57726.9717

17,True,False,0.02,0.25,Rot0,2,0,-0.01366217,-0.0003282726,0.04953885,0,0,57740.3147

17,True,False,0.02,0.25,Rot0,2,0,-0.01366217,-0.0003282726,0.04953885,0,0,57752.6069

17,True,False,0.02,0.25,Rot0,2,0,-0.01366217,-0.0003282726,0.04953885,0,0,57767.513

17,True,False,0.02,0.25,Rot0,2,0,-0.01366217,-0.0003282726,0.04953885,0,0,57782.0722

17,True,False,0.02,0.25,Rot0,2,0,-0.01366217,-0.0003282726,0.04953885,0,0,57808.3525

17,True,False,0.02,0.25,Rot0,2,0,-0.01366217,-0.0003282726,0.04953885,0,0,57835.7415

17,True,False,0.02,0.25,Rot0,2,0,-0.01366217,-0.0003282726,0.04953885,0,0,57848.1519

17,True,False,0.02,0.25,Rot0,2,0,-0.01366217,-0.0003282726,0.04953885,0,0,57861.2753

17,True,False,0.02,0.25,Rot0,2,0,-0.01366217,-0.0003282726,0.04953885,0,0,57874.1293

17,True,False,0.02,0.25,Rot0,2,0,-0.01366217,-0.0003282726,0.04953885,0,0,57887.8398

17,True,False,0.02,0.25,Rot0,2,0,-0.01366217,-0.0003282726,0.04953885,0,0,57913.9931

17,True,False,0.02,0.25,Rot0,2,0,-0.01366217,-0.0003282726,0.04953885,0,0,57927.0715

17,True,False,0.02,0.25,Rot0,2,0,-0.01366217,-0.0003282726,0.04953885,0,0,57940.8576

17,True,False,0.02,0.25,Rot0,2,0,-0.01366217,-0.0003282726,0.04953885,0,0,57953.9247

17,True,False,0.02,0.25,Rot0,2,0,-0.01366217,-0.0003282726,0.04953885,0,0,57968.2739

17,True,False,0.02,0.25,Rot0,2,0,-0.01366217,-0.0003282726,0.04953885,0,0,57994.3487

17,True,False,0.02,0.25,Rot0,2,0,-0.01366217,-0.0003282726,0.04953885,0,0,58009.4336

17,True,False,0.02,0.25,Rot0,2,0,-0.01366217,-0.0003282726,0.04953885,0,0,58020.7683

17,True,False,0.02,0.25,Rot0,2,0,-0.01366217,-0.0003282726,0.04953885,0,0,58035.3652

17,True,False,0.02,0.25,Rot0,2,0,-0.01366217,-0.0003282726,0.04953885,0,0,58048.9382

17,True,False,0.02,0.25,Rot0,2,0,-0.01366217,-0.0003282726,0.04953885,0,0,58074.9214

17,True,False,0.02,0.25,Rot0,2,0,-0.01366217,-0.0003282726,0.04953885,0,0,58102.0773

17,True,False,0.02,0.25,Rot0,2,0,-0.01366217,-0.0003282726,0.04953885,0,0,58116.6467

17,True,False,0.02,0.25,Rot0,2,0,-0.01366217,-0.0003282726,0.04953885,0,0,58130.8642

17,True,False,0.02,0.25,Rot0,2,0,-0.01366217,-0.0003282726,0.04953885,0,0,58158.6246

17,True,False,0.02,0.25,Rot0,2,0,-0.01366217,-0.0003282726,0.04953885,0,0,58186.4163

17,True,False,0.02,0.25,Rot0,2,0,-0.01366217,-0.0003282726,0.04953885,0,0,58199.4237

17,True,False,0.02,0.25,Rot0,2,0,-0.01366217,-0.0003282726,0.04953885,0,0,58211.9133

17,True,False,0.02,0.25,Rot0,2,0,-0.01366217,-0.0003282726,0.04953885,0,0,58225.0112

17,True,False,0.02,0.25,Rot0,2,0,-0.01366217,-0.0003282726,0.04953885,0,0,58237.0879

17,True,False,0.02,0.25,Rot0,2,0,-0.01366217,-0.0003282726,0.04953885,0,0,58251.3857

17,True,False,0.02,0.25,Rot0,2,0,-0.01366217,-0.0003282726,0.04953885,0,0,58266.1324

17,True,False,0.02,0.25,Rot0,2,0,-0.01366217,-0.0003282726,0.04953885,0,0,58290.9765

17,True,False,0.02,0.25,Rot0,2,0,-0.01366217,-0.0003282726,0.04953885,0,0,58316.6224

17,True,False,0.02,0.25,Rot0,2,0,-0.01366217,-0.0003282726,0.04953885,0,0,58329.8464

17,True,False,0.02,0.25,Rot0,2,0,-0.01366217,-0.0003282726,0.04953885,0,0,58343.5099

17,True,False,0.02,0.25,Rot0,2,0,-0.01366217,-0.0003282726,0.04953885,0,0,58357.0743

17,True,False,0.02,0.25,Rot0,2,0,-0.01366217,-0.0003282726,0.04953885,0,0,58370.9928

17,True,False,0.02,0.25,Rot0,2,0,-0.01366217,-0.0003282726,0.04953885,0,0,58397.4849

17,True,False,0.02,0.25,Rot0,2,0,-0.01366217,-0.0003282726,0.04953885,0,0,58410.8189

17,True,False,0.02,0.25,Rot0,2,0,-0.01366217,-0.0003282726,0.04953885,0,0,58424.6742

17,True,False,0.02,0.25,Rot0,2,0,-0.01366217,-0.0003282726,0.04953885,0,0,58438.1742

17,True,False,0.02,0.25,Rot0,2,0,-0.01366217,-0.0003282726,0.04953885,0,0,58451.9714

17,True,False,0.02,0.25,Rot0,2,0,-0.01366217,-0.0003282726,0.04953885,0,0,58467.1477

17,True,False,0.02,0.25,Rot0,2,0,-0.01366217,-0.0003282726,0.04953885,0,0,58491.7864

17,True,False,0.02,0.25,Rot0,2,0,-0.01366217,-0.0003282726,0.04953885,0,0,58507.6157

17,True,False,0.02,0.25,Rot0,2,0,-0.01366217,-0.0003282726,0.04953885,0,0,58519.8667

17,True,False,0.02,0.25,Rot0,2,0,-0.01366217,-0.0003282726,0.04953885,0,0,58534.2443

17,True,False,0.02,0.25,Rot0,2,0,-0.01366217,-0.0003282726,0.04953885,0,0,58560.3508

17,True,False,0.02,0.25,Rot0,2,0,-0.01366217,-0.0003282726,0.04953885,0,0,58576.1358

17,True,False,0.02,0.25,Rot0,2,0,-0.01366217,-0.0003282726,0.04953885,0,0,58587.7225

17,True,False,0.02,0.25,Rot0,2,0,-0.01366217,-0.0003282726,0.04953885,0,0,58600.9741

17,True,False,0.02,0.25,Rot0,2,0,-0.01366217,-0.0003282726,0.04953885,0,0,58616.9261

17,True,False,0.02,0.25,Rot0,2,0,-0.01366217,-0.0003282726,0.04953885,0,0,58640.7839

17,True,False,0.02,0.25,Rot0,2,0,-0.01366217,-0.0003282726,0.04953885,0,0,58655.7084

17,True,False,0.02,0.25,Rot0,2,0,-0.01366217,-0.0003282726,0.04953885,0,0,58668.0586

17,True,False,0.02,0.25,Rot0,2,0,-0.01366217,-0.0003282726,0.04953885,0,0,58696.0724

17,True,False,0.02,0.25,Rot0,2,0,-0.01366217,-0.0003282726,0.04953885,0,0,58710.931

17,True,False,0.02,0.25,Rot0,2,0,-0.01366217,-0.0003282726,0.04953885,0,0,58724.0659

17,True,False,0.02,0.25,Rot0,2,0,-0.01366217,-0.0003282726,0.04953885,0,0,58735.9949

17,True,False,0.02,0.25,Rot0,2,0,-0.01366217,-0.0003282726,0.04953885,0,0,58750.4371

17,True,False,0.02,0.25,Rot0,2,0,-0.01366217,-0.0003282726,0.04953885,0,0,58776.7972

17,True,False,0.02,0.25,Rot0,2,0,-0.01366217,-0.0003282726,0.04953885,0,0,58802.2709

17,True,False,0.02,0.25,Rot0,2,0,-0.01366217,-0.0003282726,0.04953885,0,0,58815.3956

17,True,False,0.02,0.25,Rot0,2,0,-0.01366217,-0.0003282726,0.04953885,0,0,58828.8434

17,True,False,0.02,0.25,Rot0,2,0,-0.01366217,-0.0003282726,0.04953885,0,0,58842.5318

17,True,False,0.02,0.25,Rot0,2,0,-0.01366217,-0.0003282726,0.04953885,0,0,58855.6683

17,True,False,0.02,0.25,Rot0,2,0,-0.01366217,-0.0003282726,0.04953885,0,0,58870.1446

17,True,False,0.02,0.25,Rot0,2,0,-0.01366217,-0.0003282726,0.04953885,0,0,58884.3098

17,True,False,0.02,0.25,Rot0,2,0,-0.01366217,-0.0003282726,0.04953885,0,0,58909.7812

17,True,False,0.02,0.25,Rot0,2,0,-0.01366217,-0.0003282726,0.04953885,0,0,58936.8794

17,True,False,0.02,0.25,Rot0,2,0,-0.01366217,-0.0003282726,0.04953885,0,0,58950.6436

17,True,False,0.02,0.25,Rot0,2,0,-0.01366217,-0.0003282726,0.04953885,0,0,58963.6412

17,True,False,0.02,0.25,Rot0,2,0,-0.01366217,-0.0003282726,0.04953885,0,0,58977.3374

17,True,False,0.02,0.25,Rot0,2,0,-0.01366217,-0.0003282726,0.04953885,0,0,58991.7084

17,True,False,0.02,0.25,Rot0,2,0,-0.01366217,-0.0003282726,0.04953885,0,0,59005.6425

17,True,False,0.02,0.25,Rot0,2,0,-0.01366217,-0.0003282726,0.04953885,0,0,59032.2657

17,True,False,0.02,0.25,Rot0,2,0,-0.01366217,-0.0003282726,0.04953885,0,0,59046.2113

17,True,False,0.02,0.25,Rot0,2,0,-0.01366217,-0.0003282726,0.04953885,0,0,59059.4748

17,True,False,0.02,0.25,Rot0,2,0,-0.01366217,-0.0003282726,0.04953885,0,0,59071.9156

17,True,False,0.02,0.25,Rot0,2,0,-0.01366217,-0.0003282726,0.04953885,0,0,59084.8242

17,True,False,0.02,0.25,Rot0,2,0,-0.01366217,-0.0003282726,0.04953885,0,0,59111.7182

17,True,False,0.02,0.25,Rot0,2,0,-0.01366217,-0.0003282726,0.04953885,0,0,59124.3545

17,True,False,0.02,0.25,Rot0,2,0,-0.01366217,-0.0003282726,0.04953885,0,0,59136.0642

17,True,False,0.02,0.25,Rot0,2,0,-0.01366217,-0.0003282726,0.04953885,0,0,59151.2686

17,True,False,0.02,0.25,Rot0,2,0,-0.01366217,-0.0003282726,0.04953885,0,0,59175.8503

17,True,False,0.02,0.25,Rot0,2,0,-0.01366217,-0.0003282726,0.04953885,0,0,59202.2746

17,True,False,0.02,0.25,Rot0,2,0,-0.01366217,-0.0003282726,0.04953885,0,0,59216.038

17,True,False,0.02,0.25,Rot0,2,0,-0.01366217,-0.0003282726,0.04953885,0,0,59244.0114

17,True,False,0.02,0.25,Rot0,2,0,-0.01366217,-0.0003282726,0.04953885,0,0,59257.2279

17,True,False,0.02,0.25,Rot0,2,0,-0.01366217,-0.0003282726,0.04953885,0,0,59270.7709

17,True,False,0.02,0.25,Rot0,2,0,-0.01366217,-0.0003282726,0.04953885,0,0,59297.6662

17,True,False,0.02,0.25,Rot0,2,0,-0.01366217,-0.0003282726,0.04953885,0,0,59311.7516

17,True,False,0.02,0.25,Rot0,2,0,-0.01366217,-0.0003282726,0.04953885,0,0,59325.4603

17,True,False,0.02,0.25,Rot0,2,0,-0.01366217,-0.0003282726,0.04953885,0,0,59338.8192

17,True,False,0.02,0.25,Rot0,2,0,-0.01366217,-0.0003282726,0.04953885,0,0,59365.2921

17,True,False,0.02,0.25,Rot0,2,0,-0.01366217,-0.0003282726,0.04953885,0,0,59392.0656

17,True,False,0.02,0.25,Rot0,2,0,-0.01366217,-0.0003282726,0.04953885,0,0,59402.9864

17,True,False,0.02,0.25,Rot0,2,0,-0.01366217,-0.0003282726,0.04953885,0,0,59415.5011

17,True,False,0.02,0.25,Rot0,2,0,-0.01366217,-0.0003282726,0.04953885,0,0,59429.3048

17,True,False,0.02,0.25,Rot0,2,0,-0.01366217,-0.0003282726,0.04953885,0,0,59442.6497

17,True,False,0.02,0.25,Rot0,2,0,-0.01366217,-0.0003282726,0.04953885,0,0,59455.4434

17,True,False,0.02,0.25,Rot0,2,0,-0.01366217,-0.0003282726,0.04953885,0,0,59470.0618

17,True,False,0.02,0.25,Rot0,2,0,-0.01366217,-0.0003282726,0.04953885,0,0,59494.9777

17,True,False,0.02,0.25,Rot0,2,0,-0.01366217,-0.0003282726,0.04953885,0,0,59521.2037

17,True,False,0.02,0.25,Rot0,2,0,-0.01366217,-0.0003282726,0.04953885,0,0,59534.9505

17,True,False,0.02,0.25,Rot0,2,0,-0.01366217,-0.0003282726,0.04953885,0,0,59547.6795

17,True,False,0.02,0.25,Rot0,2,0,-0.01366217,-0.0003282726,0.04953885,0,0,59561.9339

17,True,False,0.02,0.25,Rot0,2,0,-0.01366217,-0.0003282726,0.04953885,0,0,59575.358

17,True,False,0.02,0.25,Rot0,2,0,-0.01366217,-0.0003282726,0.04953885,0,0,59589.5069

17,True,False,0.02,0.25,Rot0,2,0,-0.01366217,-0.0003282726,0.04953885,0,0,59604.5893

17,True,False,0.02,0.25,Rot0,2,0,-0.01366217,-0.0003282726,0.04953885,0,0,59630.534

17,True,False,0.02,0.25,Rot0,2,0,-0.01366217,-0.0003282726,0.04953885,0,0,59657.8485

17,True,False,0.02,0.25,Rot0,2,0,-0.01366217,-0.0003282726,0.04953885,0,0,59671.771

17,True,False,0.02,0.25,Rot0,2,0,-0.01366217,-0.0003282726,0.04953885,0,0,59684.7028

17,True,False,0.02,0.25,Rot0,2,0,-0.01366217,-0.0003282726,0.04953885,0,0,59697.3817

17,True,False,0.02,0.25,Rot0,2,0,-0.01366217,-0.0003282726,0.04953885,0,0,59710.7122

17,True,False,0.02,0.25,Rot0,2,0,-0.01366217,-0.0003282726,0.04953885,0,0,59723.2501

17,True,False,0.02,0.25,Rot0,2,0,-0.01366217,-0.0003282726,0.04953885,0,0,59737.4636

17,True,False,0.02,0.25,Rot0,2,0,-0.01366217,-0.0003282726,0.04953885,0,0,59751.3667

17,True,False,0.02,0.25,Rot0,2,0,-0.01366217,-0.0003282726,0.04953885,0,0,59776.7423

17,True,False,0.02,0.25,Rot0,2,0,-0.01366217,-0.0003282726,0.04953885,0,0,59793.625

17,True,False,0.02,0.25,Rot0,2,0,-0.01366217,-0.0003282726,0.04953885,0,0,59805.0251

17,True,False,0.02,0.25,Rot0,2,0,-0.01366217,-0.0003282726,0.04953885,0,0,59830.3797

17,True,False,0.02,0.25,Rot0,2,0,-0.01366217,-0.0003282726,0.04953885,0,0,59845.1325

17,True,False,0.02,0.25,Rot0,2,0,-0.01366217,-0.0003282726,0.04953885,0,0,59855.9201

17,True,False,0.02,0.25,Rot0,2,0,-0.01366217,-0.0003282726,0.04953885,0,0,59869.9853

17,True,False,0.02,0.25,Rot0,2,0,-0.01366217,-0.0003282726,0.04953885,0,0,59896.4918

17,True,False,0.02,0.25,Rot0,2,0,-0.01366217,-0.0003282726,0.04953885,0,0,59910.0514

17,True,False,0.02,0.25,Rot0,2,0,-0.01366217,-0.0003282726,0.04953885,0,0,59923.794

17,True,False,0.02,0.25,Rot0,2,0,-0.01366217,-0.0003282726,0.04953885,0,0,59938.1035

17,True,False,0.02,0.25,Rot0,2,0,-0.01366217,-0.0003282726,0.04953885,0,0,59951.4607

17,True,False,0.02,0.25,Rot0,2,0,-0.01366217,-0.0003282726,0.04953885,0,0,59978.1007

17,True,False,0.02,0.25,Rot0,2,0,-0.01366217,-0.0003282726,0.04953885,0,0,59994.2858

17,True,False,0.02,0.25,Rot0,2,0,-0.01366217,-0.0003282726,0.04953885,0,0,60004.5806

17,True,False,0.02,0.25,Rot0,2,0,-0.01366217,-0.0003282726,0.04953885,0,0,60031.5325

17,True,False,0.02,0.25,Rot0,2,0,-0.01366217,-0.0003282726,0.04953885,0,0,60046.2449

17,True,False,0.02,0.25,Rot0,2,0,-0.01366217,-0.0003282726,0.04953885,0,0,60056.6759

17,True,False,0.02,0.25,Rot0,2,0,-0.01366217,-0.0003282726,0.04953885,0,0,60069.9647

17,True,False,0.02,0.25,Rot0,2,0,-0.01366217,-0.0003282726,0.04953885,0,0,60097.3535

17,True,False,0.02,0.25,Rot0,2,0,-0.01366217,-0.0003282726,0.04953885,0,0,60112.267

17,True,False,0.02,0.25,Rot0,2,0,-0.01366217,-0.0003282726,0.04953885,0,0,60125.2807

17,True,False,0.02,0.25,Rot0,2,0,-0.01366217,-0.0003282726,0.04953885,0,0,60138.592

17,True,False,0.02,0.25,Rot0,2,0,-0.01366217,-0.0003282726,0.04953885,0,0,60152.1708

17,True,False,0.02,0.25,Rot0,2,0,-0.01366217,-0.0003282726,0.04953885,0,0,60178.8497

17,True,False,0.02,0.25,Rot0,2,0,-0.01366217,-0.0003282726,0.04953885,0,0,60204.5133

17,True,False,0.02,0.25,Rot0,2,0,-0.01366217,-0.0003282726,0.04953885,0,0,60218.2431

17,True,False,0.02,0.25,Rot0,2,0,-0.01366217,-0.0003282726,0.04953885,0,0,60231.7094

17,True,False,0.02,0.25,Rot0,2,0,-0.01366217,-0.0003282726,0.04953885,0,0,60245.3737

17,True,False,0.02,0.25,Rot0,2,0,-0.01366217,-0.0003282726,0.04953885,0,0,60258.5282

17,True,False,0.02,0.25,Rot0,2,0,-0.01366217,-0.0003282726,0.04953885,0,0,60272.4743

17,True,False,0.02,0.25,Rot0,2,0,-0.01366217,-0.0003282726,0.04953885,0,0,60286.3502

17,True,False,0.02,0.25,Rot0,2,0,-0.01366217,-0.0003282726,0.04953885,0,0,60312.4832

17,True,False,0.02,0.25,Rot0,2,0,-0.01366217,-0.0003282726,0.04953885,0,0,60338.7629

17,True,False,0.02,0.25,Rot0,2,0,-0.01366217,-0.0003282726,0.04953885,0,0,60352.765

17,True,False,0.02,0.25,Rot0,2,0,-0.01366217,-0.0003282726,0.04953885,0,0,60365.8759

17,True,False,0.02,0.25,Rot0,2,0,-0.01366217,-0.0003282726,0.04953885,0,0,60379.0668

17,True,False,0.02,0.25,Rot0,2,0,-0.01366217,-0.0003282726,0.04953885,0,0,60391.9305

17,True,False,0.02,0.25,Rot0,2,0,-0.01366217,-0.0003282726,0.04953885,0,0,60406.5022

17,True,False,0.02,0.25,Rot0,2,0,-0.01366217,-0.0003282726,0.04953885,0,0,60432.8607

17,True,False,0.02,0.25,Rot0,2,0,-0.01366217,-0.0003282726,0.04953885,0,0,60445.7618

17,True,False,0.02,0.25,Rot0,2,0,-0.01366217,-0.0003282726,0.04953885,0,0,60458.4752

17,True,False,0.02,0.25,Rot0,2,0,-0.01366217,-0.0003282726,0.04953885,0,0,60472.0429

17,True,False,0.02,0.25,Rot0,2,0,-0.01366217,-0.0003282726,0.04953885,0,0,60497.9244

17,True,False,0.02,0.25,Rot0,2,0,-0.01366217,-0.0003282726,0.04953885,0,0,60523.6561

17,True,False,0.02,0.25,Rot0,2,0,-0.01366217,-0.0003282726,0.04953885,0,0,60537.0316

17,True,False,0.02,0.25,Rot0,2,0,-0.01366217,-0.0003282726,0.04953885,0,0,60550.7959

17,True,False,0.02,0.25,Rot0,2,0,-0.01366217,-0.0003282726,0.04953885,0,0,60578.4733

17,True,False,0.02,0.25,Rot0,2,0,-0.01366217,-0.0003282726,0.04953885,0,0,60606.506

17,True,False,0.02,0.25,Rot0,2,0,-0.01366217,-0.0003282726,0.04953885,0,0,60618.7383

17,True,False,0.02,0.25,Rot0,2,0,-0.01366217,-0.0003282726,0.04953885,0,0,60633.0912

17,True,False,0.02,0.25,Rot0,2,0,-0.01366217,-0.0003282726,0.04953885,0,0,60646.8661

17,True,False,0.02,0.25,Rot0,2,0,-0.01366217,-0.0003282726,0.04953885,0,0,60660.6522

17,True,False,0.02,0.25,Rot0,2,0,-0.01366217,-0.0003282726,0.04953885,0,0,60673.6138

17,True,False,0.02,0.25,Rot0,2,0,-0.01366217,-0.0003282726,0.04953885,0,0,60688.1904

17,True,False,0.02,0.25,Rot0,2,0,-0.01366217,-0.0003282726,0.04953885,0,0,60714.1912

17,True,False,0.02,0.25,Rot0,2,0,-0.01366217,-0.0003282726,0.04953885,0,0,60741.2534

17,True,False,0.02,0.25,Rot0,2,0,-0.01366217,-0.0003282726,0.04953885,0,0,60753.3861

17,True,False,0.02,0.25,Rot0,2,0,-0.01366217,-0.0003282726,0.04953885,0,0,60766.0482

17,True,False,0.02,0.25,Rot0,2,0,-0.01366217,-0.0003282726,0.04953885,0,0,60778.4635

17,True,False,0.02,0.25,Rot0,2,0,-0.01366217,-0.0003282726,0.04953885,0,0,60791.7687

17,True,False,0.02,0.25,Rot0,2,0,-0.01366217,-0.0003282726,0.04953885,0,0,60805.0096

17,True,False,0.02,0.25,Rot0,2,0,-0.01366217,-0.0003282726,0.04953885,0,0,60832.862

17,True,False,0.02,0.25,Rot0,2,0,-0.01366217,-0.0003282726,0.04953885,0,0,60844.8635

17,True,False,0.02,0.25,Rot0,2,0,-0.01366217,-0.0003282726,0.04953885,0,0,60857.4831

17,True,False,0.02,0.25,Rot0,2,0,-0.01366217,-0.0003282726,0.04953885,0,0,60872.0858

17,True,False,0.02,0.25,Rot0,2,0,-0.01366217,-0.0003282726,0.04953885,0,0,60899.5202

17,True,False,0.02,0.25,Rot0,2,0,-0.01366217,-0.0003282726,0.04953885,0,0,60923.5084

17,True,False,0.02,0.25,Rot0,2,0,-0.01366217,-0.0003282726,0.04953885,0,0,60950.222

17,True,False,0.02,0.25,Rot0,2,0,-0.01366217,-0.0003282726,0.04953885,0,0,60964.3502

17,True,False,0.02,0.25,Rot0,2,0,-0.01366217,-0.0003282726,0.04953885,0,0,60977.9455

17,True,False,0.02,0.25,Rot0,2,0,-0.01366217,-0.0003282726,0.04953885,0,0,60992.313

17,True,False,0.02,0.25,Rot0,2,0,-0.01366217,-0.0003282726,0.04953885,0,0,61005.3482

17,True,False,0.02,0.25,Rot0,2,0,-0.01366217,-0.0003282726,0.04953885,0,0,61020.0637

17,True,False,0.02,0.25,Rot0,2,0,-0.01366217,-0.0003282726,0.04953885,0,0,61035.2112

17,True,False,0.02,0.25,Rot0,2,0,-0.01366217,-0.0003282726,0.04953885,0,0,61060.4599

17,True,False,0.02,0.25,Rot0,2,0,-0.01366217,-0.0003282726,0.04953885,0,0,61087.4854

17,True,False,0.02,0.25,Rot0,2,0,-0.01366217,-0.0003282726,0.04953885,0,0,61099.2952

17,True,False,0.02,0.25,Rot0,2,0,-0.01366217,-0.0003282726,0.04953885,0,0,61112.1048

17,True,False,0.02,0.25,Rot0,2,0,-0.01366217,-0.0003282726,0.04953885,0,0,61125.0231

17,True,False,0.02,0.25,Rot0,2,0,-0.01366217,-0.0003282726,0.04953885,0,0,61137.7848

17,True,False,0.02,0.25,Rot0,2,0,-0.01366217,-0.0003282726,0.04953885,0,0,61152.5627

17,True,False,0.02,0.25,Rot0,2,0,-0.01366217,-0.0003282726,0.04953885,0,0,61166.3489

17,True,False,0.02,0.25,Rot0,2,0,-0.01366217,-0.0003282726,0.04953885,0,0,61192.1611

17,True,False,0.02,0.25,Rot0,2,0,-0.01366217,-0.0003282726,0.04953885,0,0,61217.7064

17,True,False,0.02,0.25,Rot0,2,0,-0.01366217,-0.0003282726,0.04953885,0,0,61231.3152

17,True,False,0.02,0.25,Rot0,2,0,-0.01366217,-0.0003282726,0.04953885,0,0,61245.1463

17,True,False,0.02,0.25,Rot0,2,0,-0.01366217,-0.0003282726,0.04953885,0,0,61258.832

17,True,False,0.02,0.25,Rot0,2,0,-0.01366217,-0.0003282726,0.04953885,0,0,61272.5968

17,True,False,0.02,0.25,Rot0,2,0,-0.01366217,-0.0003282726,0.04953885,0,0,61286.3662

17,True,False,0.02,0.25,Rot0,2,0,-0.01366217,-0.0003282726,0.04953885,0,0,61312.944

17,True,False,0.02,0.25,Rot0,2,0,-0.01366217,-0.0003282726,0.04953885,0,0,61326.3978

17,True,False,0.02,0.25,Rot0,2,0,-0.01366217,-0.0003282726,0.04953885,0,0,61339.8709

17,True,False,0.02,0.25,Rot0,2,0,-0.01366217,-0.0003282726,0.04953885,0,0,61353.4598

17,True,False,0.02,0.25,Rot0,2,0,-0.01366217,-0.0003282726,0.04953885,0,0,61369.44

17,True,False,0.02,0.25,Rot0,2,0,-0.01366217,-0.0003282726,0.04953885,0,0,61394.5645

17,True,False,0.02,0.25,Rot0,2,0,-0.01366217,-0.0003282726,0.04953885,0,0,61421.6853

17,True,False,0.02,0.25,Rot0,2,0,-0.01366217,-0.0003282726,0.04953885,0,0,61435.9876

17,True,False,0.02,0.25,Rot0,2,0,-0.01366217,-0.0003282726,0.04953885,0,0,61449.8468

17,True,False,0.02,0.25,Rot0,2,0,-0.01366217,-0.0003282726,0.04953885,0,0,61463.0219

17,True,False,0.02,0.25,Rot0,2,0,-0.01366217,-0.0003282726,0.04953885,0,0,61475.6244

17,True,False,0.02,0.25,Rot0,2,0,-0.01366217,-0.0003282726,0.04953885,0,0,61488.593

17,True,False,0.02,0.25,Rot0,2,0,-0.01366217,-0.0003282726,0.04953885,0,0,61501.4791

17,True,False,0.02,0.25,Rot0,2,0,-0.01366217,-0.0003282726,0.04953885,0,0,61515.6342

17,True,False,0.02,0.25,Rot0,2,0,-0.01366217,-0.0003282726,0.04953885,0,0,61530.4207

17,True,False,0.02,0.25,Rot0,2,0,-0.01366217,-0.0003282726,0.04953885,0,0,61556.687

17,True,False,0.02,0.25,Rot0,2,0,-0.01366217,-0.0003282726,0.04953885,0,0,61582.5686

17,True,False,0.02,0.25,Rot0,2,0,-0.01366217,-0.0003282726,0.04953885,0,0,61596.1024

17,True,False,0.02,0.25,Rot0,2,0,-0.01366217,-0.0003282726,0.04953885,0,0,61608.9109

17,True,False,0.02,0.25,Rot0,2,0,-0.01366217,-0.0003282726,0.04953885,0,0,61622.5329

17,True,False,0.02,0.25,Rot0,2,0,-0.01366217,-0.0003282726,0.04953885,0,0,61635.6365

17,True,False,0.02,0.25,Rot0,2,0,-0.01366217,-0.0003282726,0.04953885,0,0,61650.7866

17,True,False,0.02,0.25,Rot0,2,0,-0.01366217,-0.0003282726,0.04953885,0,0,61674.9544

17,True,False,0.02,0.25,Rot0,2,0,-0.01366217,-0.0003282726,0.04953885,0,0,61701.6606

17,True,False,0.02,0.25,Rot0,2,0,-0.01366217,-0.0003282726,0.04953885,0,0,61715.5935

17,True,False,0.02,0.25,Rot0,2,0,-0.01366217,-0.0003282726,0.04953885,0,0,61728.2605

17,True,False,0.02,0.25,Rot0,2,0,-0.01366217,-0.0003282726,0.04953885,0,0,61742.4864

17,True,False,0.02,0.25,Rot0,2,0,-0.01366217,-0.0003282726,0.04953885,0,0,61756.0941

17,True,False,0.02,0.25,Rot0,2,0,-0.01366217,-0.0003282726,0.04953885,0,0,61770.1549

17,True,False,0.02,0.25,Rot0,2,0,-0.01366217,-0.0003282726,0.04953885,0,0,61797.243

17,True,False,0.02,0.25,Rot0,2,0,-0.01366217,-0.0003282726,0.04953885,0,0,61823.6827

17,True,False,0.02,0.25,Rot0,2,0,-0.01366217,-0.0003282726,0.04953885,0,0,61852.3465

17,True,False,0.02,0.25,Rot0,2,0,-0.01366217,-0.0003282726,0.04953885,0,0,61865.573

17,True,False,0.02,0.25,Rot0,2,0,-0.01366217,-0.0003282726,0.04953885,0,0,61879.249

17,True,False,0.02,0.25,Rot0,2,0,-0.01366217,-0.0003282726,0.04953885,0,0,61892.4421

17,True,False,0.02,0.25,Rot0,2,0,-0.01366217,-0.0003282726,0.04953885,0,0,61906.9951

17,True,False,0.02,0.25,Rot0,2,0,-0.01366217,-0.0003282726,0.04953885,0,0,61921.0974

17,True,False,0.02,0.25,Rot0,2,0,-0.01366217,-0.0003282726,0.04953885,0,0,61934.6813

17,True,False,0.02,0.25,Rot0,2,0,-0.01366217,-0.0003282726,0.04953885,0,0,61950.139

17,True,False,0.02,0.25,Rot0,2,0,-0.01366217,-0.0003282726,0.04953885,0,0,61975.0354

17,True,False,0.02,0.25,Rot0,2,0,-0.01366217,-0.0003282726,0.04953885,0,0,62003.1607

17,True,False,0.02,0.25,Rot0,2,0,-0.01366217,-0.0003282726,0.04953885,0,0,62015.2178

17,True,False,0.02,0.25,Rot0,2,0,-0.01366217,-0.0003282726,0.04953885,0,0,62028.7641

17,True,False,0.02,0.25,Rot0,2,0,-0.01366217,-0.0003282726,0.04953885,0,0,62041.8788

17,True,False,0.02,0.25,Rot0,2,0,-0.01366217,-0.0003282726,0.04953885,0,0,62066.4428

17,True,False,0.02,0.25,Rot0,2,0,-0.01366217,-0.0003282726,0.04953885,0,0,62079.9042

17,True,False,0.02,0.25,Rot0,2,0,-0.01366217,-0.0003282726,0.04953885,0,0,62092.1916

17,True,False,0.02,0.25,Rot0,2,0,-0.01366217,-0.0003282726,0.04953885,0,0,62105.9697

17,True,False,0.02,0.25,Rot0,2,0,-0.01366217,-0.0003282726,0.04953885,0,0,62120.2166

17,True,False,0.02,0.25,Rot0,2,0,-0.01366217,-0.0003282726,0.04953885,0,0,62134.4331

17,True,False,0.02,0.25,Rot0,2,0,-0.01366217,-0.0003282726,0.04953885,0,0,62159.6563

17,True,False,0.02,0.25,Rot0,2,0,-0.01366217,-0.0003282726,0.04953885,0,0,62186.4855

17,True,False,0.02,0.25,Rot0,2,0,-0.01366217,-0.0003282726,0.04953885,0,0,62200.7741

17,True,False,0.02,0.25,Rot0,2,0,-0.01366217,-0.0003282726,0.04953885,0,0,62213.8707

17,True,False,0.02,0.25,Rot0,2,0,-0.01366217,-0.0003282726,0.04953885,0,0,62227.6588

17,True,False,0.02,0.25,Rot0,2,0,-0.01366217,-0.0003282726,0.04953885,0,0,62241.84

17,True,False,0.02,0.25,Rot0,2,0,-0.01366217,-0.0003282726,0.04953885,0,0,62255.1848

17,True,False,0.02,0.25,Rot0,2,0,-0.01366217,-0.0003282726,0.04953885,0,0,62269.2943

17,True,False,0.02,0.25,Rot0,2,0,-0.01366217,-0.0003282726,0.04953885,0,0,62284.3582

17,True,False,0.02,0.25,Rot0,2,0,-0.01366217,-0.0003282726,0.04953885,0,0,62310.4713

17,True,False,0.02,0.25,Rot0,2,0,-0.01366217,-0.0003282726,0.04953885,0,0,62326.3951

17,True,False,0.02,0.25,Rot0,2,0,-0.01366217,-0.0003282726,0.04953885,0,0,62337.4877

17,True,False,0.02,0.25,Rot0,2,0,-0.01366217,-0.0003282726,0.04953885,0,0,62351.9751

17,True,False,0.02,0.25,Rot0,2,0,-0.01366217,-0.0003282726,0.04953885,0,0,62379.2549

17,True,False,0.02,0.25,Rot0,2,0,-0.01366217,-0.0003282726,0.04953885,0,0,62393.9694

17,True,False,0.02,0.25,Rot0,2,0,-0.01366217,-0.0003282726,0.04953885,0,0,62407.6795

17,True,False,0.02,0.25,Rot0,2,0,-0.01366217,-0.0003282726,0.04953885,0,0,62420.3079

17,True,False,0.02,0.25,Rot0,2,0,-0.01366217,-0.0003282726,0.04953885,0,0,62433.0526

17,True,False,0.02,0.25,Rot0,2,0,-0.01366217,-0.0003282726,0.04953885,0,0,62460.8456

17,True,False,0.02,0.25,Rot0,2,0,-0.01366217,-0.0003282726,0.04953885,0,0,62475.4081

17,True,False,0.02,0.25,Rot0,2,0,-0.01366217,-0.0003282726,0.04953885,0,0,62488.3833

17,True,False,0.02,0.25,Rot0,2,0,-0.01366217,-0.0003282726,0.04953885,0,0,62500.7485

17,True,False,0.02,0.25,Rot0,2,0,-0.01366217,-0.0003282726,0.04953885,0,0,62528.4716

17,True,False,0.02,0.25,Rot0,2,0,-0.01366217,-0.0003282726,0.04953885,0,0,62553.8002

17,True,False,0.02,0.25,Rot0,2,0,-0.01366217,-0.0003282726,0.04953885,0,0,62582.0171

17,True,False,0.02,0.25,Rot0,2,0,-0.01366217,-0.0003282726,0.04953885,0,0,62594.4892

17,True,False,0.02,0.25,Rot0,2,0,-0.01366217,-0.0003282726,0.04953885,0,0,62607.8616

17,True,False,0.02,0.25,Rot0,2,0,-0.01366217,-0.0003282726,0.04953885,0,0,62621.087

17,True,False,0.02,0.25,Rot0,2,0,-0.01366217,-0.0003282726,0.04953885,0,0,62634.5757

17,True,False,0.02,0.25,Rot0,2,0,-0.01366217,-0.0003282726,0.04953885,0,0,62649.3998

17,True,False,0.02,0.25,Rot0,2,0,-0.01366217,-0.0003282726,0.04953885,0,0,62663.3195

17,True,False,0.02,0.25,Rot0,2,0,-0.01366217,-0.0003282726,0.04953885,0,0,62687.5177

17,True,False,0.02,0.25,Rot0,2,0,-0.01366217,-0.0003282726,0.04953885,0,0,62714.542

17,True,False,0.02,0.25,Rot0,2,0,-0.01366217,-0.0003282726,0.04953885,0,0,62727.8869

17,True,False,0.02,0.25,Rot0,2,0,-0.01366217,-0.0003282726,0.04953885,0,0,62742.2356

17,True,False,0.02,0.25,Rot0,2,0,-0.01366217,-0.0003282726,0.04953885,0,0,62755.7432

17,True,False,0.02,0.25,Rot0,2,0,-0.01366217,-0.0003282726,0.04953885,0,0,62769.7408

17,True,False,0.02,0.25,Rot0,2,0,-0.01366217,-0.0003282726,0.04953885,0,0,62783.3544

17,True,False,0.02,0.25,Rot0,2,0,-0.01366217,-0.0003282726,0.04953885,0,0,62798.2676

17,True,False,0.02,0.25,Rot0,2,0,-0.01366217,-0.0003282726,0.04953885,0,0,62823.6478

17,True,False,0.02,0.25,Rot0,2,0,-0.01366217,-0.0003282726,0.04953885,0,0,62840.3358

17,True,False,0.02,0.25,Rot0,2,0,-0.01366217,-0.0003282726,0.04953885,0,0,62851.2369

17,True,False,0.02,0.25,Rot0,2,0,-0.01366217,-0.0003282726,0.04953885,0,0,62864.5207

17,True,False,0.02,0.25,Rot0,2,0,-0.01366217,-0.0003282726,0.04953885,0,0,62880.2482

17,True,False,0.02,0.25,Rot0,2,0,-0.01366217,-0.0003282726,0.04953885,0,0,62904.8778

17,True,False,0.02,0.25,Rot0,2,0,-0.01366217,-0.0003282726,0.04953885,0,0,62921.5972

17,True,False,0.02,0.25,Rot0,2,0,-0.01366217,-0.0003282726,0.04953885,0,0,62932.5605

17,True,False,0.02,0.25,Rot0,2,0,-0.01366217,-0.0003282726,0.04953885,0,0,62947.5678

17,True,False,0.02,0.25,Rot0,2,0,-0.01366217,-0.0003282726,0.04953885,0,0,62962.8579

17,True,False,0.02,0.25,Rot0,2,0,-0.01366217,-0.0003282726,0.04953885,0,0,62988.8381

17,True,False,0.02,0.25,Rot0,2,0,-0.01366217,-0.0003282726,0.04953885,0,0,63004.5214

17,True,False,0.02,0.25,Rot0,2,0,-0.01366217,-0.0003282726,0.04953885,0,0,63029.5561

17,True,False,0.02,0.25,Rot0,2,0,-0.01366217,-0.0003282726,0.04953885,0,0,63055.0859

17,True,False,0.02,0.25,Rot0,2,0,-0.01366217,-0.0003282726,0.04953885,0,0,63069.7722

17,True,False,0.02,0.25,Rot0,2,0,-0.01366217,-0.0003282726,0.04953885,0,0,63093.681

17,True,False,0.02,0.25,Rot0,2,0,-0.01366217,-0.0003282726,0.04953885,0,0,63120.9502

17,True,False,0.02,0.25,Rot0,2,0,-0.01366217,-0.0003282726,0.04953885,0,0,63148.3311

17,True,False,0.02,0.25,Rot0,2,0,-0.01366217,-0.0003282726,0.04953885,0,0,63160.8422

17,True,False,0.02,0.25,Rot0,2,0,-0.01366217,-0.0003282726,0.04953885,0,0,63174.3636

17,True,False,0.02,0.25,Rot0,2,0,-0.01366217,-0.0003282726,0.04953885,0,0,63188.4759

17,True,False,0.02,0.25,Rot0,2,0,-0.01366217,-0.0003282726,0.04953885,0,0,63202.3245

17,True,False,0.02,0.25,Rot0,2,0,-0.01366217,-0.0003282726,0.04953885,0,0,63215.6217

17,True,False,0.02,0.25,Rot0,2,0,-0.01366217,-0.0003282726,0.04953885,0,0,63229.69

17,True,False,0.02,0.25,Rot0,2,0,-0.01366217,-0.0003282726,0.04953885,0,0,63256.6748

17,True,False,0.02,0.25,Rot0,2,0,-0.01366217,-0.0003282726,0.04953885,0,0,63271.6105

17,True,False,0.02,0.25,Rot0,2,0,-0.01366217,-0.0003282726,0.04953885,0,0,63283.7203

17,True,False,0.02,0.25,Rot0,2,0,-0.01366217,-0.0003282726,0.04953885,0,0,63297.4058

17,True,False,0.02,0.25,Rot0,2,0,-0.01366217,-0.0003282726,0.04953885,0,0,63311.6189

17,True,False,0.02,0.25,Rot0,2,0,-0.01366217,-0.0003282726,0.04953885,0,0,63338.0196

17,True,False,0.02,0.25,Rot0,2,0,-0.01366217,-0.0003282726,0.04953885,0,0,63365.2489

17,True,False,0.02,0.25,Rot0,2,0,-0.01366217,-0.0003282726,0.04953885,0,0,63379.5243

17,True,False,0.02,0.25,Rot0,2,0,-0.01366217,-0.0003282726,0.04953885,0,0,63393.9731

17,True,False,0.02,0.25,Rot0,2,0,-0.01366217,-0.0003282726,0.04953885,0,0,63408.1175

17,True,False,0.02,0.25,Rot0,2,0,-0.01366217,-0.0003282726,0.04953885,0,0,63422.0834

17,True,False,0.02,0.25,Rot0,2,0,-0.01366217,-0.0003282726,0.04953885,0,0,63435.4705

17,True,False,0.02,0.25,Rot0,2,0,-0.01366217,-0.0003282726,0.04953885,0,0,63449.7052

17,True,False,0.02,0.25,Rot0,2,0,-0.01366217,-0.0003282726,0.04953885,0,0,63463.1461

17,True,False,0.02,0.25,Rot0,2,0,-0.01366217,-0.0003282726,0.04953885,0,0,63490.0039

17,True,False,0.02,0.25,Rot0,2,0,-0.01366217,-0.0003282726,0.04953885,0,0,63517.339

17,True,False,0.02,0.25,Rot0,2,0,-0.01366217,-0.0003282726,0.04953885,0,0,63529.2876

17,True,False,0.02,0.25,Rot0,2,0,-0.01366217,-0.0003282726,0.04953885,0,0,63542.0884

17,True,False,0.02,0.25,Rot0,2,0,-0.01366217,-0.0003282726,0.04953885,0,0,63554.7506

17,True,False,0.02,0.25,Rot0,2,0,-0.01366217,-0.0003282726,0.04953885,0,0,63568.5644

17,True,False,0.02,0.25,Rot0,2,0,-0.01366217,-0.0003282726,0.04953885,0,0,63582.7133

17,True,False,0.02,0.25,Rot0,2,0,-0.01366217,-0.0003282726,0.04953885,0,0,63607.804

17,True,False,0.02,0.25,Rot0,2,0,-0.01366217,-0.0003282726,0.04953885,0,0,63634.0944

17,True,False,0.02,0.25,Rot0,2,0,-0.01366217,-0.0003282726,0.04953885,0,0,63647.8718

17,True,False,0.02,0.25,Rot0,2,0,-0.01366217,-0.0003282726,0.04953885,0,0,63662.1254

17,True,False,0.02,0.25,Rot0,2,0,-0.01366217,-0.0003282726,0.04953885,0,0,63677.1634

17,True,False,0.02,0.25,Rot0,2,0,-0.01366217,-0.0003282726,0.04953885,0,0,63690.4921

17,True,False,0.02,0.25,Rot0,2,0,-0.01366217,-0.0003282726,0.04953885,0,0,63703.0213

17,True,False,0.02,0.25,Rot0,2,0,-0.01366217,-0.0003282726,0.04953885,0,0,63715.9289

17,True,False,0.02,0.25,Rot0,2,0,-0.01366217,-0.0003282726,0.04953885,0,0,63731.4953

17,True,False,0.02,0.25,Rot0,2,0,-0.01366217,-0.0003282726,0.04953885,0,0,63756.2601

17,True,False,0.02,0.25,Rot0,2,0,-0.01366217,-0.0003282726,0.04953885,0,0,63771.5285

17,True,False,0.02,0.25,Rot0,2,0,-0.01366217,-0.0003282726,0.04953885,0,0,63784.4232

17,True,False,0.02,0.25,Rot0,2,0,-0.01366217,-0.0003282726,0.04953885,0,0,63797.6222

17,True,False,0.02,0.25,Rot0,2,0,-0.01366217,-0.0003282726,0.04953885,0,0,63824.3731

17,True,False,0.02,0.25,Rot0,2,0,-0.01366217,-0.0003282726,0.04953885,0,0,63840.8388

17,True,False,0.02,0.25,Rot0,2,0,-0.01366217,-0.0003282726,0.04953885,0,0,63852.1098

17,True,False,0.02,0.25,Rot0,2,0,-0.01366217,-0.0003282726,0.04953885,0,0,63866.2686

17,True,False,0.02,0.25,Rot0,2,0,-0.01366217,-0.0003282726,0.04953885,0,0,63894.2064

17,True,False,0.02,0.25,Rot0,2,0,-0.01366217,-0.0003282726,0.04953885,0,0,63906.8431

17,True,False,0.02,0.25,Rot0,2,0,-0.01366217,-0.0003282726,0.04953885,0,0,63919.8692

17,True,False,0.02,0.25,Rot0,2,0,-0.01366217,-0.0003282726,0.04953885,0,0,63932.2618

17,True,False,0.02,0.25,Rot0,2,0,-0.01366217,-0.0003282726,0.04953885,0,0,63947.3975

17,True,False,0.02,0.25,Rot0,2,0,-0.01366217,-0.0003282726,0.04953885,0,0,63960.745

17,True,False,0.02,0.25,Rot0,2,0,-0.01366217,-0.0003282726,0.04953885,0,0,63987.442

17,True,False,0.02,0.25,Rot0,2,0,-0.01366217,-0.0003282726,0.04953885,0,0,64015.326

17,True,False,0.02,0.25,Rot0,2,0,-0.01366217,-0.0003282726,0.04953885,0,0,64027.8572

17,True,False,0.02,0.25,Rot0,2,0,-0.01366217,-0.0003282726,0.04953885,0,0,64040.8831

17,True,False,0.02,0.25,Rot0,2,0,-0.01366217,-0.0003282726,0.04953885,0,0,64053.5978

17,True,False,0.02,0.25,Rot0,2,0,-0.01366217,-0.0003282726,0.04953885,0,0,64067.5631

17,True,False,0.02,0.25,Rot0,2,0,-0.01366217,-0.0003282726,0.04953885,0,0,64082.4757

17,True,False,0.02,0.25,Rot0,2,0,-0.01366217,-0.0003282726,0.04953885,0,0,64095.3021

17,True,False,0.02,0.25,Rot0,2,0,-0.01366217,-0.0003282726,0.04953885,0,0,64121.5711

17,True,False,0.02,0.25,Rot0,2,0,-0.01366217,-0.0003282726,0.04953885,0,0,64147.4352

17,True,False,0.02,0.25,Rot0,2,0,-0.01366217,-0.0003282726,0.04953885,0,0,64161.3626

17,True,False,0.02,0.25,Rot0,2,0,-0.01366217,-0.0003282726,0.04953885,0,0,64174.5932

17,True,False,0.02,0.25,Rot0,2,0,-0.01366217,-0.0003282726,0.04953885,0,0,64188.7015

17,True,False,0.02,0.25,Rot0,2,0,-0.01366217,-0.0003282726,0.04953885,0,0,64202.4596

17,True,False,0.02,0.25,Rot0,2,0,-0.01366217,-0.0003282726,0.04953885,0,0,64242.5806

17,True,False,0.02,0.25,Rot0,2,0,-0.01366217,-0.0003282726,0.04953885,0,0,64256.5352

17,True,False,0.02,0.25,Rot0,2,0,-0.01366217,-0.0003282726,0.04953885,0,0,64270.2788

17,True,False,0.02,0.25,Rot0,2,0,-0.01366217,-0.0003282726,0.04953885,0,0,64284.0548

17,True,False,0.02,0.25,Rot0,2,0,-0.01366217,-0.0003282726,0.04953885,0,0,64297.3167

17,True,False,0.02,0.25,Rot0,2,0,-0.01366217,-0.0003282726,0.04953885,0,0,64324.3486

17,True,False,0.02,0.25,Rot0,2,0,-0.01366217,-0.0003282726,0.04953885,0,0,64340.9383

17,True,False,0.02,0.25,Rot0,2,0,-0.01366217,-0.0003282726,0.04953885,0,0,64352.2733

17,True,False,0.02,0.25,Rot0,2,0,-0.01366217,-0.0003282726,0.04953885,0,0,64366.2722

17,True,False,0.02,0.25,Rot0,2,0,-0.01366217,-0.0003282726,0.04953885,0,0,64393.161

17,True,False,0.02,0.25,Rot0,2,0,-0.01366217,-0.0003282726,0.04953885,0,0,64409.6853

17,True,False,0.02,0.25,Rot0,2,0,-0.01366217,-0.0003282726,0.04953885,0,0,64435.9738

17,True,False,0.02,0.25,Rot0,2,0,-0.01366217,-0.0003282726,0.04953885,0,0,64449.2608

17,True,False,0.02,0.25,Rot0,2,0,-0.01366217,-0.0003282726,0.04953885,0,0,64462.2761

17,True,False,0.02,0.25,Rot0,2,0,-0.01366217,-0.0003282726,0.04953885,0,0,64476.3335

17,True,False,0.02,0.25,Rot0,2,0,-0.01366217,-0.0003282726,0.04953885,0,0,64490.6675

17,True,False,0.02,0.25,Rot0,2,0,-0.01366217,-0.0003282726,0.04953885,0,0,64504.0847

17,True,False,0.02,0.25,Rot0,2,0,-0.01366217,-0.0003282726,0.04953885,0,0,64517.4997

17,True,False,0.02,0.25,Rot0,2,0,-0.01366217,-0.0003282726,0.04953885,0,0,64532.7696

17,True,False,0.02,0.25,Rot0,2,0,-0.01366217,-0.0003282726,0.04953885,0,0,64545.3698

17,True,False,0.02,0.25,Rot0,2,0,-0.01366217,-0.0003282726,0.04953885,0,0,64560.748

17,True,False,0.02,0.25,Rot0,2,0,-0.01366217,-0.0003282726,0.04953885,0,0,64585.7905

17,True,False,0.02,0.25,Rot0,2,0,-0.01366217,-0.0003282726,0.04953885,0,0,64613.1604

17,True,False,0.02,0.25,Rot0,2,0,-0.01366217,-0.0003282726,0.04953885,0,0,64625.5279

17,True,False,0.02,0.25,Rot0,2,0,-0.01366217,-0.0003282726,0.04953885,0,0,64638.1714

17,True,False,0.02,0.25,Rot0,2,0,-0.01366217,-0.0003282726,0.04953885,0,0,64651.6581

17,True,False,0.02,0.25,Rot0,2,0,-0.01366217,-0.0003282726,0.04953885,0,0,64665.6036

17,True,False,0.02,0.25,Rot0,2,0,-0.01366217,-0.0003282726,0.04953885,0,0,64679.1003

17,True,False,0.02,0.25,Rot0,2,0,-0.01366217,-0.0003282726,0.04953885,0,0,64704.8844

17,True,False,0.02,0.25,Rot0,2,0,-0.01366217,-0.0003282726,0.04953885,0,0,64731.5195

17,True,False,0.02,0.25,Rot0,2,0,-0.01366217,-0.0003282726,0.04953885,0,0,64744.8579

17,True,False,0.02,0.25,Rot0,2,0,-0.01366217,-0.0003282726,0.04953885,0,0,64758.3023

17,True,False,0.02,0.25,Rot0,2,0,-0.01366217,-0.0003282726,0.04953885,0,0,64772.4988

17,True,False,0.02,0.25,Rot0,2,0,-0.01366217,-0.0003282726,0.04953885,0,0,64786.3055

17,True,False,0.02,0.25,Rot0,2,0,-0.01366217,-0.0003282726,0.04953885,0,0,64799.7372

17,True,False,0.02,0.25,Rot0,2,0,-0.01366217,-0.0003282726,0.04953885,0,0,64813.0236

17,True,False,0.02,0.25,Rot0,2,0,-0.01366217,-0.0003282726,0.04953885,0,0,64828.7385

17,True,False,0.02,0.25,Rot0,2,0,-0.01366217,-0.0003282726,0.04953885,0,0,64853.0827

17,True,False,0.02,0.25,Rot0,2,0,-0.01366217,-0.0003282726,0.04953885,0,0,64879.817

17,True,False,0.02,0.25,Rot0,2,0,-0.01366217,-0.0003282726,0.04953885,0,0,64893.7941

17,True,False,0.02,0.25,Rot0,2,0,-0.01366217,-0.0003282726,0.04953885,0,0,64907.1873

17,True,False,0.02,0.25,Rot0,2,0,-0.01366217,-0.0003282726,0.04953885,0,0,64920.2877

17,True,False,0.02,0.25,Rot0,2,0,-0.01366217,-0.0003282726,0.04953885,0,0,64932.7573

17,True,False,0.02,0.25,Rot0,2,0,-0.01366217,-0.0003282726,0.04953885,0,0,64948.1545

17,True,False,0.02,0.25,Rot0,2,0,-0.01366217,-0.0003282726,0.04953885,0,0,64961.9079

17,True,False,0.02,0.25,Rot0,2,0,-0.01366217,-0.0003282726,0.04953885,0,0,64987.6781

17,True,False,0.02,0.25,Rot0,2,0,-0.01366217,-0.0003282726,0.04953885,0,0,65015.2672

17,True,False,0.02,0.25,Rot0,2,0,-0.01366217,-0.0003282726,0.04953885,0,0,65027.6205

17,True,False,0.02,0.25,Rot0,2,0,-0.01366217,-0.0003282726,0.04953885,0,0,65041.3385

17,True,False,0.02,0.25,Rot0,2,0,-0.01366217,-0.0003282726,0.04953885,0,0,65055.6395

17,True,False,0.02,0.25,Rot0,2,0,-0.01366217,-0.0003282726,0.04953885,0,0,65069.0542

17,True,False,0.02,0.25,Rot0,2,0,-0.01366217,-0.0003282726,0.04953885,0,0,65092.6512

17,True,False,0.02,0.25,Rot0,2,0,-0.01366217,-0.0003282726,0.04953885,0,0,65107.9254

17,True,False,0.02,0.25,Rot0,2,0,-0.01366217,-0.0003282726,0.04953885,0,0,65119.8994

17,True,False,0.02,0.25,Rot0,2,0,-0.01366217,-0.0003282726,0.04953885,0,0,65132.3466

17,True,False,0.02,0.25,Rot0,2,0,-0.01366217,-0.0003282726,0.04953885,0,0,65148.7713

17,True,False,0.02,0.25,Rot0,2,0,-0.01366217,-0.0003282726,0.04953885,0,0,65173.0108

17,True,False,0.02,0.25,Rot0,2,0,-0.01366217,-0.0003282726,0.04953885,0,0,65187.3971

17,True,False,0.02,0.25,Rot0,2,0,-0.01366217,-0.0003282726,0.04953885,0,0,65200.0759

17,True,False,0.02,0.25,Rot0,2,0,-0.01366217,-0.0003282726,0.04953885,0,0,65213.8741

17,True,False,0.02,0.25,Rot0,2,0,-0.01366217,-0.0003282726,0.04953885,0,0,65228.6044

17,True,False,0.02,0.25,Rot0,2,0,-0.01366217,-0.0003282726,0.04953885,0,0,65254.0233

17,True,False,0.02,0.25,Rot0,2,0,-0.01366217,-0.0003282726,0.04953885,0,0,65268.9108

17,True,False,0.02,0.25,Rot0,2,0,-0.01366217,-0.0003282726,0.04953885,0,0,65281.712

17,True,False,0.02,0.25,Rot0,2,0,-0.01366217,-0.0003282726,0.04953885,0,0,65296.4978

17,True,False,0.02,0.25,Rot0,2,0,-0.01366217,-0.0003282726,0.04953885,0,0,65321.9468

17,True,False,0.02,0.25,Rot0,2,0,-0.01366217,-0.0003282726,0.04953885,0,0,65349.9503

17,True,False,0.02,0.25,Rot0,2,0,-0.01366217,-0.0003282726,0.04953885,0,0,65362.1992

17,True,False,0.02,0.25,Rot0,2,0,-0.01366217,-0.0003282726,0.04953885,0,0,65374.5881

17,True,False,0.02,0.25,Rot0,2,0,-0.01366217,-0.0003282726,0.04953885,0,0,65388.0308

17,True,False,0.02,0.25,Rot0,2,0,-0.01366217,-0.0003282726,0.04953885,0,0,65401.3283

17,True,False,0.02,0.25,Rot0,2,0,-0.01366217,-0.0003282726,0.04953885,0,0,65414.3502

17,True,False,0.02,0.25,Rot0,2,0,-0.01366217,-0.0003282726,0.04953885,0,0,65428.8851

17,True,False,0.02,0.25,Rot0,2,0,-0.01366217,-0.0003282726,0.04953885,0,0,65455.183

17,True,False,0.02,0.25,Rot0,2,0,-0.01366217,-0.0003282726,0.04953885,0,0,65481.2638

17,True,False,0.02,0.25,Rot0,2,0,-0.01366217,-0.0003282726,0.04953885,0,0,65494.5654

17,True,False,0.02,0.25,Rot0,2,0,-0.01366217,-0.0003282726,0.04953885,0,0,65508.1894

17,True,False,0.02,0.25,Rot0,2,0,-0.01366217,-0.0003282726,0.04953885,0,0,65522.1846

17,True,False,0.02,0.25,Rot0,2,0,-0.01366216,-0.0003282132,0.04953885,6.174911E-08,4.60955310877892E-06,65535.5805

17,True,False,0.02,0.25,Rot0,2,0,-0.0136942,-0.0003434727,0.04935026,0.0001919005,0.0136492698444132,65549.6399

17,True,False,0.02,0.25,Rot0,2,0,-0.01382623,-0.0003944047,0.04876697,0.000600212,0.0226008947769643,65576.1969

17,True,False,0.02,0.25,Rot0,2,0,-0.01451357,-0.0004570196,0.04657042,0.002302432,0.166903334646498,65589.9919

17,True,False,0.02,0.25,Rot0,2,0,-0.01507577,-6.863583E-05,0.04562736,0.001164594,0.082764334315284,65604.0631

17,True,False,0.02,0.25,Rot0,2,0,-0.0151372,0.0005255325,0.04722691,0.001707446,0.138383563421515,65616.4016

17,True,False,0.02,0.25,Rot0,2,0,-0.01484621,0.001436053,0.05084991,0.003746987,0.24995911300897,65631.392

17,True,False,0.02,0.25,Rot0,2,0,-0.01393372,0.002042263,0.05441439,0.003729024,0.142489069273351,65657.5626

17,True,False,0.02,0.25,Rot0,2,0,-0.01311705,0.002586721,0.05728841,0.003036999,0.111614585110883,65684.7723

17,True,False,0.02,0.25,Rot0,2,0,-0.01231467,0.003615855,0.0592463,0.00235293,0.157880851556679,65699.6755

17,True,False,0.02,0.25,Rot0,2,0,-0.01155673,0.004383205,0.06199193,0.002949877,0.106324102927231,65727.4197

17,True,False,0.02,0.25,Rot0,2,0,-0.01077254,0.005718409,0.06560814,0.003933791,0.141227932275072,65755.2739

17,True,False,0.02,0.25,Rot0,2,0,-0.01001717,0.006967723,0.06874561,0.003460504,0.266954435270419,65768.2368

17,True,False,0.02,0.25,Rot0,2,0,-0.00912325,0.009112686,0.07518601,0.006846804,0.511876148281692,65781.6127

17,True,False,0.02,0.25,Rot0,2,0,-0.008187359,0.01052046,0.08085632,0.005916935,0.417073260076866,65795.7995

17,True,False,0.02,0.25,Rot0,2,0,-0.007948659,0.01091063,0.08672166,0.005883143,0.38633719580838,65811.0275

17,True,False,0.02,0.25,Rot0,2,0,-0.00761391,0.01110995,0.09131551,0.00461034,0.331745971199623,65824.9247

17,True,False,0.02,0.25,Rot0,2,0,-0.007236197,0.01125875,0.09512937,0.003835408,0.308993158782352,65837.3373

17,True,False,0.02,0.25,Rot0,2,0,-0.006948,0.01233855,0.09815526,0.003225683,0.228417052165156,65851.4592

17,True,False,0.02,0.25,Rot0,2,0,-0.006654819,0.01332843,0.1010036,0.003029708,0.210525062877453,65865.8504

17,True,False,0.02,0.25,Rot0,2,0,-0.006165069,0.01383904,0.1034451,0.002541857,0.0897519796423714,65894.1713

17,True,False,0.02,0.25,Rot0,2,0,-0.005716,0.01438081,0.1059393,0.002591582,0.10091555195758,65919.852

17,True,False,0.02,0.25,Rot0,2,0,-0.005214876,0.01477525,0.108657,0.002791555,0.176513114124935,65935.667

17,True,False,0.02,0.25,Rot0,2,0,-0.004578188,0.01461724,0.114329,0.005709787,0.487324596303471,65947.3836

17,True,False,0.02,0.25,Rot0,2,0,-0.004070513,0.0143337,0.1201779,0.005877719,0.412150450883139,65961.6447

17,True,False,0.02,0.25,Rot0,2,0,-0.004050687,0.01382122,0.1248182,0.004668596,0.174713757536875,65988.3661

17,True,False,0.02,0.25,Rot0,2,0,-0.004011488,0.01342115,0.1287588,0.003961032,0.137756348060005,66017.12

17,True,False,0.02,0.25,Rot0,2,0,-0.004133156,0.01304823,0.1340418,0.005297541,0.440543924077103,66029.145

17,True,False,0.02,0.25,Rot0,2,0,-0.004253774,0.01164869,0.1401744,0.00629143,0.422229485153108,66044.0455

17,True,False,0.02,0.25,Rot0,2,0,-0.004425412,0.01014996,0.1463716,0.006378175,0.580425047271065,66055.0343

17,True,False,0.02,0.25,Rot0,2,0,-0.004558112,0.008963704,0.1513915,0.005159867,0.401024929606761,66067.901

17,True,False,0.02,0.25,Rot0,2,0,-0.003586139,0.008166731,0.155679,0.004467929,0.35732857056442,66080.4047

17,True,False,0.02,0.25,Rot0,2,0,-0.003586131,0.008166672,0.155679,6.00685E-08,4.69574982091457E-06,66093.1968

17,True,False,0.02,0.25,Rot0,2,0,-0.002794488,0.007512451,0.1595224,0.00397827,0.153841130799323,66119.0564

17,True,False,0.02,0.25,Rot0,2,0,-0.002715073,0.00800711,0.1638482,0.004354663,0.164146643782285,66145.5855

17,True,False,0.02,0.25,Rot0,2,0,-0.002216195,0.007382423,0.1680003,0.00422844,0.30388947045519,66159.4999

17,True,False,0.02,0.25,Rot0,2,0,-0.001899113,0.006050259,0.1729079,0.005095078,0.383125995665851,66172.7986

17,True,False,0.02,0.25,Rot0,2,0,-0.00155376,0.004529119,0.1781148,0.005435453,0.387314307454115,66186.8323

17,True,False,0.02,0.25,Rot0,2,0,-0.001256537,0.003244877,0.1824726,0.00455282,0.333767311509519,66200.473

17,True,False,0.02,0.25,Rot0,2,0,-0.001470626,0.00288263,0.1850964,0.002657323,0.206901825960888,66213.3164

17,True,False,0.02,0.25,Rot0,2,0,-0.001596164,0.002615958,0.1875204,0.002441855,0.0893594930985895,66240.6426

17,True,False,0.02,0.25,Rot0,2,0,-0.001667139,0.002538145,0.1902031,0.002684752,0.191995684657834,66254.626

17,True,False,0.02,0.25,Rot0,2,0,-0.001686871,0.002524346,0.1934522,0.003249258,0.237063071006133,66268.3323

17,True,False,0.02,0.25,Rot0,2,0,-0.0006837698,0.001750797,0.1979927,0.004713832,0.331327705628188,66282.5594

17,True,False,0.02,0.25,Rot0,2,0,0.0001088864,0.001185149,0.2019004,0.004027186,0.304586815834782,66295.7812

17,True,False,0.02,0.25,Rot0,2,0,-4.322466E-05,0.0009284319,0.2056168,0.003728429,0.252268590187563,66310.5608

17,True,False,0.02,0.25,Rot0,2,0,-0.0001461246,0.0007998944,0.2089068,0.003294056,0.122012904219456,66337.5584

17,True,False,0.02,0.25,Rot0,2,0,0.0002606845,0.0008539559,0.2128557,0.003970194,0.250870049496168,66353.3841

17,True,False,0.02,0.25,Rot0,2,0,0.0007171723,0.0008737149,0.2174021,0.004569306,0.375370172706807,66365.5569

17,True,False,0.02,0.25,Rot0,2,0,0.002122425,-0.001039714,0.2234725,0.006518083,0.526569079462486,66377.9353

17,True,False,0.02,0.25,Rot0,2,0,0.003100842,-0.002384543,0.2284955,0.005291165,0.326486132187006,66394.1417

17,True,False,0.02,0.25,Rot0,2,0,0.003692929,-0.002894163,0.2316595,0.003259066,0.128552610990348,66419.4937

17,True,False,0.02,0.25,Rot0,2,0,0.004065078,-0.003331005,0.234635,0.003030299,0.111282040051292,66446.7245

17,True,False,0.02,0.25,Rot0,2,0,0.004851409,-0.003652155,0.2380217,0.003491623,0.288809757655919,66458.8142

17,True,False,0.02,0.25,Rot0,2,0,0.005763989,-0.004364818,0.2432061,0.005312139,0.428844419010387,66471.2013

17,True,False,0.02,0.25,Rot0,2,0,0.005635876,-0.001615792,0.2484535,0.005925225,0.432548664683163,66484.8997

17,True,False,0.02,0.25,Rot0,2,0,0.005634967,-0.001615941,0.2484542,1.1662E-06,8.98189586454702E-05,66497.8836

17,True,False,0.02,0.25,Rot0,2,0,0.005486706,-0.0005290502,0.2521852,0.003888929,0.284344917251481,66511.5604

